"ID_short","ID_orig","Chr","Pos"
"SNP1","aradu.V14167.gnm1.Aradu.A01_141824",1,141824
"SNP2","aradu.V14167.gnm1.Aradu.A01_231463",1,231463
"SNP3","aradu.V14167.gnm1.Aradu.A01_304818",1,304818
"SNP4","aradu.V14167.gnm1.Aradu.A01_413869",1,413869
"SNP5","aradu.V14167.gnm1.Aradu.A01_428282",1,428282
"SNP6","aradu.V14167.gnm1.Aradu.A01_632779",1,632779
"SNP7","aradu.V14167.gnm1.Aradu.A01_802712",1,802712
"SNP8","aradu.V14167.gnm1.Aradu.A01_854553",1,854553
"SNP9","aradu.V14167.gnm1.Aradu.A01_973501",1,973501
"SNP10","aradu.V14167.gnm1.Aradu.A01_973613",1,973613
"SNP11","aradu.V14167.gnm1.Aradu.A01_977371",1,977371
"SNP12","aradu.V14167.gnm1.Aradu.A01_982636",1,982636
"SNP13","aradu.V14167.gnm1.Aradu.A01_1144591",1,1144591
"SNP14","aradu.V14167.gnm1.Aradu.A01_1288889",1,1288889
"SNP15","aradu.V14167.gnm1.Aradu.A01_1292153",1,1292153
"SNP16","aradu.V14167.gnm1.Aradu.A01_1354731",1,1354731
"SNP17","aradu.V14167.gnm1.Aradu.A01_1381834",1,1381834
"SNP18","aradu.V14167.gnm1.Aradu.A01_1385296",1,1385296
"SNP19","aradu.V14167.gnm1.Aradu.A01_1397540",1,1397540
"SNP20","aradu.V14167.gnm1.Aradu.A01_1398141",1,1398141
"SNP21","aradu.V14167.gnm1.Aradu.A01_1455124",1,1455124
"SNP22","aradu.V14167.gnm1.Aradu.A01_1580925",1,1580925
"SNP23","aradu.V14167.gnm1.Aradu.A01_2020611",1,2020611
"SNP24","aradu.V14167.gnm1.Aradu.A01_2155794",1,2155794
"SNP25","aradu.V14167.gnm1.Aradu.A01_2309315",1,2309315
"SNP26","aradu.V14167.gnm1.Aradu.A01_2479559",1,2479559
"SNP27","aradu.V14167.gnm1.Aradu.A01_2505978",1,2505978
"SNP28","aradu.V14167.gnm1.Aradu.A01_2506243",1,2506243
"SNP29","aradu.V14167.gnm1.Aradu.A01_2522883",1,2522883
"SNP30","aradu.V14167.gnm1.Aradu.A01_2853888",1,2853888
"SNP31","aradu.V14167.gnm1.Aradu.A01_2911166",1,2911166
"SNP32","aradu.V14167.gnm1.Aradu.A01_2945788",1,2945788
"SNP33","aradu.V14167.gnm1.Aradu.A01_3080736",1,3080736
"SNP34","aradu.V14167.gnm1.Aradu.A01_3288213",1,3288213
"SNP35","aradu.V14167.gnm1.Aradu.A01_3621885",1,3621885
"SNP36","aradu.V14167.gnm1.Aradu.A01_3681958",1,3681958
"SNP37","aradu.V14167.gnm1.Aradu.A01_3696555",1,3696555
"SNP38","aradu.V14167.gnm1.Aradu.A01_3910739",1,3910739
"SNP39","aradu.V14167.gnm1.Aradu.A01_4318849",1,4318849
"SNP40","aradu.V14167.gnm1.Aradu.A01_4551523",1,4551523
"SNP41","aradu.V14167.gnm1.Aradu.A01_4679934",1,4679934
"SNP42","aradu.V14167.gnm1.Aradu.A01_4694371",1,4694371
"SNP43","aradu.V14167.gnm1.Aradu.A01_4705643",1,4705643
"SNP44","aradu.V14167.gnm1.Aradu.A01_4935275",1,4935275
"SNP45","aradu.V14167.gnm1.Aradu.A01_5026510",1,5026510
"SNP46","aradu.V14167.gnm1.Aradu.A01_5029705",1,5029705
"SNP47","aradu.V14167.gnm1.Aradu.A01_5280778",1,5280778
"SNP48","aradu.V14167.gnm1.Aradu.A01_5467241",1,5467241
"SNP49","aradu.V14167.gnm1.Aradu.A01_5519198",1,5519198
"SNP50","aradu.V14167.gnm1.Aradu.A01_5546450",1,5546450
"SNP51","aradu.V14167.gnm1.Aradu.A01_5551522",1,5551522
"SNP52","aradu.V14167.gnm1.Aradu.A01_5590479",1,5590479
"SNP53","aradu.V14167.gnm1.Aradu.A01_5676938",1,5676938
"SNP54","aradu.V14167.gnm1.Aradu.A01_5778940",1,5778940
"SNP55","aradu.V14167.gnm1.Aradu.A01_5940154",1,5940154
"SNP56","aradu.V14167.gnm1.Aradu.A01_5994046",1,5994046
"SNP57","aradu.V14167.gnm1.Aradu.A01_6096023",1,6096023
"SNP58","aradu.V14167.gnm1.Aradu.A01_6160715",1,6160715
"SNP59","aradu.V14167.gnm1.Aradu.A01_6224739",1,6224739
"SNP60","aradu.V14167.gnm1.Aradu.A01_6270201",1,6270201
"SNP61","aradu.V14167.gnm1.Aradu.A01_6411481",1,6411481
"SNP62","aradu.V14167.gnm1.Aradu.A01_6416091",1,6416091
"SNP63","aradu.V14167.gnm1.Aradu.A01_6435332",1,6435332
"SNP64","aradu.V14167.gnm1.Aradu.A01_6578545",1,6578545
"SNP65","aradu.V14167.gnm1.Aradu.A01_6651576",1,6651576
"SNP66","aradu.V14167.gnm1.Aradu.A01_6651882",1,6651882
"SNP67","aradu.V14167.gnm1.Aradu.A01_6717776",1,6717776
"SNP68","aradu.V14167.gnm1.Aradu.A01_7062568",1,7062568
"SNP69","aradu.V14167.gnm1.Aradu.A01_7124014",1,7124014
"SNP70","aradu.V14167.gnm1.Aradu.A01_7180725",1,7180725
"SNP71","aradu.V14167.gnm1.Aradu.A01_7723905",1,7723905
"SNP72","aradu.V14167.gnm1.Aradu.A01_7744336",1,7744336
"SNP73","aradu.V14167.gnm1.Aradu.A01_7744519",1,7744519
"SNP74","aradu.V14167.gnm1.Aradu.A01_7963714",1,7963714
"SNP75","aradu.V14167.gnm1.Aradu.A01_8031345",1,8031345
"SNP76","aradu.V14167.gnm1.Aradu.A01_8031488",1,8031488
"SNP77","aradu.V14167.gnm1.Aradu.A01_8279119",1,8279119
"SNP78","aradu.V14167.gnm1.Aradu.A01_8339791",1,8339791
"SNP79","aradu.V14167.gnm1.Aradu.A01_8711785",1,8711785
"SNP80","aradu.V14167.gnm1.Aradu.A01_8784510",1,8784510
"SNP81","aradu.V14167.gnm1.Aradu.A01_8785306",1,8785306
"SNP82","aradu.V14167.gnm1.Aradu.A01_8785634",1,8785634
"SNP83","aradu.V14167.gnm1.Aradu.A01_8931446",1,8931446
"SNP84","aradu.V14167.gnm1.Aradu.A01_8948207",1,8948207
"SNP85","aradu.V14167.gnm1.Aradu.A01_8975321",1,8975321
"SNP86","aradu.V14167.gnm1.Aradu.A01_9058351",1,9058351
"SNP87","aradu.V14167.gnm1.Aradu.A01_9133818",1,9133818
"SNP88","aradu.V14167.gnm1.Aradu.A01_9154456",1,9154456
"SNP89","aradu.V14167.gnm1.Aradu.A01_9278945",1,9278945
"SNP90","aradu.V14167.gnm1.Aradu.A01_9280567",1,9280567
"SNP91","aradu.V14167.gnm1.Aradu.A01_9530252",1,9530252
"SNP92","aradu.V14167.gnm1.Aradu.A01_9873427",1,9873427
"SNP93","aradu.V14167.gnm1.Aradu.A01_9976971",1,9976971
"SNP94","aradu.V14167.gnm1.Aradu.A01_10136663",1,10136663
"SNP95","aradu.V14167.gnm1.Aradu.A01_10148347",1,10148347
"SNP96","aradu.V14167.gnm1.Aradu.A01_10154147",1,10154147
"SNP97","aradu.V14167.gnm1.Aradu.A01_10262104",1,10262104
"SNP98","aradu.V14167.gnm1.Aradu.A01_10291850",1,10291850
"SNP99","aradu.V14167.gnm1.Aradu.A01_10354945",1,10354945
"SNP100","aradu.V14167.gnm1.Aradu.A01_10372889",1,10372889
"SNP101","aradu.V14167.gnm1.Aradu.A01_10407381",1,10407381
"SNP102","aradu.V14167.gnm1.Aradu.A01_10747882",1,10747882
"SNP103","aradu.V14167.gnm1.Aradu.A01_10848707",1,10848707
"SNP104","aradu.V14167.gnm1.Aradu.A01_10932483",1,10932483
"SNP105","aradu.V14167.gnm1.Aradu.A01_11111185",1,11111185
"SNP106","aradu.V14167.gnm1.Aradu.A01_11382044",1,11382044
"SNP107","aradu.V14167.gnm1.Aradu.A01_11453791",1,11453791
"SNP108","aradu.V14167.gnm1.Aradu.A01_11454191",1,11454191
"SNP109","aradu.V14167.gnm1.Aradu.A01_11564411",1,11564411
"SNP110","aradu.V14167.gnm1.Aradu.A01_11801402",1,11801402
"SNP111","aradu.V14167.gnm1.Aradu.A01_12102269",1,12102269
"SNP112","aradu.V14167.gnm1.Aradu.A01_12280654",1,12280654
"SNP113","aradu.V14167.gnm1.Aradu.A01_12293632",1,12293632
"SNP114","aradu.V14167.gnm1.Aradu.A01_12471832",1,12471832
"SNP115","aradu.V14167.gnm1.Aradu.A01_12498853",1,12498853
"SNP116","aradu.V14167.gnm1.Aradu.A01_12547859",1,12547859
"SNP117","aradu.V14167.gnm1.Aradu.A01_12574626",1,12574626
"SNP118","aradu.V14167.gnm1.Aradu.A01_12602634",1,12602634
"SNP119","aradu.V14167.gnm1.Aradu.A01_12817434",1,12817434
"SNP120","aradu.V14167.gnm1.Aradu.A01_12817435",1,12817435
"SNP121","aradu.V14167.gnm1.Aradu.A01_12822715",1,12822715
"SNP122","aradu.V14167.gnm1.Aradu.A01_13354363",1,13354363
"SNP123","aradu.V14167.gnm1.Aradu.A01_13542988",1,13542988
"SNP124","aradu.V14167.gnm1.Aradu.A01_13631452",1,13631452
"SNP125","aradu.V14167.gnm1.Aradu.A01_13865912",1,13865912
"SNP126","aradu.V14167.gnm1.Aradu.A01_13968472",1,13968472
"SNP127","aradu.V14167.gnm1.Aradu.A01_14283139",1,14283139
"SNP128","aradu.V14167.gnm1.Aradu.A01_14793463",1,14793463
"SNP129","aradu.V14167.gnm1.Aradu.A01_14928340",1,14928340
"SNP130","aradu.V14167.gnm1.Aradu.A01_15046894",1,15046894
"SNP131","aradu.V14167.gnm1.Aradu.A01_15127085",1,15127085
"SNP132","aradu.V14167.gnm1.Aradu.A01_15132376",1,15132376
"SNP133","aradu.V14167.gnm1.Aradu.A01_15144161",1,15144161
"SNP134","aradu.V14167.gnm1.Aradu.A01_15151824",1,15151824
"SNP135","aradu.V14167.gnm1.Aradu.A01_15155065",1,15155065
"SNP136","aradu.V14167.gnm1.Aradu.A01_15217148",1,15217148
"SNP137","aradu.V14167.gnm1.Aradu.A01_15267403",1,15267403
"SNP138","aradu.V14167.gnm1.Aradu.A01_15269381",1,15269381
"SNP139","aradu.V14167.gnm1.Aradu.A01_15620439",1,15620439
"SNP140","aradu.V14167.gnm1.Aradu.A01_15799056",1,15799056
"SNP141","aradu.V14167.gnm1.Aradu.A01_15974007",1,15974007
"SNP142","aradu.V14167.gnm1.Aradu.A01_15998109",1,15998109
"SNP143","aradu.V14167.gnm1.Aradu.A01_16599638",1,16599638
"SNP144","aradu.V14167.gnm1.Aradu.A01_16932704",1,16932704
"SNP145","aradu.V14167.gnm1.Aradu.A01_16982054",1,16982054
"SNP146","aradu.V14167.gnm1.Aradu.A01_17409859",1,17409859
"SNP147","aradu.V14167.gnm1.Aradu.A01_17595873",1,17595873
"SNP148","aradu.V14167.gnm1.Aradu.A01_17735793",1,17735793
"SNP149","aradu.V14167.gnm1.Aradu.A01_17736392",1,17736392
"SNP150","aradu.V14167.gnm1.Aradu.A01_17849343",1,17849343
"SNP151","aradu.V14167.gnm1.Aradu.A01_17922884",1,17922884
"SNP152","aradu.V14167.gnm1.Aradu.A01_18236281",1,18236281
"SNP153","aradu.V14167.gnm1.Aradu.A01_18240212",1,18240212
"SNP154","aradu.V14167.gnm1.Aradu.A01_18338848",1,18338848
"SNP155","aradu.V14167.gnm1.Aradu.A01_18389173",1,18389173
"SNP156","aradu.V14167.gnm1.Aradu.A01_18565081",1,18565081
"SNP157","aradu.V14167.gnm1.Aradu.A01_18584789",1,18584789
"SNP158","aradu.V14167.gnm1.Aradu.A01_18601681",1,18601681
"SNP159","aradu.V14167.gnm1.Aradu.A01_18826737",1,18826737
"SNP160","aradu.V14167.gnm1.Aradu.A01_19213348",1,19213348
"SNP161","aradu.V14167.gnm1.Aradu.A01_19268903",1,19268903
"SNP162","aradu.V14167.gnm1.Aradu.A01_19399376",1,19399376
"SNP163","aradu.V14167.gnm1.Aradu.A01_19557979",1,19557979
"SNP164","aradu.V14167.gnm1.Aradu.A01_19558988",1,19558988
"SNP165","aradu.V14167.gnm1.Aradu.A01_19708999",1,19708999
"SNP166","aradu.V14167.gnm1.Aradu.A01_19827331",1,19827331
"SNP167","aradu.V14167.gnm1.Aradu.A01_20000619",1,20000619
"SNP168","aradu.V14167.gnm1.Aradu.A01_20289633",1,20289633
"SNP169","aradu.V14167.gnm1.Aradu.A01_20314115",1,20314115
"SNP170","aradu.V14167.gnm1.Aradu.A01_20495122",1,20495122
"SNP171","aradu.V14167.gnm1.Aradu.A01_20618607",1,20618607
"SNP172","aradu.V14167.gnm1.Aradu.A01_20701452",1,20701452
"SNP173","aradu.V14167.gnm1.Aradu.A01_20708320",1,20708320
"SNP174","aradu.V14167.gnm1.Aradu.A01_20804976",1,20804976
"SNP175","aradu.V14167.gnm1.Aradu.A01_20900385",1,20900385
"SNP176","aradu.V14167.gnm1.Aradu.A01_20911691",1,20911691
"SNP177","aradu.V14167.gnm1.Aradu.A01_20985236",1,20985236
"SNP178","aradu.V14167.gnm1.Aradu.A01_21223976",1,21223976
"SNP179","aradu.V14167.gnm1.Aradu.A01_21227165",1,21227165
"SNP180","aradu.V14167.gnm1.Aradu.A01_21289892",1,21289892
"SNP181","aradu.V14167.gnm1.Aradu.A01_21505982",1,21505982
"SNP182","aradu.V14167.gnm1.Aradu.A01_21625809",1,21625809
"SNP183","aradu.V14167.gnm1.Aradu.A01_21632784",1,21632784
"SNP184","aradu.V14167.gnm1.Aradu.A01_21670709",1,21670709
"SNP185","aradu.V14167.gnm1.Aradu.A01_21696839",1,21696839
"SNP186","aradu.V14167.gnm1.Aradu.A01_21756507",1,21756507
"SNP187","aradu.V14167.gnm1.Aradu.A01_22126331",1,22126331
"SNP188","aradu.V14167.gnm1.Aradu.A01_22207855",1,22207855
"SNP189","aradu.V14167.gnm1.Aradu.A01_22273645",1,22273645
"SNP190","aradu.V14167.gnm1.Aradu.A01_22337174",1,22337174
"SNP191","aradu.V14167.gnm1.Aradu.A01_22610118",1,22610118
"SNP192","aradu.V14167.gnm1.Aradu.A01_23072055",1,23072055
"SNP193","aradu.V14167.gnm1.Aradu.A01_23191592",1,23191592
"SNP194","aradu.V14167.gnm1.Aradu.A01_23399796",1,23399796
"SNP195","aradu.V14167.gnm1.Aradu.A01_23773090",1,23773090
"SNP196","aradu.V14167.gnm1.Aradu.A01_23933791",1,23933791
"SNP197","aradu.V14167.gnm1.Aradu.A01_24548549",1,24548549
"SNP198","aradu.V14167.gnm1.Aradu.A01_24612914",1,24612914
"SNP199","aradu.V14167.gnm1.Aradu.A01_25204253",1,25204253
"SNP200","aradu.V14167.gnm1.Aradu.A01_25347666",1,25347666
"SNP201","aradu.V14167.gnm1.Aradu.A01_25435602",1,25435602
"SNP202","aradu.V14167.gnm1.Aradu.A01_25905492",1,25905492
"SNP203","aradu.V14167.gnm1.Aradu.A01_25998722",1,25998722
"SNP204","aradu.V14167.gnm1.Aradu.A01_25998993",1,25998993
"SNP205","aradu.V14167.gnm1.Aradu.A01_25998994",1,25998994
"SNP206","aradu.V14167.gnm1.Aradu.A01_26162449",1,26162449
"SNP207","aradu.V14167.gnm1.Aradu.A01_26389068",1,26389068
"SNP208","aradu.V14167.gnm1.Aradu.A01_26390810",1,26390810
"SNP209","aradu.V14167.gnm1.Aradu.A01_26502315",1,26502315
"SNP210","aradu.V14167.gnm1.Aradu.A01_26512151",1,26512151
"SNP211","aradu.V14167.gnm1.Aradu.A01_26573758",1,26573758
"SNP212","aradu.V14167.gnm1.Aradu.A01_27031419",1,27031419
"SNP213","aradu.V14167.gnm1.Aradu.A01_27224705",1,27224705
"SNP214","aradu.V14167.gnm1.Aradu.A01_27229920",1,27229920
"SNP215","aradu.V14167.gnm1.Aradu.A01_27232157",1,27232157
"SNP216","aradu.V14167.gnm1.Aradu.A01_27312264",1,27312264
"SNP217","aradu.V14167.gnm1.Aradu.A01_27369470",1,27369470
"SNP218","aradu.V14167.gnm1.Aradu.A01_27370401",1,27370401
"SNP219","aradu.V14167.gnm1.Aradu.A01_27639773",1,27639773
"SNP220","aradu.V14167.gnm1.Aradu.A01_27711106",1,27711106
"SNP221","aradu.V14167.gnm1.Aradu.A01_27791891",1,27791891
"SNP222","aradu.V14167.gnm1.Aradu.A01_28005704",1,28005704
"SNP223","aradu.V14167.gnm1.Aradu.A01_28118088",1,28118088
"SNP224","aradu.V14167.gnm1.Aradu.A01_28283911",1,28283911
"SNP225","aradu.V14167.gnm1.Aradu.A01_28292830",1,28292830
"SNP226","aradu.V14167.gnm1.Aradu.A01_28333071",1,28333071
"SNP227","aradu.V14167.gnm1.Aradu.A01_28440901",1,28440901
"SNP228","aradu.V14167.gnm1.Aradu.A01_28616973",1,28616973
"SNP229","aradu.V14167.gnm1.Aradu.A01_28695734",1,28695734
"SNP230","aradu.V14167.gnm1.Aradu.A01_28933088",1,28933088
"SNP231","aradu.V14167.gnm1.Aradu.A01_29240617",1,29240617
"SNP232","aradu.V14167.gnm1.Aradu.A01_29257405",1,29257405
"SNP233","aradu.V14167.gnm1.Aradu.A01_29396951",1,29396951
"SNP234","aradu.V14167.gnm1.Aradu.A01_29553572",1,29553572
"SNP235","aradu.V14167.gnm1.Aradu.A01_29571342",1,29571342
"SNP236","aradu.V14167.gnm1.Aradu.A01_29714758",1,29714758
"SNP237","aradu.V14167.gnm1.Aradu.A01_29728513",1,29728513
"SNP238","aradu.V14167.gnm1.Aradu.A01_29757221",1,29757221
"SNP239","aradu.V14167.gnm1.Aradu.A01_29816831",1,29816831
"SNP240","aradu.V14167.gnm1.Aradu.A01_30033406",1,30033406
"SNP241","aradu.V14167.gnm1.Aradu.A01_30248055",1,30248055
"SNP242","aradu.V14167.gnm1.Aradu.A01_32081203",1,32081203
"SNP243","aradu.V14167.gnm1.Aradu.A01_32153120",1,32153120
"SNP244","aradu.V14167.gnm1.Aradu.A01_32171188",1,32171188
"SNP245","aradu.V14167.gnm1.Aradu.A01_32361130",1,32361130
"SNP246","aradu.V14167.gnm1.Aradu.A01_32482815",1,32482815
"SNP247","aradu.V14167.gnm1.Aradu.A01_32555769",1,32555769
"SNP248","aradu.V14167.gnm1.Aradu.A01_32590443",1,32590443
"SNP249","aradu.V14167.gnm1.Aradu.A01_32696762",1,32696762
"SNP250","aradu.V14167.gnm1.Aradu.A01_32891475",1,32891475
"SNP251","aradu.V14167.gnm1.Aradu.A01_33104110",1,33104110
"SNP252","aradu.V14167.gnm1.Aradu.A01_33104840",1,33104840
"SNP253","aradu.V14167.gnm1.Aradu.A01_33292991",1,33292991
"SNP254","aradu.V14167.gnm1.Aradu.A01_33509918",1,33509918
"SNP255","aradu.V14167.gnm1.Aradu.A01_33675157",1,33675157
"SNP256","aradu.V14167.gnm1.Aradu.A01_33967670",1,33967670
"SNP257","aradu.V14167.gnm1.Aradu.A01_34776750",1,34776750
"SNP258","aradu.V14167.gnm1.Aradu.A01_34843910",1,34843910
"SNP259","aradu.V14167.gnm1.Aradu.A01_35000009",1,35000009
"SNP260","aradu.V14167.gnm1.Aradu.A01_35195298",1,35195298
"SNP261","aradu.V14167.gnm1.Aradu.A01_35225647",1,35225647
"SNP262","aradu.V14167.gnm1.Aradu.A01_35527433",1,35527433
"SNP263","aradu.V14167.gnm1.Aradu.A01_36418733",1,36418733
"SNP264","aradu.V14167.gnm1.Aradu.A01_36739682",1,36739682
"SNP265","aradu.V14167.gnm1.Aradu.A01_36767825",1,36767825
"SNP266","aradu.V14167.gnm1.Aradu.A01_36989156",1,36989156
"SNP267","aradu.V14167.gnm1.Aradu.A01_37083951",1,37083951
"SNP268","aradu.V14167.gnm1.Aradu.A01_37179648",1,37179648
"SNP269","aradu.V14167.gnm1.Aradu.A01_37209849",1,37209849
"SNP270","aradu.V14167.gnm1.Aradu.A01_37213760",1,37213760
"SNP271","aradu.V14167.gnm1.Aradu.A01_37436705",1,37436705
"SNP272","aradu.V14167.gnm1.Aradu.A01_37626815",1,37626815
"SNP273","aradu.V14167.gnm1.Aradu.A01_37733683",1,37733683
"SNP274","aradu.V14167.gnm1.Aradu.A01_38129883",1,38129883
"SNP275","aradu.V14167.gnm1.Aradu.A01_38167073",1,38167073
"SNP276","aradu.V14167.gnm1.Aradu.A01_38581395",1,38581395
"SNP277","aradu.V14167.gnm1.Aradu.A01_38597320",1,38597320
"SNP278","aradu.V14167.gnm1.Aradu.A01_39277927",1,39277927
"SNP279","aradu.V14167.gnm1.Aradu.A01_39374715",1,39374715
"SNP280","aradu.V14167.gnm1.Aradu.A01_39374716",1,39374716
"SNP281","aradu.V14167.gnm1.Aradu.A01_39613101",1,39613101
"SNP282","aradu.V14167.gnm1.Aradu.A01_40119113",1,40119113
"SNP283","aradu.V14167.gnm1.Aradu.A01_40172884",1,40172884
"SNP284","aradu.V14167.gnm1.Aradu.A01_40560706",1,40560706
"SNP285","aradu.V14167.gnm1.Aradu.A01_40887247",1,40887247
"SNP286","aradu.V14167.gnm1.Aradu.A01_41201464",1,41201464
"SNP287","aradu.V14167.gnm1.Aradu.A01_41263992",1,41263992
"SNP288","aradu.V14167.gnm1.Aradu.A01_41459155",1,41459155
"SNP289","aradu.V14167.gnm1.Aradu.A01_41471750",1,41471750
"SNP290","aradu.V14167.gnm1.Aradu.A01_41509824",1,41509824
"SNP291","aradu.V14167.gnm1.Aradu.A01_41533940",1,41533940
"SNP292","aradu.V14167.gnm1.Aradu.A01_41607764",1,41607764
"SNP293","aradu.V14167.gnm1.Aradu.A01_42690300",1,42690300
"SNP294","aradu.V14167.gnm1.Aradu.A01_42888047",1,42888047
"SNP295","aradu.V14167.gnm1.Aradu.A01_42895691",1,42895691
"SNP296","aradu.V14167.gnm1.Aradu.A01_42911160",1,42911160
"SNP297","aradu.V14167.gnm1.Aradu.A01_42924847",1,42924847
"SNP298","aradu.V14167.gnm1.Aradu.A01_43211604",1,43211604
"SNP299","aradu.V14167.gnm1.Aradu.A01_43349403",1,43349403
"SNP300","aradu.V14167.gnm1.Aradu.A01_43431169",1,43431169
"SNP301","aradu.V14167.gnm1.Aradu.A01_43668002",1,43668002
"SNP302","aradu.V14167.gnm1.Aradu.A01_43687195",1,43687195
"SNP303","aradu.V14167.gnm1.Aradu.A01_43803627",1,43803627
"SNP304","aradu.V14167.gnm1.Aradu.A01_43891049",1,43891049
"SNP305","aradu.V14167.gnm1.Aradu.A01_43935781",1,43935781
"SNP306","aradu.V14167.gnm1.Aradu.A01_44024285",1,44024285
"SNP307","aradu.V14167.gnm1.Aradu.A01_44080272",1,44080272
"SNP308","aradu.V14167.gnm1.Aradu.A01_44097040",1,44097040
"SNP309","aradu.V14167.gnm1.Aradu.A01_44226226",1,44226226
"SNP310","aradu.V14167.gnm1.Aradu.A01_44292611",1,44292611
"SNP311","aradu.V14167.gnm1.Aradu.A01_44326237",1,44326237
"SNP312","aradu.V14167.gnm1.Aradu.A01_44635912",1,44635912
"SNP313","aradu.V14167.gnm1.Aradu.A01_44801593",1,44801593
"SNP314","aradu.V14167.gnm1.Aradu.A01_44814929",1,44814929
"SNP315","aradu.V14167.gnm1.Aradu.A01_44863415",1,44863415
"SNP316","aradu.V14167.gnm1.Aradu.A01_44959133",1,44959133
"SNP317","aradu.V14167.gnm1.Aradu.A01_45098024",1,45098024
"SNP318","aradu.V14167.gnm1.Aradu.A01_45375580",1,45375580
"SNP319","aradu.V14167.gnm1.Aradu.A01_45391383",1,45391383
"SNP320","aradu.V14167.gnm1.Aradu.A01_45564446",1,45564446
"SNP321","aradu.V14167.gnm1.Aradu.A01_45623573",1,45623573
"SNP322","aradu.V14167.gnm1.Aradu.A01_45819923",1,45819923
"SNP323","aradu.V14167.gnm1.Aradu.A01_45863744",1,45863744
"SNP324","aradu.V14167.gnm1.Aradu.A01_47082634",1,47082634
"SNP325","aradu.V14167.gnm1.Aradu.A01_47350807",1,47350807
"SNP326","aradu.V14167.gnm1.Aradu.A01_47469070",1,47469070
"SNP327","aradu.V14167.gnm1.Aradu.A01_47619665",1,47619665
"SNP328","aradu.V14167.gnm1.Aradu.A01_47815824",1,47815824
"SNP329","aradu.V14167.gnm1.Aradu.A01_48021636",1,48021636
"SNP330","aradu.V14167.gnm1.Aradu.A01_48028440",1,48028440
"SNP331","aradu.V14167.gnm1.Aradu.A01_48152427",1,48152427
"SNP332","aradu.V14167.gnm1.Aradu.A01_48170337",1,48170337
"SNP333","aradu.V14167.gnm1.Aradu.A01_48255746",1,48255746
"SNP334","aradu.V14167.gnm1.Aradu.A01_48257420",1,48257420
"SNP335","aradu.V14167.gnm1.Aradu.A01_48341967",1,48341967
"SNP336","aradu.V14167.gnm1.Aradu.A01_48485284",1,48485284
"SNP337","aradu.V14167.gnm1.Aradu.A01_48582196",1,48582196
"SNP338","aradu.V14167.gnm1.Aradu.A01_48800324",1,48800324
"SNP339","aradu.V14167.gnm1.Aradu.A01_48883032",1,48883032
"SNP340","aradu.V14167.gnm1.Aradu.A01_50024773",1,50024773
"SNP341","aradu.V14167.gnm1.Aradu.A01_50101903",1,50101903
"SNP342","aradu.V14167.gnm1.Aradu.A01_50103721",1,50103721
"SNP343","aradu.V14167.gnm1.Aradu.A01_50120788",1,50120788
"SNP344","aradu.V14167.gnm1.Aradu.A01_50530941",1,50530941
"SNP345","aradu.V14167.gnm1.Aradu.A01_50531995",1,50531995
"SNP346","aradu.V14167.gnm1.Aradu.A01_50550939",1,50550939
"SNP347","aradu.V14167.gnm1.Aradu.A01_50806662",1,50806662
"SNP348","aradu.V14167.gnm1.Aradu.A01_50818179",1,50818179
"SNP349","aradu.V14167.gnm1.Aradu.A01_50904677",1,50904677
"SNP350","aradu.V14167.gnm1.Aradu.A01_51000857",1,51000857
"SNP351","aradu.V14167.gnm1.Aradu.A01_51315586",1,51315586
"SNP352","aradu.V14167.gnm1.Aradu.A01_51477561",1,51477561
"SNP353","aradu.V14167.gnm1.Aradu.A01_51499774",1,51499774
"SNP354","aradu.V14167.gnm1.Aradu.A01_51895782",1,51895782
"SNP355","aradu.V14167.gnm1.Aradu.A01_51902384",1,51902384
"SNP356","aradu.V14167.gnm1.Aradu.A01_52177334",1,52177334
"SNP357","aradu.V14167.gnm1.Aradu.A01_52259565",1,52259565
"SNP358","aradu.V14167.gnm1.Aradu.A01_52259975",1,52259975
"SNP359","aradu.V14167.gnm1.Aradu.A01_52378574",1,52378574
"SNP360","aradu.V14167.gnm1.Aradu.A01_52605263",1,52605263
"SNP361","aradu.V14167.gnm1.Aradu.A01_52607529",1,52607529
"SNP362","aradu.V14167.gnm1.Aradu.A01_52835981",1,52835981
"SNP363","aradu.V14167.gnm1.Aradu.A01_52840753",1,52840753
"SNP364","aradu.V14167.gnm1.Aradu.A01_53488728",1,53488728
"SNP365","aradu.V14167.gnm1.Aradu.A01_53950595",1,53950595
"SNP366","aradu.V14167.gnm1.Aradu.A01_54319458",1,54319458
"SNP367","aradu.V14167.gnm1.Aradu.A01_54911337",1,54911337
"SNP368","aradu.V14167.gnm1.Aradu.A01_55417720",1,55417720
"SNP369","aradu.V14167.gnm1.Aradu.A01_55579471",1,55579471
"SNP370","aradu.V14167.gnm1.Aradu.A01_55587729",1,55587729
"SNP371","aradu.V14167.gnm1.Aradu.A01_55868680",1,55868680
"SNP372","aradu.V14167.gnm1.Aradu.A01_56012488",1,56012488
"SNP373","aradu.V14167.gnm1.Aradu.A01_56516224",1,56516224
"SNP374","aradu.V14167.gnm1.Aradu.A01_56525103",1,56525103
"SNP375","aradu.V14167.gnm1.Aradu.A01_56979122",1,56979122
"SNP376","aradu.V14167.gnm1.Aradu.A01_57117658",1,57117658
"SNP377","aradu.V14167.gnm1.Aradu.A01_57353259",1,57353259
"SNP378","aradu.V14167.gnm1.Aradu.A01_57665572",1,57665572
"SNP379","aradu.V14167.gnm1.Aradu.A01_57813437",1,57813437
"SNP380","aradu.V14167.gnm1.Aradu.A01_57814617",1,57814617
"SNP381","aradu.V14167.gnm1.Aradu.A01_57987828",1,57987828
"SNP382","aradu.V14167.gnm1.Aradu.A01_58124311",1,58124311
"SNP383","aradu.V14167.gnm1.Aradu.A01_58233302",1,58233302
"SNP384","aradu.V14167.gnm1.Aradu.A01_58301395",1,58301395
"SNP385","aradu.V14167.gnm1.Aradu.A01_59371580",1,59371580
"SNP386","aradu.V14167.gnm1.Aradu.A01_59373546",1,59373546
"SNP387","aradu.V14167.gnm1.Aradu.A01_60233509",1,60233509
"SNP388","aradu.V14167.gnm1.Aradu.A01_60239405",1,60239405
"SNP389","aradu.V14167.gnm1.Aradu.A01_60251338",1,60251338
"SNP390","aradu.V14167.gnm1.Aradu.A01_60260750",1,60260750
"SNP391","aradu.V14167.gnm1.Aradu.A01_60400529",1,60400529
"SNP392","aradu.V14167.gnm1.Aradu.A01_60900390",1,60900390
"SNP393","aradu.V14167.gnm1.Aradu.A01_61350768",1,61350768
"SNP394","aradu.V14167.gnm1.Aradu.A01_61439156",1,61439156
"SNP395","aradu.V14167.gnm1.Aradu.A01_61560298",1,61560298
"SNP396","aradu.V14167.gnm1.Aradu.A01_62566362",1,62566362
"SNP397","aradu.V14167.gnm1.Aradu.A01_62697405",1,62697405
"SNP398","aradu.V14167.gnm1.Aradu.A01_62711198",1,62711198
"SNP399","aradu.V14167.gnm1.Aradu.A01_62711794",1,62711794
"SNP400","aradu.V14167.gnm1.Aradu.A01_62713100",1,62713100
"SNP401","aradu.V14167.gnm1.Aradu.A01_62713620",1,62713620
"SNP402","aradu.V14167.gnm1.Aradu.A01_62825155",1,62825155
"SNP403","aradu.V14167.gnm1.Aradu.A01_63857783",1,63857783
"SNP404","aradu.V14167.gnm1.Aradu.A01_64662307",1,64662307
"SNP405","aradu.V14167.gnm1.Aradu.A01_64758939",1,64758939
"SNP406","aradu.V14167.gnm1.Aradu.A01_65323204",1,65323204
"SNP407","aradu.V14167.gnm1.Aradu.A01_65326494",1,65326494
"SNP408","aradu.V14167.gnm1.Aradu.A01_65326520",1,65326520
"SNP409","aradu.V14167.gnm1.Aradu.A01_65424740",1,65424740
"SNP410","aradu.V14167.gnm1.Aradu.A01_65497502",1,65497502
"SNP411","aradu.V14167.gnm1.Aradu.A01_65776301",1,65776301
"SNP412","aradu.V14167.gnm1.Aradu.A01_66213064",1,66213064
"SNP413","aradu.V14167.gnm1.Aradu.A01_66458123",1,66458123
"SNP414","aradu.V14167.gnm1.Aradu.A01_66541935",1,66541935
"SNP415","aradu.V14167.gnm1.Aradu.A01_66547730",1,66547730
"SNP416","aradu.V14167.gnm1.Aradu.A01_66552104",1,66552104
"SNP417","aradu.V14167.gnm1.Aradu.A01_66663382",1,66663382
"SNP418","aradu.V14167.gnm1.Aradu.A01_66941527",1,66941527
"SNP419","aradu.V14167.gnm1.Aradu.A01_68206873",1,68206873
"SNP420","aradu.V14167.gnm1.Aradu.A01_68711134",1,68711134
"SNP421","aradu.V14167.gnm1.Aradu.A01_68819136",1,68819136
"SNP422","aradu.V14167.gnm1.Aradu.A01_69067490",1,69067490
"SNP423","aradu.V14167.gnm1.Aradu.A01_69139210",1,69139210
"SNP424","aradu.V14167.gnm1.Aradu.A01_69524629",1,69524629
"SNP425","aradu.V14167.gnm1.Aradu.A01_69532595",1,69532595
"SNP426","aradu.V14167.gnm1.Aradu.A01_69609838",1,69609838
"SNP427","aradu.V14167.gnm1.Aradu.A01_69775876",1,69775876
"SNP428","aradu.V14167.gnm1.Aradu.A01_69796464",1,69796464
"SNP429","aradu.V14167.gnm1.Aradu.A01_69856669",1,69856669
"SNP430","aradu.V14167.gnm1.Aradu.A01_69877213",1,69877213
"SNP431","aradu.V14167.gnm1.Aradu.A01_70253543",1,70253543
"SNP432","aradu.V14167.gnm1.Aradu.A01_70277370",1,70277370
"SNP433","aradu.V14167.gnm1.Aradu.A01_70452968",1,70452968
"SNP434","aradu.V14167.gnm1.Aradu.A01_70821138",1,70821138
"SNP435","aradu.V14167.gnm1.Aradu.A01_71044994",1,71044994
"SNP436","aradu.V14167.gnm1.Aradu.A01_71058923",1,71058923
"SNP437","aradu.V14167.gnm1.Aradu.A01_71591946",1,71591946
"SNP438","aradu.V14167.gnm1.Aradu.A01_71592299",1,71592299
"SNP439","aradu.V14167.gnm1.Aradu.A01_71793736",1,71793736
"SNP440","aradu.V14167.gnm1.Aradu.A01_72077483",1,72077483
"SNP441","aradu.V14167.gnm1.Aradu.A01_72082052",1,72082052
"SNP442","aradu.V14167.gnm1.Aradu.A01_72093984",1,72093984
"SNP443","aradu.V14167.gnm1.Aradu.A01_72138183",1,72138183
"SNP444","aradu.V14167.gnm1.Aradu.A01_72193954",1,72193954
"SNP445","aradu.V14167.gnm1.Aradu.A01_72280075",1,72280075
"SNP446","aradu.V14167.gnm1.Aradu.A01_72305155",1,72305155
"SNP447","aradu.V14167.gnm1.Aradu.A01_72353453",1,72353453
"SNP448","aradu.V14167.gnm1.Aradu.A01_72364970",1,72364970
"SNP449","aradu.V14167.gnm1.Aradu.A01_72435379",1,72435379
"SNP450","aradu.V14167.gnm1.Aradu.A01_72647170",1,72647170
"SNP451","aradu.V14167.gnm1.Aradu.A01_72705059",1,72705059
"SNP452","aradu.V14167.gnm1.Aradu.A01_72804185",1,72804185
"SNP453","aradu.V14167.gnm1.Aradu.A01_72989234",1,72989234
"SNP454","aradu.V14167.gnm1.Aradu.A01_73237240",1,73237240
"SNP455","aradu.V14167.gnm1.Aradu.A01_73237503",1,73237503
"SNP456","aradu.V14167.gnm1.Aradu.A01_73244356",1,73244356
"SNP457","aradu.V14167.gnm1.Aradu.A01_73543885",1,73543885
"SNP458","aradu.V14167.gnm1.Aradu.A01_73640355",1,73640355
"SNP459","aradu.V14167.gnm1.Aradu.A01_73677670",1,73677670
"SNP460","aradu.V14167.gnm1.Aradu.A01_73791828",1,73791828
"SNP461","aradu.V14167.gnm1.Aradu.A01_74104466",1,74104466
"SNP462","aradu.V14167.gnm1.Aradu.A01_74105404",1,74105404
"SNP463","aradu.V14167.gnm1.Aradu.A01_74498534",1,74498534
"SNP464","aradu.V14167.gnm1.Aradu.A01_75056104",1,75056104
"SNP465","aradu.V14167.gnm1.Aradu.A01_75079858",1,75079858
"SNP466","aradu.V14167.gnm1.Aradu.A01_75205871",1,75205871
"SNP467","aradu.V14167.gnm1.Aradu.A01_75415588",1,75415588
"SNP468","aradu.V14167.gnm1.Aradu.A01_75415600",1,75415600
"SNP469","aradu.V14167.gnm1.Aradu.A01_75415612",1,75415612
"SNP470","aradu.V14167.gnm1.Aradu.A01_75415626",1,75415626
"SNP471","aradu.V14167.gnm1.Aradu.A01_75415761",1,75415761
"SNP472","aradu.V14167.gnm1.Aradu.A01_75416135",1,75416135
"SNP473","aradu.V14167.gnm1.Aradu.A01_75416139",1,75416139
"SNP474","aradu.V14167.gnm1.Aradu.A01_75636764",1,75636764
"SNP475","aradu.V14167.gnm1.Aradu.A01_75823182",1,75823182
"SNP476","aradu.V14167.gnm1.Aradu.A01_76032642",1,76032642
"SNP477","aradu.V14167.gnm1.Aradu.A01_76166975",1,76166975
"SNP478","aradu.V14167.gnm1.Aradu.A01_76293547",1,76293547
"SNP479","aradu.V14167.gnm1.Aradu.A01_76366163",1,76366163
"SNP480","aradu.V14167.gnm1.Aradu.A01_76546727",1,76546727
"SNP481","aradu.V14167.gnm1.Aradu.A01_76713643",1,76713643
"SNP482","aradu.V14167.gnm1.Aradu.A01_76808737",1,76808737
"SNP483","aradu.V14167.gnm1.Aradu.A01_76831747",1,76831747
"SNP484","aradu.V14167.gnm1.Aradu.A01_77471160",1,77471160
"SNP485","aradu.V14167.gnm1.Aradu.A01_77900866",1,77900866
"SNP486","aradu.V14167.gnm1.Aradu.A01_78680496",1,78680496
"SNP487","aradu.V14167.gnm1.Aradu.A01_79281806",1,79281806
"SNP488","aradu.V14167.gnm1.Aradu.A01_79643420",1,79643420
"SNP489","aradu.V14167.gnm1.Aradu.A01_79667353",1,79667353
"SNP490","aradu.V14167.gnm1.Aradu.A01_79670168",1,79670168
"SNP491","aradu.V14167.gnm1.Aradu.A01_79676601",1,79676601
"SNP492","aradu.V14167.gnm1.Aradu.A01_80719008",1,80719008
"SNP493","aradu.V14167.gnm1.Aradu.A01_80734385",1,80734385
"SNP494","aradu.V14167.gnm1.Aradu.A01_81277957",1,81277957
"SNP495","aradu.V14167.gnm1.Aradu.A01_81419609",1,81419609
"SNP496","aradu.V14167.gnm1.Aradu.A01_81478933",1,81478933
"SNP497","aradu.V14167.gnm1.Aradu.A01_81811278",1,81811278
"SNP498","aradu.V14167.gnm1.Aradu.A01_82429701",1,82429701
"SNP499","aradu.V14167.gnm1.Aradu.A01_82680865",1,82680865
"SNP500","aradu.V14167.gnm1.Aradu.A01_82790879",1,82790879
"SNP501","aradu.V14167.gnm1.Aradu.A01_82874814",1,82874814
"SNP502","aradu.V14167.gnm1.Aradu.A01_82955508",1,82955508
"SNP503","aradu.V14167.gnm1.Aradu.A01_83280529",1,83280529
"SNP504","aradu.V14167.gnm1.Aradu.A01_83281512",1,83281512
"SNP505","aradu.V14167.gnm1.Aradu.A01_83282849",1,83282849
"SNP506","aradu.V14167.gnm1.Aradu.A01_83284346",1,83284346
"SNP507","aradu.V14167.gnm1.Aradu.A01_83382436",1,83382436
"SNP508","aradu.V14167.gnm1.Aradu.A01_83574916",1,83574916
"SNP509","aradu.V14167.gnm1.Aradu.A01_83580857",1,83580857
"SNP510","aradu.V14167.gnm1.Aradu.A01_83741141",1,83741141
"SNP511","aradu.V14167.gnm1.Aradu.A01_83762715",1,83762715
"SNP512","aradu.V14167.gnm1.Aradu.A01_83952089",1,83952089
"SNP513","aradu.V14167.gnm1.Aradu.A01_83952598",1,83952598
"SNP514","aradu.V14167.gnm1.Aradu.A01_84358254",1,84358254
"SNP515","aradu.V14167.gnm1.Aradu.A01_85195951",1,85195951
"SNP516","aradu.V14167.gnm1.Aradu.A01_85376768",1,85376768
"SNP517","aradu.V14167.gnm1.Aradu.A01_85421522",1,85421522
"SNP518","aradu.V14167.gnm1.Aradu.A01_85530824",1,85530824
"SNP519","aradu.V14167.gnm1.Aradu.A01_85661967",1,85661967
"SNP520","aradu.V14167.gnm1.Aradu.A01_87187940",1,87187940
"SNP521","aradu.V14167.gnm1.Aradu.A01_87316516",1,87316516
"SNP522","aradu.V14167.gnm1.Aradu.A01_87810780",1,87810780
"SNP523","aradu.V14167.gnm1.Aradu.A01_87812605",1,87812605
"SNP524","aradu.V14167.gnm1.Aradu.A01_87874835",1,87874835
"SNP525","aradu.V14167.gnm1.Aradu.A01_87875372",1,87875372
"SNP526","aradu.V14167.gnm1.Aradu.A01_88193855",1,88193855
"SNP527","aradu.V14167.gnm1.Aradu.A01_88310073",1,88310073
"SNP528","aradu.V14167.gnm1.Aradu.A01_89318205",1,89318205
"SNP529","aradu.V14167.gnm1.Aradu.A01_89579761",1,89579761
"SNP530","aradu.V14167.gnm1.Aradu.A01_89581099",1,89581099
"SNP531","aradu.V14167.gnm1.Aradu.A01_89581789",1,89581789
"SNP532","aradu.V14167.gnm1.Aradu.A01_89596002",1,89596002
"SNP533","aradu.V14167.gnm1.Aradu.A01_89680568",1,89680568
"SNP534","aradu.V14167.gnm1.Aradu.A01_89692241",1,89692241
"SNP535","aradu.V14167.gnm1.Aradu.A01_90233128",1,90233128
"SNP536","aradu.V14167.gnm1.Aradu.A01_90233190",1,90233190
"SNP537","aradu.V14167.gnm1.Aradu.A01_90321778",1,90321778
"SNP538","aradu.V14167.gnm1.Aradu.A01_90363316",1,90363316
"SNP539","aradu.V14167.gnm1.Aradu.A01_90376026",1,90376026
"SNP540","aradu.V14167.gnm1.Aradu.A01_90386065",1,90386065
"SNP541","aradu.V14167.gnm1.Aradu.A01_90401984",1,90401984
"SNP542","aradu.V14167.gnm1.Aradu.A01_90650398",1,90650398
"SNP543","aradu.V14167.gnm1.Aradu.A01_90785589",1,90785589
"SNP544","aradu.V14167.gnm1.Aradu.A01_91331114",1,91331114
"SNP545","aradu.V14167.gnm1.Aradu.A01_91356999",1,91356999
"SNP546","aradu.V14167.gnm1.Aradu.A01_91414269",1,91414269
"SNP547","aradu.V14167.gnm1.Aradu.A01_91566173",1,91566173
"SNP548","aradu.V14167.gnm1.Aradu.A01_91786514",1,91786514
"SNP549","aradu.V14167.gnm1.Aradu.A01_91804893",1,91804893
"SNP550","aradu.V14167.gnm1.Aradu.A01_91813687",1,91813687
"SNP551","aradu.V14167.gnm1.Aradu.A01_91823539",1,91823539
"SNP552","aradu.V14167.gnm1.Aradu.A01_91849923",1,91849923
"SNP553","aradu.V14167.gnm1.Aradu.A01_91856601",1,91856601
"SNP554","aradu.V14167.gnm1.Aradu.A01_91923795",1,91923795
"SNP555","aradu.V14167.gnm1.Aradu.A01_91929030",1,91929030
"SNP556","aradu.V14167.gnm1.Aradu.A01_91968180",1,91968180
"SNP557","aradu.V14167.gnm1.Aradu.A01_91974173",1,91974173
"SNP558","aradu.V14167.gnm1.Aradu.A01_91983531",1,91983531
"SNP559","aradu.V14167.gnm1.Aradu.A01_92136289",1,92136289
"SNP560","aradu.V14167.gnm1.Aradu.A01_92214445",1,92214445
"SNP561","aradu.V14167.gnm1.Aradu.A01_92242189",1,92242189
"SNP562","aradu.V14167.gnm1.Aradu.A01_92244488",1,92244488
"SNP563","aradu.V14167.gnm1.Aradu.A01_92256647",1,92256647
"SNP564","aradu.V14167.gnm1.Aradu.A01_92631272",1,92631272
"SNP565","aradu.V14167.gnm1.Aradu.A01_92792817",1,92792817
"SNP566","aradu.V14167.gnm1.Aradu.A01_92932295",1,92932295
"SNP567","aradu.V14167.gnm1.Aradu.A01_93040067",1,93040067
"SNP568","aradu.V14167.gnm1.Aradu.A01_93101047",1,93101047
"SNP569","aradu.V14167.gnm1.Aradu.A01_93176138",1,93176138
"SNP570","aradu.V14167.gnm1.Aradu.A01_93367839",1,93367839
"SNP571","aradu.V14167.gnm1.Aradu.A01_93485214",1,93485214
"SNP572","aradu.V14167.gnm1.Aradu.A01_93576611",1,93576611
"SNP573","aradu.V14167.gnm1.Aradu.A01_93583307",1,93583307
"SNP574","aradu.V14167.gnm1.Aradu.A01_93627407",1,93627407
"SNP575","aradu.V14167.gnm1.Aradu.A01_93760093",1,93760093
"SNP576","aradu.V14167.gnm1.Aradu.A01_93762906",1,93762906
"SNP577","aradu.V14167.gnm1.Aradu.A01_93780097",1,93780097
"SNP578","aradu.V14167.gnm1.Aradu.A01_93816361",1,93816361
"SNP579","aradu.V14167.gnm1.Aradu.A01_93923488",1,93923488
"SNP580","aradu.V14167.gnm1.Aradu.A01_94142785",1,94142785
"SNP581","aradu.V14167.gnm1.Aradu.A01_94163829",1,94163829
"SNP582","aradu.V14167.gnm1.Aradu.A01_94219986",1,94219986
"SNP583","aradu.V14167.gnm1.Aradu.A01_94227506",1,94227506
"SNP584","aradu.V14167.gnm1.Aradu.A01_94289415",1,94289415
"SNP585","aradu.V14167.gnm1.Aradu.A01_94535260",1,94535260
"SNP586","aradu.V14167.gnm1.Aradu.A01_94587573",1,94587573
"SNP587","aradu.V14167.gnm1.Aradu.A01_94866555",1,94866555
"SNP588","aradu.V14167.gnm1.Aradu.A01_94867106",1,94867106
"SNP589","aradu.V14167.gnm1.Aradu.A01_94988809",1,94988809
"SNP590","aradu.V14167.gnm1.Aradu.A01_95083257",1,95083257
"SNP591","aradu.V14167.gnm1.Aradu.A01_95348665",1,95348665
"SNP592","aradu.V14167.gnm1.Aradu.A01_95395139",1,95395139
"SNP593","aradu.V14167.gnm1.Aradu.A01_95588086",1,95588086
"SNP594","aradu.V14167.gnm1.Aradu.A01_95624440",1,95624440
"SNP595","aradu.V14167.gnm1.Aradu.A01_95668523",1,95668523
"SNP596","aradu.V14167.gnm1.Aradu.A01_95678117",1,95678117
"SNP597","aradu.V14167.gnm1.Aradu.A01_96067100",1,96067100
"SNP598","aradu.V14167.gnm1.Aradu.A01_96219280",1,96219280
"SNP599","aradu.V14167.gnm1.Aradu.A01_96228430",1,96228430
"SNP600","aradu.V14167.gnm1.Aradu.A01_96315245",1,96315245
"SNP601","aradu.V14167.gnm1.Aradu.A01_96372759",1,96372759
"SNP602","aradu.V14167.gnm1.Aradu.A01_96556402",1,96556402
"SNP603","aradu.V14167.gnm1.Aradu.A01_96715595",1,96715595
"SNP604","aradu.V14167.gnm1.Aradu.A01_96824758",1,96824758
"SNP605","aradu.V14167.gnm1.Aradu.A01_96848733",1,96848733
"SNP606","aradu.V14167.gnm1.Aradu.A01_96982501",1,96982501
"SNP607","aradu.V14167.gnm1.Aradu.A01_97019461",1,97019461
"SNP608","aradu.V14167.gnm1.Aradu.A01_97052647",1,97052647
"SNP609","aradu.V14167.gnm1.Aradu.A01_97071514",1,97071514
"SNP610","aradu.V14167.gnm1.Aradu.A01_97088423",1,97088423
"SNP611","aradu.V14167.gnm1.Aradu.A01_97214176",1,97214176
"SNP612","aradu.V14167.gnm1.Aradu.A01_97275043",1,97275043
"SNP613","aradu.V14167.gnm1.Aradu.A01_97335760",1,97335760
"SNP614","aradu.V14167.gnm1.Aradu.A01_97342707",1,97342707
"SNP615","aradu.V14167.gnm1.Aradu.A01_97434173",1,97434173
"SNP616","aradu.V14167.gnm1.Aradu.A01_97488180",1,97488180
"SNP617","aradu.V14167.gnm1.Aradu.A01_97600495",1,97600495
"SNP618","aradu.V14167.gnm1.Aradu.A01_97759280",1,97759280
"SNP619","aradu.V14167.gnm1.Aradu.A01_98098193",1,98098193
"SNP620","aradu.V14167.gnm1.Aradu.A01_98128383",1,98128383
"SNP621","aradu.V14167.gnm1.Aradu.A01_98423265",1,98423265
"SNP622","aradu.V14167.gnm1.Aradu.A01_98756341",1,98756341
"SNP623","aradu.V14167.gnm1.Aradu.A01_98825403",1,98825403
"SNP624","aradu.V14167.gnm1.Aradu.A01_98827500",1,98827500
"SNP625","aradu.V14167.gnm1.Aradu.A01_99187357",1,99187357
"SNP626","aradu.V14167.gnm1.Aradu.A01_99286437",1,99286437
"SNP627","aradu.V14167.gnm1.Aradu.A01_99343292",1,99343292
"SNP628","aradu.V14167.gnm1.Aradu.A01_99416946",1,99416946
"SNP629","aradu.V14167.gnm1.Aradu.A01_99425911",1,99425911
"SNP630","aradu.V14167.gnm1.Aradu.A01_99515453",1,99515453
"SNP631","aradu.V14167.gnm1.Aradu.A01_99527079",1,99527079
"SNP632","aradu.V14167.gnm1.Aradu.A01_99940909",1,99940909
"SNP633","aradu.V14167.gnm1.Aradu.A01_99985645",1,99985645
"SNP634","aradu.V14167.gnm1.Aradu.A01_100136074",1,100136074
"SNP635","aradu.V14167.gnm1.Aradu.A01_100291833",1,100291833
"SNP636","aradu.V14167.gnm1.Aradu.A01_100409049",1,100409049
"SNP637","aradu.V14167.gnm1.Aradu.A01_100421849",1,100421849
"SNP638","aradu.V14167.gnm1.Aradu.A01_100424873",1,100424873
"SNP639","aradu.V14167.gnm1.Aradu.A01_100466865",1,100466865
"SNP640","aradu.V14167.gnm1.Aradu.A01_100917698",1,100917698
"SNP641","aradu.V14167.gnm1.Aradu.A01_100963470",1,100963470
"SNP642","aradu.V14167.gnm1.Aradu.A01_101033367",1,101033367
"SNP643","aradu.V14167.gnm1.Aradu.A01_101050929",1,101050929
"SNP644","aradu.V14167.gnm1.Aradu.A01_101167285",1,101167285
"SNP645","aradu.V14167.gnm1.Aradu.A01_101300460",1,101300460
"SNP646","aradu.V14167.gnm1.Aradu.A01_101304096",1,101304096
"SNP647","aradu.V14167.gnm1.Aradu.A01_101370991",1,101370991
"SNP648","aradu.V14167.gnm1.Aradu.A01_101563373",1,101563373
"SNP649","aradu.V14167.gnm1.Aradu.A01_101685663",1,101685663
"SNP650","aradu.V14167.gnm1.Aradu.A01_101795369",1,101795369
"SNP651","aradu.V14167.gnm1.Aradu.A01_102025122",1,102025122
"SNP652","aradu.V14167.gnm1.Aradu.A01_102371643",1,102371643
"SNP653","aradu.V14167.gnm1.Aradu.A01_102627425",1,102627425
"SNP654","aradu.V14167.gnm1.Aradu.A01_102674864",1,102674864
"SNP655","aradu.V14167.gnm1.Aradu.A01_102733556",1,102733556
"SNP656","aradu.V14167.gnm1.Aradu.A01_102942776",1,102942776
"SNP657","aradu.V14167.gnm1.Aradu.A01_103104641",1,103104641
"SNP658","aradu.V14167.gnm1.Aradu.A01_104070151",1,104070151
"SNP659","aradu.V14167.gnm1.Aradu.A01_104200953",1,104200953
"SNP660","aradu.V14167.gnm1.Aradu.A01_104296643",1,104296643
"SNP661","aradu.V14167.gnm1.Aradu.A01_104355404",1,104355404
"SNP662","aradu.V14167.gnm1.Aradu.A01_104432577",1,104432577
"SNP663","aradu.V14167.gnm1.Aradu.A01_104459918",1,104459918
"SNP664","aradu.V14167.gnm1.Aradu.A01_104509769",1,104509769
"SNP665","aradu.V14167.gnm1.Aradu.A01_104723083",1,104723083
"SNP666","aradu.V14167.gnm1.Aradu.A01_104800931",1,104800931
"SNP667","aradu.V14167.gnm1.Aradu.A01_104859700",1,104859700
"SNP668","aradu.V14167.gnm1.Aradu.A01_104994690",1,104994690
"SNP669","aradu.V14167.gnm1.Aradu.A01_105122401",1,105122401
"SNP670","aradu.V14167.gnm1.Aradu.A01_105275791",1,105275791
"SNP671","aradu.V14167.gnm1.Aradu.A01_105508824",1,105508824
"SNP672","aradu.V14167.gnm1.Aradu.A01_105510363",1,105510363
"SNP673","aradu.V14167.gnm1.Aradu.A01_105517555",1,105517555
"SNP674","aradu.V14167.gnm1.Aradu.A01_105529846",1,105529846
"SNP675","aradu.V14167.gnm1.Aradu.A01_105820969",1,105820969
"SNP676","aradu.V14167.gnm1.Aradu.A01_105872160",1,105872160
"SNP677","aradu.V14167.gnm1.Aradu.A01_105900135",1,105900135
"SNP678","aradu.V14167.gnm1.Aradu.A01_106001415",1,106001415
"SNP679","aradu.V14167.gnm1.Aradu.A01_106097712",1,106097712
"SNP680","aradu.V14167.gnm1.Aradu.A01_106250675",1,106250675
"SNP681","aradu.V14167.gnm1.Aradu.A01_106317826",1,106317826
"SNP682","aradu.V14167.gnm1.Aradu.A01_106326460",1,106326460
"SNP683","aradu.V14167.gnm1.Aradu.A01_106352235",1,106352235
"SNP684","aradu.V14167.gnm1.Aradu.A01_106370118",1,106370118
"SNP685","aradu.V14167.gnm1.Aradu.A01_106545200",1,106545200
"SNP686","aradu.V14167.gnm1.Aradu.A02_200437",2,200437
"SNP687","aradu.V14167.gnm1.Aradu.A02_436838",2,436838
"SNP688","aradu.V14167.gnm1.Aradu.A02_453115",2,453115
"SNP689","aradu.V14167.gnm1.Aradu.A02_453216",2,453216
"SNP690","aradu.V14167.gnm1.Aradu.A02_453265",2,453265
"SNP691","aradu.V14167.gnm1.Aradu.A02_497336",2,497336
"SNP692","aradu.V14167.gnm1.Aradu.A02_526865",2,526865
"SNP693","aradu.V14167.gnm1.Aradu.A02_636001",2,636001
"SNP694","aradu.V14167.gnm1.Aradu.A02_662725",2,662725
"SNP695","aradu.V14167.gnm1.Aradu.A02_679641",2,679641
"SNP696","aradu.V14167.gnm1.Aradu.A02_683051",2,683051
"SNP697","aradu.V14167.gnm1.Aradu.A02_804530",2,804530
"SNP698","aradu.V14167.gnm1.Aradu.A02_914517",2,914517
"SNP699","aradu.V14167.gnm1.Aradu.A02_964025",2,964025
"SNP700","aradu.V14167.gnm1.Aradu.A02_1237474",2,1237474
"SNP701","aradu.V14167.gnm1.Aradu.A02_1463018",2,1463018
"SNP702","aradu.V14167.gnm1.Aradu.A02_1695987",2,1695987
"SNP703","aradu.V14167.gnm1.Aradu.A02_1737846",2,1737846
"SNP704","aradu.V14167.gnm1.Aradu.A02_1744377",2,1744377
"SNP705","aradu.V14167.gnm1.Aradu.A02_1853410",2,1853410
"SNP706","aradu.V14167.gnm1.Aradu.A02_2574076",2,2574076
"SNP707","aradu.V14167.gnm1.Aradu.A02_2574390",2,2574390
"SNP708","aradu.V14167.gnm1.Aradu.A02_2595116",2,2595116
"SNP709","aradu.V14167.gnm1.Aradu.A02_2658782",2,2658782
"SNP710","aradu.V14167.gnm1.Aradu.A02_2907720",2,2907720
"SNP711","aradu.V14167.gnm1.Aradu.A02_2922527",2,2922527
"SNP712","aradu.V14167.gnm1.Aradu.A02_2925276",2,2925276
"SNP713","aradu.V14167.gnm1.Aradu.A02_2937660",2,2937660
"SNP714","aradu.V14167.gnm1.Aradu.A02_2938182",2,2938182
"SNP715","aradu.V14167.gnm1.Aradu.A02_2938187",2,2938187
"SNP716","aradu.V14167.gnm1.Aradu.A02_2938528",2,2938528
"SNP717","aradu.V14167.gnm1.Aradu.A02_2939572",2,2939572
"SNP718","aradu.V14167.gnm1.Aradu.A02_2943342",2,2943342
"SNP719","aradu.V14167.gnm1.Aradu.A02_2960089",2,2960089
"SNP720","aradu.V14167.gnm1.Aradu.A02_2960953",2,2960953
"SNP721","aradu.V14167.gnm1.Aradu.A02_3043751",2,3043751
"SNP722","aradu.V14167.gnm1.Aradu.A02_3052140",2,3052140
"SNP723","aradu.V14167.gnm1.Aradu.A02_3779701",2,3779701
"SNP724","aradu.V14167.gnm1.Aradu.A02_3785710",2,3785710
"SNP725","aradu.V14167.gnm1.Aradu.A02_3957726",2,3957726
"SNP726","aradu.V14167.gnm1.Aradu.A02_4433444",2,4433444
"SNP727","aradu.V14167.gnm1.Aradu.A02_4438402",2,4438402
"SNP728","aradu.V14167.gnm1.Aradu.A02_4630421",2,4630421
"SNP729","aradu.V14167.gnm1.Aradu.A02_4713794",2,4713794
"SNP730","aradu.V14167.gnm1.Aradu.A02_4944093",2,4944093
"SNP731","aradu.V14167.gnm1.Aradu.A02_4945573",2,4945573
"SNP732","aradu.V14167.gnm1.Aradu.A02_5549297",2,5549297
"SNP733","aradu.V14167.gnm1.Aradu.A02_5555432",2,5555432
"SNP734","aradu.V14167.gnm1.Aradu.A02_5598001",2,5598001
"SNP735","aradu.V14167.gnm1.Aradu.A02_5830273",2,5830273
"SNP736","aradu.V14167.gnm1.Aradu.A02_6003198",2,6003198
"SNP737","aradu.V14167.gnm1.Aradu.A02_6304926",2,6304926
"SNP738","aradu.V14167.gnm1.Aradu.A02_6344117",2,6344117
"SNP739","aradu.V14167.gnm1.Aradu.A02_6371459",2,6371459
"SNP740","aradu.V14167.gnm1.Aradu.A02_6371470",2,6371470
"SNP741","aradu.V14167.gnm1.Aradu.A02_6392300",2,6392300
"SNP742","aradu.V14167.gnm1.Aradu.A02_6394704",2,6394704
"SNP743","aradu.V14167.gnm1.Aradu.A02_6592885",2,6592885
"SNP744","aradu.V14167.gnm1.Aradu.A02_7058750",2,7058750
"SNP745","aradu.V14167.gnm1.Aradu.A02_7366310",2,7366310
"SNP746","aradu.V14167.gnm1.Aradu.A02_7789082",2,7789082
"SNP747","aradu.V14167.gnm1.Aradu.A02_7805075",2,7805075
"SNP748","aradu.V14167.gnm1.Aradu.A02_8368745",2,8368745
"SNP749","aradu.V14167.gnm1.Aradu.A02_8459056",2,8459056
"SNP750","aradu.V14167.gnm1.Aradu.A02_8460190",2,8460190
"SNP751","aradu.V14167.gnm1.Aradu.A02_8512696",2,8512696
"SNP752","aradu.V14167.gnm1.Aradu.A02_8579653",2,8579653
"SNP753","aradu.V14167.gnm1.Aradu.A02_8655548",2,8655548
"SNP754","aradu.V14167.gnm1.Aradu.A02_8801757",2,8801757
"SNP755","aradu.V14167.gnm1.Aradu.A02_8985536",2,8985536
"SNP756","aradu.V14167.gnm1.Aradu.A02_9034925",2,9034925
"SNP757","aradu.V14167.gnm1.Aradu.A02_9764665",2,9764665
"SNP758","aradu.V14167.gnm1.Aradu.A02_9864867",2,9864867
"SNP759","aradu.V14167.gnm1.Aradu.A02_9878156",2,9878156
"SNP760","aradu.V14167.gnm1.Aradu.A02_10049638",2,10049638
"SNP761","aradu.V14167.gnm1.Aradu.A02_10407544",2,10407544
"SNP762","aradu.V14167.gnm1.Aradu.A02_10557576",2,10557576
"SNP763","aradu.V14167.gnm1.Aradu.A02_10583246",2,10583246
"SNP764","aradu.V14167.gnm1.Aradu.A02_10827201",2,10827201
"SNP765","aradu.V14167.gnm1.Aradu.A02_11111749",2,11111749
"SNP766","aradu.V14167.gnm1.Aradu.A02_11162717",2,11162717
"SNP767","aradu.V14167.gnm1.Aradu.A02_11429908",2,11429908
"SNP768","aradu.V14167.gnm1.Aradu.A02_11549364",2,11549364
"SNP769","aradu.V14167.gnm1.Aradu.A02_12426118",2,12426118
"SNP770","aradu.V14167.gnm1.Aradu.A02_12548919",2,12548919
"SNP771","aradu.V14167.gnm1.Aradu.A02_12554482",2,12554482
"SNP772","aradu.V14167.gnm1.Aradu.A02_12888097",2,12888097
"SNP773","aradu.V14167.gnm1.Aradu.A02_12945169",2,12945169
"SNP774","aradu.V14167.gnm1.Aradu.A02_13116319",2,13116319
"SNP775","aradu.V14167.gnm1.Aradu.A02_13302673",2,13302673
"SNP776","aradu.V14167.gnm1.Aradu.A02_13453101",2,13453101
"SNP777","aradu.V14167.gnm1.Aradu.A02_13514873",2,13514873
"SNP778","aradu.V14167.gnm1.Aradu.A02_13515471",2,13515471
"SNP779","aradu.V14167.gnm1.Aradu.A02_13546810",2,13546810
"SNP780","aradu.V14167.gnm1.Aradu.A02_13644317",2,13644317
"SNP781","aradu.V14167.gnm1.Aradu.A02_13654100",2,13654100
"SNP782","aradu.V14167.gnm1.Aradu.A02_13677636",2,13677636
"SNP783","aradu.V14167.gnm1.Aradu.A02_13935817",2,13935817
"SNP784","aradu.V14167.gnm1.Aradu.A02_14304903",2,14304903
"SNP785","aradu.V14167.gnm1.Aradu.A02_14384684",2,14384684
"SNP786","aradu.V14167.gnm1.Aradu.A02_14455549",2,14455549
"SNP787","aradu.V14167.gnm1.Aradu.A02_14498188",2,14498188
"SNP788","aradu.V14167.gnm1.Aradu.A02_14765986",2,14765986
"SNP789","aradu.V14167.gnm1.Aradu.A02_14766826",2,14766826
"SNP790","aradu.V14167.gnm1.Aradu.A02_14774842",2,14774842
"SNP791","aradu.V14167.gnm1.Aradu.A02_14827809",2,14827809
"SNP792","aradu.V14167.gnm1.Aradu.A02_14870241",2,14870241
"SNP793","aradu.V14167.gnm1.Aradu.A02_14941400",2,14941400
"SNP794","aradu.V14167.gnm1.Aradu.A02_14941431",2,14941431
"SNP795","aradu.V14167.gnm1.Aradu.A02_14941451",2,14941451
"SNP796","aradu.V14167.gnm1.Aradu.A02_14953428",2,14953428
"SNP797","aradu.V14167.gnm1.Aradu.A02_16287488",2,16287488
"SNP798","aradu.V14167.gnm1.Aradu.A02_16559101",2,16559101
"SNP799","aradu.V14167.gnm1.Aradu.A02_16562264",2,16562264
"SNP800","aradu.V14167.gnm1.Aradu.A02_16911379",2,16911379
"SNP801","aradu.V14167.gnm1.Aradu.A02_17000916",2,17000916
"SNP802","aradu.V14167.gnm1.Aradu.A02_17277852",2,17277852
"SNP803","aradu.V14167.gnm1.Aradu.A02_17361614",2,17361614
"SNP804","aradu.V14167.gnm1.Aradu.A02_17734794",2,17734794
"SNP805","aradu.V14167.gnm1.Aradu.A02_17827853",2,17827853
"SNP806","aradu.V14167.gnm1.Aradu.A02_18101508",2,18101508
"SNP807","aradu.V14167.gnm1.Aradu.A02_18232457",2,18232457
"SNP808","aradu.V14167.gnm1.Aradu.A02_19682430",2,19682430
"SNP809","aradu.V14167.gnm1.Aradu.A02_19747234",2,19747234
"SNP810","aradu.V14167.gnm1.Aradu.A02_19763058",2,19763058
"SNP811","aradu.V14167.gnm1.Aradu.A02_19769264",2,19769264
"SNP812","aradu.V14167.gnm1.Aradu.A02_19823847",2,19823847
"SNP813","aradu.V14167.gnm1.Aradu.A02_19997790",2,19997790
"SNP814","aradu.V14167.gnm1.Aradu.A02_20132970",2,20132970
"SNP815","aradu.V14167.gnm1.Aradu.A02_20587240",2,20587240
"SNP816","aradu.V14167.gnm1.Aradu.A02_22104150",2,22104150
"SNP817","aradu.V14167.gnm1.Aradu.A02_22270182",2,22270182
"SNP818","aradu.V14167.gnm1.Aradu.A02_22275624",2,22275624
"SNP819","aradu.V14167.gnm1.Aradu.A02_22422522",2,22422522
"SNP820","aradu.V14167.gnm1.Aradu.A02_22662900",2,22662900
"SNP821","aradu.V14167.gnm1.Aradu.A02_22662927",2,22662927
"SNP822","aradu.V14167.gnm1.Aradu.A02_22732056",2,22732056
"SNP823","aradu.V14167.gnm1.Aradu.A02_22734457",2,22734457
"SNP824","aradu.V14167.gnm1.Aradu.A02_22955632",2,22955632
"SNP825","aradu.V14167.gnm1.Aradu.A02_23576855",2,23576855
"SNP826","aradu.V14167.gnm1.Aradu.A02_23753122",2,23753122
"SNP827","aradu.V14167.gnm1.Aradu.A02_24345357",2,24345357
"SNP828","aradu.V14167.gnm1.Aradu.A02_24455602",2,24455602
"SNP829","aradu.V14167.gnm1.Aradu.A02_25150321",2,25150321
"SNP830","aradu.V14167.gnm1.Aradu.A02_25456182",2,25456182
"SNP831","aradu.V14167.gnm1.Aradu.A02_25563655",2,25563655
"SNP832","aradu.V14167.gnm1.Aradu.A02_25627498",2,25627498
"SNP833","aradu.V14167.gnm1.Aradu.A02_26699530",2,26699530
"SNP834","aradu.V14167.gnm1.Aradu.A02_26715530",2,26715530
"SNP835","aradu.V14167.gnm1.Aradu.A02_26754261",2,26754261
"SNP836","aradu.V14167.gnm1.Aradu.A02_27326206",2,27326206
"SNP837","aradu.V14167.gnm1.Aradu.A02_28100361",2,28100361
"SNP838","aradu.V14167.gnm1.Aradu.A02_28574603",2,28574603
"SNP839","aradu.V14167.gnm1.Aradu.A02_28886522",2,28886522
"SNP840","aradu.V14167.gnm1.Aradu.A02_29498343",2,29498343
"SNP841","aradu.V14167.gnm1.Aradu.A02_29635825",2,29635825
"SNP842","aradu.V14167.gnm1.Aradu.A02_29637584",2,29637584
"SNP843","aradu.V14167.gnm1.Aradu.A02_29874036",2,29874036
"SNP844","aradu.V14167.gnm1.Aradu.A02_30105980",2,30105980
"SNP845","aradu.V14167.gnm1.Aradu.A02_30373351",2,30373351
"SNP846","aradu.V14167.gnm1.Aradu.A02_30403589",2,30403589
"SNP847","aradu.V14167.gnm1.Aradu.A02_31930135",2,31930135
"SNP848","aradu.V14167.gnm1.Aradu.A02_32380991",2,32380991
"SNP849","aradu.V14167.gnm1.Aradu.A02_32572604",2,32572604
"SNP850","aradu.V14167.gnm1.Aradu.A02_34389356",2,34389356
"SNP851","aradu.V14167.gnm1.Aradu.A02_34506863",2,34506863
"SNP852","aradu.V14167.gnm1.Aradu.A02_35079956",2,35079956
"SNP853","aradu.V14167.gnm1.Aradu.A02_35395019",2,35395019
"SNP854","aradu.V14167.gnm1.Aradu.A02_35508508",2,35508508
"SNP855","aradu.V14167.gnm1.Aradu.A02_35976979",2,35976979
"SNP856","aradu.V14167.gnm1.Aradu.A02_36402575",2,36402575
"SNP857","aradu.V14167.gnm1.Aradu.A02_36422853",2,36422853
"SNP858","aradu.V14167.gnm1.Aradu.A02_36598719",2,36598719
"SNP859","aradu.V14167.gnm1.Aradu.A02_37610599",2,37610599
"SNP860","aradu.V14167.gnm1.Aradu.A02_38320573",2,38320573
"SNP861","aradu.V14167.gnm1.Aradu.A02_38454560",2,38454560
"SNP862","aradu.V14167.gnm1.Aradu.A02_38805182",2,38805182
"SNP863","aradu.V14167.gnm1.Aradu.A02_39246808",2,39246808
"SNP864","aradu.V14167.gnm1.Aradu.A02_40761413",2,40761413
"SNP865","aradu.V14167.gnm1.Aradu.A02_41025389",2,41025389
"SNP866","aradu.V14167.gnm1.Aradu.A02_41171516",2,41171516
"SNP867","aradu.V14167.gnm1.Aradu.A02_41558492",2,41558492
"SNP868","aradu.V14167.gnm1.Aradu.A02_41674308",2,41674308
"SNP869","aradu.V14167.gnm1.Aradu.A02_41819079",2,41819079
"SNP870","aradu.V14167.gnm1.Aradu.A02_42620403",2,42620403
"SNP871","aradu.V14167.gnm1.Aradu.A02_42691149",2,42691149
"SNP872","aradu.V14167.gnm1.Aradu.A02_43155268",2,43155268
"SNP873","aradu.V14167.gnm1.Aradu.A02_43490654",2,43490654
"SNP874","aradu.V14167.gnm1.Aradu.A02_43505622",2,43505622
"SNP875","aradu.V14167.gnm1.Aradu.A02_43512928",2,43512928
"SNP876","aradu.V14167.gnm1.Aradu.A02_43648781",2,43648781
"SNP877","aradu.V14167.gnm1.Aradu.A02_43740509",2,43740509
"SNP878","aradu.V14167.gnm1.Aradu.A02_43783041",2,43783041
"SNP879","aradu.V14167.gnm1.Aradu.A02_44206343",2,44206343
"SNP880","aradu.V14167.gnm1.Aradu.A02_45214066",2,45214066
"SNP881","aradu.V14167.gnm1.Aradu.A02_45336076",2,45336076
"SNP882","aradu.V14167.gnm1.Aradu.A02_47175737",2,47175737
"SNP883","aradu.V14167.gnm1.Aradu.A02_47263798",2,47263798
"SNP884","aradu.V14167.gnm1.Aradu.A02_48018610",2,48018610
"SNP885","aradu.V14167.gnm1.Aradu.A02_48177249",2,48177249
"SNP886","aradu.V14167.gnm1.Aradu.A02_48427701",2,48427701
"SNP887","aradu.V14167.gnm1.Aradu.A02_49462409",2,49462409
"SNP888","aradu.V14167.gnm1.Aradu.A02_50280978",2,50280978
"SNP889","aradu.V14167.gnm1.Aradu.A02_50958911",2,50958911
"SNP890","aradu.V14167.gnm1.Aradu.A02_51026268",2,51026268
"SNP891","aradu.V14167.gnm1.Aradu.A02_51109017",2,51109017
"SNP892","aradu.V14167.gnm1.Aradu.A02_51213525",2,51213525
"SNP893","aradu.V14167.gnm1.Aradu.A02_51464394",2,51464394
"SNP894","aradu.V14167.gnm1.Aradu.A02_51643074",2,51643074
"SNP895","aradu.V14167.gnm1.Aradu.A02_52083754",2,52083754
"SNP896","aradu.V14167.gnm1.Aradu.A02_52118991",2,52118991
"SNP897","aradu.V14167.gnm1.Aradu.A02_52244797",2,52244797
"SNP898","aradu.V14167.gnm1.Aradu.A02_53366955",2,53366955
"SNP899","aradu.V14167.gnm1.Aradu.A02_53470163",2,53470163
"SNP900","aradu.V14167.gnm1.Aradu.A02_53684978",2,53684978
"SNP901","aradu.V14167.gnm1.Aradu.A02_53866360",2,53866360
"SNP902","aradu.V14167.gnm1.Aradu.A02_53873602",2,53873602
"SNP903","aradu.V14167.gnm1.Aradu.A02_53887364",2,53887364
"SNP904","aradu.V14167.gnm1.Aradu.A02_54218907",2,54218907
"SNP905","aradu.V14167.gnm1.Aradu.A02_54223421",2,54223421
"SNP906","aradu.V14167.gnm1.Aradu.A02_54392732",2,54392732
"SNP907","aradu.V14167.gnm1.Aradu.A02_54438707",2,54438707
"SNP908","aradu.V14167.gnm1.Aradu.A02_54442585",2,54442585
"SNP909","aradu.V14167.gnm1.Aradu.A02_54958311",2,54958311
"SNP910","aradu.V14167.gnm1.Aradu.A02_55345790",2,55345790
"SNP911","aradu.V14167.gnm1.Aradu.A02_55360598",2,55360598
"SNP912","aradu.V14167.gnm1.Aradu.A02_55806802",2,55806802
"SNP913","aradu.V14167.gnm1.Aradu.A02_56249385",2,56249385
"SNP914","aradu.V14167.gnm1.Aradu.A02_56400137",2,56400137
"SNP915","aradu.V14167.gnm1.Aradu.A02_56409272",2,56409272
"SNP916","aradu.V14167.gnm1.Aradu.A02_56634086",2,56634086
"SNP917","aradu.V14167.gnm1.Aradu.A02_56668988",2,56668988
"SNP918","aradu.V14167.gnm1.Aradu.A02_56960652",2,56960652
"SNP919","aradu.V14167.gnm1.Aradu.A02_57775421",2,57775421
"SNP920","aradu.V14167.gnm1.Aradu.A02_59075367",2,59075367
"SNP921","aradu.V14167.gnm1.Aradu.A02_59161341",2,59161341
"SNP922","aradu.V14167.gnm1.Aradu.A02_59637081",2,59637081
"SNP923","aradu.V14167.gnm1.Aradu.A02_59713248",2,59713248
"SNP924","aradu.V14167.gnm1.Aradu.A02_59977964",2,59977964
"SNP925","aradu.V14167.gnm1.Aradu.A02_60562458",2,60562458
"SNP926","aradu.V14167.gnm1.Aradu.A02_60834644",2,60834644
"SNP927","aradu.V14167.gnm1.Aradu.A02_61355579",2,61355579
"SNP928","aradu.V14167.gnm1.Aradu.A02_61468603",2,61468603
"SNP929","aradu.V14167.gnm1.Aradu.A02_61624488",2,61624488
"SNP930","aradu.V14167.gnm1.Aradu.A02_61811601",2,61811601
"SNP931","aradu.V14167.gnm1.Aradu.A02_61829502",2,61829502
"SNP932","aradu.V14167.gnm1.Aradu.A02_62103293",2,62103293
"SNP933","aradu.V14167.gnm1.Aradu.A02_62447099",2,62447099
"SNP934","aradu.V14167.gnm1.Aradu.A02_62714889",2,62714889
"SNP935","aradu.V14167.gnm1.Aradu.A02_62997119",2,62997119
"SNP936","aradu.V14167.gnm1.Aradu.A02_62999980",2,62999980
"SNP937","aradu.V14167.gnm1.Aradu.A02_63049361",2,63049361
"SNP938","aradu.V14167.gnm1.Aradu.A02_63240832",2,63240832
"SNP939","aradu.V14167.gnm1.Aradu.A02_63510660",2,63510660
"SNP940","aradu.V14167.gnm1.Aradu.A02_63685161",2,63685161
"SNP941","aradu.V14167.gnm1.Aradu.A02_63793170",2,63793170
"SNP942","aradu.V14167.gnm1.Aradu.A02_63972747",2,63972747
"SNP943","aradu.V14167.gnm1.Aradu.A02_64099097",2,64099097
"SNP944","aradu.V14167.gnm1.Aradu.A02_64186304",2,64186304
"SNP945","aradu.V14167.gnm1.Aradu.A02_64277035",2,64277035
"SNP946","aradu.V14167.gnm1.Aradu.A02_64513017",2,64513017
"SNP947","aradu.V14167.gnm1.Aradu.A02_64742992",2,64742992
"SNP948","aradu.V14167.gnm1.Aradu.A02_65511176",2,65511176
"SNP949","aradu.V14167.gnm1.Aradu.A02_66798537",2,66798537
"SNP950","aradu.V14167.gnm1.Aradu.A02_66882951",2,66882951
"SNP951","aradu.V14167.gnm1.Aradu.A02_67200459",2,67200459
"SNP952","aradu.V14167.gnm1.Aradu.A02_67227495",2,67227495
"SNP953","aradu.V14167.gnm1.Aradu.A02_67418417",2,67418417
"SNP954","aradu.V14167.gnm1.Aradu.A02_67418874",2,67418874
"SNP955","aradu.V14167.gnm1.Aradu.A02_68124519",2,68124519
"SNP956","aradu.V14167.gnm1.Aradu.A02_68288594",2,68288594
"SNP957","aradu.V14167.gnm1.Aradu.A02_68533071",2,68533071
"SNP958","aradu.V14167.gnm1.Aradu.A02_68542813",2,68542813
"SNP959","aradu.V14167.gnm1.Aradu.A02_68589570",2,68589570
"SNP960","aradu.V14167.gnm1.Aradu.A02_68682743",2,68682743
"SNP961","aradu.V14167.gnm1.Aradu.A02_69329032",2,69329032
"SNP962","aradu.V14167.gnm1.Aradu.A02_69436804",2,69436804
"SNP963","aradu.V14167.gnm1.Aradu.A02_69504296",2,69504296
"SNP964","aradu.V14167.gnm1.Aradu.A02_69522218",2,69522218
"SNP965","aradu.V14167.gnm1.Aradu.A02_69842968",2,69842968
"SNP966","aradu.V14167.gnm1.Aradu.A02_71077832",2,71077832
"SNP967","aradu.V14167.gnm1.Aradu.A02_71087873",2,71087873
"SNP968","aradu.V14167.gnm1.Aradu.A02_71088076",2,71088076
"SNP969","aradu.V14167.gnm1.Aradu.A02_71194746",2,71194746
"SNP970","aradu.V14167.gnm1.Aradu.A02_71665867",2,71665867
"SNP971","aradu.V14167.gnm1.Aradu.A02_71973661",2,71973661
"SNP972","aradu.V14167.gnm1.Aradu.A02_72194830",2,72194830
"SNP973","aradu.V14167.gnm1.Aradu.A02_72593384",2,72593384
"SNP974","aradu.V14167.gnm1.Aradu.A02_72665201",2,72665201
"SNP975","aradu.V14167.gnm1.Aradu.A02_72677741",2,72677741
"SNP976","aradu.V14167.gnm1.Aradu.A02_72921033",2,72921033
"SNP977","aradu.V14167.gnm1.Aradu.A02_72956177",2,72956177
"SNP978","aradu.V14167.gnm1.Aradu.A02_73248516",2,73248516
"SNP979","aradu.V14167.gnm1.Aradu.A02_73397327",2,73397327
"SNP980","aradu.V14167.gnm1.Aradu.A02_73420354",2,73420354
"SNP981","aradu.V14167.gnm1.Aradu.A02_73436894",2,73436894
"SNP982","aradu.V14167.gnm1.Aradu.A02_73494886",2,73494886
"SNP983","aradu.V14167.gnm1.Aradu.A02_73501078",2,73501078
"SNP984","aradu.V14167.gnm1.Aradu.A02_73779428",2,73779428
"SNP985","aradu.V14167.gnm1.Aradu.A02_74134664",2,74134664
"SNP986","aradu.V14167.gnm1.Aradu.A02_74429690",2,74429690
"SNP987","aradu.V14167.gnm1.Aradu.A02_74833506",2,74833506
"SNP988","aradu.V14167.gnm1.Aradu.A02_74898044",2,74898044
"SNP989","aradu.V14167.gnm1.Aradu.A02_75200266",2,75200266
"SNP990","aradu.V14167.gnm1.Aradu.A02_75363454",2,75363454
"SNP991","aradu.V14167.gnm1.Aradu.A02_75874770",2,75874770
"SNP992","aradu.V14167.gnm1.Aradu.A02_76040912",2,76040912
"SNP993","aradu.V14167.gnm1.Aradu.A02_76275147",2,76275147
"SNP994","aradu.V14167.gnm1.Aradu.A02_76412482",2,76412482
"SNP995","aradu.V14167.gnm1.Aradu.A02_76430803",2,76430803
"SNP996","aradu.V14167.gnm1.Aradu.A02_76599376",2,76599376
"SNP997","aradu.V14167.gnm1.Aradu.A02_76693077",2,76693077
"SNP998","aradu.V14167.gnm1.Aradu.A02_76736888",2,76736888
"SNP999","aradu.V14167.gnm1.Aradu.A02_77274746",2,77274746
"SNP1000","aradu.V14167.gnm1.Aradu.A02_77279897",2,77279897
"SNP1001","aradu.V14167.gnm1.Aradu.A02_77576540",2,77576540
"SNP1002","aradu.V14167.gnm1.Aradu.A02_77690026",2,77690026
"SNP1003","aradu.V14167.gnm1.Aradu.A02_78190623",2,78190623
"SNP1004","aradu.V14167.gnm1.Aradu.A02_78190624",2,78190624
"SNP1005","aradu.V14167.gnm1.Aradu.A02_78281907",2,78281907
"SNP1006","aradu.V14167.gnm1.Aradu.A02_78284413",2,78284413
"SNP1007","aradu.V14167.gnm1.Aradu.A02_78928006",2,78928006
"SNP1008","aradu.V14167.gnm1.Aradu.A02_79027979",2,79027979
"SNP1009","aradu.V14167.gnm1.Aradu.A02_79176747",2,79176747
"SNP1010","aradu.V14167.gnm1.Aradu.A02_79177139",2,79177139
"SNP1011","aradu.V14167.gnm1.Aradu.A02_79177172",2,79177172
"SNP1012","aradu.V14167.gnm1.Aradu.A02_79177198",2,79177198
"SNP1013","aradu.V14167.gnm1.Aradu.A02_79180102",2,79180102
"SNP1014","aradu.V14167.gnm1.Aradu.A02_79180884",2,79180884
"SNP1015","aradu.V14167.gnm1.Aradu.A02_79194257",2,79194257
"SNP1016","aradu.V14167.gnm1.Aradu.A02_79194268",2,79194268
"SNP1017","aradu.V14167.gnm1.Aradu.A02_79762953",2,79762953
"SNP1018","aradu.V14167.gnm1.Aradu.A02_80367821",2,80367821
"SNP1019","aradu.V14167.gnm1.Aradu.A02_80412772",2,80412772
"SNP1020","aradu.V14167.gnm1.Aradu.A02_80416409",2,80416409
"SNP1021","aradu.V14167.gnm1.Aradu.A02_80484062",2,80484062
"SNP1022","aradu.V14167.gnm1.Aradu.A02_80605311",2,80605311
"SNP1023","aradu.V14167.gnm1.Aradu.A02_80696431",2,80696431
"SNP1024","aradu.V14167.gnm1.Aradu.A02_80718870",2,80718870
"SNP1025","aradu.V14167.gnm1.Aradu.A02_80856036",2,80856036
"SNP1026","aradu.V14167.gnm1.Aradu.A02_80997636",2,80997636
"SNP1027","aradu.V14167.gnm1.Aradu.A02_80998845",2,80998845
"SNP1028","aradu.V14167.gnm1.Aradu.A02_81581622",2,81581622
"SNP1029","aradu.V14167.gnm1.Aradu.A02_81742852",2,81742852
"SNP1030","aradu.V14167.gnm1.Aradu.A02_81783059",2,81783059
"SNP1031","aradu.V14167.gnm1.Aradu.A02_81783405",2,81783405
"SNP1032","aradu.V14167.gnm1.Aradu.A02_81819390",2,81819390
"SNP1033","aradu.V14167.gnm1.Aradu.A02_82296035",2,82296035
"SNP1034","aradu.V14167.gnm1.Aradu.A02_82582447",2,82582447
"SNP1035","aradu.V14167.gnm1.Aradu.A02_82582556",2,82582556
"SNP1036","aradu.V14167.gnm1.Aradu.A02_82582613",2,82582613
"SNP1037","aradu.V14167.gnm1.Aradu.A02_82590975",2,82590975
"SNP1038","aradu.V14167.gnm1.Aradu.A02_82590986",2,82590986
"SNP1039","aradu.V14167.gnm1.Aradu.A02_82591021",2,82591021
"SNP1040","aradu.V14167.gnm1.Aradu.A02_82591044",2,82591044
"SNP1041","aradu.V14167.gnm1.Aradu.A02_82591150",2,82591150
"SNP1042","aradu.V14167.gnm1.Aradu.A02_82591664",2,82591664
"SNP1043","aradu.V14167.gnm1.Aradu.A02_82695462",2,82695462
"SNP1044","aradu.V14167.gnm1.Aradu.A02_83089349",2,83089349
"SNP1045","aradu.V14167.gnm1.Aradu.A02_83209766",2,83209766
"SNP1046","aradu.V14167.gnm1.Aradu.A02_83231010",2,83231010
"SNP1047","aradu.V14167.gnm1.Aradu.A02_83330837",2,83330837
"SNP1048","aradu.V14167.gnm1.Aradu.A02_83362070",2,83362070
"SNP1049","aradu.V14167.gnm1.Aradu.A02_83706977",2,83706977
"SNP1050","aradu.V14167.gnm1.Aradu.A02_83967742",2,83967742
"SNP1051","aradu.V14167.gnm1.Aradu.A02_83969379",2,83969379
"SNP1052","aradu.V14167.gnm1.Aradu.A02_84336404",2,84336404
"SNP1053","aradu.V14167.gnm1.Aradu.A02_84413610",2,84413610
"SNP1054","aradu.V14167.gnm1.Aradu.A02_84458649",2,84458649
"SNP1055","aradu.V14167.gnm1.Aradu.A02_84474112",2,84474112
"SNP1056","aradu.V14167.gnm1.Aradu.A02_84510300",2,84510300
"SNP1057","aradu.V14167.gnm1.Aradu.A02_84715407",2,84715407
"SNP1058","aradu.V14167.gnm1.Aradu.A02_85138235",2,85138235
"SNP1059","aradu.V14167.gnm1.Aradu.A02_85158079",2,85158079
"SNP1060","aradu.V14167.gnm1.Aradu.A02_85502519",2,85502519
"SNP1061","aradu.V14167.gnm1.Aradu.A02_85527306",2,85527306
"SNP1062","aradu.V14167.gnm1.Aradu.A02_85744929",2,85744929
"SNP1063","aradu.V14167.gnm1.Aradu.A02_85839496",2,85839496
"SNP1064","aradu.V14167.gnm1.Aradu.A02_85968856",2,85968856
"SNP1065","aradu.V14167.gnm1.Aradu.A02_86069667",2,86069667
"SNP1066","aradu.V14167.gnm1.Aradu.A02_86249251",2,86249251
"SNP1067","aradu.V14167.gnm1.Aradu.A02_86312125",2,86312125
"SNP1068","aradu.V14167.gnm1.Aradu.A02_86343809",2,86343809
"SNP1069","aradu.V14167.gnm1.Aradu.A02_86368905",2,86368905
"SNP1070","aradu.V14167.gnm1.Aradu.A02_86392033",2,86392033
"SNP1071","aradu.V14167.gnm1.Aradu.A02_86400525",2,86400525
"SNP1072","aradu.V14167.gnm1.Aradu.A02_86664898",2,86664898
"SNP1073","aradu.V14167.gnm1.Aradu.A02_86767061",2,86767061
"SNP1074","aradu.V14167.gnm1.Aradu.A02_86895095",2,86895095
"SNP1075","aradu.V14167.gnm1.Aradu.A02_86899860",2,86899860
"SNP1076","aradu.V14167.gnm1.Aradu.A02_87289734",2,87289734
"SNP1077","aradu.V14167.gnm1.Aradu.A02_87751852",2,87751852
"SNP1078","aradu.V14167.gnm1.Aradu.A02_87922082",2,87922082
"SNP1079","aradu.V14167.gnm1.Aradu.A02_87922237",2,87922237
"SNP1080","aradu.V14167.gnm1.Aradu.A02_87946942",2,87946942
"SNP1081","aradu.V14167.gnm1.Aradu.A02_88071729",2,88071729
"SNP1082","aradu.V14167.gnm1.Aradu.A02_88588260",2,88588260
"SNP1083","aradu.V14167.gnm1.Aradu.A02_88589791",2,88589791
"SNP1084","aradu.V14167.gnm1.Aradu.A02_88592577",2,88592577
"SNP1085","aradu.V14167.gnm1.Aradu.A02_88872869",2,88872869
"SNP1086","aradu.V14167.gnm1.Aradu.A02_88924681",2,88924681
"SNP1087","aradu.V14167.gnm1.Aradu.A02_89078850",2,89078850
"SNP1088","aradu.V14167.gnm1.Aradu.A02_89172745",2,89172745
"SNP1089","aradu.V14167.gnm1.Aradu.A02_89568648",2,89568648
"SNP1090","aradu.V14167.gnm1.Aradu.A02_90493356",2,90493356
"SNP1091","aradu.V14167.gnm1.Aradu.A02_90649254",2,90649254
"SNP1092","aradu.V14167.gnm1.Aradu.A02_91075199",2,91075199
"SNP1093","aradu.V14167.gnm1.Aradu.A02_91576979",2,91576979
"SNP1094","aradu.V14167.gnm1.Aradu.A02_91577007",2,91577007
"SNP1095","aradu.V14167.gnm1.Aradu.A02_91591037",2,91591037
"SNP1096","aradu.V14167.gnm1.Aradu.A02_91655615",2,91655615
"SNP1097","aradu.V14167.gnm1.Aradu.A02_91661020",2,91661020
"SNP1098","aradu.V14167.gnm1.Aradu.A02_91665668",2,91665668
"SNP1099","aradu.V14167.gnm1.Aradu.A02_91666148",2,91666148
"SNP1100","aradu.V14167.gnm1.Aradu.A02_91667152",2,91667152
"SNP1101","aradu.V14167.gnm1.Aradu.A02_91710531",2,91710531
"SNP1102","aradu.V14167.gnm1.Aradu.A02_91904703",2,91904703
"SNP1103","aradu.V14167.gnm1.Aradu.A02_91904824",2,91904824
"SNP1104","aradu.V14167.gnm1.Aradu.A02_92068589",2,92068589
"SNP1105","aradu.V14167.gnm1.Aradu.A02_92194198",2,92194198
"SNP1106","aradu.V14167.gnm1.Aradu.A02_92259164",2,92259164
"SNP1107","aradu.V14167.gnm1.Aradu.A02_92566325",2,92566325
"SNP1108","aradu.V14167.gnm1.Aradu.A02_93305721",2,93305721
"SNP1109","aradu.V14167.gnm1.Aradu.A02_93528862",2,93528862
"SNP1110","aradu.V14167.gnm1.Aradu.A02_93537350",2,93537350
"SNP1111","aradu.V14167.gnm1.Aradu.A02_93648223",2,93648223
"SNP1112","aradu.V14167.gnm1.Aradu.A03_517297",3,517297
"SNP1113","aradu.V14167.gnm1.Aradu.A03_618443",3,618443
"SNP1114","aradu.V14167.gnm1.Aradu.A03_763125",3,763125
"SNP1115","aradu.V14167.gnm1.Aradu.A03_1008880",3,1008880
"SNP1116","aradu.V14167.gnm1.Aradu.A03_1150348",3,1150348
"SNP1117","aradu.V14167.gnm1.Aradu.A03_1619320",3,1619320
"SNP1118","aradu.V14167.gnm1.Aradu.A03_1699691",3,1699691
"SNP1119","aradu.V14167.gnm1.Aradu.A03_1916393",3,1916393
"SNP1120","aradu.V14167.gnm1.Aradu.A03_1920049",3,1920049
"SNP1121","aradu.V14167.gnm1.Aradu.A03_1929954",3,1929954
"SNP1122","aradu.V14167.gnm1.Aradu.A03_1930125",3,1930125
"SNP1123","aradu.V14167.gnm1.Aradu.A03_1946179",3,1946179
"SNP1124","aradu.V14167.gnm1.Aradu.A03_2044020",3,2044020
"SNP1125","aradu.V14167.gnm1.Aradu.A03_2107761",3,2107761
"SNP1126","aradu.V14167.gnm1.Aradu.A03_2264508",3,2264508
"SNP1127","aradu.V14167.gnm1.Aradu.A03_2284461",3,2284461
"SNP1128","aradu.V14167.gnm1.Aradu.A03_2366129",3,2366129
"SNP1129","aradu.V14167.gnm1.Aradu.A03_2534625",3,2534625
"SNP1130","aradu.V14167.gnm1.Aradu.A03_2716389",3,2716389
"SNP1131","aradu.V14167.gnm1.Aradu.A03_2745836",3,2745836
"SNP1132","aradu.V14167.gnm1.Aradu.A03_2814162",3,2814162
"SNP1133","aradu.V14167.gnm1.Aradu.A03_2907406",3,2907406
"SNP1134","aradu.V14167.gnm1.Aradu.A03_3092196",3,3092196
"SNP1135","aradu.V14167.gnm1.Aradu.A03_3171382",3,3171382
"SNP1136","aradu.V14167.gnm1.Aradu.A03_3183461",3,3183461
"SNP1137","aradu.V14167.gnm1.Aradu.A03_3294578",3,3294578
"SNP1138","aradu.V14167.gnm1.Aradu.A03_3438001",3,3438001
"SNP1139","aradu.V14167.gnm1.Aradu.A03_3676240",3,3676240
"SNP1140","aradu.V14167.gnm1.Aradu.A03_3699790",3,3699790
"SNP1141","aradu.V14167.gnm1.Aradu.A03_3766783",3,3766783
"SNP1142","aradu.V14167.gnm1.Aradu.A03_3856113",3,3856113
"SNP1143","aradu.V14167.gnm1.Aradu.A03_3894174",3,3894174
"SNP1144","aradu.V14167.gnm1.Aradu.A03_3943743",3,3943743
"SNP1145","aradu.V14167.gnm1.Aradu.A03_3960320",3,3960320
"SNP1146","aradu.V14167.gnm1.Aradu.A03_4482337",3,4482337
"SNP1147","aradu.V14167.gnm1.Aradu.A03_4836360",3,4836360
"SNP1148","aradu.V14167.gnm1.Aradu.A03_4917282",3,4917282
"SNP1149","aradu.V14167.gnm1.Aradu.A03_5258381",3,5258381
"SNP1150","aradu.V14167.gnm1.Aradu.A03_5669055",3,5669055
"SNP1151","aradu.V14167.gnm1.Aradu.A03_5808285",3,5808285
"SNP1152","aradu.V14167.gnm1.Aradu.A03_6776945",3,6776945
"SNP1153","aradu.V14167.gnm1.Aradu.A03_6799481",3,6799481
"SNP1154","aradu.V14167.gnm1.Aradu.A03_6904950",3,6904950
"SNP1155","aradu.V14167.gnm1.Aradu.A03_7025219",3,7025219
"SNP1156","aradu.V14167.gnm1.Aradu.A03_7025228",3,7025228
"SNP1157","aradu.V14167.gnm1.Aradu.A03_7030270",3,7030270
"SNP1158","aradu.V14167.gnm1.Aradu.A03_7558733",3,7558733
"SNP1159","aradu.V14167.gnm1.Aradu.A03_8261864",3,8261864
"SNP1160","aradu.V14167.gnm1.Aradu.A03_8262912",3,8262912
"SNP1161","aradu.V14167.gnm1.Aradu.A03_8338612",3,8338612
"SNP1162","aradu.V14167.gnm1.Aradu.A03_8549457",3,8549457
"SNP1163","aradu.V14167.gnm1.Aradu.A03_9768295",3,9768295
"SNP1164","aradu.V14167.gnm1.Aradu.A03_9849650",3,9849650
"SNP1165","aradu.V14167.gnm1.Aradu.A03_10098390",3,10098390
"SNP1166","aradu.V14167.gnm1.Aradu.A03_10101165",3,10101165
"SNP1167","aradu.V14167.gnm1.Aradu.A03_10181264",3,10181264
"SNP1168","aradu.V14167.gnm1.Aradu.A03_10588321",3,10588321
"SNP1169","aradu.V14167.gnm1.Aradu.A03_10668909",3,10668909
"SNP1170","aradu.V14167.gnm1.Aradu.A03_10942275",3,10942275
"SNP1171","aradu.V14167.gnm1.Aradu.A03_11839526",3,11839526
"SNP1172","aradu.V14167.gnm1.Aradu.A03_12319999",3,12319999
"SNP1173","aradu.V14167.gnm1.Aradu.A03_12333571",3,12333571
"SNP1174","aradu.V14167.gnm1.Aradu.A03_12343500",3,12343500
"SNP1175","aradu.V14167.gnm1.Aradu.A03_12653017",3,12653017
"SNP1176","aradu.V14167.gnm1.Aradu.A03_12720684",3,12720684
"SNP1177","aradu.V14167.gnm1.Aradu.A03_12802483",3,12802483
"SNP1178","aradu.V14167.gnm1.Aradu.A03_13008018",3,13008018
"SNP1179","aradu.V14167.gnm1.Aradu.A03_13095741",3,13095741
"SNP1180","aradu.V14167.gnm1.Aradu.A03_13133357",3,13133357
"SNP1181","aradu.V14167.gnm1.Aradu.A03_13161236",3,13161236
"SNP1182","aradu.V14167.gnm1.Aradu.A03_13176984",3,13176984
"SNP1183","aradu.V14167.gnm1.Aradu.A03_13414476",3,13414476
"SNP1184","aradu.V14167.gnm1.Aradu.A03_14034529",3,14034529
"SNP1185","aradu.V14167.gnm1.Aradu.A03_14091817",3,14091817
"SNP1186","aradu.V14167.gnm1.Aradu.A03_14478233",3,14478233
"SNP1187","aradu.V14167.gnm1.Aradu.A03_14544376",3,14544376
"SNP1188","aradu.V14167.gnm1.Aradu.A03_14986841",3,14986841
"SNP1189","aradu.V14167.gnm1.Aradu.A03_15685730",3,15685730
"SNP1190","aradu.V14167.gnm1.Aradu.A03_15771013",3,15771013
"SNP1191","aradu.V14167.gnm1.Aradu.A03_15934939",3,15934939
"SNP1192","aradu.V14167.gnm1.Aradu.A03_16183807",3,16183807
"SNP1193","aradu.V14167.gnm1.Aradu.A03_16185290",3,16185290
"SNP1194","aradu.V14167.gnm1.Aradu.A03_16185344",3,16185344
"SNP1195","aradu.V14167.gnm1.Aradu.A03_16185359",3,16185359
"SNP1196","aradu.V14167.gnm1.Aradu.A03_16209012",3,16209012
"SNP1197","aradu.V14167.gnm1.Aradu.A03_16333919",3,16333919
"SNP1198","aradu.V14167.gnm1.Aradu.A03_16334240",3,16334240
"SNP1199","aradu.V14167.gnm1.Aradu.A03_16334351",3,16334351
"SNP1200","aradu.V14167.gnm1.Aradu.A03_16334371",3,16334371
"SNP1201","aradu.V14167.gnm1.Aradu.A03_16334924",3,16334924
"SNP1202","aradu.V14167.gnm1.Aradu.A03_16335071",3,16335071
"SNP1203","aradu.V14167.gnm1.Aradu.A03_16335094",3,16335094
"SNP1204","aradu.V14167.gnm1.Aradu.A03_16335153",3,16335153
"SNP1205","aradu.V14167.gnm1.Aradu.A03_16691385",3,16691385
"SNP1206","aradu.V14167.gnm1.Aradu.A03_16811525",3,16811525
"SNP1207","aradu.V14167.gnm1.Aradu.A03_16832251",3,16832251
"SNP1208","aradu.V14167.gnm1.Aradu.A03_17028604",3,17028604
"SNP1209","aradu.V14167.gnm1.Aradu.A03_17076434",3,17076434
"SNP1210","aradu.V14167.gnm1.Aradu.A03_17393678",3,17393678
"SNP1211","aradu.V14167.gnm1.Aradu.A03_17622085",3,17622085
"SNP1212","aradu.V14167.gnm1.Aradu.A03_18115581",3,18115581
"SNP1213","aradu.V14167.gnm1.Aradu.A03_19267237",3,19267237
"SNP1214","aradu.V14167.gnm1.Aradu.A03_19364047",3,19364047
"SNP1215","aradu.V14167.gnm1.Aradu.A03_19512921",3,19512921
"SNP1216","aradu.V14167.gnm1.Aradu.A03_19550112",3,19550112
"SNP1217","aradu.V14167.gnm1.Aradu.A03_19567840",3,19567840
"SNP1218","aradu.V14167.gnm1.Aradu.A03_19806393",3,19806393
"SNP1219","aradu.V14167.gnm1.Aradu.A03_20316959",3,20316959
"SNP1220","aradu.V14167.gnm1.Aradu.A03_20365262",3,20365262
"SNP1221","aradu.V14167.gnm1.Aradu.A03_20689492",3,20689492
"SNP1222","aradu.V14167.gnm1.Aradu.A03_20948757",3,20948757
"SNP1223","aradu.V14167.gnm1.Aradu.A03_21204671",3,21204671
"SNP1224","aradu.V14167.gnm1.Aradu.A03_21382109",3,21382109
"SNP1225","aradu.V14167.gnm1.Aradu.A03_21749555",3,21749555
"SNP1226","aradu.V14167.gnm1.Aradu.A03_21926299",3,21926299
"SNP1227","aradu.V14167.gnm1.Aradu.A03_22045992",3,22045992
"SNP1228","aradu.V14167.gnm1.Aradu.A03_22149275",3,22149275
"SNP1229","aradu.V14167.gnm1.Aradu.A03_22377219",3,22377219
"SNP1230","aradu.V14167.gnm1.Aradu.A03_22441345",3,22441345
"SNP1231","aradu.V14167.gnm1.Aradu.A03_22607584",3,22607584
"SNP1232","aradu.V14167.gnm1.Aradu.A03_22818820",3,22818820
"SNP1233","aradu.V14167.gnm1.Aradu.A03_22947365",3,22947365
"SNP1234","aradu.V14167.gnm1.Aradu.A03_23221862",3,23221862
"SNP1235","aradu.V14167.gnm1.Aradu.A03_23309726",3,23309726
"SNP1236","aradu.V14167.gnm1.Aradu.A03_23458700",3,23458700
"SNP1237","aradu.V14167.gnm1.Aradu.A03_23481513",3,23481513
"SNP1238","aradu.V14167.gnm1.Aradu.A03_23560346",3,23560346
"SNP1239","aradu.V14167.gnm1.Aradu.A03_23956243",3,23956243
"SNP1240","aradu.V14167.gnm1.Aradu.A03_24005156",3,24005156
"SNP1241","aradu.V14167.gnm1.Aradu.A03_24237406",3,24237406
"SNP1242","aradu.V14167.gnm1.Aradu.A03_24647788",3,24647788
"SNP1243","aradu.V14167.gnm1.Aradu.A03_24752153",3,24752153
"SNP1244","aradu.V14167.gnm1.Aradu.A03_24795417",3,24795417
"SNP1245","aradu.V14167.gnm1.Aradu.A03_24870896",3,24870896
"SNP1246","aradu.V14167.gnm1.Aradu.A03_24878194",3,24878194
"SNP1247","aradu.V14167.gnm1.Aradu.A03_24922416",3,24922416
"SNP1248","aradu.V14167.gnm1.Aradu.A03_24950313",3,24950313
"SNP1249","aradu.V14167.gnm1.Aradu.A03_25145833",3,25145833
"SNP1250","aradu.V14167.gnm1.Aradu.A03_25161497",3,25161497
"SNP1251","aradu.V14167.gnm1.Aradu.A03_25164098",3,25164098
"SNP1252","aradu.V14167.gnm1.Aradu.A03_25165865",3,25165865
"SNP1253","aradu.V14167.gnm1.Aradu.A03_25350127",3,25350127
"SNP1254","aradu.V14167.gnm1.Aradu.A03_25350974",3,25350974
"SNP1255","aradu.V14167.gnm1.Aradu.A03_25474208",3,25474208
"SNP1256","aradu.V14167.gnm1.Aradu.A03_25504096",3,25504096
"SNP1257","aradu.V14167.gnm1.Aradu.A03_25575459",3,25575459
"SNP1258","aradu.V14167.gnm1.Aradu.A03_25660051",3,25660051
"SNP1259","aradu.V14167.gnm1.Aradu.A03_25746948",3,25746948
"SNP1260","aradu.V14167.gnm1.Aradu.A03_25961373",3,25961373
"SNP1261","aradu.V14167.gnm1.Aradu.A03_26043204",3,26043204
"SNP1262","aradu.V14167.gnm1.Aradu.A03_26046622",3,26046622
"SNP1263","aradu.V14167.gnm1.Aradu.A03_26146349",3,26146349
"SNP1264","aradu.V14167.gnm1.Aradu.A03_26173224",3,26173224
"SNP1265","aradu.V14167.gnm1.Aradu.A03_26485203",3,26485203
"SNP1266","aradu.V14167.gnm1.Aradu.A03_26642253",3,26642253
"SNP1267","aradu.V14167.gnm1.Aradu.A03_26745089",3,26745089
"SNP1268","aradu.V14167.gnm1.Aradu.A03_26753608",3,26753608
"SNP1269","aradu.V14167.gnm1.Aradu.A03_26823106",3,26823106
"SNP1270","aradu.V14167.gnm1.Aradu.A03_27340435",3,27340435
"SNP1271","aradu.V14167.gnm1.Aradu.A03_27828167",3,27828167
"SNP1272","aradu.V14167.gnm1.Aradu.A03_28101038",3,28101038
"SNP1273","aradu.V14167.gnm1.Aradu.A03_28122954",3,28122954
"SNP1274","aradu.V14167.gnm1.Aradu.A03_28137683",3,28137683
"SNP1275","aradu.V14167.gnm1.Aradu.A03_29151557",3,29151557
"SNP1276","aradu.V14167.gnm1.Aradu.A03_29204558",3,29204558
"SNP1277","aradu.V14167.gnm1.Aradu.A03_29380310",3,29380310
"SNP1278","aradu.V14167.gnm1.Aradu.A03_29722463",3,29722463
"SNP1279","aradu.V14167.gnm1.Aradu.A03_29799381",3,29799381
"SNP1280","aradu.V14167.gnm1.Aradu.A03_29965011",3,29965011
"SNP1281","aradu.V14167.gnm1.Aradu.A03_30147428",3,30147428
"SNP1282","aradu.V14167.gnm1.Aradu.A03_30256234",3,30256234
"SNP1283","aradu.V14167.gnm1.Aradu.A03_30269547",3,30269547
"SNP1284","aradu.V14167.gnm1.Aradu.A03_30423001",3,30423001
"SNP1285","aradu.V14167.gnm1.Aradu.A03_30565512",3,30565512
"SNP1286","aradu.V14167.gnm1.Aradu.A03_30661155",3,30661155
"SNP1287","aradu.V14167.gnm1.Aradu.A03_30923591",3,30923591
"SNP1288","aradu.V14167.gnm1.Aradu.A03_31320871",3,31320871
"SNP1289","aradu.V14167.gnm1.Aradu.A03_31373100",3,31373100
"SNP1290","aradu.V14167.gnm1.Aradu.A03_31474861",3,31474861
"SNP1291","aradu.V14167.gnm1.Aradu.A03_32267174",3,32267174
"SNP1292","aradu.V14167.gnm1.Aradu.A03_32290418",3,32290418
"SNP1293","aradu.V14167.gnm1.Aradu.A03_32351711",3,32351711
"SNP1294","aradu.V14167.gnm1.Aradu.A03_32458874",3,32458874
"SNP1295","aradu.V14167.gnm1.Aradu.A03_32582649",3,32582649
"SNP1296","aradu.V14167.gnm1.Aradu.A03_32707563",3,32707563
"SNP1297","aradu.V14167.gnm1.Aradu.A03_33443071",3,33443071
"SNP1298","aradu.V14167.gnm1.Aradu.A03_33458326",3,33458326
"SNP1299","aradu.V14167.gnm1.Aradu.A03_33951759",3,33951759
"SNP1300","aradu.V14167.gnm1.Aradu.A03_34012289",3,34012289
"SNP1301","aradu.V14167.gnm1.Aradu.A03_34015719",3,34015719
"SNP1302","aradu.V14167.gnm1.Aradu.A03_34041809",3,34041809
"SNP1303","aradu.V14167.gnm1.Aradu.A03_34205699",3,34205699
"SNP1304","aradu.V14167.gnm1.Aradu.A03_34533047",3,34533047
"SNP1305","aradu.V14167.gnm1.Aradu.A03_35145516",3,35145516
"SNP1306","aradu.V14167.gnm1.Aradu.A03_35182968",3,35182968
"SNP1307","aradu.V14167.gnm1.Aradu.A03_35183365",3,35183365
"SNP1308","aradu.V14167.gnm1.Aradu.A03_35184075",3,35184075
"SNP1309","aradu.V14167.gnm1.Aradu.A03_35184847",3,35184847
"SNP1310","aradu.V14167.gnm1.Aradu.A03_35185549",3,35185549
"SNP1311","aradu.V14167.gnm1.Aradu.A03_35564645",3,35564645
"SNP1312","aradu.V14167.gnm1.Aradu.A03_35662153",3,35662153
"SNP1313","aradu.V14167.gnm1.Aradu.A03_35676126",3,35676126
"SNP1314","aradu.V14167.gnm1.Aradu.A03_35680031",3,35680031
"SNP1315","aradu.V14167.gnm1.Aradu.A03_35919633",3,35919633
"SNP1316","aradu.V14167.gnm1.Aradu.A03_35997407",3,35997407
"SNP1317","aradu.V14167.gnm1.Aradu.A03_36054789",3,36054789
"SNP1318","aradu.V14167.gnm1.Aradu.A03_36842556",3,36842556
"SNP1319","aradu.V14167.gnm1.Aradu.A03_37003056",3,37003056
"SNP1320","aradu.V14167.gnm1.Aradu.A03_37164226",3,37164226
"SNP1321","aradu.V14167.gnm1.Aradu.A03_37183027",3,37183027
"SNP1322","aradu.V14167.gnm1.Aradu.A03_37185098",3,37185098
"SNP1323","aradu.V14167.gnm1.Aradu.A03_37455718",3,37455718
"SNP1324","aradu.V14167.gnm1.Aradu.A03_37550812",3,37550812
"SNP1325","aradu.V14167.gnm1.Aradu.A03_37939797",3,37939797
"SNP1326","aradu.V14167.gnm1.Aradu.A03_37962923",3,37962923
"SNP1327","aradu.V14167.gnm1.Aradu.A03_38248391",3,38248391
"SNP1328","aradu.V14167.gnm1.Aradu.A03_38259800",3,38259800
"SNP1329","aradu.V14167.gnm1.Aradu.A03_38801105",3,38801105
"SNP1330","aradu.V14167.gnm1.Aradu.A03_39198585",3,39198585
"SNP1331","aradu.V14167.gnm1.Aradu.A03_39355010",3,39355010
"SNP1332","aradu.V14167.gnm1.Aradu.A03_39378162",3,39378162
"SNP1333","aradu.V14167.gnm1.Aradu.A03_39432562",3,39432562
"SNP1334","aradu.V14167.gnm1.Aradu.A03_39596314",3,39596314
"SNP1335","aradu.V14167.gnm1.Aradu.A03_39651083",3,39651083
"SNP1336","aradu.V14167.gnm1.Aradu.A03_39666985",3,39666985
"SNP1337","aradu.V14167.gnm1.Aradu.A03_39849355",3,39849355
"SNP1338","aradu.V14167.gnm1.Aradu.A03_39977414",3,39977414
"SNP1339","aradu.V14167.gnm1.Aradu.A03_40011892",3,40011892
"SNP1340","aradu.V14167.gnm1.Aradu.A03_40016082",3,40016082
"SNP1341","aradu.V14167.gnm1.Aradu.A03_40117273",3,40117273
"SNP1342","aradu.V14167.gnm1.Aradu.A03_40242026",3,40242026
"SNP1343","aradu.V14167.gnm1.Aradu.A03_40407911",3,40407911
"SNP1344","aradu.V14167.gnm1.Aradu.A03_40440398",3,40440398
"SNP1345","aradu.V14167.gnm1.Aradu.A03_40477730",3,40477730
"SNP1346","aradu.V14167.gnm1.Aradu.A03_40578228",3,40578228
"SNP1347","aradu.V14167.gnm1.Aradu.A03_41144687",3,41144687
"SNP1348","aradu.V14167.gnm1.Aradu.A03_41176779",3,41176779
"SNP1349","aradu.V14167.gnm1.Aradu.A03_41255541",3,41255541
"SNP1350","aradu.V14167.gnm1.Aradu.A03_41602734",3,41602734
"SNP1351","aradu.V14167.gnm1.Aradu.A03_42095356",3,42095356
"SNP1352","aradu.V14167.gnm1.Aradu.A03_42179377",3,42179377
"SNP1353","aradu.V14167.gnm1.Aradu.A03_42237844",3,42237844
"SNP1354","aradu.V14167.gnm1.Aradu.A03_42618206",3,42618206
"SNP1355","aradu.V14167.gnm1.Aradu.A03_42785336",3,42785336
"SNP1356","aradu.V14167.gnm1.Aradu.A03_43664456",3,43664456
"SNP1357","aradu.V14167.gnm1.Aradu.A03_44338539",3,44338539
"SNP1358","aradu.V14167.gnm1.Aradu.A03_45109078",3,45109078
"SNP1359","aradu.V14167.gnm1.Aradu.A03_45550701",3,45550701
"SNP1360","aradu.V14167.gnm1.Aradu.A03_46483720",3,46483720
"SNP1361","aradu.V14167.gnm1.Aradu.A03_47971911",3,47971911
"SNP1362","aradu.V14167.gnm1.Aradu.A03_48551390",3,48551390
"SNP1363","aradu.V14167.gnm1.Aradu.A03_48669478",3,48669478
"SNP1364","aradu.V14167.gnm1.Aradu.A03_49351859",3,49351859
"SNP1365","aradu.V14167.gnm1.Aradu.A03_49756083",3,49756083
"SNP1366","aradu.V14167.gnm1.Aradu.A03_49785307",3,49785307
"SNP1367","aradu.V14167.gnm1.Aradu.A03_49794246",3,49794246
"SNP1368","aradu.V14167.gnm1.Aradu.A03_59881495",3,59881495
"SNP1369","aradu.V14167.gnm1.Aradu.A03_60489177",3,60489177
"SNP1370","aradu.V14167.gnm1.Aradu.A03_61245654",3,61245654
"SNP1371","aradu.V14167.gnm1.Aradu.A03_62621053",3,62621053
"SNP1372","aradu.V14167.gnm1.Aradu.A03_63395646",3,63395646
"SNP1373","aradu.V14167.gnm1.Aradu.A03_64446661",3,64446661
"SNP1374","aradu.V14167.gnm1.Aradu.A03_64448873",3,64448873
"SNP1375","aradu.V14167.gnm1.Aradu.A03_64448902",3,64448902
"SNP1376","aradu.V14167.gnm1.Aradu.A03_64670665",3,64670665
"SNP1377","aradu.V14167.gnm1.Aradu.A03_66593793",3,66593793
"SNP1378","aradu.V14167.gnm1.Aradu.A03_66932647",3,66932647
"SNP1379","aradu.V14167.gnm1.Aradu.A03_67141648",3,67141648
"SNP1380","aradu.V14167.gnm1.Aradu.A03_67998145",3,67998145
"SNP1381","aradu.V14167.gnm1.Aradu.A03_68752851",3,68752851
"SNP1382","aradu.V14167.gnm1.Aradu.A03_68829001",3,68829001
"SNP1383","aradu.V14167.gnm1.Aradu.A03_68838803",3,68838803
"SNP1384","aradu.V14167.gnm1.Aradu.A03_70950186",3,70950186
"SNP1385","aradu.V14167.gnm1.Aradu.A03_71288348",3,71288348
"SNP1386","aradu.V14167.gnm1.Aradu.A03_71593560",3,71593560
"SNP1387","aradu.V14167.gnm1.Aradu.A03_71608019",3,71608019
"SNP1388","aradu.V14167.gnm1.Aradu.A03_73141523",3,73141523
"SNP1389","aradu.V14167.gnm1.Aradu.A03_73484804",3,73484804
"SNP1390","aradu.V14167.gnm1.Aradu.A03_73911714",3,73911714
"SNP1391","aradu.V14167.gnm1.Aradu.A03_74920482",3,74920482
"SNP1392","aradu.V14167.gnm1.Aradu.A03_75122243",3,75122243
"SNP1393","aradu.V14167.gnm1.Aradu.A03_76337096",3,76337096
"SNP1394","aradu.V14167.gnm1.Aradu.A03_76370544",3,76370544
"SNP1395","aradu.V14167.gnm1.Aradu.A03_76469034",3,76469034
"SNP1396","aradu.V14167.gnm1.Aradu.A03_76469583",3,76469583
"SNP1397","aradu.V14167.gnm1.Aradu.A03_78945540",3,78945540
"SNP1398","aradu.V14167.gnm1.Aradu.A03_79812842",3,79812842
"SNP1399","aradu.V14167.gnm1.Aradu.A03_80271261",3,80271261
"SNP1400","aradu.V14167.gnm1.Aradu.A03_81083258",3,81083258
"SNP1401","aradu.V14167.gnm1.Aradu.A03_81151732",3,81151732
"SNP1402","aradu.V14167.gnm1.Aradu.A03_81512793",3,81512793
"SNP1403","aradu.V14167.gnm1.Aradu.A03_81765821",3,81765821
"SNP1404","aradu.V14167.gnm1.Aradu.A03_82070259",3,82070259
"SNP1405","aradu.V14167.gnm1.Aradu.A03_82075889",3,82075889
"SNP1406","aradu.V14167.gnm1.Aradu.A03_82441067",3,82441067
"SNP1407","aradu.V14167.gnm1.Aradu.A03_83277769",3,83277769
"SNP1408","aradu.V14167.gnm1.Aradu.A03_83515444",3,83515444
"SNP1409","aradu.V14167.gnm1.Aradu.A03_83639278",3,83639278
"SNP1410","aradu.V14167.gnm1.Aradu.A03_85646533",3,85646533
"SNP1411","aradu.V14167.gnm1.Aradu.A03_87268939",3,87268939
"SNP1412","aradu.V14167.gnm1.Aradu.A03_87876532",3,87876532
"SNP1413","aradu.V14167.gnm1.Aradu.A03_89841707",3,89841707
"SNP1414","aradu.V14167.gnm1.Aradu.A03_90445884",3,90445884
"SNP1415","aradu.V14167.gnm1.Aradu.A03_90830184",3,90830184
"SNP1416","aradu.V14167.gnm1.Aradu.A03_90867414",3,90867414
"SNP1417","aradu.V14167.gnm1.Aradu.A03_90874307",3,90874307
"SNP1418","aradu.V14167.gnm1.Aradu.A03_91169987",3,91169987
"SNP1419","aradu.V14167.gnm1.Aradu.A03_93613064",3,93613064
"SNP1420","aradu.V14167.gnm1.Aradu.A03_93614348",3,93614348
"SNP1421","aradu.V14167.gnm1.Aradu.A03_93954783",3,93954783
"SNP1422","aradu.V14167.gnm1.Aradu.A03_94610050",3,94610050
"SNP1423","aradu.V14167.gnm1.Aradu.A03_94647060",3,94647060
"SNP1424","aradu.V14167.gnm1.Aradu.A03_96117572",3,96117572
"SNP1425","aradu.V14167.gnm1.Aradu.A03_96282521",3,96282521
"SNP1426","aradu.V14167.gnm1.Aradu.A03_96472908",3,96472908
"SNP1427","aradu.V14167.gnm1.Aradu.A03_97301392",3,97301392
"SNP1428","aradu.V14167.gnm1.Aradu.A03_97772932",3,97772932
"SNP1429","aradu.V14167.gnm1.Aradu.A03_97952889",3,97952889
"SNP1430","aradu.V14167.gnm1.Aradu.A03_98555291",3,98555291
"SNP1431","aradu.V14167.gnm1.Aradu.A03_99862008",3,99862008
"SNP1432","aradu.V14167.gnm1.Aradu.A03_99994285",3,99994285
"SNP1433","aradu.V14167.gnm1.Aradu.A03_100113633",3,100113633
"SNP1434","aradu.V14167.gnm1.Aradu.A03_100875870",3,100875870
"SNP1435","aradu.V14167.gnm1.Aradu.A03_101286221",3,101286221
"SNP1436","aradu.V14167.gnm1.Aradu.A03_101765218",3,101765218
"SNP1437","aradu.V14167.gnm1.Aradu.A03_101928405",3,101928405
"SNP1438","aradu.V14167.gnm1.Aradu.A03_103298801",3,103298801
"SNP1439","aradu.V14167.gnm1.Aradu.A03_103487206",3,103487206
"SNP1440","aradu.V14167.gnm1.Aradu.A03_103510093",3,103510093
"SNP1441","aradu.V14167.gnm1.Aradu.A03_103545448",3,103545448
"SNP1442","aradu.V14167.gnm1.Aradu.A03_103805811",3,103805811
"SNP1443","aradu.V14167.gnm1.Aradu.A03_104547411",3,104547411
"SNP1444","aradu.V14167.gnm1.Aradu.A03_104897608",3,104897608
"SNP1445","aradu.V14167.gnm1.Aradu.A03_105043602",3,105043602
"SNP1446","aradu.V14167.gnm1.Aradu.A03_105608296",3,105608296
"SNP1447","aradu.V14167.gnm1.Aradu.A03_105875529",3,105875529
"SNP1448","aradu.V14167.gnm1.Aradu.A03_105912355",3,105912355
"SNP1449","aradu.V14167.gnm1.Aradu.A03_106087445",3,106087445
"SNP1450","aradu.V14167.gnm1.Aradu.A03_106336855",3,106336855
"SNP1451","aradu.V14167.gnm1.Aradu.A03_106338595",3,106338595
"SNP1452","aradu.V14167.gnm1.Aradu.A03_106772017",3,106772017
"SNP1453","aradu.V14167.gnm1.Aradu.A03_106888039",3,106888039
"SNP1454","aradu.V14167.gnm1.Aradu.A03_106948006",3,106948006
"SNP1455","aradu.V14167.gnm1.Aradu.A03_107596037",3,107596037
"SNP1456","aradu.V14167.gnm1.Aradu.A03_107652451",3,107652451
"SNP1457","aradu.V14167.gnm1.Aradu.A03_107725365",3,107725365
"SNP1458","aradu.V14167.gnm1.Aradu.A03_107754379",3,107754379
"SNP1459","aradu.V14167.gnm1.Aradu.A03_107871075",3,107871075
"SNP1460","aradu.V14167.gnm1.Aradu.A03_107893045",3,107893045
"SNP1461","aradu.V14167.gnm1.Aradu.A03_107970504",3,107970504
"SNP1462","aradu.V14167.gnm1.Aradu.A03_108243400",3,108243400
"SNP1463","aradu.V14167.gnm1.Aradu.A03_108303634",3,108303634
"SNP1464","aradu.V14167.gnm1.Aradu.A03_108913899",3,108913899
"SNP1465","aradu.V14167.gnm1.Aradu.A03_108970605",3,108970605
"SNP1466","aradu.V14167.gnm1.Aradu.A03_109112230",3,109112230
"SNP1467","aradu.V14167.gnm1.Aradu.A03_109121377",3,109121377
"SNP1468","aradu.V14167.gnm1.Aradu.A03_109125866",3,109125866
"SNP1469","aradu.V14167.gnm1.Aradu.A03_109167754",3,109167754
"SNP1470","aradu.V14167.gnm1.Aradu.A03_109718216",3,109718216
"SNP1471","aradu.V14167.gnm1.Aradu.A03_109722120",3,109722120
"SNP1472","aradu.V14167.gnm1.Aradu.A03_110398296",3,110398296
"SNP1473","aradu.V14167.gnm1.Aradu.A03_110680989",3,110680989
"SNP1474","aradu.V14167.gnm1.Aradu.A03_110768894",3,110768894
"SNP1475","aradu.V14167.gnm1.Aradu.A03_110772121",3,110772121
"SNP1476","aradu.V14167.gnm1.Aradu.A03_110850153",3,110850153
"SNP1477","aradu.V14167.gnm1.Aradu.A03_110853974",3,110853974
"SNP1478","aradu.V14167.gnm1.Aradu.A03_110860202",3,110860202
"SNP1479","aradu.V14167.gnm1.Aradu.A03_111286594",3,111286594
"SNP1480","aradu.V14167.gnm1.Aradu.A03_112201978",3,112201978
"SNP1481","aradu.V14167.gnm1.Aradu.A03_112507933",3,112507933
"SNP1482","aradu.V14167.gnm1.Aradu.A03_112856983",3,112856983
"SNP1483","aradu.V14167.gnm1.Aradu.A03_112857026",3,112857026
"SNP1484","aradu.V14167.gnm1.Aradu.A03_112857145",3,112857145
"SNP1485","aradu.V14167.gnm1.Aradu.A03_112857438",3,112857438
"SNP1486","aradu.V14167.gnm1.Aradu.A03_112857443",3,112857443
"SNP1487","aradu.V14167.gnm1.Aradu.A03_113014060",3,113014060
"SNP1488","aradu.V14167.gnm1.Aradu.A03_113791417",3,113791417
"SNP1489","aradu.V14167.gnm1.Aradu.A03_113907313",3,113907313
"SNP1490","aradu.V14167.gnm1.Aradu.A03_113909432",3,113909432
"SNP1491","aradu.V14167.gnm1.Aradu.A03_113909476",3,113909476
"SNP1492","aradu.V14167.gnm1.Aradu.A03_114076339",3,114076339
"SNP1493","aradu.V14167.gnm1.Aradu.A03_114447106",3,114447106
"SNP1494","aradu.V14167.gnm1.Aradu.A03_114701315",3,114701315
"SNP1495","aradu.V14167.gnm1.Aradu.A03_115286118",3,115286118
"SNP1496","aradu.V14167.gnm1.Aradu.A03_115529644",3,115529644
"SNP1497","aradu.V14167.gnm1.Aradu.A03_115530645",3,115530645
"SNP1498","aradu.V14167.gnm1.Aradu.A03_116113020",3,116113020
"SNP1499","aradu.V14167.gnm1.Aradu.A03_116139795",3,116139795
"SNP1500","aradu.V14167.gnm1.Aradu.A03_116475085",3,116475085
"SNP1501","aradu.V14167.gnm1.Aradu.A03_116516878",3,116516878
"SNP1502","aradu.V14167.gnm1.Aradu.A03_116746717",3,116746717
"SNP1503","aradu.V14167.gnm1.Aradu.A03_117320353",3,117320353
"SNP1504","aradu.V14167.gnm1.Aradu.A03_117474760",3,117474760
"SNP1505","aradu.V14167.gnm1.Aradu.A03_117664188",3,117664188
"SNP1506","aradu.V14167.gnm1.Aradu.A03_117918805",3,117918805
"SNP1507","aradu.V14167.gnm1.Aradu.A03_118212397",3,118212397
"SNP1508","aradu.V14167.gnm1.Aradu.A03_118219313",3,118219313
"SNP1509","aradu.V14167.gnm1.Aradu.A03_118257901",3,118257901
"SNP1510","aradu.V14167.gnm1.Aradu.A03_118426797",3,118426797
"SNP1511","aradu.V14167.gnm1.Aradu.A03_118446096",3,118446096
"SNP1512","aradu.V14167.gnm1.Aradu.A03_118847253",3,118847253
"SNP1513","aradu.V14167.gnm1.Aradu.A03_119171304",3,119171304
"SNP1514","aradu.V14167.gnm1.Aradu.A03_119344311",3,119344311
"SNP1515","aradu.V14167.gnm1.Aradu.A03_119465517",3,119465517
"SNP1516","aradu.V14167.gnm1.Aradu.A03_119564950",3,119564950
"SNP1517","aradu.V14167.gnm1.Aradu.A03_119837042",3,119837042
"SNP1518","aradu.V14167.gnm1.Aradu.A03_120391553",3,120391553
"SNP1519","aradu.V14167.gnm1.Aradu.A03_120461530",3,120461530
"SNP1520","aradu.V14167.gnm1.Aradu.A03_120523672",3,120523672
"SNP1521","aradu.V14167.gnm1.Aradu.A03_120654651",3,120654651
"SNP1522","aradu.V14167.gnm1.Aradu.A03_120779244",3,120779244
"SNP1523","aradu.V14167.gnm1.Aradu.A03_120813311",3,120813311
"SNP1524","aradu.V14167.gnm1.Aradu.A03_121196554",3,121196554
"SNP1525","aradu.V14167.gnm1.Aradu.A03_121210017",3,121210017
"SNP1526","aradu.V14167.gnm1.Aradu.A03_121215289",3,121215289
"SNP1527","aradu.V14167.gnm1.Aradu.A03_121816921",3,121816921
"SNP1528","aradu.V14167.gnm1.Aradu.A03_121855087",3,121855087
"SNP1529","aradu.V14167.gnm1.Aradu.A03_121855573",3,121855573
"SNP1530","aradu.V14167.gnm1.Aradu.A03_122142985",3,122142985
"SNP1531","aradu.V14167.gnm1.Aradu.A03_122604290",3,122604290
"SNP1532","aradu.V14167.gnm1.Aradu.A03_122862309",3,122862309
"SNP1533","aradu.V14167.gnm1.Aradu.A03_123007478",3,123007478
"SNP1534","aradu.V14167.gnm1.Aradu.A03_123183805",3,123183805
"SNP1535","aradu.V14167.gnm1.Aradu.A03_123211178",3,123211178
"SNP1536","aradu.V14167.gnm1.Aradu.A03_123608573",3,123608573
"SNP1537","aradu.V14167.gnm1.Aradu.A03_124142847",3,124142847
"SNP1538","aradu.V14167.gnm1.Aradu.A03_124475815",3,124475815
"SNP1539","aradu.V14167.gnm1.Aradu.A03_124706141",3,124706141
"SNP1540","aradu.V14167.gnm1.Aradu.A03_125101730",3,125101730
"SNP1541","aradu.V14167.gnm1.Aradu.A03_125102749",3,125102749
"SNP1542","aradu.V14167.gnm1.Aradu.A03_125224880",3,125224880
"SNP1543","aradu.V14167.gnm1.Aradu.A03_125249906",3,125249906
"SNP1544","aradu.V14167.gnm1.Aradu.A03_125288206",3,125288206
"SNP1545","aradu.V14167.gnm1.Aradu.A03_125433897",3,125433897
"SNP1546","aradu.V14167.gnm1.Aradu.A03_125544130",3,125544130
"SNP1547","aradu.V14167.gnm1.Aradu.A03_125707802",3,125707802
"SNP1548","aradu.V14167.gnm1.Aradu.A03_125751728",3,125751728
"SNP1549","aradu.V14167.gnm1.Aradu.A03_126001846",3,126001846
"SNP1550","aradu.V14167.gnm1.Aradu.A03_126004521",3,126004521
"SNP1551","aradu.V14167.gnm1.Aradu.A03_126470766",3,126470766
"SNP1552","aradu.V14167.gnm1.Aradu.A03_126502172",3,126502172
"SNP1553","aradu.V14167.gnm1.Aradu.A03_126506544",3,126506544
"SNP1554","aradu.V14167.gnm1.Aradu.A03_126966149",3,126966149
"SNP1555","aradu.V14167.gnm1.Aradu.A03_127051408",3,127051408
"SNP1556","aradu.V14167.gnm1.Aradu.A03_127159284",3,127159284
"SNP1557","aradu.V14167.gnm1.Aradu.A03_127594166",3,127594166
"SNP1558","aradu.V14167.gnm1.Aradu.A03_127852303",3,127852303
"SNP1559","aradu.V14167.gnm1.Aradu.A03_128082473",3,128082473
"SNP1560","aradu.V14167.gnm1.Aradu.A03_128136346",3,128136346
"SNP1561","aradu.V14167.gnm1.Aradu.A03_128202363",3,128202363
"SNP1562","aradu.V14167.gnm1.Aradu.A03_128214861",3,128214861
"SNP1563","aradu.V14167.gnm1.Aradu.A03_128328312",3,128328312
"SNP1564","aradu.V14167.gnm1.Aradu.A03_128328611",3,128328611
"SNP1565","aradu.V14167.gnm1.Aradu.A03_128405598",3,128405598
"SNP1566","aradu.V14167.gnm1.Aradu.A03_128485212",3,128485212
"SNP1567","aradu.V14167.gnm1.Aradu.A03_128629547",3,128629547
"SNP1568","aradu.V14167.gnm1.Aradu.A03_128737567",3,128737567
"SNP1569","aradu.V14167.gnm1.Aradu.A03_128818048",3,128818048
"SNP1570","aradu.V14167.gnm1.Aradu.A03_128854189",3,128854189
"SNP1571","aradu.V14167.gnm1.Aradu.A03_129148934",3,129148934
"SNP1572","aradu.V14167.gnm1.Aradu.A03_129169386",3,129169386
"SNP1573","aradu.V14167.gnm1.Aradu.A03_129258187",3,129258187
"SNP1574","aradu.V14167.gnm1.Aradu.A03_129284228",3,129284228
"SNP1575","aradu.V14167.gnm1.Aradu.A03_129886542",3,129886542
"SNP1576","aradu.V14167.gnm1.Aradu.A03_130320638",3,130320638
"SNP1577","aradu.V14167.gnm1.Aradu.A03_130559150",3,130559150
"SNP1578","aradu.V14167.gnm1.Aradu.A03_130610498",3,130610498
"SNP1579","aradu.V14167.gnm1.Aradu.A03_130779759",3,130779759
"SNP1580","aradu.V14167.gnm1.Aradu.A03_130885295",3,130885295
"SNP1581","aradu.V14167.gnm1.Aradu.A03_131068291",3,131068291
"SNP1582","aradu.V14167.gnm1.Aradu.A03_131165050",3,131165050
"SNP1583","aradu.V14167.gnm1.Aradu.A03_131260373",3,131260373
"SNP1584","aradu.V14167.gnm1.Aradu.A03_131524784",3,131524784
"SNP1585","aradu.V14167.gnm1.Aradu.A03_131527922",3,131527922
"SNP1586","aradu.V14167.gnm1.Aradu.A03_131953819",3,131953819
"SNP1587","aradu.V14167.gnm1.Aradu.A03_131990973",3,131990973
"SNP1588","aradu.V14167.gnm1.Aradu.A03_132193572",3,132193572
"SNP1589","aradu.V14167.gnm1.Aradu.A03_132207113",3,132207113
"SNP1590","aradu.V14167.gnm1.Aradu.A03_132214702",3,132214702
"SNP1591","aradu.V14167.gnm1.Aradu.A03_132392476",3,132392476
"SNP1592","aradu.V14167.gnm1.Aradu.A03_132423318",3,132423318
"SNP1593","aradu.V14167.gnm1.Aradu.A03_132428930",3,132428930
"SNP1594","aradu.V14167.gnm1.Aradu.A03_132497096",3,132497096
"SNP1595","aradu.V14167.gnm1.Aradu.A03_132498702",3,132498702
"SNP1596","aradu.V14167.gnm1.Aradu.A03_132543591",3,132543591
"SNP1597","aradu.V14167.gnm1.Aradu.A03_132595635",3,132595635
"SNP1598","aradu.V14167.gnm1.Aradu.A03_132600478",3,132600478
"SNP1599","aradu.V14167.gnm1.Aradu.A03_132674191",3,132674191
"SNP1600","aradu.V14167.gnm1.Aradu.A03_132794661",3,132794661
"SNP1601","aradu.V14167.gnm1.Aradu.A03_132878378",3,132878378
"SNP1602","aradu.V14167.gnm1.Aradu.A03_132893738",3,132893738
"SNP1603","aradu.V14167.gnm1.Aradu.A03_132894171",3,132894171
"SNP1604","aradu.V14167.gnm1.Aradu.A03_133080281",3,133080281
"SNP1605","aradu.V14167.gnm1.Aradu.A03_133107297",3,133107297
"SNP1606","aradu.V14167.gnm1.Aradu.A03_133246226",3,133246226
"SNP1607","aradu.V14167.gnm1.Aradu.A03_133268724",3,133268724
"SNP1608","aradu.V14167.gnm1.Aradu.A03_133663265",3,133663265
"SNP1609","aradu.V14167.gnm1.Aradu.A03_133768963",3,133768963
"SNP1610","aradu.V14167.gnm1.Aradu.A03_133806029",3,133806029
"SNP1611","aradu.V14167.gnm1.Aradu.A03_133969275",3,133969275
"SNP1612","aradu.V14167.gnm1.Aradu.A03_134006304",3,134006304
"SNP1613","aradu.V14167.gnm1.Aradu.A03_134085909",3,134085909
"SNP1614","aradu.V14167.gnm1.Aradu.A03_134091310",3,134091310
"SNP1615","aradu.V14167.gnm1.Aradu.A03_134393508",3,134393508
"SNP1616","aradu.V14167.gnm1.Aradu.A03_134464112",3,134464112
"SNP1617","aradu.V14167.gnm1.Aradu.A03_134464932",3,134464932
"SNP1618","aradu.V14167.gnm1.Aradu.A03_134465142",3,134465142
"SNP1619","aradu.V14167.gnm1.Aradu.A03_134513642",3,134513642
"SNP1620","aradu.V14167.gnm1.Aradu.A03_134516298",3,134516298
"SNP1621","aradu.V14167.gnm1.Aradu.A03_134659717",3,134659717
"SNP1622","aradu.V14167.gnm1.Aradu.A03_134894015",3,134894015
"SNP1623","aradu.V14167.gnm1.Aradu.A04_382828",4,382828
"SNP1624","aradu.V14167.gnm1.Aradu.A04_757763",4,757763
"SNP1625","aradu.V14167.gnm1.Aradu.A04_1354882",4,1354882
"SNP1626","aradu.V14167.gnm1.Aradu.A04_1456504",4,1456504
"SNP1627","aradu.V14167.gnm1.Aradu.A04_1573577",4,1573577
"SNP1628","aradu.V14167.gnm1.Aradu.A04_1656177",4,1656177
"SNP1629","aradu.V14167.gnm1.Aradu.A04_1794071",4,1794071
"SNP1630","aradu.V14167.gnm1.Aradu.A04_2058623",4,2058623
"SNP1631","aradu.V14167.gnm1.Aradu.A04_2330972",4,2330972
"SNP1632","aradu.V14167.gnm1.Aradu.A04_2355665",4,2355665
"SNP1633","aradu.V14167.gnm1.Aradu.A04_2540668",4,2540668
"SNP1634","aradu.V14167.gnm1.Aradu.A04_2554416",4,2554416
"SNP1635","aradu.V14167.gnm1.Aradu.A04_2934143",4,2934143
"SNP1636","aradu.V14167.gnm1.Aradu.A04_2938326",4,2938326
"SNP1637","aradu.V14167.gnm1.Aradu.A04_2961628",4,2961628
"SNP1638","aradu.V14167.gnm1.Aradu.A04_3303548",4,3303548
"SNP1639","aradu.V14167.gnm1.Aradu.A04_3438807",4,3438807
"SNP1640","aradu.V14167.gnm1.Aradu.A04_3582051",4,3582051
"SNP1641","aradu.V14167.gnm1.Aradu.A04_3653567",4,3653567
"SNP1642","aradu.V14167.gnm1.Aradu.A04_3730701",4,3730701
"SNP1643","aradu.V14167.gnm1.Aradu.A04_4260861",4,4260861
"SNP1644","aradu.V14167.gnm1.Aradu.A04_4320760",4,4320760
"SNP1645","aradu.V14167.gnm1.Aradu.A04_4507325",4,4507325
"SNP1646","aradu.V14167.gnm1.Aradu.A04_4519432",4,4519432
"SNP1647","aradu.V14167.gnm1.Aradu.A04_4534017",4,4534017
"SNP1648","aradu.V14167.gnm1.Aradu.A04_4902080",4,4902080
"SNP1649","aradu.V14167.gnm1.Aradu.A04_5092556",4,5092556
"SNP1650","aradu.V14167.gnm1.Aradu.A04_5211307",4,5211307
"SNP1651","aradu.V14167.gnm1.Aradu.A04_5811310",4,5811310
"SNP1652","aradu.V14167.gnm1.Aradu.A04_5919978",4,5919978
"SNP1653","aradu.V14167.gnm1.Aradu.A04_6029070",4,6029070
"SNP1654","aradu.V14167.gnm1.Aradu.A04_6513274",4,6513274
"SNP1655","aradu.V14167.gnm1.Aradu.A04_6616164",4,6616164
"SNP1656","aradu.V14167.gnm1.Aradu.A04_6645276",4,6645276
"SNP1657","aradu.V14167.gnm1.Aradu.A04_6870939",4,6870939
"SNP1658","aradu.V14167.gnm1.Aradu.A04_7366031",4,7366031
"SNP1659","aradu.V14167.gnm1.Aradu.A04_7428123",4,7428123
"SNP1660","aradu.V14167.gnm1.Aradu.A04_8538408",4,8538408
"SNP1661","aradu.V14167.gnm1.Aradu.A04_9703732",4,9703732
"SNP1662","aradu.V14167.gnm1.Aradu.A04_9819028",4,9819028
"SNP1663","aradu.V14167.gnm1.Aradu.A04_9819069",4,9819069
"SNP1664","aradu.V14167.gnm1.Aradu.A04_9820420",4,9820420
"SNP1665","aradu.V14167.gnm1.Aradu.A04_9842373",4,9842373
"SNP1666","aradu.V14167.gnm1.Aradu.A04_11255437",4,11255437
"SNP1667","aradu.V14167.gnm1.Aradu.A04_11265452",4,11265452
"SNP1668","aradu.V14167.gnm1.Aradu.A04_11265560",4,11265560
"SNP1669","aradu.V14167.gnm1.Aradu.A04_11389005",4,11389005
"SNP1670","aradu.V14167.gnm1.Aradu.A04_11390172",4,11390172
"SNP1671","aradu.V14167.gnm1.Aradu.A04_11471009",4,11471009
"SNP1672","aradu.V14167.gnm1.Aradu.A04_11518150",4,11518150
"SNP1673","aradu.V14167.gnm1.Aradu.A04_11519148",4,11519148
"SNP1674","aradu.V14167.gnm1.Aradu.A04_12047905",4,12047905
"SNP1675","aradu.V14167.gnm1.Aradu.A04_12354820",4,12354820
"SNP1676","aradu.V14167.gnm1.Aradu.A04_12456964",4,12456964
"SNP1677","aradu.V14167.gnm1.Aradu.A04_12669988",4,12669988
"SNP1678","aradu.V14167.gnm1.Aradu.A04_13247124",4,13247124
"SNP1679","aradu.V14167.gnm1.Aradu.A04_13544930",4,13544930
"SNP1680","aradu.V14167.gnm1.Aradu.A04_13607505",4,13607505
"SNP1681","aradu.V14167.gnm1.Aradu.A04_13638809",4,13638809
"SNP1682","aradu.V14167.gnm1.Aradu.A04_13911912",4,13911912
"SNP1683","aradu.V14167.gnm1.Aradu.A04_14313896",4,14313896
"SNP1684","aradu.V14167.gnm1.Aradu.A04_14717087",4,14717087
"SNP1685","aradu.V14167.gnm1.Aradu.A04_14831532",4,14831532
"SNP1686","aradu.V14167.gnm1.Aradu.A04_15283419",4,15283419
"SNP1687","aradu.V14167.gnm1.Aradu.A04_15448554",4,15448554
"SNP1688","aradu.V14167.gnm1.Aradu.A04_15533403",4,15533403
"SNP1689","aradu.V14167.gnm1.Aradu.A04_16149204",4,16149204
"SNP1690","aradu.V14167.gnm1.Aradu.A04_16970480",4,16970480
"SNP1691","aradu.V14167.gnm1.Aradu.A04_17317727",4,17317727
"SNP1692","aradu.V14167.gnm1.Aradu.A04_17647146",4,17647146
"SNP1693","aradu.V14167.gnm1.Aradu.A04_17816162",4,17816162
"SNP1694","aradu.V14167.gnm1.Aradu.A04_18388427",4,18388427
"SNP1695","aradu.V14167.gnm1.Aradu.A04_18450776",4,18450776
"SNP1696","aradu.V14167.gnm1.Aradu.A04_18515848",4,18515848
"SNP1697","aradu.V14167.gnm1.Aradu.A04_19187160",4,19187160
"SNP1698","aradu.V14167.gnm1.Aradu.A04_19409022",4,19409022
"SNP1699","aradu.V14167.gnm1.Aradu.A04_19486591",4,19486591
"SNP1700","aradu.V14167.gnm1.Aradu.A04_19493781",4,19493781
"SNP1701","aradu.V14167.gnm1.Aradu.A04_19496544",4,19496544
"SNP1702","aradu.V14167.gnm1.Aradu.A04_19587421",4,19587421
"SNP1703","aradu.V14167.gnm1.Aradu.A04_19949355",4,19949355
"SNP1704","aradu.V14167.gnm1.Aradu.A04_20028258",4,20028258
"SNP1705","aradu.V14167.gnm1.Aradu.A04_20050505",4,20050505
"SNP1706","aradu.V14167.gnm1.Aradu.A04_20130699",4,20130699
"SNP1707","aradu.V14167.gnm1.Aradu.A04_20186772",4,20186772
"SNP1708","aradu.V14167.gnm1.Aradu.A04_20549392",4,20549392
"SNP1709","aradu.V14167.gnm1.Aradu.A04_20555637",4,20555637
"SNP1710","aradu.V14167.gnm1.Aradu.A04_20804226",4,20804226
"SNP1711","aradu.V14167.gnm1.Aradu.A04_20886466",4,20886466
"SNP1712","aradu.V14167.gnm1.Aradu.A04_20886535",4,20886535
"SNP1713","aradu.V14167.gnm1.Aradu.A04_21030919",4,21030919
"SNP1714","aradu.V14167.gnm1.Aradu.A04_21300678",4,21300678
"SNP1715","aradu.V14167.gnm1.Aradu.A04_21323123",4,21323123
"SNP1716","aradu.V14167.gnm1.Aradu.A04_22349412",4,22349412
"SNP1717","aradu.V14167.gnm1.Aradu.A04_23929426",4,23929426
"SNP1718","aradu.V14167.gnm1.Aradu.A04_25121675",4,25121675
"SNP1719","aradu.V14167.gnm1.Aradu.A04_25285240",4,25285240
"SNP1720","aradu.V14167.gnm1.Aradu.A04_26161927",4,26161927
"SNP1721","aradu.V14167.gnm1.Aradu.A04_26703078",4,26703078
"SNP1722","aradu.V14167.gnm1.Aradu.A04_27220270",4,27220270
"SNP1723","aradu.V14167.gnm1.Aradu.A04_27334026",4,27334026
"SNP1724","aradu.V14167.gnm1.Aradu.A04_28035250",4,28035250
"SNP1725","aradu.V14167.gnm1.Aradu.A04_28127243",4,28127243
"SNP1726","aradu.V14167.gnm1.Aradu.A04_28582103",4,28582103
"SNP1727","aradu.V14167.gnm1.Aradu.A04_28851333",4,28851333
"SNP1728","aradu.V14167.gnm1.Aradu.A04_28873182",4,28873182
"SNP1729","aradu.V14167.gnm1.Aradu.A04_29183214",4,29183214
"SNP1730","aradu.V14167.gnm1.Aradu.A04_29267392",4,29267392
"SNP1731","aradu.V14167.gnm1.Aradu.A04_30009238",4,30009238
"SNP1732","aradu.V14167.gnm1.Aradu.A04_31818404",4,31818404
"SNP1733","aradu.V14167.gnm1.Aradu.A04_31941845",4,31941845
"SNP1734","aradu.V14167.gnm1.Aradu.A04_32161004",4,32161004
"SNP1735","aradu.V14167.gnm1.Aradu.A04_32183771",4,32183771
"SNP1736","aradu.V14167.gnm1.Aradu.A04_32983735",4,32983735
"SNP1737","aradu.V14167.gnm1.Aradu.A04_32984534",4,32984534
"SNP1738","aradu.V14167.gnm1.Aradu.A04_33241643",4,33241643
"SNP1739","aradu.V14167.gnm1.Aradu.A04_33608076",4,33608076
"SNP1740","aradu.V14167.gnm1.Aradu.A04_34079632",4,34079632
"SNP1741","aradu.V14167.gnm1.Aradu.A04_34149427",4,34149427
"SNP1742","aradu.V14167.gnm1.Aradu.A04_34325299",4,34325299
"SNP1743","aradu.V14167.gnm1.Aradu.A04_34901336",4,34901336
"SNP1744","aradu.V14167.gnm1.Aradu.A04_35108199",4,35108199
"SNP1745","aradu.V14167.gnm1.Aradu.A04_35733408",4,35733408
"SNP1746","aradu.V14167.gnm1.Aradu.A04_35751105",4,35751105
"SNP1747","aradu.V14167.gnm1.Aradu.A04_36604031",4,36604031
"SNP1748","aradu.V14167.gnm1.Aradu.A04_36624371",4,36624371
"SNP1749","aradu.V14167.gnm1.Aradu.A04_36908087",4,36908087
"SNP1750","aradu.V14167.gnm1.Aradu.A04_36947307",4,36947307
"SNP1751","aradu.V14167.gnm1.Aradu.A04_36967796",4,36967796
"SNP1752","aradu.V14167.gnm1.Aradu.A04_37786160",4,37786160
"SNP1753","aradu.V14167.gnm1.Aradu.A04_38036135",4,38036135
"SNP1754","aradu.V14167.gnm1.Aradu.A04_38039961",4,38039961
"SNP1755","aradu.V14167.gnm1.Aradu.A04_38047338",4,38047338
"SNP1756","aradu.V14167.gnm1.Aradu.A04_39970368",4,39970368
"SNP1757","aradu.V14167.gnm1.Aradu.A04_40135413",4,40135413
"SNP1758","aradu.V14167.gnm1.Aradu.A04_40151261",4,40151261
"SNP1759","aradu.V14167.gnm1.Aradu.A04_40314895",4,40314895
"SNP1760","aradu.V14167.gnm1.Aradu.A04_40982318",4,40982318
"SNP1761","aradu.V14167.gnm1.Aradu.A04_42039934",4,42039934
"SNP1762","aradu.V14167.gnm1.Aradu.A04_42241124",4,42241124
"SNP1763","aradu.V14167.gnm1.Aradu.A04_43672731",4,43672731
"SNP1764","aradu.V14167.gnm1.Aradu.A04_43910599",4,43910599
"SNP1765","aradu.V14167.gnm1.Aradu.A04_43911398",4,43911398
"SNP1766","aradu.V14167.gnm1.Aradu.A04_43912490",4,43912490
"SNP1767","aradu.V14167.gnm1.Aradu.A04_43912886",4,43912886
"SNP1768","aradu.V14167.gnm1.Aradu.A04_45017796",4,45017796
"SNP1769","aradu.V14167.gnm1.Aradu.A04_45029632",4,45029632
"SNP1770","aradu.V14167.gnm1.Aradu.A04_45144364",4,45144364
"SNP1771","aradu.V14167.gnm1.Aradu.A04_45712411",4,45712411
"SNP1772","aradu.V14167.gnm1.Aradu.A04_45867183",4,45867183
"SNP1773","aradu.V14167.gnm1.Aradu.A04_46729794",4,46729794
"SNP1774","aradu.V14167.gnm1.Aradu.A04_49241185",4,49241185
"SNP1775","aradu.V14167.gnm1.Aradu.A04_49310411",4,49310411
"SNP1776","aradu.V14167.gnm1.Aradu.A04_49498287",4,49498287
"SNP1777","aradu.V14167.gnm1.Aradu.A04_51671047",4,51671047
"SNP1778","aradu.V14167.gnm1.Aradu.A04_52256008",4,52256008
"SNP1779","aradu.V14167.gnm1.Aradu.A04_53108353",4,53108353
"SNP1780","aradu.V14167.gnm1.Aradu.A04_54511902",4,54511902
"SNP1781","aradu.V14167.gnm1.Aradu.A04_56556856",4,56556856
"SNP1782","aradu.V14167.gnm1.Aradu.A04_56986323",4,56986323
"SNP1783","aradu.V14167.gnm1.Aradu.A04_57187859",4,57187859
"SNP1784","aradu.V14167.gnm1.Aradu.A04_57189105",4,57189105
"SNP1785","aradu.V14167.gnm1.Aradu.A04_57578689",4,57578689
"SNP1786","aradu.V14167.gnm1.Aradu.A04_61744669",4,61744669
"SNP1787","aradu.V14167.gnm1.Aradu.A04_62149675",4,62149675
"SNP1788","aradu.V14167.gnm1.Aradu.A04_62654130",4,62654130
"SNP1789","aradu.V14167.gnm1.Aradu.A04_64601945",4,64601945
"SNP1790","aradu.V14167.gnm1.Aradu.A04_65776229",4,65776229
"SNP1791","aradu.V14167.gnm1.Aradu.A04_65804117",4,65804117
"SNP1792","aradu.V14167.gnm1.Aradu.A04_66735638",4,66735638
"SNP1793","aradu.V14167.gnm1.Aradu.A04_66735649",4,66735649
"SNP1794","aradu.V14167.gnm1.Aradu.A04_66737037",4,66737037
"SNP1795","aradu.V14167.gnm1.Aradu.A04_66738573",4,66738573
"SNP1796","aradu.V14167.gnm1.Aradu.A04_67161790",4,67161790
"SNP1797","aradu.V14167.gnm1.Aradu.A04_67656170",4,67656170
"SNP1798","aradu.V14167.gnm1.Aradu.A04_68523882",4,68523882
"SNP1799","aradu.V14167.gnm1.Aradu.A04_68633760",4,68633760
"SNP1800","aradu.V14167.gnm1.Aradu.A04_69311317",4,69311317
"SNP1801","aradu.V14167.gnm1.Aradu.A04_69628468",4,69628468
"SNP1802","aradu.V14167.gnm1.Aradu.A04_70295209",4,70295209
"SNP1803","aradu.V14167.gnm1.Aradu.A04_70435647",4,70435647
"SNP1804","aradu.V14167.gnm1.Aradu.A04_70766836",4,70766836
"SNP1805","aradu.V14167.gnm1.Aradu.A04_70768411",4,70768411
"SNP1806","aradu.V14167.gnm1.Aradu.A04_71424511",4,71424511
"SNP1807","aradu.V14167.gnm1.Aradu.A04_71667882",4,71667882
"SNP1808","aradu.V14167.gnm1.Aradu.A04_73195812",4,73195812
"SNP1809","aradu.V14167.gnm1.Aradu.A04_73344517",4,73344517
"SNP1810","aradu.V14167.gnm1.Aradu.A04_73585852",4,73585852
"SNP1811","aradu.V14167.gnm1.Aradu.A04_73604917",4,73604917
"SNP1812","aradu.V14167.gnm1.Aradu.A04_73716245",4,73716245
"SNP1813","aradu.V14167.gnm1.Aradu.A04_73767631",4,73767631
"SNP1814","aradu.V14167.gnm1.Aradu.A04_73768298",4,73768298
"SNP1815","aradu.V14167.gnm1.Aradu.A04_74357243",4,74357243
"SNP1816","aradu.V14167.gnm1.Aradu.A04_74476125",4,74476125
"SNP1817","aradu.V14167.gnm1.Aradu.A04_74476752",4,74476752
"SNP1818","aradu.V14167.gnm1.Aradu.A04_75492497",4,75492497
"SNP1819","aradu.V14167.gnm1.Aradu.A04_75629678",4,75629678
"SNP1820","aradu.V14167.gnm1.Aradu.A04_76133426",4,76133426
"SNP1821","aradu.V14167.gnm1.Aradu.A04_76345533",4,76345533
"SNP1822","aradu.V14167.gnm1.Aradu.A04_76469234",4,76469234
"SNP1823","aradu.V14167.gnm1.Aradu.A04_76666795",4,76666795
"SNP1824","aradu.V14167.gnm1.Aradu.A04_76668421",4,76668421
"SNP1825","aradu.V14167.gnm1.Aradu.A04_76790192",4,76790192
"SNP1826","aradu.V14167.gnm1.Aradu.A04_76792848",4,76792848
"SNP1827","aradu.V14167.gnm1.Aradu.A04_76877659",4,76877659
"SNP1828","aradu.V14167.gnm1.Aradu.A04_76900152",4,76900152
"SNP1829","aradu.V14167.gnm1.Aradu.A04_77177125",4,77177125
"SNP1830","aradu.V14167.gnm1.Aradu.A04_77270553",4,77270553
"SNP1831","aradu.V14167.gnm1.Aradu.A04_77271279",4,77271279
"SNP1832","aradu.V14167.gnm1.Aradu.A04_77534917",4,77534917
"SNP1833","aradu.V14167.gnm1.Aradu.A04_77959273",4,77959273
"SNP1834","aradu.V14167.gnm1.Aradu.A04_78038810",4,78038810
"SNP1835","aradu.V14167.gnm1.Aradu.A04_78242756",4,78242756
"SNP1836","aradu.V14167.gnm1.Aradu.A04_78282221",4,78282221
"SNP1837","aradu.V14167.gnm1.Aradu.A04_78282956",4,78282956
"SNP1838","aradu.V14167.gnm1.Aradu.A04_78283551",4,78283551
"SNP1839","aradu.V14167.gnm1.Aradu.A04_78283966",4,78283966
"SNP1840","aradu.V14167.gnm1.Aradu.A04_78395478",4,78395478
"SNP1841","aradu.V14167.gnm1.Aradu.A04_78397993",4,78397993
"SNP1842","aradu.V14167.gnm1.Aradu.A04_79103452",4,79103452
"SNP1843","aradu.V14167.gnm1.Aradu.A04_79285408",4,79285408
"SNP1844","aradu.V14167.gnm1.Aradu.A04_79482196",4,79482196
"SNP1845","aradu.V14167.gnm1.Aradu.A04_79638203",4,79638203
"SNP1846","aradu.V14167.gnm1.Aradu.A04_80024591",4,80024591
"SNP1847","aradu.V14167.gnm1.Aradu.A04_80638497",4,80638497
"SNP1848","aradu.V14167.gnm1.Aradu.A04_80863581",4,80863581
"SNP1849","aradu.V14167.gnm1.Aradu.A04_80886113",4,80886113
"SNP1850","aradu.V14167.gnm1.Aradu.A04_80962859",4,80962859
"SNP1851","aradu.V14167.gnm1.Aradu.A04_81025422",4,81025422
"SNP1852","aradu.V14167.gnm1.Aradu.A04_81031242",4,81031242
"SNP1853","aradu.V14167.gnm1.Aradu.A04_81060320",4,81060320
"SNP1854","aradu.V14167.gnm1.Aradu.A04_81064626",4,81064626
"SNP1855","aradu.V14167.gnm1.Aradu.A04_81067724",4,81067724
"SNP1856","aradu.V14167.gnm1.Aradu.A04_81397986",4,81397986
"SNP1857","aradu.V14167.gnm1.Aradu.A04_81525287",4,81525287
"SNP1858","aradu.V14167.gnm1.Aradu.A04_81526543",4,81526543
"SNP1859","aradu.V14167.gnm1.Aradu.A04_82029524",4,82029524
"SNP1860","aradu.V14167.gnm1.Aradu.A04_82030951",4,82030951
"SNP1861","aradu.V14167.gnm1.Aradu.A04_82272796",4,82272796
"SNP1862","aradu.V14167.gnm1.Aradu.A04_82451216",4,82451216
"SNP1863","aradu.V14167.gnm1.Aradu.A04_82451540",4,82451540
"SNP1864","aradu.V14167.gnm1.Aradu.A04_82565788",4,82565788
"SNP1865","aradu.V14167.gnm1.Aradu.A04_83062040",4,83062040
"SNP1866","aradu.V14167.gnm1.Aradu.A04_83124220",4,83124220
"SNP1867","aradu.V14167.gnm1.Aradu.A04_83252974",4,83252974
"SNP1868","aradu.V14167.gnm1.Aradu.A04_83426568",4,83426568
"SNP1869","aradu.V14167.gnm1.Aradu.A04_83629008",4,83629008
"SNP1870","aradu.V14167.gnm1.Aradu.A04_84458505",4,84458505
"SNP1871","aradu.V14167.gnm1.Aradu.A04_84843459",4,84843459
"SNP1872","aradu.V14167.gnm1.Aradu.A04_84843934",4,84843934
"SNP1873","aradu.V14167.gnm1.Aradu.A04_84945710",4,84945710
"SNP1874","aradu.V14167.gnm1.Aradu.A04_85262840",4,85262840
"SNP1875","aradu.V14167.gnm1.Aradu.A04_85973082",4,85973082
"SNP1876","aradu.V14167.gnm1.Aradu.A04_86359485",4,86359485
"SNP1877","aradu.V14167.gnm1.Aradu.A04_87318281",4,87318281
"SNP1878","aradu.V14167.gnm1.Aradu.A04_87522169",4,87522169
"SNP1879","aradu.V14167.gnm1.Aradu.A04_87754545",4,87754545
"SNP1880","aradu.V14167.gnm1.Aradu.A04_88038359",4,88038359
"SNP1881","aradu.V14167.gnm1.Aradu.A04_88049958",4,88049958
"SNP1882","aradu.V14167.gnm1.Aradu.A04_88098426",4,88098426
"SNP1883","aradu.V14167.gnm1.Aradu.A04_88101771",4,88101771
"SNP1884","aradu.V14167.gnm1.Aradu.A04_88141935",4,88141935
"SNP1885","aradu.V14167.gnm1.Aradu.A04_88711456",4,88711456
"SNP1886","aradu.V14167.gnm1.Aradu.A04_88795762",4,88795762
"SNP1887","aradu.V14167.gnm1.Aradu.A04_89479888",4,89479888
"SNP1888","aradu.V14167.gnm1.Aradu.A04_89522871",4,89522871
"SNP1889","aradu.V14167.gnm1.Aradu.A04_89738137",4,89738137
"SNP1890","aradu.V14167.gnm1.Aradu.A04_89936177",4,89936177
"SNP1891","aradu.V14167.gnm1.Aradu.A04_90066478",4,90066478
"SNP1892","aradu.V14167.gnm1.Aradu.A04_90513226",4,90513226
"SNP1893","aradu.V14167.gnm1.Aradu.A04_90695428",4,90695428
"SNP1894","aradu.V14167.gnm1.Aradu.A04_90906795",4,90906795
"SNP1895","aradu.V14167.gnm1.Aradu.A04_91079394",4,91079394
"SNP1896","aradu.V14167.gnm1.Aradu.A04_91418505",4,91418505
"SNP1897","aradu.V14167.gnm1.Aradu.A04_91481222",4,91481222
"SNP1898","aradu.V14167.gnm1.Aradu.A04_91550227",4,91550227
"SNP1899","aradu.V14167.gnm1.Aradu.A04_91743154",4,91743154
"SNP1900","aradu.V14167.gnm1.Aradu.A04_92081866",4,92081866
"SNP1901","aradu.V14167.gnm1.Aradu.A04_92473425",4,92473425
"SNP1902","aradu.V14167.gnm1.Aradu.A04_92664143",4,92664143
"SNP1903","aradu.V14167.gnm1.Aradu.A04_92865447",4,92865447
"SNP1904","aradu.V14167.gnm1.Aradu.A04_93181166",4,93181166
"SNP1905","aradu.V14167.gnm1.Aradu.A04_93560764",4,93560764
"SNP1906","aradu.V14167.gnm1.Aradu.A04_93677054",4,93677054
"SNP1907","aradu.V14167.gnm1.Aradu.A04_93818419",4,93818419
"SNP1908","aradu.V14167.gnm1.Aradu.A04_94090630",4,94090630
"SNP1909","aradu.V14167.gnm1.Aradu.A04_94291165",4,94291165
"SNP1910","aradu.V14167.gnm1.Aradu.A04_94477767",4,94477767
"SNP1911","aradu.V14167.gnm1.Aradu.A04_94478167",4,94478167
"SNP1912","aradu.V14167.gnm1.Aradu.A04_94791855",4,94791855
"SNP1913","aradu.V14167.gnm1.Aradu.A04_94840968",4,94840968
"SNP1914","aradu.V14167.gnm1.Aradu.A04_95000363",4,95000363
"SNP1915","aradu.V14167.gnm1.Aradu.A04_95011707",4,95011707
"SNP1916","aradu.V14167.gnm1.Aradu.A04_95308697",4,95308697
"SNP1917","aradu.V14167.gnm1.Aradu.A04_95411898",4,95411898
"SNP1918","aradu.V14167.gnm1.Aradu.A04_95437163",4,95437163
"SNP1919","aradu.V14167.gnm1.Aradu.A04_96163433",4,96163433
"SNP1920","aradu.V14167.gnm1.Aradu.A04_96463503",4,96463503
"SNP1921","aradu.V14167.gnm1.Aradu.A04_96685328",4,96685328
"SNP1922","aradu.V14167.gnm1.Aradu.A04_96775467",4,96775467
"SNP1923","aradu.V14167.gnm1.Aradu.A04_96894328",4,96894328
"SNP1924","aradu.V14167.gnm1.Aradu.A04_97476552",4,97476552
"SNP1925","aradu.V14167.gnm1.Aradu.A04_97504605",4,97504605
"SNP1926","aradu.V14167.gnm1.Aradu.A04_98746342",4,98746342
"SNP1927","aradu.V14167.gnm1.Aradu.A04_98846451",4,98846451
"SNP1928","aradu.V14167.gnm1.Aradu.A04_98974824",4,98974824
"SNP1929","aradu.V14167.gnm1.Aradu.A04_100054823",4,100054823
"SNP1930","aradu.V14167.gnm1.Aradu.A04_100324032",4,100324032
"SNP1931","aradu.V14167.gnm1.Aradu.A04_101124999",4,101124999
"SNP1932","aradu.V14167.gnm1.Aradu.A04_101534011",4,101534011
"SNP1933","aradu.V14167.gnm1.Aradu.A04_101656655",4,101656655
"SNP1934","aradu.V14167.gnm1.Aradu.A04_101657063",4,101657063
"SNP1935","aradu.V14167.gnm1.Aradu.A04_101775571",4,101775571
"SNP1936","aradu.V14167.gnm1.Aradu.A04_101794673",4,101794673
"SNP1937","aradu.V14167.gnm1.Aradu.A04_102089050",4,102089050
"SNP1938","aradu.V14167.gnm1.Aradu.A04_102144590",4,102144590
"SNP1939","aradu.V14167.gnm1.Aradu.A04_102408673",4,102408673
"SNP1940","aradu.V14167.gnm1.Aradu.A04_102599695",4,102599695
"SNP1941","aradu.V14167.gnm1.Aradu.A04_102826899",4,102826899
"SNP1942","aradu.V14167.gnm1.Aradu.A04_102853198",4,102853198
"SNP1943","aradu.V14167.gnm1.Aradu.A04_102881142",4,102881142
"SNP1944","aradu.V14167.gnm1.Aradu.A04_103586413",4,103586413
"SNP1945","aradu.V14167.gnm1.Aradu.A04_103588866",4,103588866
"SNP1946","aradu.V14167.gnm1.Aradu.A04_103951733",4,103951733
"SNP1947","aradu.V14167.gnm1.Aradu.A04_104443216",4,104443216
"SNP1948","aradu.V14167.gnm1.Aradu.A04_104444145",4,104444145
"SNP1949","aradu.V14167.gnm1.Aradu.A04_104619670",4,104619670
"SNP1950","aradu.V14167.gnm1.Aradu.A04_105039208",4,105039208
"SNP1951","aradu.V14167.gnm1.Aradu.A04_105357048",4,105357048
"SNP1952","aradu.V14167.gnm1.Aradu.A04_105542612",4,105542612
"SNP1953","aradu.V14167.gnm1.Aradu.A04_105894707",4,105894707
"SNP1954","aradu.V14167.gnm1.Aradu.A04_105896086",4,105896086
"SNP1955","aradu.V14167.gnm1.Aradu.A04_105896119",4,105896119
"SNP1956","aradu.V14167.gnm1.Aradu.A04_105896121",4,105896121
"SNP1957","aradu.V14167.gnm1.Aradu.A04_105896224",4,105896224
"SNP1958","aradu.V14167.gnm1.Aradu.A04_105896594",4,105896594
"SNP1959","aradu.V14167.gnm1.Aradu.A04_105896633",4,105896633
"SNP1960","aradu.V14167.gnm1.Aradu.A04_105896700",4,105896700
"SNP1961","aradu.V14167.gnm1.Aradu.A04_105903662",4,105903662
"SNP1962","aradu.V14167.gnm1.Aradu.A04_106861980",4,106861980
"SNP1963","aradu.V14167.gnm1.Aradu.A04_107162472",4,107162472
"SNP1964","aradu.V14167.gnm1.Aradu.A04_107494739",4,107494739
"SNP1965","aradu.V14167.gnm1.Aradu.A04_107938802",4,107938802
"SNP1966","aradu.V14167.gnm1.Aradu.A04_108304012",4,108304012
"SNP1967","aradu.V14167.gnm1.Aradu.A04_108880711",4,108880711
"SNP1968","aradu.V14167.gnm1.Aradu.A04_109929485",4,109929485
"SNP1969","aradu.V14167.gnm1.Aradu.A04_109950204",4,109950204
"SNP1970","aradu.V14167.gnm1.Aradu.A04_110118924",4,110118924
"SNP1971","aradu.V14167.gnm1.Aradu.A04_110124936",4,110124936
"SNP1972","aradu.V14167.gnm1.Aradu.A04_110800087",4,110800087
"SNP1973","aradu.V14167.gnm1.Aradu.A04_110979147",4,110979147
"SNP1974","aradu.V14167.gnm1.Aradu.A04_112406300",4,112406300
"SNP1975","aradu.V14167.gnm1.Aradu.A04_112423395",4,112423395
"SNP1976","aradu.V14167.gnm1.Aradu.A04_113360557",4,113360557
"SNP1977","aradu.V14167.gnm1.Aradu.A04_114190589",4,114190589
"SNP1978","aradu.V14167.gnm1.Aradu.A04_114520997",4,114520997
"SNP1979","aradu.V14167.gnm1.Aradu.A04_114953413",4,114953413
"SNP1980","aradu.V14167.gnm1.Aradu.A04_115124196",4,115124196
"SNP1981","aradu.V14167.gnm1.Aradu.A04_115143837",4,115143837
"SNP1982","aradu.V14167.gnm1.Aradu.A04_115616677",4,115616677
"SNP1983","aradu.V14167.gnm1.Aradu.A04_115645873",4,115645873
"SNP1984","aradu.V14167.gnm1.Aradu.A04_115648648",4,115648648
"SNP1985","aradu.V14167.gnm1.Aradu.A04_115676287",4,115676287
"SNP1986","aradu.V14167.gnm1.Aradu.A04_115677790",4,115677790
"SNP1987","aradu.V14167.gnm1.Aradu.A04_115680082",4,115680082
"SNP1988","aradu.V14167.gnm1.Aradu.A04_115688780",4,115688780
"SNP1989","aradu.V14167.gnm1.Aradu.A04_115689355",4,115689355
"SNP1990","aradu.V14167.gnm1.Aradu.A04_115689598",4,115689598
"SNP1991","aradu.V14167.gnm1.Aradu.A04_115689676",4,115689676
"SNP1992","aradu.V14167.gnm1.Aradu.A04_115854153",4,115854153
"SNP1993","aradu.V14167.gnm1.Aradu.A04_116552313",4,116552313
"SNP1994","aradu.V14167.gnm1.Aradu.A04_116552542",4,116552542
"SNP1995","aradu.V14167.gnm1.Aradu.A04_117426524",4,117426524
"SNP1996","aradu.V14167.gnm1.Aradu.A04_117671964",4,117671964
"SNP1997","aradu.V14167.gnm1.Aradu.A04_117867193",4,117867193
"SNP1998","aradu.V14167.gnm1.Aradu.A04_117875288",4,117875288
"SNP1999","aradu.V14167.gnm1.Aradu.A04_117879525",4,117879525
"SNP2000","aradu.V14167.gnm1.Aradu.A04_117879747",4,117879747
"SNP2001","aradu.V14167.gnm1.Aradu.A04_117881135",4,117881135
"SNP2002","aradu.V14167.gnm1.Aradu.A04_117913672",4,117913672
"SNP2003","aradu.V14167.gnm1.Aradu.A04_117914350",4,117914350
"SNP2004","aradu.V14167.gnm1.Aradu.A04_117934476",4,117934476
"SNP2005","aradu.V14167.gnm1.Aradu.A04_117935388",4,117935388
"SNP2006","aradu.V14167.gnm1.Aradu.A04_117957704",4,117957704
"SNP2007","aradu.V14167.gnm1.Aradu.A04_117991824",4,117991824
"SNP2008","aradu.V14167.gnm1.Aradu.A04_117991848",4,117991848
"SNP2009","aradu.V14167.gnm1.Aradu.A04_117995189",4,117995189
"SNP2010","aradu.V14167.gnm1.Aradu.A04_118262490",4,118262490
"SNP2011","aradu.V14167.gnm1.Aradu.A04_118319998",4,118319998
"SNP2012","aradu.V14167.gnm1.Aradu.A04_118487133",4,118487133
"SNP2013","aradu.V14167.gnm1.Aradu.A04_118602804",4,118602804
"SNP2014","aradu.V14167.gnm1.Aradu.A04_118862863",4,118862863
"SNP2015","aradu.V14167.gnm1.Aradu.A04_118866167",4,118866167
"SNP2016","aradu.V14167.gnm1.Aradu.A04_118900581",4,118900581
"SNP2017","aradu.V14167.gnm1.Aradu.A04_119223620",4,119223620
"SNP2018","aradu.V14167.gnm1.Aradu.A04_119295378",4,119295378
"SNP2019","aradu.V14167.gnm1.Aradu.A04_119296024",4,119296024
"SNP2020","aradu.V14167.gnm1.Aradu.A04_119347780",4,119347780
"SNP2021","aradu.V14167.gnm1.Aradu.A04_119350204",4,119350204
"SNP2022","aradu.V14167.gnm1.Aradu.A04_119746257",4,119746257
"SNP2023","aradu.V14167.gnm1.Aradu.A04_119862079",4,119862079
"SNP2024","aradu.V14167.gnm1.Aradu.A04_120053650",4,120053650
"SNP2025","aradu.V14167.gnm1.Aradu.A04_120121136",4,120121136
"SNP2026","aradu.V14167.gnm1.Aradu.A04_120250153",4,120250153
"SNP2027","aradu.V14167.gnm1.Aradu.A04_120693692",4,120693692
"SNP2028","aradu.V14167.gnm1.Aradu.A04_120739245",4,120739245
"SNP2029","aradu.V14167.gnm1.Aradu.A04_120825324",4,120825324
"SNP2030","aradu.V14167.gnm1.Aradu.A04_120860376",4,120860376
"SNP2031","aradu.V14167.gnm1.Aradu.A04_120860388",4,120860388
"SNP2032","aradu.V14167.gnm1.Aradu.A04_120860533",4,120860533
"SNP2033","aradu.V14167.gnm1.Aradu.A04_120860794",4,120860794
"SNP2034","aradu.V14167.gnm1.Aradu.A04_120864978",4,120864978
"SNP2035","aradu.V14167.gnm1.Aradu.A04_120865104",4,120865104
"SNP2036","aradu.V14167.gnm1.Aradu.A04_120887830",4,120887830
"SNP2037","aradu.V14167.gnm1.Aradu.A04_120914519",4,120914519
"SNP2038","aradu.V14167.gnm1.Aradu.A04_120917774",4,120917774
"SNP2039","aradu.V14167.gnm1.Aradu.A04_120919968",4,120919968
"SNP2040","aradu.V14167.gnm1.Aradu.A04_120927787",4,120927787
"SNP2041","aradu.V14167.gnm1.Aradu.A04_120928326",4,120928326
"SNP2042","aradu.V14167.gnm1.Aradu.A04_120928421",4,120928421
"SNP2043","aradu.V14167.gnm1.Aradu.A04_120928737",4,120928737
"SNP2044","aradu.V14167.gnm1.Aradu.A04_120928865",4,120928865
"SNP2045","aradu.V14167.gnm1.Aradu.A04_120929244",4,120929244
"SNP2046","aradu.V14167.gnm1.Aradu.A04_120929339",4,120929339
"SNP2047","aradu.V14167.gnm1.Aradu.A04_120932046",4,120932046
"SNP2048","aradu.V14167.gnm1.Aradu.A04_120936776",4,120936776
"SNP2049","aradu.V14167.gnm1.Aradu.A04_120937329",4,120937329
"SNP2050","aradu.V14167.gnm1.Aradu.A04_120966838",4,120966838
"SNP2051","aradu.V14167.gnm1.Aradu.A04_120968266",4,120968266
"SNP2052","aradu.V14167.gnm1.Aradu.A04_120974661",4,120974661
"SNP2053","aradu.V14167.gnm1.Aradu.A04_120977934",4,120977934
"SNP2054","aradu.V14167.gnm1.Aradu.A04_121039078",4,121039078
"SNP2055","aradu.V14167.gnm1.Aradu.A04_121040577",4,121040577
"SNP2056","aradu.V14167.gnm1.Aradu.A04_121040580",4,121040580
"SNP2057","aradu.V14167.gnm1.Aradu.A04_121041531",4,121041531
"SNP2058","aradu.V14167.gnm1.Aradu.A04_121067694",4,121067694
"SNP2059","aradu.V14167.gnm1.Aradu.A04_121110746",4,121110746
"SNP2060","aradu.V14167.gnm1.Aradu.A04_121111105",4,121111105
"SNP2061","aradu.V14167.gnm1.Aradu.A04_121111431",4,121111431
"SNP2062","aradu.V14167.gnm1.Aradu.A04_121114651",4,121114651
"SNP2063","aradu.V14167.gnm1.Aradu.A04_121121083",4,121121083
"SNP2064","aradu.V14167.gnm1.Aradu.A04_121124372",4,121124372
"SNP2065","aradu.V14167.gnm1.Aradu.A04_121138001",4,121138001
"SNP2066","aradu.V14167.gnm1.Aradu.A04_121138522",4,121138522
"SNP2067","aradu.V14167.gnm1.Aradu.A04_121138663",4,121138663
"SNP2068","aradu.V14167.gnm1.Aradu.A04_121139104",4,121139104
"SNP2069","aradu.V14167.gnm1.Aradu.A04_121139537",4,121139537
"SNP2070","aradu.V14167.gnm1.Aradu.A04_121149895",4,121149895
"SNP2071","aradu.V14167.gnm1.Aradu.A04_121149943",4,121149943
"SNP2072","aradu.V14167.gnm1.Aradu.A04_121155485",4,121155485
"SNP2073","aradu.V14167.gnm1.Aradu.A04_121159496",4,121159496
"SNP2074","aradu.V14167.gnm1.Aradu.A04_121205425",4,121205425
"SNP2075","aradu.V14167.gnm1.Aradu.A04_121209491",4,121209491
"SNP2076","aradu.V14167.gnm1.Aradu.A04_121220355",4,121220355
"SNP2077","aradu.V14167.gnm1.Aradu.A04_121228311",4,121228311
"SNP2078","aradu.V14167.gnm1.Aradu.A04_121228993",4,121228993
"SNP2079","aradu.V14167.gnm1.Aradu.A04_121229498",4,121229498
"SNP2080","aradu.V14167.gnm1.Aradu.A04_121229546",4,121229546
"SNP2081","aradu.V14167.gnm1.Aradu.A04_121235132",4,121235132
"SNP2082","aradu.V14167.gnm1.Aradu.A04_121236330",4,121236330
"SNP2083","aradu.V14167.gnm1.Aradu.A04_121243975",4,121243975
"SNP2084","aradu.V14167.gnm1.Aradu.A04_121315956",4,121315956
"SNP2085","aradu.V14167.gnm1.Aradu.A04_122705028",4,122705028
"SNP2086","aradu.V14167.gnm1.Aradu.A05_160793",5,160793
"SNP2087","aradu.V14167.gnm1.Aradu.A05_1439420",5,1439420
"SNP2088","aradu.V14167.gnm1.Aradu.A05_1898385",5,1898385
"SNP2089","aradu.V14167.gnm1.Aradu.A05_2437856",5,2437856
"SNP2090","aradu.V14167.gnm1.Aradu.A05_3952968",5,3952968
"SNP2091","aradu.V14167.gnm1.Aradu.A05_4057609",5,4057609
"SNP2092","aradu.V14167.gnm1.Aradu.A05_4153937",5,4153937
"SNP2093","aradu.V14167.gnm1.Aradu.A05_4282992",5,4282992
"SNP2094","aradu.V14167.gnm1.Aradu.A05_4289195",5,4289195
"SNP2095","aradu.V14167.gnm1.Aradu.A05_5324737",5,5324737
"SNP2096","aradu.V14167.gnm1.Aradu.A05_5441673",5,5441673
"SNP2097","aradu.V14167.gnm1.Aradu.A05_5971230",5,5971230
"SNP2098","aradu.V14167.gnm1.Aradu.A05_6237713",5,6237713
"SNP2099","aradu.V14167.gnm1.Aradu.A05_6343911",5,6343911
"SNP2100","aradu.V14167.gnm1.Aradu.A05_6344038",5,6344038
"SNP2101","aradu.V14167.gnm1.Aradu.A05_6361640",5,6361640
"SNP2102","aradu.V14167.gnm1.Aradu.A05_6383249",5,6383249
"SNP2103","aradu.V14167.gnm1.Aradu.A05_6532237",5,6532237
"SNP2104","aradu.V14167.gnm1.Aradu.A05_7049419",5,7049419
"SNP2105","aradu.V14167.gnm1.Aradu.A05_7050426",5,7050426
"SNP2106","aradu.V14167.gnm1.Aradu.A05_7050613",5,7050613
"SNP2107","aradu.V14167.gnm1.Aradu.A05_7053798",5,7053798
"SNP2108","aradu.V14167.gnm1.Aradu.A05_7177418",5,7177418
"SNP2109","aradu.V14167.gnm1.Aradu.A05_7266706",5,7266706
"SNP2110","aradu.V14167.gnm1.Aradu.A05_7294378",5,7294378
"SNP2111","aradu.V14167.gnm1.Aradu.A05_7357783",5,7357783
"SNP2112","aradu.V14167.gnm1.Aradu.A05_7437020",5,7437020
"SNP2113","aradu.V14167.gnm1.Aradu.A05_7716689",5,7716689
"SNP2114","aradu.V14167.gnm1.Aradu.A05_7798555",5,7798555
"SNP2115","aradu.V14167.gnm1.Aradu.A05_7799505",5,7799505
"SNP2116","aradu.V14167.gnm1.Aradu.A05_7802633",5,7802633
"SNP2117","aradu.V14167.gnm1.Aradu.A05_7803195",5,7803195
"SNP2118","aradu.V14167.gnm1.Aradu.A05_7804927",5,7804927
"SNP2119","aradu.V14167.gnm1.Aradu.A05_8000712",5,8000712
"SNP2120","aradu.V14167.gnm1.Aradu.A05_8043979",5,8043979
"SNP2121","aradu.V14167.gnm1.Aradu.A05_8246469",5,8246469
"SNP2122","aradu.V14167.gnm1.Aradu.A05_8265102",5,8265102
"SNP2123","aradu.V14167.gnm1.Aradu.A05_8727794",5,8727794
"SNP2124","aradu.V14167.gnm1.Aradu.A05_9007399",5,9007399
"SNP2125","aradu.V14167.gnm1.Aradu.A05_9165637",5,9165637
"SNP2126","aradu.V14167.gnm1.Aradu.A05_9348362",5,9348362
"SNP2127","aradu.V14167.gnm1.Aradu.A05_10083418",5,10083418
"SNP2128","aradu.V14167.gnm1.Aradu.A05_10088168",5,10088168
"SNP2129","aradu.V14167.gnm1.Aradu.A05_10125175",5,10125175
"SNP2130","aradu.V14167.gnm1.Aradu.A05_10129942",5,10129942
"SNP2131","aradu.V14167.gnm1.Aradu.A05_10130803",5,10130803
"SNP2132","aradu.V14167.gnm1.Aradu.A05_10131260",5,10131260
"SNP2133","aradu.V14167.gnm1.Aradu.A05_10132609",5,10132609
"SNP2134","aradu.V14167.gnm1.Aradu.A05_10248048",5,10248048
"SNP2135","aradu.V14167.gnm1.Aradu.A05_10249771",5,10249771
"SNP2136","aradu.V14167.gnm1.Aradu.A05_10317304",5,10317304
"SNP2137","aradu.V14167.gnm1.Aradu.A05_10570170",5,10570170
"SNP2138","aradu.V14167.gnm1.Aradu.A05_10746362",5,10746362
"SNP2139","aradu.V14167.gnm1.Aradu.A05_10886828",5,10886828
"SNP2140","aradu.V14167.gnm1.Aradu.A05_10955256",5,10955256
"SNP2141","aradu.V14167.gnm1.Aradu.A05_11151433",5,11151433
"SNP2142","aradu.V14167.gnm1.Aradu.A05_11200065",5,11200065
"SNP2143","aradu.V14167.gnm1.Aradu.A05_11420700",5,11420700
"SNP2144","aradu.V14167.gnm1.Aradu.A05_11648360",5,11648360
"SNP2145","aradu.V14167.gnm1.Aradu.A05_11685332",5,11685332
"SNP2146","aradu.V14167.gnm1.Aradu.A05_11854074",5,11854074
"SNP2147","aradu.V14167.gnm1.Aradu.A05_12100038",5,12100038
"SNP2148","aradu.V14167.gnm1.Aradu.A05_12566064",5,12566064
"SNP2149","aradu.V14167.gnm1.Aradu.A05_12586729",5,12586729
"SNP2150","aradu.V14167.gnm1.Aradu.A05_13020430",5,13020430
"SNP2151","aradu.V14167.gnm1.Aradu.A05_13578434",5,13578434
"SNP2152","aradu.V14167.gnm1.Aradu.A05_13649512",5,13649512
"SNP2153","aradu.V14167.gnm1.Aradu.A05_13708485",5,13708485
"SNP2154","aradu.V14167.gnm1.Aradu.A05_13709393",5,13709393
"SNP2155","aradu.V14167.gnm1.Aradu.A05_13899148",5,13899148
"SNP2156","aradu.V14167.gnm1.Aradu.A05_13918345",5,13918345
"SNP2157","aradu.V14167.gnm1.Aradu.A05_14139400",5,14139400
"SNP2158","aradu.V14167.gnm1.Aradu.A05_14370273",5,14370273
"SNP2159","aradu.V14167.gnm1.Aradu.A05_14419300",5,14419300
"SNP2160","aradu.V14167.gnm1.Aradu.A05_14423814",5,14423814
"SNP2161","aradu.V14167.gnm1.Aradu.A05_14616507",5,14616507
"SNP2162","aradu.V14167.gnm1.Aradu.A05_15231211",5,15231211
"SNP2163","aradu.V14167.gnm1.Aradu.A05_15299824",5,15299824
"SNP2164","aradu.V14167.gnm1.Aradu.A05_15421706",5,15421706
"SNP2165","aradu.V14167.gnm1.Aradu.A05_15702398",5,15702398
"SNP2166","aradu.V14167.gnm1.Aradu.A05_16138619",5,16138619
"SNP2167","aradu.V14167.gnm1.Aradu.A05_16450831",5,16450831
"SNP2168","aradu.V14167.gnm1.Aradu.A05_17060254",5,17060254
"SNP2169","aradu.V14167.gnm1.Aradu.A05_17062733",5,17062733
"SNP2170","aradu.V14167.gnm1.Aradu.A05_17327471",5,17327471
"SNP2171","aradu.V14167.gnm1.Aradu.A05_17537359",5,17537359
"SNP2172","aradu.V14167.gnm1.Aradu.A05_17921942",5,17921942
"SNP2173","aradu.V14167.gnm1.Aradu.A05_18497178",5,18497178
"SNP2174","aradu.V14167.gnm1.Aradu.A05_18574235",5,18574235
"SNP2175","aradu.V14167.gnm1.Aradu.A05_18591589",5,18591589
"SNP2176","aradu.V14167.gnm1.Aradu.A05_18657647",5,18657647
"SNP2177","aradu.V14167.gnm1.Aradu.A05_18657872",5,18657872
"SNP2178","aradu.V14167.gnm1.Aradu.A05_18917629",5,18917629
"SNP2179","aradu.V14167.gnm1.Aradu.A05_19025403",5,19025403
"SNP2180","aradu.V14167.gnm1.Aradu.A05_19873031",5,19873031
"SNP2181","aradu.V14167.gnm1.Aradu.A05_20277717",5,20277717
"SNP2182","aradu.V14167.gnm1.Aradu.A05_20423117",5,20423117
"SNP2183","aradu.V14167.gnm1.Aradu.A05_21013307",5,21013307
"SNP2184","aradu.V14167.gnm1.Aradu.A05_21751497",5,21751497
"SNP2185","aradu.V14167.gnm1.Aradu.A05_21989268",5,21989268
"SNP2186","aradu.V14167.gnm1.Aradu.A05_22273592",5,22273592
"SNP2187","aradu.V14167.gnm1.Aradu.A05_22278197",5,22278197
"SNP2188","aradu.V14167.gnm1.Aradu.A05_22361201",5,22361201
"SNP2189","aradu.V14167.gnm1.Aradu.A05_22518053",5,22518053
"SNP2190","aradu.V14167.gnm1.Aradu.A05_23714239",5,23714239
"SNP2191","aradu.V14167.gnm1.Aradu.A05_23880520",5,23880520
"SNP2192","aradu.V14167.gnm1.Aradu.A05_23897642",5,23897642
"SNP2193","aradu.V14167.gnm1.Aradu.A05_23960535",5,23960535
"SNP2194","aradu.V14167.gnm1.Aradu.A05_24266054",5,24266054
"SNP2195","aradu.V14167.gnm1.Aradu.A05_24631369",5,24631369
"SNP2196","aradu.V14167.gnm1.Aradu.A05_24880176",5,24880176
"SNP2197","aradu.V14167.gnm1.Aradu.A05_24888503",5,24888503
"SNP2198","aradu.V14167.gnm1.Aradu.A05_25018820",5,25018820
"SNP2199","aradu.V14167.gnm1.Aradu.A05_25073763",5,25073763
"SNP2200","aradu.V14167.gnm1.Aradu.A05_25097842",5,25097842
"SNP2201","aradu.V14167.gnm1.Aradu.A05_25124771",5,25124771
"SNP2202","aradu.V14167.gnm1.Aradu.A05_25144255",5,25144255
"SNP2203","aradu.V14167.gnm1.Aradu.A05_25200285",5,25200285
"SNP2204","aradu.V14167.gnm1.Aradu.A05_25206380",5,25206380
"SNP2205","aradu.V14167.gnm1.Aradu.A05_25207828",5,25207828
"SNP2206","aradu.V14167.gnm1.Aradu.A05_25210537",5,25210537
"SNP2207","aradu.V14167.gnm1.Aradu.A05_25300067",5,25300067
"SNP2208","aradu.V14167.gnm1.Aradu.A05_25748361",5,25748361
"SNP2209","aradu.V14167.gnm1.Aradu.A05_25748501",5,25748501
"SNP2210","aradu.V14167.gnm1.Aradu.A05_25755890",5,25755890
"SNP2211","aradu.V14167.gnm1.Aradu.A05_26100609",5,26100609
"SNP2212","aradu.V14167.gnm1.Aradu.A05_26144775",5,26144775
"SNP2213","aradu.V14167.gnm1.Aradu.A05_26265759",5,26265759
"SNP2214","aradu.V14167.gnm1.Aradu.A05_26277704",5,26277704
"SNP2215","aradu.V14167.gnm1.Aradu.A05_26387968",5,26387968
"SNP2216","aradu.V14167.gnm1.Aradu.A05_26604024",5,26604024
"SNP2217","aradu.V14167.gnm1.Aradu.A05_26655908",5,26655908
"SNP2218","aradu.V14167.gnm1.Aradu.A05_26672030",5,26672030
"SNP2219","aradu.V14167.gnm1.Aradu.A05_27120655",5,27120655
"SNP2220","aradu.V14167.gnm1.Aradu.A05_27375877",5,27375877
"SNP2221","aradu.V14167.gnm1.Aradu.A05_27505558",5,27505558
"SNP2222","aradu.V14167.gnm1.Aradu.A05_27638188",5,27638188
"SNP2223","aradu.V14167.gnm1.Aradu.A05_27767194",5,27767194
"SNP2224","aradu.V14167.gnm1.Aradu.A05_27911287",5,27911287
"SNP2225","aradu.V14167.gnm1.Aradu.A05_27917424",5,27917424
"SNP2226","aradu.V14167.gnm1.Aradu.A05_30688258",5,30688258
"SNP2227","aradu.V14167.gnm1.Aradu.A05_31837517",5,31837517
"SNP2228","aradu.V14167.gnm1.Aradu.A05_32169977",5,32169977
"SNP2229","aradu.V14167.gnm1.Aradu.A05_32468191",5,32468191
"SNP2230","aradu.V14167.gnm1.Aradu.A05_32475380",5,32475380
"SNP2231","aradu.V14167.gnm1.Aradu.A05_33571676",5,33571676
"SNP2232","aradu.V14167.gnm1.Aradu.A05_33698755",5,33698755
"SNP2233","aradu.V14167.gnm1.Aradu.A05_33887304",5,33887304
"SNP2234","aradu.V14167.gnm1.Aradu.A05_33897776",5,33897776
"SNP2235","aradu.V14167.gnm1.Aradu.A05_33977809",5,33977809
"SNP2236","aradu.V14167.gnm1.Aradu.A05_34026944",5,34026944
"SNP2237","aradu.V14167.gnm1.Aradu.A05_34235168",5,34235168
"SNP2238","aradu.V14167.gnm1.Aradu.A05_34827019",5,34827019
"SNP2239","aradu.V14167.gnm1.Aradu.A05_35095184",5,35095184
"SNP2240","aradu.V14167.gnm1.Aradu.A05_35102962",5,35102962
"SNP2241","aradu.V14167.gnm1.Aradu.A05_36384505",5,36384505
"SNP2242","aradu.V14167.gnm1.Aradu.A05_39612237",5,39612237
"SNP2243","aradu.V14167.gnm1.Aradu.A05_39613442",5,39613442
"SNP2244","aradu.V14167.gnm1.Aradu.A05_39740357",5,39740357
"SNP2245","aradu.V14167.gnm1.Aradu.A05_40101754",5,40101754
"SNP2246","aradu.V14167.gnm1.Aradu.A05_40344126",5,40344126
"SNP2247","aradu.V14167.gnm1.Aradu.A05_40868354",5,40868354
"SNP2248","aradu.V14167.gnm1.Aradu.A05_41756661",5,41756661
"SNP2249","aradu.V14167.gnm1.Aradu.A05_42409271",5,42409271
"SNP2250","aradu.V14167.gnm1.Aradu.A05_42565298",5,42565298
"SNP2251","aradu.V14167.gnm1.Aradu.A05_42573391",5,42573391
"SNP2252","aradu.V14167.gnm1.Aradu.A05_43469719",5,43469719
"SNP2253","aradu.V14167.gnm1.Aradu.A05_43720409",5,43720409
"SNP2254","aradu.V14167.gnm1.Aradu.A05_44254482",5,44254482
"SNP2255","aradu.V14167.gnm1.Aradu.A05_44501783",5,44501783
"SNP2256","aradu.V14167.gnm1.Aradu.A05_44748394",5,44748394
"SNP2257","aradu.V14167.gnm1.Aradu.A05_45282623",5,45282623
"SNP2258","aradu.V14167.gnm1.Aradu.A05_45412617",5,45412617
"SNP2259","aradu.V14167.gnm1.Aradu.A05_45492470",5,45492470
"SNP2260","aradu.V14167.gnm1.Aradu.A05_45723996",5,45723996
"SNP2261","aradu.V14167.gnm1.Aradu.A05_45841361",5,45841361
"SNP2262","aradu.V14167.gnm1.Aradu.A05_45940296",5,45940296
"SNP2263","aradu.V14167.gnm1.Aradu.A05_46111930",5,46111930
"SNP2264","aradu.V14167.gnm1.Aradu.A05_46332432",5,46332432
"SNP2265","aradu.V14167.gnm1.Aradu.A05_46374125",5,46374125
"SNP2266","aradu.V14167.gnm1.Aradu.A05_46409630",5,46409630
"SNP2267","aradu.V14167.gnm1.Aradu.A05_46539174",5,46539174
"SNP2268","aradu.V14167.gnm1.Aradu.A05_46586579",5,46586579
"SNP2269","aradu.V14167.gnm1.Aradu.A05_46609312",5,46609312
"SNP2270","aradu.V14167.gnm1.Aradu.A05_47387474",5,47387474
"SNP2271","aradu.V14167.gnm1.Aradu.A05_48845453",5,48845453
"SNP2272","aradu.V14167.gnm1.Aradu.A05_49709726",5,49709726
"SNP2273","aradu.V14167.gnm1.Aradu.A05_49911024",5,49911024
"SNP2274","aradu.V14167.gnm1.Aradu.A05_50781795",5,50781795
"SNP2275","aradu.V14167.gnm1.Aradu.A05_50849644",5,50849644
"SNP2276","aradu.V14167.gnm1.Aradu.A05_50994942",5,50994942
"SNP2277","aradu.V14167.gnm1.Aradu.A05_51060718",5,51060718
"SNP2278","aradu.V14167.gnm1.Aradu.A05_51466433",5,51466433
"SNP2279","aradu.V14167.gnm1.Aradu.A05_52274756",5,52274756
"SNP2280","aradu.V14167.gnm1.Aradu.A05_52291162",5,52291162
"SNP2281","aradu.V14167.gnm1.Aradu.A05_52342478",5,52342478
"SNP2282","aradu.V14167.gnm1.Aradu.A05_53752257",5,53752257
"SNP2283","aradu.V14167.gnm1.Aradu.A05_54184013",5,54184013
"SNP2284","aradu.V14167.gnm1.Aradu.A05_54227310",5,54227310
"SNP2285","aradu.V14167.gnm1.Aradu.A05_54262404",5,54262404
"SNP2286","aradu.V14167.gnm1.Aradu.A05_54290914",5,54290914
"SNP2287","aradu.V14167.gnm1.Aradu.A05_54844625",5,54844625
"SNP2288","aradu.V14167.gnm1.Aradu.A05_54856869",5,54856869
"SNP2289","aradu.V14167.gnm1.Aradu.A05_55236469",5,55236469
"SNP2290","aradu.V14167.gnm1.Aradu.A05_55627215",5,55627215
"SNP2291","aradu.V14167.gnm1.Aradu.A05_55832641",5,55832641
"SNP2292","aradu.V14167.gnm1.Aradu.A05_56105856",5,56105856
"SNP2293","aradu.V14167.gnm1.Aradu.A05_56214197",5,56214197
"SNP2294","aradu.V14167.gnm1.Aradu.A05_56689106",5,56689106
"SNP2295","aradu.V14167.gnm1.Aradu.A05_56760119",5,56760119
"SNP2296","aradu.V14167.gnm1.Aradu.A05_57681063",5,57681063
"SNP2297","aradu.V14167.gnm1.Aradu.A05_58414998",5,58414998
"SNP2298","aradu.V14167.gnm1.Aradu.A05_58616691",5,58616691
"SNP2299","aradu.V14167.gnm1.Aradu.A05_58629913",5,58629913
"SNP2300","aradu.V14167.gnm1.Aradu.A05_58672530",5,58672530
"SNP2301","aradu.V14167.gnm1.Aradu.A05_59611668",5,59611668
"SNP2302","aradu.V14167.gnm1.Aradu.A05_59674162",5,59674162
"SNP2303","aradu.V14167.gnm1.Aradu.A05_59824469",5,59824469
"SNP2304","aradu.V14167.gnm1.Aradu.A05_60831910",5,60831910
"SNP2305","aradu.V14167.gnm1.Aradu.A05_61001516",5,61001516
"SNP2306","aradu.V14167.gnm1.Aradu.A05_61144259",5,61144259
"SNP2307","aradu.V14167.gnm1.Aradu.A05_61639056",5,61639056
"SNP2308","aradu.V14167.gnm1.Aradu.A05_62175549",5,62175549
"SNP2309","aradu.V14167.gnm1.Aradu.A05_62228147",5,62228147
"SNP2310","aradu.V14167.gnm1.Aradu.A05_63120105",5,63120105
"SNP2311","aradu.V14167.gnm1.Aradu.A05_63451497",5,63451497
"SNP2312","aradu.V14167.gnm1.Aradu.A05_65448751",5,65448751
"SNP2313","aradu.V14167.gnm1.Aradu.A05_65680010",5,65680010
"SNP2314","aradu.V14167.gnm1.Aradu.A05_65763441",5,65763441
"SNP2315","aradu.V14167.gnm1.Aradu.A05_67457338",5,67457338
"SNP2316","aradu.V14167.gnm1.Aradu.A05_68938174",5,68938174
"SNP2317","aradu.V14167.gnm1.Aradu.A05_68938664",5,68938664
"SNP2318","aradu.V14167.gnm1.Aradu.A05_69238774",5,69238774
"SNP2319","aradu.V14167.gnm1.Aradu.A05_69604244",5,69604244
"SNP2320","aradu.V14167.gnm1.Aradu.A05_70977573",5,70977573
"SNP2321","aradu.V14167.gnm1.Aradu.A05_71261705",5,71261705
"SNP2322","aradu.V14167.gnm1.Aradu.A05_71291610",5,71291610
"SNP2323","aradu.V14167.gnm1.Aradu.A05_71299008",5,71299008
"SNP2324","aradu.V14167.gnm1.Aradu.A05_71494830",5,71494830
"SNP2325","aradu.V14167.gnm1.Aradu.A05_72053902",5,72053902
"SNP2326","aradu.V14167.gnm1.Aradu.A05_72709289",5,72709289
"SNP2327","aradu.V14167.gnm1.Aradu.A05_72885553",5,72885553
"SNP2328","aradu.V14167.gnm1.Aradu.A05_73797936",5,73797936
"SNP2329","aradu.V14167.gnm1.Aradu.A05_74270191",5,74270191
"SNP2330","aradu.V14167.gnm1.Aradu.A05_74951734",5,74951734
"SNP2331","aradu.V14167.gnm1.Aradu.A05_74952103",5,74952103
"SNP2332","aradu.V14167.gnm1.Aradu.A05_74960322",5,74960322
"SNP2333","aradu.V14167.gnm1.Aradu.A05_76493916",5,76493916
"SNP2334","aradu.V14167.gnm1.Aradu.A05_76902029",5,76902029
"SNP2335","aradu.V14167.gnm1.Aradu.A05_77092349",5,77092349
"SNP2336","aradu.V14167.gnm1.Aradu.A05_78060691",5,78060691
"SNP2337","aradu.V14167.gnm1.Aradu.A05_78920818",5,78920818
"SNP2338","aradu.V14167.gnm1.Aradu.A05_79037025",5,79037025
"SNP2339","aradu.V14167.gnm1.Aradu.A05_79037554",5,79037554
"SNP2340","aradu.V14167.gnm1.Aradu.A05_79114521",5,79114521
"SNP2341","aradu.V14167.gnm1.Aradu.A05_79182919",5,79182919
"SNP2342","aradu.V14167.gnm1.Aradu.A05_79435790",5,79435790
"SNP2343","aradu.V14167.gnm1.Aradu.A05_79572378",5,79572378
"SNP2344","aradu.V14167.gnm1.Aradu.A05_79573626",5,79573626
"SNP2345","aradu.V14167.gnm1.Aradu.A05_80217582",5,80217582
"SNP2346","aradu.V14167.gnm1.Aradu.A05_80225544",5,80225544
"SNP2347","aradu.V14167.gnm1.Aradu.A05_80537697",5,80537697
"SNP2348","aradu.V14167.gnm1.Aradu.A05_80642769",5,80642769
"SNP2349","aradu.V14167.gnm1.Aradu.A05_80737676",5,80737676
"SNP2350","aradu.V14167.gnm1.Aradu.A05_81325364",5,81325364
"SNP2351","aradu.V14167.gnm1.Aradu.A05_81419650",5,81419650
"SNP2352","aradu.V14167.gnm1.Aradu.A05_81634087",5,81634087
"SNP2353","aradu.V14167.gnm1.Aradu.A05_81969778",5,81969778
"SNP2354","aradu.V14167.gnm1.Aradu.A05_82144419",5,82144419
"SNP2355","aradu.V14167.gnm1.Aradu.A05_82217463",5,82217463
"SNP2356","aradu.V14167.gnm1.Aradu.A05_82821706",5,82821706
"SNP2357","aradu.V14167.gnm1.Aradu.A05_82926223",5,82926223
"SNP2358","aradu.V14167.gnm1.Aradu.A05_84348463",5,84348463
"SNP2359","aradu.V14167.gnm1.Aradu.A05_85048850",5,85048850
"SNP2360","aradu.V14167.gnm1.Aradu.A05_85152630",5,85152630
"SNP2361","aradu.V14167.gnm1.Aradu.A05_85168510",5,85168510
"SNP2362","aradu.V14167.gnm1.Aradu.A05_85198860",5,85198860
"SNP2363","aradu.V14167.gnm1.Aradu.A05_85384095",5,85384095
"SNP2364","aradu.V14167.gnm1.Aradu.A05_85703568",5,85703568
"SNP2365","aradu.V14167.gnm1.Aradu.A05_85733059",5,85733059
"SNP2366","aradu.V14167.gnm1.Aradu.A05_85931815",5,85931815
"SNP2367","aradu.V14167.gnm1.Aradu.A05_85933170",5,85933170
"SNP2368","aradu.V14167.gnm1.Aradu.A05_85933202",5,85933202
"SNP2369","aradu.V14167.gnm1.Aradu.A05_86008801",5,86008801
"SNP2370","aradu.V14167.gnm1.Aradu.A05_86070079",5,86070079
"SNP2371","aradu.V14167.gnm1.Aradu.A05_86169717",5,86169717
"SNP2372","aradu.V14167.gnm1.Aradu.A05_86244003",5,86244003
"SNP2373","aradu.V14167.gnm1.Aradu.A05_86491779",5,86491779
"SNP2374","aradu.V14167.gnm1.Aradu.A05_86529430",5,86529430
"SNP2375","aradu.V14167.gnm1.Aradu.A05_86623794",5,86623794
"SNP2376","aradu.V14167.gnm1.Aradu.A05_86749658",5,86749658
"SNP2377","aradu.V14167.gnm1.Aradu.A05_86865655",5,86865655
"SNP2378","aradu.V14167.gnm1.Aradu.A05_86928598",5,86928598
"SNP2379","aradu.V14167.gnm1.Aradu.A05_87086923",5,87086923
"SNP2380","aradu.V14167.gnm1.Aradu.A05_87090233",5,87090233
"SNP2381","aradu.V14167.gnm1.Aradu.A05_87828952",5,87828952
"SNP2382","aradu.V14167.gnm1.Aradu.A05_87831678",5,87831678
"SNP2383","aradu.V14167.gnm1.Aradu.A05_88081220",5,88081220
"SNP2384","aradu.V14167.gnm1.Aradu.A05_88298863",5,88298863
"SNP2385","aradu.V14167.gnm1.Aradu.A05_88300080",5,88300080
"SNP2386","aradu.V14167.gnm1.Aradu.A05_88333820",5,88333820
"SNP2387","aradu.V14167.gnm1.Aradu.A05_88410529",5,88410529
"SNP2388","aradu.V14167.gnm1.Aradu.A05_88569606",5,88569606
"SNP2389","aradu.V14167.gnm1.Aradu.A05_88732606",5,88732606
"SNP2390","aradu.V14167.gnm1.Aradu.A05_89023637",5,89023637
"SNP2391","aradu.V14167.gnm1.Aradu.A05_89065888",5,89065888
"SNP2392","aradu.V14167.gnm1.Aradu.A05_89094593",5,89094593
"SNP2393","aradu.V14167.gnm1.Aradu.A05_89096221",5,89096221
"SNP2394","aradu.V14167.gnm1.Aradu.A05_89355737",5,89355737
"SNP2395","aradu.V14167.gnm1.Aradu.A05_89558854",5,89558854
"SNP2396","aradu.V14167.gnm1.Aradu.A05_89598803",5,89598803
"SNP2397","aradu.V14167.gnm1.Aradu.A05_89861579",5,89861579
"SNP2398","aradu.V14167.gnm1.Aradu.A05_89861702",5,89861702
"SNP2399","aradu.V14167.gnm1.Aradu.A05_89918295",5,89918295
"SNP2400","aradu.V14167.gnm1.Aradu.A05_89921606",5,89921606
"SNP2401","aradu.V14167.gnm1.Aradu.A05_90192055",5,90192055
"SNP2402","aradu.V14167.gnm1.Aradu.A05_90193202",5,90193202
"SNP2403","aradu.V14167.gnm1.Aradu.A05_90223801",5,90223801
"SNP2404","aradu.V14167.gnm1.Aradu.A05_90328029",5,90328029
"SNP2405","aradu.V14167.gnm1.Aradu.A05_90381130",5,90381130
"SNP2406","aradu.V14167.gnm1.Aradu.A05_90430341",5,90430341
"SNP2407","aradu.V14167.gnm1.Aradu.A05_90490964",5,90490964
"SNP2408","aradu.V14167.gnm1.Aradu.A05_90762238",5,90762238
"SNP2409","aradu.V14167.gnm1.Aradu.A05_90910206",5,90910206
"SNP2410","aradu.V14167.gnm1.Aradu.A05_90972150",5,90972150
"SNP2411","aradu.V14167.gnm1.Aradu.A05_90989333",5,90989333
"SNP2412","aradu.V14167.gnm1.Aradu.A05_91041658",5,91041658
"SNP2413","aradu.V14167.gnm1.Aradu.A05_91071216",5,91071216
"SNP2414","aradu.V14167.gnm1.Aradu.A05_91107888",5,91107888
"SNP2415","aradu.V14167.gnm1.Aradu.A05_91138683",5,91138683
"SNP2416","aradu.V14167.gnm1.Aradu.A05_91139202",5,91139202
"SNP2417","aradu.V14167.gnm1.Aradu.A05_91219435",5,91219435
"SNP2418","aradu.V14167.gnm1.Aradu.A05_91253172",5,91253172
"SNP2419","aradu.V14167.gnm1.Aradu.A05_91353829",5,91353829
"SNP2420","aradu.V14167.gnm1.Aradu.A05_91368927",5,91368927
"SNP2421","aradu.V14167.gnm1.Aradu.A05_91498437",5,91498437
"SNP2422","aradu.V14167.gnm1.Aradu.A05_91503628",5,91503628
"SNP2423","aradu.V14167.gnm1.Aradu.A05_91531775",5,91531775
"SNP2424","aradu.V14167.gnm1.Aradu.A05_91532176",5,91532176
"SNP2425","aradu.V14167.gnm1.Aradu.A05_91577494",5,91577494
"SNP2426","aradu.V14167.gnm1.Aradu.A05_91630333",5,91630333
"SNP2427","aradu.V14167.gnm1.Aradu.A05_91758105",5,91758105
"SNP2428","aradu.V14167.gnm1.Aradu.A05_91854497",5,91854497
"SNP2429","aradu.V14167.gnm1.Aradu.A05_91855042",5,91855042
"SNP2430","aradu.V14167.gnm1.Aradu.A05_92023270",5,92023270
"SNP2431","aradu.V14167.gnm1.Aradu.A05_92337411",5,92337411
"SNP2432","aradu.V14167.gnm1.Aradu.A05_92339669",5,92339669
"SNP2433","aradu.V14167.gnm1.Aradu.A05_92527458",5,92527458
"SNP2434","aradu.V14167.gnm1.Aradu.A05_92685249",5,92685249
"SNP2435","aradu.V14167.gnm1.Aradu.A05_92699047",5,92699047
"SNP2436","aradu.V14167.gnm1.Aradu.A05_92782220",5,92782220
"SNP2437","aradu.V14167.gnm1.Aradu.A05_92949603",5,92949603
"SNP2438","aradu.V14167.gnm1.Aradu.A05_93091207",5,93091207
"SNP2439","aradu.V14167.gnm1.Aradu.A05_93518422",5,93518422
"SNP2440","aradu.V14167.gnm1.Aradu.A05_93530313",5,93530313
"SNP2441","aradu.V14167.gnm1.Aradu.A05_93540827",5,93540827
"SNP2442","aradu.V14167.gnm1.Aradu.A05_93724160",5,93724160
"SNP2443","aradu.V14167.gnm1.Aradu.A05_93859929",5,93859929
"SNP2444","aradu.V14167.gnm1.Aradu.A05_93958482",5,93958482
"SNP2445","aradu.V14167.gnm1.Aradu.A05_93963183",5,93963183
"SNP2446","aradu.V14167.gnm1.Aradu.A05_94152944",5,94152944
"SNP2447","aradu.V14167.gnm1.Aradu.A05_94244026",5,94244026
"SNP2448","aradu.V14167.gnm1.Aradu.A05_94709825",5,94709825
"SNP2449","aradu.V14167.gnm1.Aradu.A05_94865738",5,94865738
"SNP2450","aradu.V14167.gnm1.Aradu.A05_95382838",5,95382838
"SNP2451","aradu.V14167.gnm1.Aradu.A05_95428609",5,95428609
"SNP2452","aradu.V14167.gnm1.Aradu.A05_95713199",5,95713199
"SNP2453","aradu.V14167.gnm1.Aradu.A05_95722019",5,95722019
"SNP2454","aradu.V14167.gnm1.Aradu.A05_95722033",5,95722033
"SNP2455","aradu.V14167.gnm1.Aradu.A05_95722147",5,95722147
"SNP2456","aradu.V14167.gnm1.Aradu.A05_95837582",5,95837582
"SNP2457","aradu.V14167.gnm1.Aradu.A05_95842241",5,95842241
"SNP2458","aradu.V14167.gnm1.Aradu.A05_96203991",5,96203991
"SNP2459","aradu.V14167.gnm1.Aradu.A05_96299151",5,96299151
"SNP2460","aradu.V14167.gnm1.Aradu.A05_96464635",5,96464635
"SNP2461","aradu.V14167.gnm1.Aradu.A05_96509158",5,96509158
"SNP2462","aradu.V14167.gnm1.Aradu.A05_96542014",5,96542014
"SNP2463","aradu.V14167.gnm1.Aradu.A05_96573756",5,96573756
"SNP2464","aradu.V14167.gnm1.Aradu.A05_96704812",5,96704812
"SNP2465","aradu.V14167.gnm1.Aradu.A05_96887645",5,96887645
"SNP2466","aradu.V14167.gnm1.Aradu.A05_96983285",5,96983285
"SNP2467","aradu.V14167.gnm1.Aradu.A05_96983392",5,96983392
"SNP2468","aradu.V14167.gnm1.Aradu.A05_96985053",5,96985053
"SNP2469","aradu.V14167.gnm1.Aradu.A05_97135166",5,97135166
"SNP2470","aradu.V14167.gnm1.Aradu.A05_97286880",5,97286880
"SNP2471","aradu.V14167.gnm1.Aradu.A05_97291773",5,97291773
"SNP2472","aradu.V14167.gnm1.Aradu.A05_97294334",5,97294334
"SNP2473","aradu.V14167.gnm1.Aradu.A05_97925081",5,97925081
"SNP2474","aradu.V14167.gnm1.Aradu.A05_97940112",5,97940112
"SNP2475","aradu.V14167.gnm1.Aradu.A05_98350268",5,98350268
"SNP2476","aradu.V14167.gnm1.Aradu.A05_98833981",5,98833981
"SNP2477","aradu.V14167.gnm1.Aradu.A05_99024346",5,99024346
"SNP2478","aradu.V14167.gnm1.Aradu.A05_99024779",5,99024779
"SNP2479","aradu.V14167.gnm1.Aradu.A05_99146227",5,99146227
"SNP2480","aradu.V14167.gnm1.Aradu.A05_99214011",5,99214011
"SNP2481","aradu.V14167.gnm1.Aradu.A05_99316960",5,99316960
"SNP2482","aradu.V14167.gnm1.Aradu.A05_100033268",5,100033268
"SNP2483","aradu.V14167.gnm1.Aradu.A05_100066858",5,100066858
"SNP2484","aradu.V14167.gnm1.Aradu.A05_100081096",5,100081096
"SNP2485","aradu.V14167.gnm1.Aradu.A05_100252096",5,100252096
"SNP2486","aradu.V14167.gnm1.Aradu.A05_100334764",5,100334764
"SNP2487","aradu.V14167.gnm1.Aradu.A05_100510772",5,100510772
"SNP2488","aradu.V14167.gnm1.Aradu.A05_100554896",5,100554896
"SNP2489","aradu.V14167.gnm1.Aradu.A05_100613037",5,100613037
"SNP2490","aradu.V14167.gnm1.Aradu.A05_100633376",5,100633376
"SNP2491","aradu.V14167.gnm1.Aradu.A05_100716529",5,100716529
"SNP2492","aradu.V14167.gnm1.Aradu.A05_100814719",5,100814719
"SNP2493","aradu.V14167.gnm1.Aradu.A05_101134190",5,101134190
"SNP2494","aradu.V14167.gnm1.Aradu.A05_101179482",5,101179482
"SNP2495","aradu.V14167.gnm1.Aradu.A05_101330393",5,101330393
"SNP2496","aradu.V14167.gnm1.Aradu.A05_101331168",5,101331168
"SNP2497","aradu.V14167.gnm1.Aradu.A05_101618480",5,101618480
"SNP2498","aradu.V14167.gnm1.Aradu.A05_101618591",5,101618591
"SNP2499","aradu.V14167.gnm1.Aradu.A05_101752774",5,101752774
"SNP2500","aradu.V14167.gnm1.Aradu.A05_101953436",5,101953436
"SNP2501","aradu.V14167.gnm1.Aradu.A05_102077716",5,102077716
"SNP2502","aradu.V14167.gnm1.Aradu.A05_102154267",5,102154267
"SNP2503","aradu.V14167.gnm1.Aradu.A05_102154664",5,102154664
"SNP2504","aradu.V14167.gnm1.Aradu.A05_102156299",5,102156299
"SNP2505","aradu.V14167.gnm1.Aradu.A05_102171423",5,102171423
"SNP2506","aradu.V14167.gnm1.Aradu.A05_102171820",5,102171820
"SNP2507","aradu.V14167.gnm1.Aradu.A05_102204241",5,102204241
"SNP2508","aradu.V14167.gnm1.Aradu.A05_102280546",5,102280546
"SNP2509","aradu.V14167.gnm1.Aradu.A05_102383911",5,102383911
"SNP2510","aradu.V14167.gnm1.Aradu.A05_102455696",5,102455696
"SNP2511","aradu.V14167.gnm1.Aradu.A05_102458980",5,102458980
"SNP2512","aradu.V14167.gnm1.Aradu.A05_102515650",5,102515650
"SNP2513","aradu.V14167.gnm1.Aradu.A05_102563961",5,102563961
"SNP2514","aradu.V14167.gnm1.Aradu.A05_102667655",5,102667655
"SNP2515","aradu.V14167.gnm1.Aradu.A05_102720829",5,102720829
"SNP2516","aradu.V14167.gnm1.Aradu.A05_102873257",5,102873257
"SNP2517","aradu.V14167.gnm1.Aradu.A05_102908776",5,102908776
"SNP2518","aradu.V14167.gnm1.Aradu.A05_102917298",5,102917298
"SNP2519","aradu.V14167.gnm1.Aradu.A05_103219113",5,103219113
"SNP2520","aradu.V14167.gnm1.Aradu.A05_103220052",5,103220052
"SNP2521","aradu.V14167.gnm1.Aradu.A05_103247539",5,103247539
"SNP2522","aradu.V14167.gnm1.Aradu.A05_103291629",5,103291629
"SNP2523","aradu.V14167.gnm1.Aradu.A05_103291790",5,103291790
"SNP2524","aradu.V14167.gnm1.Aradu.A05_103357781",5,103357781
"SNP2525","aradu.V14167.gnm1.Aradu.A05_103377991",5,103377991
"SNP2526","aradu.V14167.gnm1.Aradu.A05_103543432",5,103543432
"SNP2527","aradu.V14167.gnm1.Aradu.A05_103584719",5,103584719
"SNP2528","aradu.V14167.gnm1.Aradu.A05_103785319",5,103785319
"SNP2529","aradu.V14167.gnm1.Aradu.A05_103828966",5,103828966
"SNP2530","aradu.V14167.gnm1.Aradu.A05_103908304",5,103908304
"SNP2531","aradu.V14167.gnm1.Aradu.A05_104023520",5,104023520
"SNP2532","aradu.V14167.gnm1.Aradu.A05_104040240",5,104040240
"SNP2533","aradu.V14167.gnm1.Aradu.A05_104042360",5,104042360
"SNP2534","aradu.V14167.gnm1.Aradu.A05_104179970",5,104179970
"SNP2535","aradu.V14167.gnm1.Aradu.A05_104189390",5,104189390
"SNP2536","aradu.V14167.gnm1.Aradu.A05_104261054",5,104261054
"SNP2537","aradu.V14167.gnm1.Aradu.A05_104354554",5,104354554
"SNP2538","aradu.V14167.gnm1.Aradu.A05_104484580",5,104484580
"SNP2539","aradu.V14167.gnm1.Aradu.A05_104539872",5,104539872
"SNP2540","aradu.V14167.gnm1.Aradu.A05_104540832",5,104540832
"SNP2541","aradu.V14167.gnm1.Aradu.A05_104579002",5,104579002
"SNP2542","aradu.V14167.gnm1.Aradu.A05_104594990",5,104594990
"SNP2543","aradu.V14167.gnm1.Aradu.A05_104618896",5,104618896
"SNP2544","aradu.V14167.gnm1.Aradu.A05_104630812",5,104630812
"SNP2545","aradu.V14167.gnm1.Aradu.A05_104671731",5,104671731
"SNP2546","aradu.V14167.gnm1.Aradu.A05_104777824",5,104777824
"SNP2547","aradu.V14167.gnm1.Aradu.A05_104783616",5,104783616
"SNP2548","aradu.V14167.gnm1.Aradu.A05_104783898",5,104783898
"SNP2549","aradu.V14167.gnm1.Aradu.A05_104798994",5,104798994
"SNP2550","aradu.V14167.gnm1.Aradu.A05_105038170",5,105038170
"SNP2551","aradu.V14167.gnm1.Aradu.A05_105232752",5,105232752
"SNP2552","aradu.V14167.gnm1.Aradu.A05_105359181",5,105359181
"SNP2553","aradu.V14167.gnm1.Aradu.A05_105522011",5,105522011
"SNP2554","aradu.V14167.gnm1.Aradu.A05_105770549",5,105770549
"SNP2555","aradu.V14167.gnm1.Aradu.A05_105931020",5,105931020
"SNP2556","aradu.V14167.gnm1.Aradu.A05_106193328",5,106193328
"SNP2557","aradu.V14167.gnm1.Aradu.A05_106305542",5,106305542
"SNP2558","aradu.V14167.gnm1.Aradu.A05_106311532",5,106311532
"SNP2559","aradu.V14167.gnm1.Aradu.A05_106358401",5,106358401
"SNP2560","aradu.V14167.gnm1.Aradu.A05_106358516",5,106358516
"SNP2561","aradu.V14167.gnm1.Aradu.A05_106500806",5,106500806
"SNP2562","aradu.V14167.gnm1.Aradu.A05_106742489",5,106742489
"SNP2563","aradu.V14167.gnm1.Aradu.A05_106742532",5,106742532
"SNP2564","aradu.V14167.gnm1.Aradu.A05_106743542",5,106743542
"SNP2565","aradu.V14167.gnm1.Aradu.A05_106761881",5,106761881
"SNP2566","aradu.V14167.gnm1.Aradu.A05_107004915",5,107004915
"SNP2567","aradu.V14167.gnm1.Aradu.A05_107117424",5,107117424
"SNP2568","aradu.V14167.gnm1.Aradu.A05_107259469",5,107259469
"SNP2569","aradu.V14167.gnm1.Aradu.A05_108147829",5,108147829
"SNP2570","aradu.V14167.gnm1.Aradu.A05_108408130",5,108408130
"SNP2571","aradu.V14167.gnm1.Aradu.A05_108455088",5,108455088
"SNP2572","aradu.V14167.gnm1.Aradu.A05_108520543",5,108520543
"SNP2573","aradu.V14167.gnm1.Aradu.A05_108622360",5,108622360
"SNP2574","aradu.V14167.gnm1.Aradu.A05_108626112",5,108626112
"SNP2575","aradu.V14167.gnm1.Aradu.A05_108954575",5,108954575
"SNP2576","aradu.V14167.gnm1.Aradu.A05_109305273",5,109305273
"SNP2577","aradu.V14167.gnm1.Aradu.A05_109393004",5,109393004
"SNP2578","aradu.V14167.gnm1.Aradu.A06_51298",6,51298
"SNP2579","aradu.V14167.gnm1.Aradu.A06_146318",6,146318
"SNP2580","aradu.V14167.gnm1.Aradu.A06_244095",6,244095
"SNP2581","aradu.V14167.gnm1.Aradu.A06_251310",6,251310
"SNP2582","aradu.V14167.gnm1.Aradu.A06_267745",6,267745
"SNP2583","aradu.V14167.gnm1.Aradu.A06_377339",6,377339
"SNP2584","aradu.V14167.gnm1.Aradu.A06_383346",6,383346
"SNP2585","aradu.V14167.gnm1.Aradu.A06_627890",6,627890
"SNP2586","aradu.V14167.gnm1.Aradu.A06_1018230",6,1018230
"SNP2587","aradu.V14167.gnm1.Aradu.A06_1058890",6,1058890
"SNP2588","aradu.V14167.gnm1.Aradu.A06_1090656",6,1090656
"SNP2589","aradu.V14167.gnm1.Aradu.A06_1221980",6,1221980
"SNP2590","aradu.V14167.gnm1.Aradu.A06_1335663",6,1335663
"SNP2591","aradu.V14167.gnm1.Aradu.A06_1405255",6,1405255
"SNP2592","aradu.V14167.gnm1.Aradu.A06_1418920",6,1418920
"SNP2593","aradu.V14167.gnm1.Aradu.A06_1436225",6,1436225
"SNP2594","aradu.V14167.gnm1.Aradu.A06_1539523",6,1539523
"SNP2595","aradu.V14167.gnm1.Aradu.A06_1556330",6,1556330
"SNP2596","aradu.V14167.gnm1.Aradu.A06_1647796",6,1647796
"SNP2597","aradu.V14167.gnm1.Aradu.A06_1651013",6,1651013
"SNP2598","aradu.V14167.gnm1.Aradu.A06_1672652",6,1672652
"SNP2599","aradu.V14167.gnm1.Aradu.A06_1702756",6,1702756
"SNP2600","aradu.V14167.gnm1.Aradu.A06_1731803",6,1731803
"SNP2601","aradu.V14167.gnm1.Aradu.A06_1749930",6,1749930
"SNP2602","aradu.V14167.gnm1.Aradu.A06_1834487",6,1834487
"SNP2603","aradu.V14167.gnm1.Aradu.A06_1875308",6,1875308
"SNP2604","aradu.V14167.gnm1.Aradu.A06_1890261",6,1890261
"SNP2605","aradu.V14167.gnm1.Aradu.A06_1969471",6,1969471
"SNP2606","aradu.V14167.gnm1.Aradu.A06_1974638",6,1974638
"SNP2607","aradu.V14167.gnm1.Aradu.A06_1982008",6,1982008
"SNP2608","aradu.V14167.gnm1.Aradu.A06_2131503",6,2131503
"SNP2609","aradu.V14167.gnm1.Aradu.A06_2202096",6,2202096
"SNP2610","aradu.V14167.gnm1.Aradu.A06_2229092",6,2229092
"SNP2611","aradu.V14167.gnm1.Aradu.A06_2240548",6,2240548
"SNP2612","aradu.V14167.gnm1.Aradu.A06_2308424",6,2308424
"SNP2613","aradu.V14167.gnm1.Aradu.A06_2373392",6,2373392
"SNP2614","aradu.V14167.gnm1.Aradu.A06_2380868",6,2380868
"SNP2615","aradu.V14167.gnm1.Aradu.A06_2397891",6,2397891
"SNP2616","aradu.V14167.gnm1.Aradu.A06_2451812",6,2451812
"SNP2617","aradu.V14167.gnm1.Aradu.A06_2451915",6,2451915
"SNP2618","aradu.V14167.gnm1.Aradu.A06_2456328",6,2456328
"SNP2619","aradu.V14167.gnm1.Aradu.A06_2695395",6,2695395
"SNP2620","aradu.V14167.gnm1.Aradu.A06_2730873",6,2730873
"SNP2621","aradu.V14167.gnm1.Aradu.A06_2763696",6,2763696
"SNP2622","aradu.V14167.gnm1.Aradu.A06_2801023",6,2801023
"SNP2623","aradu.V14167.gnm1.Aradu.A06_2811910",6,2811910
"SNP2624","aradu.V14167.gnm1.Aradu.A06_2848204",6,2848204
"SNP2625","aradu.V14167.gnm1.Aradu.A06_2915219",6,2915219
"SNP2626","aradu.V14167.gnm1.Aradu.A06_3033062",6,3033062
"SNP2627","aradu.V14167.gnm1.Aradu.A06_3083998",6,3083998
"SNP2628","aradu.V14167.gnm1.Aradu.A06_3147322",6,3147322
"SNP2629","aradu.V14167.gnm1.Aradu.A06_3262961",6,3262961
"SNP2630","aradu.V14167.gnm1.Aradu.A06_3312964",6,3312964
"SNP2631","aradu.V14167.gnm1.Aradu.A06_3486573",6,3486573
"SNP2632","aradu.V14167.gnm1.Aradu.A06_3491388",6,3491388
"SNP2633","aradu.V14167.gnm1.Aradu.A06_3554099",6,3554099
"SNP2634","aradu.V14167.gnm1.Aradu.A06_3559394",6,3559394
"SNP2635","aradu.V14167.gnm1.Aradu.A06_4057858",6,4057858
"SNP2636","aradu.V14167.gnm1.Aradu.A06_4362338",6,4362338
"SNP2637","aradu.V14167.gnm1.Aradu.A06_4414125",6,4414125
"SNP2638","aradu.V14167.gnm1.Aradu.A06_4438165",6,4438165
"SNP2639","aradu.V14167.gnm1.Aradu.A06_4438274",6,4438274
"SNP2640","aradu.V14167.gnm1.Aradu.A06_4493236",6,4493236
"SNP2641","aradu.V14167.gnm1.Aradu.A06_4544777",6,4544777
"SNP2642","aradu.V14167.gnm1.Aradu.A06_4548244",6,4548244
"SNP2643","aradu.V14167.gnm1.Aradu.A06_4576361",6,4576361
"SNP2644","aradu.V14167.gnm1.Aradu.A06_4727732",6,4727732
"SNP2645","aradu.V14167.gnm1.Aradu.A06_4965699",6,4965699
"SNP2646","aradu.V14167.gnm1.Aradu.A06_4994975",6,4994975
"SNP2647","aradu.V14167.gnm1.Aradu.A06_5077215",6,5077215
"SNP2648","aradu.V14167.gnm1.Aradu.A06_5095841",6,5095841
"SNP2649","aradu.V14167.gnm1.Aradu.A06_5110032",6,5110032
"SNP2650","aradu.V14167.gnm1.Aradu.A06_5127366",6,5127366
"SNP2651","aradu.V14167.gnm1.Aradu.A06_5629077",6,5629077
"SNP2652","aradu.V14167.gnm1.Aradu.A06_5773205",6,5773205
"SNP2653","aradu.V14167.gnm1.Aradu.A06_5802301",6,5802301
"SNP2654","aradu.V14167.gnm1.Aradu.A06_5999590",6,5999590
"SNP2655","aradu.V14167.gnm1.Aradu.A06_6005111",6,6005111
"SNP2656","aradu.V14167.gnm1.Aradu.A06_6020277",6,6020277
"SNP2657","aradu.V14167.gnm1.Aradu.A06_6022513",6,6022513
"SNP2658","aradu.V14167.gnm1.Aradu.A06_6111758",6,6111758
"SNP2659","aradu.V14167.gnm1.Aradu.A06_6378713",6,6378713
"SNP2660","aradu.V14167.gnm1.Aradu.A06_6400112",6,6400112
"SNP2661","aradu.V14167.gnm1.Aradu.A06_6403639",6,6403639
"SNP2662","aradu.V14167.gnm1.Aradu.A06_6544560",6,6544560
"SNP2663","aradu.V14167.gnm1.Aradu.A06_6762373",6,6762373
"SNP2664","aradu.V14167.gnm1.Aradu.A06_6897570",6,6897570
"SNP2665","aradu.V14167.gnm1.Aradu.A06_6919051",6,6919051
"SNP2666","aradu.V14167.gnm1.Aradu.A06_6960258",6,6960258
"SNP2667","aradu.V14167.gnm1.Aradu.A06_7038146",6,7038146
"SNP2668","aradu.V14167.gnm1.Aradu.A06_7380135",6,7380135
"SNP2669","aradu.V14167.gnm1.Aradu.A06_7736770",6,7736770
"SNP2670","aradu.V14167.gnm1.Aradu.A06_7840742",6,7840742
"SNP2671","aradu.V14167.gnm1.Aradu.A06_8056348",6,8056348
"SNP2672","aradu.V14167.gnm1.Aradu.A06_8085851",6,8085851
"SNP2673","aradu.V14167.gnm1.Aradu.A06_8195909",6,8195909
"SNP2674","aradu.V14167.gnm1.Aradu.A06_8215727",6,8215727
"SNP2675","aradu.V14167.gnm1.Aradu.A06_8299833",6,8299833
"SNP2676","aradu.V14167.gnm1.Aradu.A06_8885286",6,8885286
"SNP2677","aradu.V14167.gnm1.Aradu.A06_8931011",6,8931011
"SNP2678","aradu.V14167.gnm1.Aradu.A06_9411754",6,9411754
"SNP2679","aradu.V14167.gnm1.Aradu.A06_9729352",6,9729352
"SNP2680","aradu.V14167.gnm1.Aradu.A06_9734212",6,9734212
"SNP2681","aradu.V14167.gnm1.Aradu.A06_9853917",6,9853917
"SNP2682","aradu.V14167.gnm1.Aradu.A06_9938037",6,9938037
"SNP2683","aradu.V14167.gnm1.Aradu.A06_10001136",6,10001136
"SNP2684","aradu.V14167.gnm1.Aradu.A06_10394890",6,10394890
"SNP2685","aradu.V14167.gnm1.Aradu.A06_10406552",6,10406552
"SNP2686","aradu.V14167.gnm1.Aradu.A06_10555841",6,10555841
"SNP2687","aradu.V14167.gnm1.Aradu.A06_10676463",6,10676463
"SNP2688","aradu.V14167.gnm1.Aradu.A06_10697788",6,10697788
"SNP2689","aradu.V14167.gnm1.Aradu.A06_10866856",6,10866856
"SNP2690","aradu.V14167.gnm1.Aradu.A06_10880524",6,10880524
"SNP2691","aradu.V14167.gnm1.Aradu.A06_10924601",6,10924601
"SNP2692","aradu.V14167.gnm1.Aradu.A06_11004915",6,11004915
"SNP2693","aradu.V14167.gnm1.Aradu.A06_11297985",6,11297985
"SNP2694","aradu.V14167.gnm1.Aradu.A06_11502557",6,11502557
"SNP2695","aradu.V14167.gnm1.Aradu.A06_11891519",6,11891519
"SNP2696","aradu.V14167.gnm1.Aradu.A06_12154326",6,12154326
"SNP2697","aradu.V14167.gnm1.Aradu.A06_12222356",6,12222356
"SNP2698","aradu.V14167.gnm1.Aradu.A06_12222484",6,12222484
"SNP2699","aradu.V14167.gnm1.Aradu.A06_12251255",6,12251255
"SNP2700","aradu.V14167.gnm1.Aradu.A06_12269110",6,12269110
"SNP2701","aradu.V14167.gnm1.Aradu.A06_12525521",6,12525521
"SNP2702","aradu.V14167.gnm1.Aradu.A06_12625218",6,12625218
"SNP2703","aradu.V14167.gnm1.Aradu.A06_12912267",6,12912267
"SNP2704","aradu.V14167.gnm1.Aradu.A06_12977922",6,12977922
"SNP2705","aradu.V14167.gnm1.Aradu.A06_14210303",6,14210303
"SNP2706","aradu.V14167.gnm1.Aradu.A06_14242371",6,14242371
"SNP2707","aradu.V14167.gnm1.Aradu.A06_14283440",6,14283440
"SNP2708","aradu.V14167.gnm1.Aradu.A06_14429307",6,14429307
"SNP2709","aradu.V14167.gnm1.Aradu.A06_14440957",6,14440957
"SNP2710","aradu.V14167.gnm1.Aradu.A06_14608030",6,14608030
"SNP2711","aradu.V14167.gnm1.Aradu.A06_14675933",6,14675933
"SNP2712","aradu.V14167.gnm1.Aradu.A06_14679952",6,14679952
"SNP2713","aradu.V14167.gnm1.Aradu.A06_14820727",6,14820727
"SNP2714","aradu.V14167.gnm1.Aradu.A06_14843408",6,14843408
"SNP2715","aradu.V14167.gnm1.Aradu.A06_14862347",6,14862347
"SNP2716","aradu.V14167.gnm1.Aradu.A06_14881762",6,14881762
"SNP2717","aradu.V14167.gnm1.Aradu.A06_14925853",6,14925853
"SNP2718","aradu.V14167.gnm1.Aradu.A06_14960102",6,14960102
"SNP2719","aradu.V14167.gnm1.Aradu.A06_14960586",6,14960586
"SNP2720","aradu.V14167.gnm1.Aradu.A06_14961345",6,14961345
"SNP2721","aradu.V14167.gnm1.Aradu.A06_14965988",6,14965988
"SNP2722","aradu.V14167.gnm1.Aradu.A06_15159070",6,15159070
"SNP2723","aradu.V14167.gnm1.Aradu.A06_15282294",6,15282294
"SNP2724","aradu.V14167.gnm1.Aradu.A06_15324954",6,15324954
"SNP2725","aradu.V14167.gnm1.Aradu.A06_15573397",6,15573397
"SNP2726","aradu.V14167.gnm1.Aradu.A06_15970887",6,15970887
"SNP2727","aradu.V14167.gnm1.Aradu.A06_16065445",6,16065445
"SNP2728","aradu.V14167.gnm1.Aradu.A06_16259230",6,16259230
"SNP2729","aradu.V14167.gnm1.Aradu.A06_16318885",6,16318885
"SNP2730","aradu.V14167.gnm1.Aradu.A06_16327616",6,16327616
"SNP2731","aradu.V14167.gnm1.Aradu.A06_16427767",6,16427767
"SNP2732","aradu.V14167.gnm1.Aradu.A06_16700102",6,16700102
"SNP2733","aradu.V14167.gnm1.Aradu.A06_16729936",6,16729936
"SNP2734","aradu.V14167.gnm1.Aradu.A06_16759462",6,16759462
"SNP2735","aradu.V14167.gnm1.Aradu.A06_16841998",6,16841998
"SNP2736","aradu.V14167.gnm1.Aradu.A06_17108069",6,17108069
"SNP2737","aradu.V14167.gnm1.Aradu.A06_17167538",6,17167538
"SNP2738","aradu.V14167.gnm1.Aradu.A06_17202840",6,17202840
"SNP2739","aradu.V14167.gnm1.Aradu.A06_17250888",6,17250888
"SNP2740","aradu.V14167.gnm1.Aradu.A06_17376463",6,17376463
"SNP2741","aradu.V14167.gnm1.Aradu.A06_17378951",6,17378951
"SNP2742","aradu.V14167.gnm1.Aradu.A06_17540549",6,17540549
"SNP2743","aradu.V14167.gnm1.Aradu.A06_17782889",6,17782889
"SNP2744","aradu.V14167.gnm1.Aradu.A06_17784243",6,17784243
"SNP2745","aradu.V14167.gnm1.Aradu.A06_17875297",6,17875297
"SNP2746","aradu.V14167.gnm1.Aradu.A06_17899037",6,17899037
"SNP2747","aradu.V14167.gnm1.Aradu.A06_17904905",6,17904905
"SNP2748","aradu.V14167.gnm1.Aradu.A06_18287322",6,18287322
"SNP2749","aradu.V14167.gnm1.Aradu.A06_18456772",6,18456772
"SNP2750","aradu.V14167.gnm1.Aradu.A06_18483991",6,18483991
"SNP2751","aradu.V14167.gnm1.Aradu.A06_18487222",6,18487222
"SNP2752","aradu.V14167.gnm1.Aradu.A06_18592208",6,18592208
"SNP2753","aradu.V14167.gnm1.Aradu.A06_19033845",6,19033845
"SNP2754","aradu.V14167.gnm1.Aradu.A06_19058493",6,19058493
"SNP2755","aradu.V14167.gnm1.Aradu.A06_19202725",6,19202725
"SNP2756","aradu.V14167.gnm1.Aradu.A06_19448295",6,19448295
"SNP2757","aradu.V14167.gnm1.Aradu.A06_19468573",6,19468573
"SNP2758","aradu.V14167.gnm1.Aradu.A06_19470677",6,19470677
"SNP2759","aradu.V14167.gnm1.Aradu.A06_19566316",6,19566316
"SNP2760","aradu.V14167.gnm1.Aradu.A06_20584314",6,20584314
"SNP2761","aradu.V14167.gnm1.Aradu.A06_21263740",6,21263740
"SNP2762","aradu.V14167.gnm1.Aradu.A06_21541576",6,21541576
"SNP2763","aradu.V14167.gnm1.Aradu.A06_21851943",6,21851943
"SNP2764","aradu.V14167.gnm1.Aradu.A06_22004539",6,22004539
"SNP2765","aradu.V14167.gnm1.Aradu.A06_22423905",6,22423905
"SNP2766","aradu.V14167.gnm1.Aradu.A06_23345738",6,23345738
"SNP2767","aradu.V14167.gnm1.Aradu.A06_23346356",6,23346356
"SNP2768","aradu.V14167.gnm1.Aradu.A06_23348752",6,23348752
"SNP2769","aradu.V14167.gnm1.Aradu.A06_23535157",6,23535157
"SNP2770","aradu.V14167.gnm1.Aradu.A06_23615038",6,23615038
"SNP2771","aradu.V14167.gnm1.Aradu.A06_23712764",6,23712764
"SNP2772","aradu.V14167.gnm1.Aradu.A06_23748522",6,23748522
"SNP2773","aradu.V14167.gnm1.Aradu.A06_23789774",6,23789774
"SNP2774","aradu.V14167.gnm1.Aradu.A06_23792158",6,23792158
"SNP2775","aradu.V14167.gnm1.Aradu.A06_24598559",6,24598559
"SNP2776","aradu.V14167.gnm1.Aradu.A06_25793676",6,25793676
"SNP2777","aradu.V14167.gnm1.Aradu.A06_25854597",6,25854597
"SNP2778","aradu.V14167.gnm1.Aradu.A06_25975991",6,25975991
"SNP2779","aradu.V14167.gnm1.Aradu.A06_25987310",6,25987310
"SNP2780","aradu.V14167.gnm1.Aradu.A06_26968841",6,26968841
"SNP2781","aradu.V14167.gnm1.Aradu.A06_27052109",6,27052109
"SNP2782","aradu.V14167.gnm1.Aradu.A06_27221379",6,27221379
"SNP2783","aradu.V14167.gnm1.Aradu.A06_27625468",6,27625468
"SNP2784","aradu.V14167.gnm1.Aradu.A06_27779450",6,27779450
"SNP2785","aradu.V14167.gnm1.Aradu.A06_27786659",6,27786659
"SNP2786","aradu.V14167.gnm1.Aradu.A06_27839916",6,27839916
"SNP2787","aradu.V14167.gnm1.Aradu.A06_31484581",6,31484581
"SNP2788","aradu.V14167.gnm1.Aradu.A06_31663747",6,31663747
"SNP2789","aradu.V14167.gnm1.Aradu.A06_31864623",6,31864623
"SNP2790","aradu.V14167.gnm1.Aradu.A06_32488114",6,32488114
"SNP2791","aradu.V14167.gnm1.Aradu.A06_32900555",6,32900555
"SNP2792","aradu.V14167.gnm1.Aradu.A06_33121386",6,33121386
"SNP2793","aradu.V14167.gnm1.Aradu.A06_33771155",6,33771155
"SNP2794","aradu.V14167.gnm1.Aradu.A06_34148108",6,34148108
"SNP2795","aradu.V14167.gnm1.Aradu.A06_34331219",6,34331219
"SNP2796","aradu.V14167.gnm1.Aradu.A06_34441610",6,34441610
"SNP2797","aradu.V14167.gnm1.Aradu.A06_34794095",6,34794095
"SNP2798","aradu.V14167.gnm1.Aradu.A06_34815948",6,34815948
"SNP2799","aradu.V14167.gnm1.Aradu.A06_35835747",6,35835747
"SNP2800","aradu.V14167.gnm1.Aradu.A06_36184328",6,36184328
"SNP2801","aradu.V14167.gnm1.Aradu.A06_36789615",6,36789615
"SNP2802","aradu.V14167.gnm1.Aradu.A06_36989309",6,36989309
"SNP2803","aradu.V14167.gnm1.Aradu.A06_37237730",6,37237730
"SNP2804","aradu.V14167.gnm1.Aradu.A06_37912943",6,37912943
"SNP2805","aradu.V14167.gnm1.Aradu.A06_39056961",6,39056961
"SNP2806","aradu.V14167.gnm1.Aradu.A06_39057072",6,39057072
"SNP2807","aradu.V14167.gnm1.Aradu.A06_40161593",6,40161593
"SNP2808","aradu.V14167.gnm1.Aradu.A06_41841635",6,41841635
"SNP2809","aradu.V14167.gnm1.Aradu.A06_44416840",6,44416840
"SNP2810","aradu.V14167.gnm1.Aradu.A06_45869347",6,45869347
"SNP2811","aradu.V14167.gnm1.Aradu.A06_48620142",6,48620142
"SNP2812","aradu.V14167.gnm1.Aradu.A06_48964270",6,48964270
"SNP2813","aradu.V14167.gnm1.Aradu.A06_49741016",6,49741016
"SNP2814","aradu.V14167.gnm1.Aradu.A06_50791598",6,50791598
"SNP2815","aradu.V14167.gnm1.Aradu.A06_52428869",6,52428869
"SNP2816","aradu.V14167.gnm1.Aradu.A06_52760454",6,52760454
"SNP2817","aradu.V14167.gnm1.Aradu.A06_53055580",6,53055580
"SNP2818","aradu.V14167.gnm1.Aradu.A06_54379982",6,54379982
"SNP2819","aradu.V14167.gnm1.Aradu.A06_54414205",6,54414205
"SNP2820","aradu.V14167.gnm1.Aradu.A06_54783032",6,54783032
"SNP2821","aradu.V14167.gnm1.Aradu.A06_55095424",6,55095424
"SNP2822","aradu.V14167.gnm1.Aradu.A06_55428031",6,55428031
"SNP2823","aradu.V14167.gnm1.Aradu.A06_55563165",6,55563165
"SNP2824","aradu.V14167.gnm1.Aradu.A06_56129682",6,56129682
"SNP2825","aradu.V14167.gnm1.Aradu.A06_56347216",6,56347216
"SNP2826","aradu.V14167.gnm1.Aradu.A06_56699416",6,56699416
"SNP2827","aradu.V14167.gnm1.Aradu.A06_57729112",6,57729112
"SNP2828","aradu.V14167.gnm1.Aradu.A06_58438887",6,58438887
"SNP2829","aradu.V14167.gnm1.Aradu.A06_58918419",6,58918419
"SNP2830","aradu.V14167.gnm1.Aradu.A06_59713976",6,59713976
"SNP2831","aradu.V14167.gnm1.Aradu.A06_60165005",6,60165005
"SNP2832","aradu.V14167.gnm1.Aradu.A06_60165959",6,60165959
"SNP2833","aradu.V14167.gnm1.Aradu.A06_60178725",6,60178725
"SNP2834","aradu.V14167.gnm1.Aradu.A06_60753798",6,60753798
"SNP2835","aradu.V14167.gnm1.Aradu.A06_62127996",6,62127996
"SNP2836","aradu.V14167.gnm1.Aradu.A06_62632857",6,62632857
"SNP2837","aradu.V14167.gnm1.Aradu.A06_63319414",6,63319414
"SNP2838","aradu.V14167.gnm1.Aradu.A06_63333722",6,63333722
"SNP2839","aradu.V14167.gnm1.Aradu.A06_63333957",6,63333957
"SNP2840","aradu.V14167.gnm1.Aradu.A06_63883081",6,63883081
"SNP2841","aradu.V14167.gnm1.Aradu.A06_64855669",6,64855669
"SNP2842","aradu.V14167.gnm1.Aradu.A06_65741198",6,65741198
"SNP2843","aradu.V14167.gnm1.Aradu.A06_66659274",6,66659274
"SNP2844","aradu.V14167.gnm1.Aradu.A06_67602802",6,67602802
"SNP2845","aradu.V14167.gnm1.Aradu.A06_68658203",6,68658203
"SNP2846","aradu.V14167.gnm1.Aradu.A06_68984793",6,68984793
"SNP2847","aradu.V14167.gnm1.Aradu.A06_69576204",6,69576204
"SNP2848","aradu.V14167.gnm1.Aradu.A06_70023811",6,70023811
"SNP2849","aradu.V14167.gnm1.Aradu.A06_70310402",6,70310402
"SNP2850","aradu.V14167.gnm1.Aradu.A06_70420433",6,70420433
"SNP2851","aradu.V14167.gnm1.Aradu.A06_70533409",6,70533409
"SNP2852","aradu.V14167.gnm1.Aradu.A06_70790356",6,70790356
"SNP2853","aradu.V14167.gnm1.Aradu.A06_70869795",6,70869795
"SNP2854","aradu.V14167.gnm1.Aradu.A06_71945095",6,71945095
"SNP2855","aradu.V14167.gnm1.Aradu.A06_72192644",6,72192644
"SNP2856","aradu.V14167.gnm1.Aradu.A06_72270756",6,72270756
"SNP2857","aradu.V14167.gnm1.Aradu.A06_72303731",6,72303731
"SNP2858","aradu.V14167.gnm1.Aradu.A06_73820624",6,73820624
"SNP2859","aradu.V14167.gnm1.Aradu.A06_74748709",6,74748709
"SNP2860","aradu.V14167.gnm1.Aradu.A06_75220614",6,75220614
"SNP2861","aradu.V14167.gnm1.Aradu.A06_75505630",6,75505630
"SNP2862","aradu.V14167.gnm1.Aradu.A06_75727071",6,75727071
"SNP2863","aradu.V14167.gnm1.Aradu.A06_75973024",6,75973024
"SNP2864","aradu.V14167.gnm1.Aradu.A06_76344977",6,76344977
"SNP2865","aradu.V14167.gnm1.Aradu.A06_76366290",6,76366290
"SNP2866","aradu.V14167.gnm1.Aradu.A06_76399540",6,76399540
"SNP2867","aradu.V14167.gnm1.Aradu.A06_77065674",6,77065674
"SNP2868","aradu.V14167.gnm1.Aradu.A06_77169194",6,77169194
"SNP2869","aradu.V14167.gnm1.Aradu.A06_78173135",6,78173135
"SNP2870","aradu.V14167.gnm1.Aradu.A06_78173446",6,78173446
"SNP2871","aradu.V14167.gnm1.Aradu.A06_79307914",6,79307914
"SNP2872","aradu.V14167.gnm1.Aradu.A06_79315749",6,79315749
"SNP2873","aradu.V14167.gnm1.Aradu.A06_79839581",6,79839581
"SNP2874","aradu.V14167.gnm1.Aradu.A06_79839814",6,79839814
"SNP2875","aradu.V14167.gnm1.Aradu.A06_79840003",6,79840003
"SNP2876","aradu.V14167.gnm1.Aradu.A06_79840042",6,79840042
"SNP2877","aradu.V14167.gnm1.Aradu.A06_79840222",6,79840222
"SNP2878","aradu.V14167.gnm1.Aradu.A06_79840386",6,79840386
"SNP2879","aradu.V14167.gnm1.Aradu.A06_79840739",6,79840739
"SNP2880","aradu.V14167.gnm1.Aradu.A06_79841582",6,79841582
"SNP2881","aradu.V14167.gnm1.Aradu.A06_79841738",6,79841738
"SNP2882","aradu.V14167.gnm1.Aradu.A06_79843244",6,79843244
"SNP2883","aradu.V14167.gnm1.Aradu.A06_79843246",6,79843246
"SNP2884","aradu.V14167.gnm1.Aradu.A06_79843398",6,79843398
"SNP2885","aradu.V14167.gnm1.Aradu.A06_79844009",6,79844009
"SNP2886","aradu.V14167.gnm1.Aradu.A06_79851252",6,79851252
"SNP2887","aradu.V14167.gnm1.Aradu.A06_79851516",6,79851516
"SNP2888","aradu.V14167.gnm1.Aradu.A06_79851568",6,79851568
"SNP2889","aradu.V14167.gnm1.Aradu.A06_79851901",6,79851901
"SNP2890","aradu.V14167.gnm1.Aradu.A06_79851968",6,79851968
"SNP2891","aradu.V14167.gnm1.Aradu.A06_79852047",6,79852047
"SNP2892","aradu.V14167.gnm1.Aradu.A06_79852064",6,79852064
"SNP2893","aradu.V14167.gnm1.Aradu.A06_79853155",6,79853155
"SNP2894","aradu.V14167.gnm1.Aradu.A06_79853271",6,79853271
"SNP2895","aradu.V14167.gnm1.Aradu.A06_79853325",6,79853325
"SNP2896","aradu.V14167.gnm1.Aradu.A06_79855060",6,79855060
"SNP2897","aradu.V14167.gnm1.Aradu.A06_79855524",6,79855524
"SNP2898","aradu.V14167.gnm1.Aradu.A06_79855535",6,79855535
"SNP2899","aradu.V14167.gnm1.Aradu.A06_79855682",6,79855682
"SNP2900","aradu.V14167.gnm1.Aradu.A06_79855935",6,79855935
"SNP2901","aradu.V14167.gnm1.Aradu.A06_79856564",6,79856564
"SNP2902","aradu.V14167.gnm1.Aradu.A06_80353676",6,80353676
"SNP2903","aradu.V14167.gnm1.Aradu.A06_80391960",6,80391960
"SNP2904","aradu.V14167.gnm1.Aradu.A06_80718920",6,80718920
"SNP2905","aradu.V14167.gnm1.Aradu.A06_80764096",6,80764096
"SNP2906","aradu.V14167.gnm1.Aradu.A06_81966565",6,81966565
"SNP2907","aradu.V14167.gnm1.Aradu.A06_83386257",6,83386257
"SNP2908","aradu.V14167.gnm1.Aradu.A06_84783421",6,84783421
"SNP2909","aradu.V14167.gnm1.Aradu.A06_84901601",6,84901601
"SNP2910","aradu.V14167.gnm1.Aradu.A06_85673960",6,85673960
"SNP2911","aradu.V14167.gnm1.Aradu.A06_85735829",6,85735829
"SNP2912","aradu.V14167.gnm1.Aradu.A06_86149370",6,86149370
"SNP2913","aradu.V14167.gnm1.Aradu.A06_86272344",6,86272344
"SNP2914","aradu.V14167.gnm1.Aradu.A06_86575450",6,86575450
"SNP2915","aradu.V14167.gnm1.Aradu.A06_86770721",6,86770721
"SNP2916","aradu.V14167.gnm1.Aradu.A06_86798706",6,86798706
"SNP2917","aradu.V14167.gnm1.Aradu.A06_87825553",6,87825553
"SNP2918","aradu.V14167.gnm1.Aradu.A06_87972941",6,87972941
"SNP2919","aradu.V14167.gnm1.Aradu.A06_88624987",6,88624987
"SNP2920","aradu.V14167.gnm1.Aradu.A06_89096034",6,89096034
"SNP2921","aradu.V14167.gnm1.Aradu.A06_89489459",6,89489459
"SNP2922","aradu.V14167.gnm1.Aradu.A06_89617748",6,89617748
"SNP2923","aradu.V14167.gnm1.Aradu.A06_89946485",6,89946485
"SNP2924","aradu.V14167.gnm1.Aradu.A06_90104452",6,90104452
"SNP2925","aradu.V14167.gnm1.Aradu.A06_91254716",6,91254716
"SNP2926","aradu.V14167.gnm1.Aradu.A06_91426177",6,91426177
"SNP2927","aradu.V14167.gnm1.Aradu.A06_91814193",6,91814193
"SNP2928","aradu.V14167.gnm1.Aradu.A06_92002063",6,92002063
"SNP2929","aradu.V14167.gnm1.Aradu.A06_92041588",6,92041588
"SNP2930","aradu.V14167.gnm1.Aradu.A06_92354363",6,92354363
"SNP2931","aradu.V14167.gnm1.Aradu.A06_92624239",6,92624239
"SNP2932","aradu.V14167.gnm1.Aradu.A06_92867793",6,92867793
"SNP2933","aradu.V14167.gnm1.Aradu.A06_92969207",6,92969207
"SNP2934","aradu.V14167.gnm1.Aradu.A06_93125663",6,93125663
"SNP2935","aradu.V14167.gnm1.Aradu.A06_93675878",6,93675878
"SNP2936","aradu.V14167.gnm1.Aradu.A06_94092441",6,94092441
"SNP2937","aradu.V14167.gnm1.Aradu.A06_94129577",6,94129577
"SNP2938","aradu.V14167.gnm1.Aradu.A06_94196418",6,94196418
"SNP2939","aradu.V14167.gnm1.Aradu.A06_94196565",6,94196565
"SNP2940","aradu.V14167.gnm1.Aradu.A06_94196942",6,94196942
"SNP2941","aradu.V14167.gnm1.Aradu.A06_94196944",6,94196944
"SNP2942","aradu.V14167.gnm1.Aradu.A06_94197025",6,94197025
"SNP2943","aradu.V14167.gnm1.Aradu.A06_94197058",6,94197058
"SNP2944","aradu.V14167.gnm1.Aradu.A06_94197096",6,94197096
"SNP2945","aradu.V14167.gnm1.Aradu.A06_94197132",6,94197132
"SNP2946","aradu.V14167.gnm1.Aradu.A06_94197667",6,94197667
"SNP2947","aradu.V14167.gnm1.Aradu.A06_94246718",6,94246718
"SNP2948","aradu.V14167.gnm1.Aradu.A06_94254547",6,94254547
"SNP2949","aradu.V14167.gnm1.Aradu.A06_94412322",6,94412322
"SNP2950","aradu.V14167.gnm1.Aradu.A06_94487691",6,94487691
"SNP2951","aradu.V14167.gnm1.Aradu.A06_94829921",6,94829921
"SNP2952","aradu.V14167.gnm1.Aradu.A06_95068386",6,95068386
"SNP2953","aradu.V14167.gnm1.Aradu.A06_95180807",6,95180807
"SNP2954","aradu.V14167.gnm1.Aradu.A06_95223902",6,95223902
"SNP2955","aradu.V14167.gnm1.Aradu.A06_95654236",6,95654236
"SNP2956","aradu.V14167.gnm1.Aradu.A06_95950638",6,95950638
"SNP2957","aradu.V14167.gnm1.Aradu.A06_96092792",6,96092792
"SNP2958","aradu.V14167.gnm1.Aradu.A06_96492176",6,96492176
"SNP2959","aradu.V14167.gnm1.Aradu.A06_96705435",6,96705435
"SNP2960","aradu.V14167.gnm1.Aradu.A06_96724705",6,96724705
"SNP2961","aradu.V14167.gnm1.Aradu.A06_96735945",6,96735945
"SNP2962","aradu.V14167.gnm1.Aradu.A06_97009852",6,97009852
"SNP2963","aradu.V14167.gnm1.Aradu.A06_97040782",6,97040782
"SNP2964","aradu.V14167.gnm1.Aradu.A06_97090260",6,97090260
"SNP2965","aradu.V14167.gnm1.Aradu.A06_97091814",6,97091814
"SNP2966","aradu.V14167.gnm1.Aradu.A06_97391547",6,97391547
"SNP2967","aradu.V14167.gnm1.Aradu.A06_97639398",6,97639398
"SNP2968","aradu.V14167.gnm1.Aradu.A06_97666624",6,97666624
"SNP2969","aradu.V14167.gnm1.Aradu.A06_97742804",6,97742804
"SNP2970","aradu.V14167.gnm1.Aradu.A06_97830338",6,97830338
"SNP2971","aradu.V14167.gnm1.Aradu.A06_97832221",6,97832221
"SNP2972","aradu.V14167.gnm1.Aradu.A06_98481477",6,98481477
"SNP2973","aradu.V14167.gnm1.Aradu.A06_98535066",6,98535066
"SNP2974","aradu.V14167.gnm1.Aradu.A06_100189439",6,100189439
"SNP2975","aradu.V14167.gnm1.Aradu.A06_100326712",6,100326712
"SNP2976","aradu.V14167.gnm1.Aradu.A06_100422166",6,100422166
"SNP2977","aradu.V14167.gnm1.Aradu.A06_100752712",6,100752712
"SNP2978","aradu.V14167.gnm1.Aradu.A06_101042118",6,101042118
"SNP2979","aradu.V14167.gnm1.Aradu.A06_101235816",6,101235816
"SNP2980","aradu.V14167.gnm1.Aradu.A06_101805228",6,101805228
"SNP2981","aradu.V14167.gnm1.Aradu.A06_102402057",6,102402057
"SNP2982","aradu.V14167.gnm1.Aradu.A06_102507081",6,102507081
"SNP2983","aradu.V14167.gnm1.Aradu.A06_102507091",6,102507091
"SNP2984","aradu.V14167.gnm1.Aradu.A06_102698895",6,102698895
"SNP2985","aradu.V14167.gnm1.Aradu.A06_102757369",6,102757369
"SNP2986","aradu.V14167.gnm1.Aradu.A06_103192486",6,103192486
"SNP2987","aradu.V14167.gnm1.Aradu.A06_103249057",6,103249057
"SNP2988","aradu.V14167.gnm1.Aradu.A06_103803223",6,103803223
"SNP2989","aradu.V14167.gnm1.Aradu.A06_103871671",6,103871671
"SNP2990","aradu.V14167.gnm1.Aradu.A06_104355503",6,104355503
"SNP2991","aradu.V14167.gnm1.Aradu.A06_104464321",6,104464321
"SNP2992","aradu.V14167.gnm1.Aradu.A06_104656747",6,104656747
"SNP2993","aradu.V14167.gnm1.Aradu.A06_104722890",6,104722890
"SNP2994","aradu.V14167.gnm1.Aradu.A06_104722947",6,104722947
"SNP2995","aradu.V14167.gnm1.Aradu.A06_104761133",6,104761133
"SNP2996","aradu.V14167.gnm1.Aradu.A06_104844359",6,104844359
"SNP2997","aradu.V14167.gnm1.Aradu.A06_105019434",6,105019434
"SNP2998","aradu.V14167.gnm1.Aradu.A06_105156551",6,105156551
"SNP2999","aradu.V14167.gnm1.Aradu.A06_105156991",6,105156991
"SNP3000","aradu.V14167.gnm1.Aradu.A06_105157006",6,105157006
"SNP3001","aradu.V14167.gnm1.Aradu.A06_105269669",6,105269669
"SNP3002","aradu.V14167.gnm1.Aradu.A06_105285553",6,105285553
"SNP3003","aradu.V14167.gnm1.Aradu.A06_105313677",6,105313677
"SNP3004","aradu.V14167.gnm1.Aradu.A06_105402882",6,105402882
"SNP3005","aradu.V14167.gnm1.Aradu.A06_105404721",6,105404721
"SNP3006","aradu.V14167.gnm1.Aradu.A06_105425114",6,105425114
"SNP3007","aradu.V14167.gnm1.Aradu.A06_105426750",6,105426750
"SNP3008","aradu.V14167.gnm1.Aradu.A06_105438012",6,105438012
"SNP3009","aradu.V14167.gnm1.Aradu.A06_105647395",6,105647395
"SNP3010","aradu.V14167.gnm1.Aradu.A06_105785731",6,105785731
"SNP3011","aradu.V14167.gnm1.Aradu.A06_106066852",6,106066852
"SNP3012","aradu.V14167.gnm1.Aradu.A06_106075797",6,106075797
"SNP3013","aradu.V14167.gnm1.Aradu.A06_106277622",6,106277622
"SNP3014","aradu.V14167.gnm1.Aradu.A06_106309619",6,106309619
"SNP3015","aradu.V14167.gnm1.Aradu.A06_106313967",6,106313967
"SNP3016","aradu.V14167.gnm1.Aradu.A06_106369526",6,106369526
"SNP3017","aradu.V14167.gnm1.Aradu.A06_106384522",6,106384522
"SNP3018","aradu.V14167.gnm1.Aradu.A06_106433993",6,106433993
"SNP3019","aradu.V14167.gnm1.Aradu.A06_106623964",6,106623964
"SNP3020","aradu.V14167.gnm1.Aradu.A06_106624416",6,106624416
"SNP3021","aradu.V14167.gnm1.Aradu.A06_106837073",6,106837073
"SNP3022","aradu.V14167.gnm1.Aradu.A06_106847236",6,106847236
"SNP3023","aradu.V14167.gnm1.Aradu.A06_106921638",6,106921638
"SNP3024","aradu.V14167.gnm1.Aradu.A06_107057624",6,107057624
"SNP3025","aradu.V14167.gnm1.Aradu.A06_107119109",6,107119109
"SNP3026","aradu.V14167.gnm1.Aradu.A06_107139353",6,107139353
"SNP3027","aradu.V14167.gnm1.Aradu.A06_107294904",6,107294904
"SNP3028","aradu.V14167.gnm1.Aradu.A06_107508389",6,107508389
"SNP3029","aradu.V14167.gnm1.Aradu.A06_107727822",6,107727822
"SNP3030","aradu.V14167.gnm1.Aradu.A06_107791648",6,107791648
"SNP3031","aradu.V14167.gnm1.Aradu.A06_108178009",6,108178009
"SNP3032","aradu.V14167.gnm1.Aradu.A06_108294135",6,108294135
"SNP3033","aradu.V14167.gnm1.Aradu.A06_108469217",6,108469217
"SNP3034","aradu.V14167.gnm1.Aradu.A06_109345061",6,109345061
"SNP3035","aradu.V14167.gnm1.Aradu.A06_109385384",6,109385384
"SNP3036","aradu.V14167.gnm1.Aradu.A06_109393510",6,109393510
"SNP3037","aradu.V14167.gnm1.Aradu.A06_109473881",6,109473881
"SNP3038","aradu.V14167.gnm1.Aradu.A06_109488326",6,109488326
"SNP3039","aradu.V14167.gnm1.Aradu.A06_109502793",6,109502793
"SNP3040","aradu.V14167.gnm1.Aradu.A06_109678934",6,109678934
"SNP3041","aradu.V14167.gnm1.Aradu.A06_109986085",6,109986085
"SNP3042","aradu.V14167.gnm1.Aradu.A06_110138057",6,110138057
"SNP3043","aradu.V14167.gnm1.Aradu.A06_110199500",6,110199500
"SNP3044","aradu.V14167.gnm1.Aradu.A06_110550534",6,110550534
"SNP3045","aradu.V14167.gnm1.Aradu.A06_110551112",6,110551112
"SNP3046","aradu.V14167.gnm1.Aradu.A06_110632530",6,110632530
"SNP3047","aradu.V14167.gnm1.Aradu.A06_110634476",6,110634476
"SNP3048","aradu.V14167.gnm1.Aradu.A06_110637168",6,110637168
"SNP3049","aradu.V14167.gnm1.Aradu.A06_110666874",6,110666874
"SNP3050","aradu.V14167.gnm1.Aradu.A06_110758175",6,110758175
"SNP3051","aradu.V14167.gnm1.Aradu.A06_110791892",6,110791892
"SNP3052","aradu.V14167.gnm1.Aradu.A06_110820404",6,110820404
"SNP3053","aradu.V14167.gnm1.Aradu.A06_110847256",6,110847256
"SNP3054","aradu.V14167.gnm1.Aradu.A06_110905054",6,110905054
"SNP3055","aradu.V14167.gnm1.Aradu.A06_110905105",6,110905105
"SNP3056","aradu.V14167.gnm1.Aradu.A06_110905201",6,110905201
"SNP3057","aradu.V14167.gnm1.Aradu.A06_110905302",6,110905302
"SNP3058","aradu.V14167.gnm1.Aradu.A06_110926997",6,110926997
"SNP3059","aradu.V14167.gnm1.Aradu.A06_110927665",6,110927665
"SNP3060","aradu.V14167.gnm1.Aradu.A06_110928524",6,110928524
"SNP3061","aradu.V14167.gnm1.Aradu.A06_110932261",6,110932261
"SNP3062","aradu.V14167.gnm1.Aradu.A06_110932308",6,110932308
"SNP3063","aradu.V14167.gnm1.Aradu.A06_110932611",6,110932611
"SNP3064","aradu.V14167.gnm1.Aradu.A06_110932853",6,110932853
"SNP3065","aradu.V14167.gnm1.Aradu.A06_110932944",6,110932944
"SNP3066","aradu.V14167.gnm1.Aradu.A06_110933027",6,110933027
"SNP3067","aradu.V14167.gnm1.Aradu.A06_110933107",6,110933107
"SNP3068","aradu.V14167.gnm1.Aradu.A06_110933196",6,110933196
"SNP3069","aradu.V14167.gnm1.Aradu.A06_110945733",6,110945733
"SNP3070","aradu.V14167.gnm1.Aradu.A06_110955673",6,110955673
"SNP3071","aradu.V14167.gnm1.Aradu.A06_110975287",6,110975287
"SNP3072","aradu.V14167.gnm1.Aradu.A06_110975358",6,110975358
"SNP3073","aradu.V14167.gnm1.Aradu.A06_110975361",6,110975361
"SNP3074","aradu.V14167.gnm1.Aradu.A06_110975373",6,110975373
"SNP3075","aradu.V14167.gnm1.Aradu.A06_110977029",6,110977029
"SNP3076","aradu.V14167.gnm1.Aradu.A06_110978019",6,110978019
"SNP3077","aradu.V14167.gnm1.Aradu.A06_110979158",6,110979158
"SNP3078","aradu.V14167.gnm1.Aradu.A06_110979228",6,110979228
"SNP3079","aradu.V14167.gnm1.Aradu.A06_110988705",6,110988705
"SNP3080","aradu.V14167.gnm1.Aradu.A06_111003462",6,111003462
"SNP3081","aradu.V14167.gnm1.Aradu.A06_111048782",6,111048782
"SNP3082","aradu.V14167.gnm1.Aradu.A06_111342983",6,111342983
"SNP3083","aradu.V14167.gnm1.Aradu.A06_111404896",6,111404896
"SNP3084","aradu.V14167.gnm1.Aradu.A06_111443218",6,111443218
"SNP3085","aradu.V14167.gnm1.Aradu.A06_111975030",6,111975030
"SNP3086","aradu.V14167.gnm1.Aradu.A06_111995614",6,111995614
"SNP3087","aradu.V14167.gnm1.Aradu.A07_88041",7,88041
"SNP3088","aradu.V14167.gnm1.Aradu.A07_536638",7,536638
"SNP3089","aradu.V14167.gnm1.Aradu.A07_544437",7,544437
"SNP3090","aradu.V14167.gnm1.Aradu.A07_605413",7,605413
"SNP3091","aradu.V14167.gnm1.Aradu.A07_937362",7,937362
"SNP3092","aradu.V14167.gnm1.Aradu.A07_940344",7,940344
"SNP3093","aradu.V14167.gnm1.Aradu.A07_1187202",7,1187202
"SNP3094","aradu.V14167.gnm1.Aradu.A07_1191903",7,1191903
"SNP3095","aradu.V14167.gnm1.Aradu.A07_1217789",7,1217789
"SNP3096","aradu.V14167.gnm1.Aradu.A07_1333570",7,1333570
"SNP3097","aradu.V14167.gnm1.Aradu.A07_1336829",7,1336829
"SNP3098","aradu.V14167.gnm1.Aradu.A07_1473208",7,1473208
"SNP3099","aradu.V14167.gnm1.Aradu.A07_1516789",7,1516789
"SNP3100","aradu.V14167.gnm1.Aradu.A07_1517174",7,1517174
"SNP3101","aradu.V14167.gnm1.Aradu.A07_1526937",7,1526937
"SNP3102","aradu.V14167.gnm1.Aradu.A07_1588385",7,1588385
"SNP3103","aradu.V14167.gnm1.Aradu.A07_1871581",7,1871581
"SNP3104","aradu.V14167.gnm1.Aradu.A07_1970451",7,1970451
"SNP3105","aradu.V14167.gnm1.Aradu.A07_2564172",7,2564172
"SNP3106","aradu.V14167.gnm1.Aradu.A07_2564200",7,2564200
"SNP3107","aradu.V14167.gnm1.Aradu.A07_2564289",7,2564289
"SNP3108","aradu.V14167.gnm1.Aradu.A07_2564604",7,2564604
"SNP3109","aradu.V14167.gnm1.Aradu.A07_2565631",7,2565631
"SNP3110","aradu.V14167.gnm1.Aradu.A07_2815877",7,2815877
"SNP3111","aradu.V14167.gnm1.Aradu.A07_2842748",7,2842748
"SNP3112","aradu.V14167.gnm1.Aradu.A07_2973341",7,2973341
"SNP3113","aradu.V14167.gnm1.Aradu.A07_3139581",7,3139581
"SNP3114","aradu.V14167.gnm1.Aradu.A07_3642702",7,3642702
"SNP3115","aradu.V14167.gnm1.Aradu.A07_3643081",7,3643081
"SNP3116","aradu.V14167.gnm1.Aradu.A07_3647743",7,3647743
"SNP3117","aradu.V14167.gnm1.Aradu.A07_3647803",7,3647803
"SNP3118","aradu.V14167.gnm1.Aradu.A07_3647838",7,3647838
"SNP3119","aradu.V14167.gnm1.Aradu.A07_3647931",7,3647931
"SNP3120","aradu.V14167.gnm1.Aradu.A07_3649083",7,3649083
"SNP3121","aradu.V14167.gnm1.Aradu.A07_3681533",7,3681533
"SNP3122","aradu.V14167.gnm1.Aradu.A07_3843676",7,3843676
"SNP3123","aradu.V14167.gnm1.Aradu.A07_3944572",7,3944572
"SNP3124","aradu.V14167.gnm1.Aradu.A07_4062405",7,4062405
"SNP3125","aradu.V14167.gnm1.Aradu.A07_4092195",7,4092195
"SNP3126","aradu.V14167.gnm1.Aradu.A07_4535741",7,4535741
"SNP3127","aradu.V14167.gnm1.Aradu.A07_4556586",7,4556586
"SNP3128","aradu.V14167.gnm1.Aradu.A07_4556698",7,4556698
"SNP3129","aradu.V14167.gnm1.Aradu.A07_4556844",7,4556844
"SNP3130","aradu.V14167.gnm1.Aradu.A07_4557012",7,4557012
"SNP3131","aradu.V14167.gnm1.Aradu.A07_4557076",7,4557076
"SNP3132","aradu.V14167.gnm1.Aradu.A07_4557448",7,4557448
"SNP3133","aradu.V14167.gnm1.Aradu.A07_4557526",7,4557526
"SNP3134","aradu.V14167.gnm1.Aradu.A07_4557562",7,4557562
"SNP3135","aradu.V14167.gnm1.Aradu.A07_4685468",7,4685468
"SNP3136","aradu.V14167.gnm1.Aradu.A07_4944769",7,4944769
"SNP3137","aradu.V14167.gnm1.Aradu.A07_4960748",7,4960748
"SNP3138","aradu.V14167.gnm1.Aradu.A07_5231128",7,5231128
"SNP3139","aradu.V14167.gnm1.Aradu.A07_5370525",7,5370525
"SNP3140","aradu.V14167.gnm1.Aradu.A07_5372628",7,5372628
"SNP3141","aradu.V14167.gnm1.Aradu.A07_5953245",7,5953245
"SNP3142","aradu.V14167.gnm1.Aradu.A07_5969334",7,5969334
"SNP3143","aradu.V14167.gnm1.Aradu.A07_6229384",7,6229384
"SNP3144","aradu.V14167.gnm1.Aradu.A07_6489131",7,6489131
"SNP3145","aradu.V14167.gnm1.Aradu.A07_6516170",7,6516170
"SNP3146","aradu.V14167.gnm1.Aradu.A07_6524157",7,6524157
"SNP3147","aradu.V14167.gnm1.Aradu.A07_6665011",7,6665011
"SNP3148","aradu.V14167.gnm1.Aradu.A07_6715265",7,6715265
"SNP3149","aradu.V14167.gnm1.Aradu.A07_6759158",7,6759158
"SNP3150","aradu.V14167.gnm1.Aradu.A07_6843425",7,6843425
"SNP3151","aradu.V14167.gnm1.Aradu.A07_7069001",7,7069001
"SNP3152","aradu.V14167.gnm1.Aradu.A07_7074047",7,7074047
"SNP3153","aradu.V14167.gnm1.Aradu.A07_7143266",7,7143266
"SNP3154","aradu.V14167.gnm1.Aradu.A07_7202824",7,7202824
"SNP3155","aradu.V14167.gnm1.Aradu.A07_7255379",7,7255379
"SNP3156","aradu.V14167.gnm1.Aradu.A07_7419595",7,7419595
"SNP3157","aradu.V14167.gnm1.Aradu.A07_7601652",7,7601652
"SNP3158","aradu.V14167.gnm1.Aradu.A07_7755422",7,7755422
"SNP3159","aradu.V14167.gnm1.Aradu.A07_7873761",7,7873761
"SNP3160","aradu.V14167.gnm1.Aradu.A07_8582130",7,8582130
"SNP3161","aradu.V14167.gnm1.Aradu.A07_8650825",7,8650825
"SNP3162","aradu.V14167.gnm1.Aradu.A07_8666124",7,8666124
"SNP3163","aradu.V14167.gnm1.Aradu.A07_8734100",7,8734100
"SNP3164","aradu.V14167.gnm1.Aradu.A07_8759017",7,8759017
"SNP3165","aradu.V14167.gnm1.Aradu.A07_8965230",7,8965230
"SNP3166","aradu.V14167.gnm1.Aradu.A07_8996134",7,8996134
"SNP3167","aradu.V14167.gnm1.Aradu.A07_9285327",7,9285327
"SNP3168","aradu.V14167.gnm1.Aradu.A07_9412525",7,9412525
"SNP3169","aradu.V14167.gnm1.Aradu.A07_9518251",7,9518251
"SNP3170","aradu.V14167.gnm1.Aradu.A07_9596839",7,9596839
"SNP3171","aradu.V14167.gnm1.Aradu.A07_9678766",7,9678766
"SNP3172","aradu.V14167.gnm1.Aradu.A07_9729090",7,9729090
"SNP3173","aradu.V14167.gnm1.Aradu.A07_10014058",7,10014058
"SNP3174","aradu.V14167.gnm1.Aradu.A07_10326430",7,10326430
"SNP3175","aradu.V14167.gnm1.Aradu.A07_10768365",7,10768365
"SNP3176","aradu.V14167.gnm1.Aradu.A07_10840313",7,10840313
"SNP3177","aradu.V14167.gnm1.Aradu.A07_10849751",7,10849751
"SNP3178","aradu.V14167.gnm1.Aradu.A07_10873997",7,10873997
"SNP3179","aradu.V14167.gnm1.Aradu.A07_10904507",7,10904507
"SNP3180","aradu.V14167.gnm1.Aradu.A07_11284429",7,11284429
"SNP3181","aradu.V14167.gnm1.Aradu.A07_11595086",7,11595086
"SNP3182","aradu.V14167.gnm1.Aradu.A07_11646332",7,11646332
"SNP3183","aradu.V14167.gnm1.Aradu.A07_11706948",7,11706948
"SNP3184","aradu.V14167.gnm1.Aradu.A07_11739939",7,11739939
"SNP3185","aradu.V14167.gnm1.Aradu.A07_11765386",7,11765386
"SNP3186","aradu.V14167.gnm1.Aradu.A07_11766998",7,11766998
"SNP3187","aradu.V14167.gnm1.Aradu.A07_11895013",7,11895013
"SNP3188","aradu.V14167.gnm1.Aradu.A07_11897881",7,11897881
"SNP3189","aradu.V14167.gnm1.Aradu.A07_11902406",7,11902406
"SNP3190","aradu.V14167.gnm1.Aradu.A07_12070538",7,12070538
"SNP3191","aradu.V14167.gnm1.Aradu.A07_12181354",7,12181354
"SNP3192","aradu.V14167.gnm1.Aradu.A07_12182511",7,12182511
"SNP3193","aradu.V14167.gnm1.Aradu.A07_12349125",7,12349125
"SNP3194","aradu.V14167.gnm1.Aradu.A07_12521563",7,12521563
"SNP3195","aradu.V14167.gnm1.Aradu.A07_12582255",7,12582255
"SNP3196","aradu.V14167.gnm1.Aradu.A07_13002879",7,13002879
"SNP3197","aradu.V14167.gnm1.Aradu.A07_13575652",7,13575652
"SNP3198","aradu.V14167.gnm1.Aradu.A07_13608123",7,13608123
"SNP3199","aradu.V14167.gnm1.Aradu.A07_13714703",7,13714703
"SNP3200","aradu.V14167.gnm1.Aradu.A07_13849652",7,13849652
"SNP3201","aradu.V14167.gnm1.Aradu.A07_13860173",7,13860173
"SNP3202","aradu.V14167.gnm1.Aradu.A07_14159853",7,14159853
"SNP3203","aradu.V14167.gnm1.Aradu.A07_14353884",7,14353884
"SNP3204","aradu.V14167.gnm1.Aradu.A07_14366822",7,14366822
"SNP3205","aradu.V14167.gnm1.Aradu.A07_14438891",7,14438891
"SNP3206","aradu.V14167.gnm1.Aradu.A07_14518932",7,14518932
"SNP3207","aradu.V14167.gnm1.Aradu.A07_14534229",7,14534229
"SNP3208","aradu.V14167.gnm1.Aradu.A07_15052690",7,15052690
"SNP3209","aradu.V14167.gnm1.Aradu.A07_15129535",7,15129535
"SNP3210","aradu.V14167.gnm1.Aradu.A07_15289948",7,15289948
"SNP3211","aradu.V14167.gnm1.Aradu.A07_15591393",7,15591393
"SNP3212","aradu.V14167.gnm1.Aradu.A07_15682485",7,15682485
"SNP3213","aradu.V14167.gnm1.Aradu.A07_15782644",7,15782644
"SNP3214","aradu.V14167.gnm1.Aradu.A07_16169726",7,16169726
"SNP3215","aradu.V14167.gnm1.Aradu.A07_16212548",7,16212548
"SNP3216","aradu.V14167.gnm1.Aradu.A07_16297098",7,16297098
"SNP3217","aradu.V14167.gnm1.Aradu.A07_17306559",7,17306559
"SNP3218","aradu.V14167.gnm1.Aradu.A07_17536379",7,17536379
"SNP3219","aradu.V14167.gnm1.Aradu.A07_18241987",7,18241987
"SNP3220","aradu.V14167.gnm1.Aradu.A07_18675844",7,18675844
"SNP3221","aradu.V14167.gnm1.Aradu.A07_18780288",7,18780288
"SNP3222","aradu.V14167.gnm1.Aradu.A07_18840166",7,18840166
"SNP3223","aradu.V14167.gnm1.Aradu.A07_18840306",7,18840306
"SNP3224","aradu.V14167.gnm1.Aradu.A07_18840346",7,18840346
"SNP3225","aradu.V14167.gnm1.Aradu.A07_19125466",7,19125466
"SNP3226","aradu.V14167.gnm1.Aradu.A07_19254014",7,19254014
"SNP3227","aradu.V14167.gnm1.Aradu.A07_20069341",7,20069341
"SNP3228","aradu.V14167.gnm1.Aradu.A07_20199747",7,20199747
"SNP3229","aradu.V14167.gnm1.Aradu.A07_20994938",7,20994938
"SNP3230","aradu.V14167.gnm1.Aradu.A07_21506766",7,21506766
"SNP3231","aradu.V14167.gnm1.Aradu.A07_21616270",7,21616270
"SNP3232","aradu.V14167.gnm1.Aradu.A07_21622480",7,21622480
"SNP3233","aradu.V14167.gnm1.Aradu.A07_21622563",7,21622563
"SNP3234","aradu.V14167.gnm1.Aradu.A07_21639777",7,21639777
"SNP3235","aradu.V14167.gnm1.Aradu.A07_21862707",7,21862707
"SNP3236","aradu.V14167.gnm1.Aradu.A07_22257800",7,22257800
"SNP3237","aradu.V14167.gnm1.Aradu.A07_22267676",7,22267676
"SNP3238","aradu.V14167.gnm1.Aradu.A07_22304296",7,22304296
"SNP3239","aradu.V14167.gnm1.Aradu.A07_22359364",7,22359364
"SNP3240","aradu.V14167.gnm1.Aradu.A07_22362564",7,22362564
"SNP3241","aradu.V14167.gnm1.Aradu.A07_22653939",7,22653939
"SNP3242","aradu.V14167.gnm1.Aradu.A07_22905122",7,22905122
"SNP3243","aradu.V14167.gnm1.Aradu.A07_22905143",7,22905143
"SNP3244","aradu.V14167.gnm1.Aradu.A07_23104918",7,23104918
"SNP3245","aradu.V14167.gnm1.Aradu.A07_23136977",7,23136977
"SNP3246","aradu.V14167.gnm1.Aradu.A07_23137918",7,23137918
"SNP3247","aradu.V14167.gnm1.Aradu.A07_23149296",7,23149296
"SNP3248","aradu.V14167.gnm1.Aradu.A07_23213115",7,23213115
"SNP3249","aradu.V14167.gnm1.Aradu.A07_23392261",7,23392261
"SNP3250","aradu.V14167.gnm1.Aradu.A07_23430869",7,23430869
"SNP3251","aradu.V14167.gnm1.Aradu.A07_23493185",7,23493185
"SNP3252","aradu.V14167.gnm1.Aradu.A07_23540862",7,23540862
"SNP3253","aradu.V14167.gnm1.Aradu.A07_23614653",7,23614653
"SNP3254","aradu.V14167.gnm1.Aradu.A07_23649400",7,23649400
"SNP3255","aradu.V14167.gnm1.Aradu.A07_23650731",7,23650731
"SNP3256","aradu.V14167.gnm1.Aradu.A07_23778871",7,23778871
"SNP3257","aradu.V14167.gnm1.Aradu.A07_23798929",7,23798929
"SNP3258","aradu.V14167.gnm1.Aradu.A07_24206696",7,24206696
"SNP3259","aradu.V14167.gnm1.Aradu.A07_24363427",7,24363427
"SNP3260","aradu.V14167.gnm1.Aradu.A07_24823943",7,24823943
"SNP3261","aradu.V14167.gnm1.Aradu.A07_24958364",7,24958364
"SNP3262","aradu.V14167.gnm1.Aradu.A07_25131899",7,25131899
"SNP3263","aradu.V14167.gnm1.Aradu.A07_26041928",7,26041928
"SNP3264","aradu.V14167.gnm1.Aradu.A07_26315349",7,26315349
"SNP3265","aradu.V14167.gnm1.Aradu.A07_26593190",7,26593190
"SNP3266","aradu.V14167.gnm1.Aradu.A07_26805319",7,26805319
"SNP3267","aradu.V14167.gnm1.Aradu.A07_27372300",7,27372300
"SNP3268","aradu.V14167.gnm1.Aradu.A07_27706463",7,27706463
"SNP3269","aradu.V14167.gnm1.Aradu.A07_28076669",7,28076669
"SNP3270","aradu.V14167.gnm1.Aradu.A07_28119195",7,28119195
"SNP3271","aradu.V14167.gnm1.Aradu.A07_28154366",7,28154366
"SNP3272","aradu.V14167.gnm1.Aradu.A07_28392372",7,28392372
"SNP3273","aradu.V14167.gnm1.Aradu.A07_28419217",7,28419217
"SNP3274","aradu.V14167.gnm1.Aradu.A07_28421953",7,28421953
"SNP3275","aradu.V14167.gnm1.Aradu.A07_28526314",7,28526314
"SNP3276","aradu.V14167.gnm1.Aradu.A07_28659304",7,28659304
"SNP3277","aradu.V14167.gnm1.Aradu.A07_28944423",7,28944423
"SNP3278","aradu.V14167.gnm1.Aradu.A07_29324465",7,29324465
"SNP3279","aradu.V14167.gnm1.Aradu.A07_30174917",7,30174917
"SNP3280","aradu.V14167.gnm1.Aradu.A07_30219106",7,30219106
"SNP3281","aradu.V14167.gnm1.Aradu.A07_30747543",7,30747543
"SNP3282","aradu.V14167.gnm1.Aradu.A07_31006238",7,31006238
"SNP3283","aradu.V14167.gnm1.Aradu.A07_31122713",7,31122713
"SNP3284","aradu.V14167.gnm1.Aradu.A07_31612971",7,31612971
"SNP3285","aradu.V14167.gnm1.Aradu.A07_33861556",7,33861556
"SNP3286","aradu.V14167.gnm1.Aradu.A07_34180082",7,34180082
"SNP3287","aradu.V14167.gnm1.Aradu.A07_34410118",7,34410118
"SNP3288","aradu.V14167.gnm1.Aradu.A07_34426471",7,34426471
"SNP3289","aradu.V14167.gnm1.Aradu.A07_34465835",7,34465835
"SNP3290","aradu.V14167.gnm1.Aradu.A07_34517932",7,34517932
"SNP3291","aradu.V14167.gnm1.Aradu.A07_34819166",7,34819166
"SNP3292","aradu.V14167.gnm1.Aradu.A07_34887341",7,34887341
"SNP3293","aradu.V14167.gnm1.Aradu.A07_35076610",7,35076610
"SNP3294","aradu.V14167.gnm1.Aradu.A07_35350479",7,35350479
"SNP3295","aradu.V14167.gnm1.Aradu.A07_35393734",7,35393734
"SNP3296","aradu.V14167.gnm1.Aradu.A07_35770783",7,35770783
"SNP3297","aradu.V14167.gnm1.Aradu.A07_36078054",7,36078054
"SNP3298","aradu.V14167.gnm1.Aradu.A07_36494692",7,36494692
"SNP3299","aradu.V14167.gnm1.Aradu.A07_36613338",7,36613338
"SNP3300","aradu.V14167.gnm1.Aradu.A07_36740005",7,36740005
"SNP3301","aradu.V14167.gnm1.Aradu.A07_36901239",7,36901239
"SNP3302","aradu.V14167.gnm1.Aradu.A07_37082448",7,37082448
"SNP3303","aradu.V14167.gnm1.Aradu.A07_37095327",7,37095327
"SNP3304","aradu.V14167.gnm1.Aradu.A07_37522036",7,37522036
"SNP3305","aradu.V14167.gnm1.Aradu.A07_37814759",7,37814759
"SNP3306","aradu.V14167.gnm1.Aradu.A07_37983171",7,37983171
"SNP3307","aradu.V14167.gnm1.Aradu.A07_38028249",7,38028249
"SNP3308","aradu.V14167.gnm1.Aradu.A07_38036274",7,38036274
"SNP3309","aradu.V14167.gnm1.Aradu.A07_38184848",7,38184848
"SNP3310","aradu.V14167.gnm1.Aradu.A07_38192955",7,38192955
"SNP3311","aradu.V14167.gnm1.Aradu.A07_38228133",7,38228133
"SNP3312","aradu.V14167.gnm1.Aradu.A07_38242509",7,38242509
"SNP3313","aradu.V14167.gnm1.Aradu.A07_38298109",7,38298109
"SNP3314","aradu.V14167.gnm1.Aradu.A07_38520468",7,38520468
"SNP3315","aradu.V14167.gnm1.Aradu.A07_38576293",7,38576293
"SNP3316","aradu.V14167.gnm1.Aradu.A07_38645986",7,38645986
"SNP3317","aradu.V14167.gnm1.Aradu.A07_38763530",7,38763530
"SNP3318","aradu.V14167.gnm1.Aradu.A07_40282788",7,40282788
"SNP3319","aradu.V14167.gnm1.Aradu.A07_43272129",7,43272129
"SNP3320","aradu.V14167.gnm1.Aradu.A07_43501070",7,43501070
"SNP3321","aradu.V14167.gnm1.Aradu.A07_43543642",7,43543642
"SNP3322","aradu.V14167.gnm1.Aradu.A07_43817432",7,43817432
"SNP3323","aradu.V14167.gnm1.Aradu.A07_43976708",7,43976708
"SNP3324","aradu.V14167.gnm1.Aradu.A07_44111530",7,44111530
"SNP3325","aradu.V14167.gnm1.Aradu.A07_44747214",7,44747214
"SNP3326","aradu.V14167.gnm1.Aradu.A07_45819429",7,45819429
"SNP3327","aradu.V14167.gnm1.Aradu.A07_47231031",7,47231031
"SNP3328","aradu.V14167.gnm1.Aradu.A07_47514543",7,47514543
"SNP3329","aradu.V14167.gnm1.Aradu.A07_49364480",7,49364480
"SNP3330","aradu.V14167.gnm1.Aradu.A07_49543231",7,49543231
"SNP3331","aradu.V14167.gnm1.Aradu.A07_49648362",7,49648362
"SNP3332","aradu.V14167.gnm1.Aradu.A07_49701881",7,49701881
"SNP3333","aradu.V14167.gnm1.Aradu.A07_49832270",7,49832270
"SNP3334","aradu.V14167.gnm1.Aradu.A07_49843028",7,49843028
"SNP3335","aradu.V14167.gnm1.Aradu.A07_49886183",7,49886183
"SNP3336","aradu.V14167.gnm1.Aradu.A07_49894747",7,49894747
"SNP3337","aradu.V14167.gnm1.Aradu.A07_50595099",7,50595099
"SNP3338","aradu.V14167.gnm1.Aradu.A07_50745863",7,50745863
"SNP3339","aradu.V14167.gnm1.Aradu.A07_51476111",7,51476111
"SNP3340","aradu.V14167.gnm1.Aradu.A07_51512828",7,51512828
"SNP3341","aradu.V14167.gnm1.Aradu.A07_53279095",7,53279095
"SNP3342","aradu.V14167.gnm1.Aradu.A07_53299057",7,53299057
"SNP3343","aradu.V14167.gnm1.Aradu.A07_53903956",7,53903956
"SNP3344","aradu.V14167.gnm1.Aradu.A07_54250360",7,54250360
"SNP3345","aradu.V14167.gnm1.Aradu.A07_54334742",7,54334742
"SNP3346","aradu.V14167.gnm1.Aradu.A07_54958888",7,54958888
"SNP3347","aradu.V14167.gnm1.Aradu.A07_54958916",7,54958916
"SNP3348","aradu.V14167.gnm1.Aradu.A07_55457156",7,55457156
"SNP3349","aradu.V14167.gnm1.Aradu.A07_56104900",7,56104900
"SNP3350","aradu.V14167.gnm1.Aradu.A07_56394995",7,56394995
"SNP3351","aradu.V14167.gnm1.Aradu.A07_58292539",7,58292539
"SNP3352","aradu.V14167.gnm1.Aradu.A07_58745504",7,58745504
"SNP3353","aradu.V14167.gnm1.Aradu.A07_59068844",7,59068844
"SNP3354","aradu.V14167.gnm1.Aradu.A07_60465737",7,60465737
"SNP3355","aradu.V14167.gnm1.Aradu.A07_61096067",7,61096067
"SNP3356","aradu.V14167.gnm1.Aradu.A07_61429660",7,61429660
"SNP3357","aradu.V14167.gnm1.Aradu.A07_61889203",7,61889203
"SNP3358","aradu.V14167.gnm1.Aradu.A07_62317917",7,62317917
"SNP3359","aradu.V14167.gnm1.Aradu.A07_62600009",7,62600009
"SNP3360","aradu.V14167.gnm1.Aradu.A07_63192923",7,63192923
"SNP3361","aradu.V14167.gnm1.Aradu.A07_63592256",7,63592256
"SNP3362","aradu.V14167.gnm1.Aradu.A07_63619243",7,63619243
"SNP3363","aradu.V14167.gnm1.Aradu.A07_63657369",7,63657369
"SNP3364","aradu.V14167.gnm1.Aradu.A07_63762050",7,63762050
"SNP3365","aradu.V14167.gnm1.Aradu.A07_63802596",7,63802596
"SNP3366","aradu.V14167.gnm1.Aradu.A07_63857206",7,63857206
"SNP3367","aradu.V14167.gnm1.Aradu.A07_64157336",7,64157336
"SNP3368","aradu.V14167.gnm1.Aradu.A07_64217536",7,64217536
"SNP3369","aradu.V14167.gnm1.Aradu.A07_64309905",7,64309905
"SNP3370","aradu.V14167.gnm1.Aradu.A07_64344224",7,64344224
"SNP3371","aradu.V14167.gnm1.Aradu.A07_64493577",7,64493577
"SNP3372","aradu.V14167.gnm1.Aradu.A07_64575868",7,64575868
"SNP3373","aradu.V14167.gnm1.Aradu.A07_64855569",7,64855569
"SNP3374","aradu.V14167.gnm1.Aradu.A07_65028454",7,65028454
"SNP3375","aradu.V14167.gnm1.Aradu.A07_65042717",7,65042717
"SNP3376","aradu.V14167.gnm1.Aradu.A07_65115370",7,65115370
"SNP3377","aradu.V14167.gnm1.Aradu.A07_65468104",7,65468104
"SNP3378","aradu.V14167.gnm1.Aradu.A07_65554785",7,65554785
"SNP3379","aradu.V14167.gnm1.Aradu.A07_65678392",7,65678392
"SNP3380","aradu.V14167.gnm1.Aradu.A07_65878596",7,65878596
"SNP3381","aradu.V14167.gnm1.Aradu.A07_65944976",7,65944976
"SNP3382","aradu.V14167.gnm1.Aradu.A07_65956077",7,65956077
"SNP3383","aradu.V14167.gnm1.Aradu.A07_66530379",7,66530379
"SNP3384","aradu.V14167.gnm1.Aradu.A07_66573812",7,66573812
"SNP3385","aradu.V14167.gnm1.Aradu.A07_66663028",7,66663028
"SNP3386","aradu.V14167.gnm1.Aradu.A07_66663040",7,66663040
"SNP3387","aradu.V14167.gnm1.Aradu.A07_66818985",7,66818985
"SNP3388","aradu.V14167.gnm1.Aradu.A07_66844440",7,66844440
"SNP3389","aradu.V14167.gnm1.Aradu.A07_66846506",7,66846506
"SNP3390","aradu.V14167.gnm1.Aradu.A07_66962887",7,66962887
"SNP3391","aradu.V14167.gnm1.Aradu.A07_66981134",7,66981134
"SNP3392","aradu.V14167.gnm1.Aradu.A07_67015872",7,67015872
"SNP3393","aradu.V14167.gnm1.Aradu.A07_67224623",7,67224623
"SNP3394","aradu.V14167.gnm1.Aradu.A07_67400046",7,67400046
"SNP3395","aradu.V14167.gnm1.Aradu.A07_67456483",7,67456483
"SNP3396","aradu.V14167.gnm1.Aradu.A07_67457859",7,67457859
"SNP3397","aradu.V14167.gnm1.Aradu.A07_67478911",7,67478911
"SNP3398","aradu.V14167.gnm1.Aradu.A07_67544979",7,67544979
"SNP3399","aradu.V14167.gnm1.Aradu.A07_67551517",7,67551517
"SNP3400","aradu.V14167.gnm1.Aradu.A07_67659644",7,67659644
"SNP3401","aradu.V14167.gnm1.Aradu.A07_67766365",7,67766365
"SNP3402","aradu.V14167.gnm1.Aradu.A07_67803307",7,67803307
"SNP3403","aradu.V14167.gnm1.Aradu.A07_67844127",7,67844127
"SNP3404","aradu.V14167.gnm1.Aradu.A07_67928136",7,67928136
"SNP3405","aradu.V14167.gnm1.Aradu.A07_68002761",7,68002761
"SNP3406","aradu.V14167.gnm1.Aradu.A07_68003567",7,68003567
"SNP3407","aradu.V14167.gnm1.Aradu.A07_68036281",7,68036281
"SNP3408","aradu.V14167.gnm1.Aradu.A07_68093669",7,68093669
"SNP3409","aradu.V14167.gnm1.Aradu.A07_68200564",7,68200564
"SNP3410","aradu.V14167.gnm1.Aradu.A07_68244746",7,68244746
"SNP3411","aradu.V14167.gnm1.Aradu.A07_68277320",7,68277320
"SNP3412","aradu.V14167.gnm1.Aradu.A07_68390342",7,68390342
"SNP3413","aradu.V14167.gnm1.Aradu.A07_68635823",7,68635823
"SNP3414","aradu.V14167.gnm1.Aradu.A07_68867140",7,68867140
"SNP3415","aradu.V14167.gnm1.Aradu.A07_68894297",7,68894297
"SNP3416","aradu.V14167.gnm1.Aradu.A07_69071679",7,69071679
"SNP3417","aradu.V14167.gnm1.Aradu.A07_69124909",7,69124909
"SNP3418","aradu.V14167.gnm1.Aradu.A07_69419669",7,69419669
"SNP3419","aradu.V14167.gnm1.Aradu.A07_69426167",7,69426167
"SNP3420","aradu.V14167.gnm1.Aradu.A07_69426202",7,69426202
"SNP3421","aradu.V14167.gnm1.Aradu.A07_69648564",7,69648564
"SNP3422","aradu.V14167.gnm1.Aradu.A07_69787599",7,69787599
"SNP3423","aradu.V14167.gnm1.Aradu.A07_70064821",7,70064821
"SNP3424","aradu.V14167.gnm1.Aradu.A07_70204648",7,70204648
"SNP3425","aradu.V14167.gnm1.Aradu.A07_70225192",7,70225192
"SNP3426","aradu.V14167.gnm1.Aradu.A07_70602132",7,70602132
"SNP3427","aradu.V14167.gnm1.Aradu.A07_70634323",7,70634323
"SNP3428","aradu.V14167.gnm1.Aradu.A07_71540352",7,71540352
"SNP3429","aradu.V14167.gnm1.Aradu.A07_71788521",7,71788521
"SNP3430","aradu.V14167.gnm1.Aradu.A07_71886355",7,71886355
"SNP3431","aradu.V14167.gnm1.Aradu.A07_72093994",7,72093994
"SNP3432","aradu.V14167.gnm1.Aradu.A07_72094738",7,72094738
"SNP3433","aradu.V14167.gnm1.Aradu.A07_72818243",7,72818243
"SNP3434","aradu.V14167.gnm1.Aradu.A07_73162176",7,73162176
"SNP3435","aradu.V14167.gnm1.Aradu.A07_73179496",7,73179496
"SNP3436","aradu.V14167.gnm1.Aradu.A07_73246284",7,73246284
"SNP3437","aradu.V14167.gnm1.Aradu.A07_73246538",7,73246538
"SNP3438","aradu.V14167.gnm1.Aradu.A07_73276587",7,73276587
"SNP3439","aradu.V14167.gnm1.Aradu.A07_73297928",7,73297928
"SNP3440","aradu.V14167.gnm1.Aradu.A07_73297977",7,73297977
"SNP3441","aradu.V14167.gnm1.Aradu.A07_73339432",7,73339432
"SNP3442","aradu.V14167.gnm1.Aradu.A07_73522729",7,73522729
"SNP3443","aradu.V14167.gnm1.Aradu.A07_73584141",7,73584141
"SNP3444","aradu.V14167.gnm1.Aradu.A07_73678683",7,73678683
"SNP3445","aradu.V14167.gnm1.Aradu.A07_73721689",7,73721689
"SNP3446","aradu.V14167.gnm1.Aradu.A07_73722023",7,73722023
"SNP3447","aradu.V14167.gnm1.Aradu.A07_73746361",7,73746361
"SNP3448","aradu.V14167.gnm1.Aradu.A07_73873337",7,73873337
"SNP3449","aradu.V14167.gnm1.Aradu.A07_73874550",7,73874550
"SNP3450","aradu.V14167.gnm1.Aradu.A07_73875512",7,73875512
"SNP3451","aradu.V14167.gnm1.Aradu.A07_73875556",7,73875556
"SNP3452","aradu.V14167.gnm1.Aradu.A07_73875730",7,73875730
"SNP3453","aradu.V14167.gnm1.Aradu.A07_73875757",7,73875757
"SNP3454","aradu.V14167.gnm1.Aradu.A07_73876732",7,73876732
"SNP3455","aradu.V14167.gnm1.Aradu.A07_73877125",7,73877125
"SNP3456","aradu.V14167.gnm1.Aradu.A07_73877386",7,73877386
"SNP3457","aradu.V14167.gnm1.Aradu.A07_73877714",7,73877714
"SNP3458","aradu.V14167.gnm1.Aradu.A07_73880548",7,73880548
"SNP3459","aradu.V14167.gnm1.Aradu.A07_73880565",7,73880565
"SNP3460","aradu.V14167.gnm1.Aradu.A07_73882549",7,73882549
"SNP3461","aradu.V14167.gnm1.Aradu.A07_74040675",7,74040675
"SNP3462","aradu.V14167.gnm1.Aradu.A07_74056814",7,74056814
"SNP3463","aradu.V14167.gnm1.Aradu.A07_74441201",7,74441201
"SNP3464","aradu.V14167.gnm1.Aradu.A07_74551064",7,74551064
"SNP3465","aradu.V14167.gnm1.Aradu.A07_74564001",7,74564001
"SNP3466","aradu.V14167.gnm1.Aradu.A07_74671965",7,74671965
"SNP3467","aradu.V14167.gnm1.Aradu.A07_74701046",7,74701046
"SNP3468","aradu.V14167.gnm1.Aradu.A07_74839969",7,74839969
"SNP3469","aradu.V14167.gnm1.Aradu.A07_75137019",7,75137019
"SNP3470","aradu.V14167.gnm1.Aradu.A07_75161338",7,75161338
"SNP3471","aradu.V14167.gnm1.Aradu.A07_75165486",7,75165486
"SNP3472","aradu.V14167.gnm1.Aradu.A07_75169608",7,75169608
"SNP3473","aradu.V14167.gnm1.Aradu.A07_75320714",7,75320714
"SNP3474","aradu.V14167.gnm1.Aradu.A07_75320959",7,75320959
"SNP3475","aradu.V14167.gnm1.Aradu.A07_75321826",7,75321826
"SNP3476","aradu.V14167.gnm1.Aradu.A07_75694510",7,75694510
"SNP3477","aradu.V14167.gnm1.Aradu.A07_76004335",7,76004335
"SNP3478","aradu.V14167.gnm1.Aradu.A07_76276161",7,76276161
"SNP3479","aradu.V14167.gnm1.Aradu.A07_76296090",7,76296090
"SNP3480","aradu.V14167.gnm1.Aradu.A07_76376352",7,76376352
"SNP3481","aradu.V14167.gnm1.Aradu.A07_76487926",7,76487926
"SNP3482","aradu.V14167.gnm1.Aradu.A07_76493118",7,76493118
"SNP3483","aradu.V14167.gnm1.Aradu.A07_76551628",7,76551628
"SNP3484","aradu.V14167.gnm1.Aradu.A07_76737663",7,76737663
"SNP3485","aradu.V14167.gnm1.Aradu.A07_77224573",7,77224573
"SNP3486","aradu.V14167.gnm1.Aradu.A07_77319074",7,77319074
"SNP3487","aradu.V14167.gnm1.Aradu.A07_77559471",7,77559471
"SNP3488","aradu.V14167.gnm1.Aradu.A07_77756346",7,77756346
"SNP3489","aradu.V14167.gnm1.Aradu.A07_77948470",7,77948470
"SNP3490","aradu.V14167.gnm1.Aradu.A07_78097998",7,78097998
"SNP3491","aradu.V14167.gnm1.Aradu.A07_78194336",7,78194336
"SNP3492","aradu.V14167.gnm1.Aradu.A07_78203000",7,78203000
"SNP3493","aradu.V14167.gnm1.Aradu.A07_78279609",7,78279609
"SNP3494","aradu.V14167.gnm1.Aradu.A07_78296000",7,78296000
"SNP3495","aradu.V14167.gnm1.Aradu.A07_78347621",7,78347621
"SNP3496","aradu.V14167.gnm1.Aradu.A07_78415574",7,78415574
"SNP3497","aradu.V14167.gnm1.Aradu.A07_78470369",7,78470369
"SNP3498","aradu.V14167.gnm1.Aradu.A07_78502173",7,78502173
"SNP3499","aradu.V14167.gnm1.Aradu.A07_78545074",7,78545074
"SNP3500","aradu.V14167.gnm1.Aradu.A07_78561369",7,78561369
"SNP3501","aradu.V14167.gnm1.Aradu.A07_78712870",7,78712870
"SNP3502","aradu.V14167.gnm1.Aradu.A07_78816885",7,78816885
"SNP3503","aradu.V14167.gnm1.Aradu.A08_410109",8,410109
"SNP3504","aradu.V14167.gnm1.Aradu.A08_784618",8,784618
"SNP3505","aradu.V14167.gnm1.Aradu.A08_979329",8,979329
"SNP3506","aradu.V14167.gnm1.Aradu.A08_979914",8,979914
"SNP3507","aradu.V14167.gnm1.Aradu.A08_1075033",8,1075033
"SNP3508","aradu.V14167.gnm1.Aradu.A08_1393505",8,1393505
"SNP3509","aradu.V14167.gnm1.Aradu.A08_1423941",8,1423941
"SNP3510","aradu.V14167.gnm1.Aradu.A08_1488542",8,1488542
"SNP3511","aradu.V14167.gnm1.Aradu.A08_1507738",8,1507738
"SNP3512","aradu.V14167.gnm1.Aradu.A08_1732429",8,1732429
"SNP3513","aradu.V14167.gnm1.Aradu.A08_1792159",8,1792159
"SNP3514","aradu.V14167.gnm1.Aradu.A08_1902202",8,1902202
"SNP3515","aradu.V14167.gnm1.Aradu.A08_1904591",8,1904591
"SNP3516","aradu.V14167.gnm1.Aradu.A08_2132260",8,2132260
"SNP3517","aradu.V14167.gnm1.Aradu.A08_2227890",8,2227890
"SNP3518","aradu.V14167.gnm1.Aradu.A08_2319678",8,2319678
"SNP3519","aradu.V14167.gnm1.Aradu.A08_2329978",8,2329978
"SNP3520","aradu.V14167.gnm1.Aradu.A08_2367554",8,2367554
"SNP3521","aradu.V14167.gnm1.Aradu.A08_2401835",8,2401835
"SNP3522","aradu.V14167.gnm1.Aradu.A08_2405445",8,2405445
"SNP3523","aradu.V14167.gnm1.Aradu.A08_2471715",8,2471715
"SNP3524","aradu.V14167.gnm1.Aradu.A08_2669025",8,2669025
"SNP3525","aradu.V14167.gnm1.Aradu.A08_2688575",8,2688575
"SNP3526","aradu.V14167.gnm1.Aradu.A08_2727876",8,2727876
"SNP3527","aradu.V14167.gnm1.Aradu.A08_2774427",8,2774427
"SNP3528","aradu.V14167.gnm1.Aradu.A08_2880574",8,2880574
"SNP3529","aradu.V14167.gnm1.Aradu.A08_2900512",8,2900512
"SNP3530","aradu.V14167.gnm1.Aradu.A08_2924597",8,2924597
"SNP3531","aradu.V14167.gnm1.Aradu.A08_2924982",8,2924982
"SNP3532","aradu.V14167.gnm1.Aradu.A08_3127122",8,3127122
"SNP3533","aradu.V14167.gnm1.Aradu.A08_3202957",8,3202957
"SNP3534","aradu.V14167.gnm1.Aradu.A08_3244963",8,3244963
"SNP3535","aradu.V14167.gnm1.Aradu.A08_3331193",8,3331193
"SNP3536","aradu.V14167.gnm1.Aradu.A08_3576545",8,3576545
"SNP3537","aradu.V14167.gnm1.Aradu.A08_3783666",8,3783666
"SNP3538","aradu.V14167.gnm1.Aradu.A08_3842918",8,3842918
"SNP3539","aradu.V14167.gnm1.Aradu.A08_3922640",8,3922640
"SNP3540","aradu.V14167.gnm1.Aradu.A08_3956635",8,3956635
"SNP3541","aradu.V14167.gnm1.Aradu.A08_4130418",8,4130418
"SNP3542","aradu.V14167.gnm1.Aradu.A08_4160623",8,4160623
"SNP3543","aradu.V14167.gnm1.Aradu.A08_4160628",8,4160628
"SNP3544","aradu.V14167.gnm1.Aradu.A08_4187167",8,4187167
"SNP3545","aradu.V14167.gnm1.Aradu.A08_4266982",8,4266982
"SNP3546","aradu.V14167.gnm1.Aradu.A08_4388602",8,4388602
"SNP3547","aradu.V14167.gnm1.Aradu.A08_4403235",8,4403235
"SNP3548","aradu.V14167.gnm1.Aradu.A08_4651594",8,4651594
"SNP3549","aradu.V14167.gnm1.Aradu.A08_4873972",8,4873972
"SNP3550","aradu.V14167.gnm1.Aradu.A08_5031151",8,5031151
"SNP3551","aradu.V14167.gnm1.Aradu.A08_5034371",8,5034371
"SNP3552","aradu.V14167.gnm1.Aradu.A08_5137858",8,5137858
"SNP3553","aradu.V14167.gnm1.Aradu.A08_6675996",8,6675996
"SNP3554","aradu.V14167.gnm1.Aradu.A08_6872380",8,6872380
"SNP3555","aradu.V14167.gnm1.Aradu.A08_6908671",8,6908671
"SNP3556","aradu.V14167.gnm1.Aradu.A08_6931571",8,6931571
"SNP3557","aradu.V14167.gnm1.Aradu.A08_6945586",8,6945586
"SNP3558","aradu.V14167.gnm1.Aradu.A08_7149290",8,7149290
"SNP3559","aradu.V14167.gnm1.Aradu.A08_7194019",8,7194019
"SNP3560","aradu.V14167.gnm1.Aradu.A08_7365731",8,7365731
"SNP3561","aradu.V14167.gnm1.Aradu.A08_7520037",8,7520037
"SNP3562","aradu.V14167.gnm1.Aradu.A08_8340010",8,8340010
"SNP3563","aradu.V14167.gnm1.Aradu.A08_8349837",8,8349837
"SNP3564","aradu.V14167.gnm1.Aradu.A08_8415162",8,8415162
"SNP3565","aradu.V14167.gnm1.Aradu.A08_8483763",8,8483763
"SNP3566","aradu.V14167.gnm1.Aradu.A08_8852469",8,8852469
"SNP3567","aradu.V14167.gnm1.Aradu.A08_9234059",8,9234059
"SNP3568","aradu.V14167.gnm1.Aradu.A08_9289194",8,9289194
"SNP3569","aradu.V14167.gnm1.Aradu.A08_9860532",8,9860532
"SNP3570","aradu.V14167.gnm1.Aradu.A08_10172580",8,10172580
"SNP3571","aradu.V14167.gnm1.Aradu.A08_10303181",8,10303181
"SNP3572","aradu.V14167.gnm1.Aradu.A08_10363223",8,10363223
"SNP3573","aradu.V14167.gnm1.Aradu.A08_10456319",8,10456319
"SNP3574","aradu.V14167.gnm1.Aradu.A08_10819076",8,10819076
"SNP3575","aradu.V14167.gnm1.Aradu.A08_11098857",8,11098857
"SNP3576","aradu.V14167.gnm1.Aradu.A08_11430081",8,11430081
"SNP3577","aradu.V14167.gnm1.Aradu.A08_11470196",8,11470196
"SNP3578","aradu.V14167.gnm1.Aradu.A08_11556029",8,11556029
"SNP3579","aradu.V14167.gnm1.Aradu.A08_12078626",8,12078626
"SNP3580","aradu.V14167.gnm1.Aradu.A08_12429536",8,12429536
"SNP3581","aradu.V14167.gnm1.Aradu.A08_12730687",8,12730687
"SNP3582","aradu.V14167.gnm1.Aradu.A08_12810656",8,12810656
"SNP3583","aradu.V14167.gnm1.Aradu.A08_13393331",8,13393331
"SNP3584","aradu.V14167.gnm1.Aradu.A08_13775776",8,13775776
"SNP3585","aradu.V14167.gnm1.Aradu.A08_13920366",8,13920366
"SNP3586","aradu.V14167.gnm1.Aradu.A08_14109983",8,14109983
"SNP3587","aradu.V14167.gnm1.Aradu.A08_14434316",8,14434316
"SNP3588","aradu.V14167.gnm1.Aradu.A08_14673196",8,14673196
"SNP3589","aradu.V14167.gnm1.Aradu.A08_14759754",8,14759754
"SNP3590","aradu.V14167.gnm1.Aradu.A08_16010147",8,16010147
"SNP3591","aradu.V14167.gnm1.Aradu.A08_16387312",8,16387312
"SNP3592","aradu.V14167.gnm1.Aradu.A08_17090490",8,17090490
"SNP3593","aradu.V14167.gnm1.Aradu.A08_17708203",8,17708203
"SNP3594","aradu.V14167.gnm1.Aradu.A08_18159810",8,18159810
"SNP3595","aradu.V14167.gnm1.Aradu.A08_19259140",8,19259140
"SNP3596","aradu.V14167.gnm1.Aradu.A08_22017125",8,22017125
"SNP3597","aradu.V14167.gnm1.Aradu.A08_22753763",8,22753763
"SNP3598","aradu.V14167.gnm1.Aradu.A08_23242549",8,23242549
"SNP3599","aradu.V14167.gnm1.Aradu.A08_23286408",8,23286408
"SNP3600","aradu.V14167.gnm1.Aradu.A08_23379483",8,23379483
"SNP3601","aradu.V14167.gnm1.Aradu.A08_23380747",8,23380747
"SNP3602","aradu.V14167.gnm1.Aradu.A08_23571538",8,23571538
"SNP3603","aradu.V14167.gnm1.Aradu.A08_23696790",8,23696790
"SNP3604","aradu.V14167.gnm1.Aradu.A08_23899109",8,23899109
"SNP3605","aradu.V14167.gnm1.Aradu.A08_23903021",8,23903021
"SNP3606","aradu.V14167.gnm1.Aradu.A08_24203872",8,24203872
"SNP3607","aradu.V14167.gnm1.Aradu.A08_24241147",8,24241147
"SNP3608","aradu.V14167.gnm1.Aradu.A08_24353119",8,24353119
"SNP3609","aradu.V14167.gnm1.Aradu.A08_24455849",8,24455849
"SNP3610","aradu.V14167.gnm1.Aradu.A08_24455877",8,24455877
"SNP3611","aradu.V14167.gnm1.Aradu.A08_24752832",8,24752832
"SNP3612","aradu.V14167.gnm1.Aradu.A08_25013312",8,25013312
"SNP3613","aradu.V14167.gnm1.Aradu.A08_25069451",8,25069451
"SNP3614","aradu.V14167.gnm1.Aradu.A08_25070583",8,25070583
"SNP3615","aradu.V14167.gnm1.Aradu.A08_25374453",8,25374453
"SNP3616","aradu.V14167.gnm1.Aradu.A08_25444223",8,25444223
"SNP3617","aradu.V14167.gnm1.Aradu.A08_25586473",8,25586473
"SNP3618","aradu.V14167.gnm1.Aradu.A08_25604406",8,25604406
"SNP3619","aradu.V14167.gnm1.Aradu.A08_25667924",8,25667924
"SNP3620","aradu.V14167.gnm1.Aradu.A08_25692282",8,25692282
"SNP3621","aradu.V14167.gnm1.Aradu.A08_25730809",8,25730809
"SNP3622","aradu.V14167.gnm1.Aradu.A08_25920435",8,25920435
"SNP3623","aradu.V14167.gnm1.Aradu.A08_26259638",8,26259638
"SNP3624","aradu.V14167.gnm1.Aradu.A08_26284875",8,26284875
"SNP3625","aradu.V14167.gnm1.Aradu.A08_27184015",8,27184015
"SNP3626","aradu.V14167.gnm1.Aradu.A08_27315319",8,27315319
"SNP3627","aradu.V14167.gnm1.Aradu.A08_27466422",8,27466422
"SNP3628","aradu.V14167.gnm1.Aradu.A08_27471027",8,27471027
"SNP3629","aradu.V14167.gnm1.Aradu.A08_27498253",8,27498253
"SNP3630","aradu.V14167.gnm1.Aradu.A08_27755766",8,27755766
"SNP3631","aradu.V14167.gnm1.Aradu.A08_27958334",8,27958334
"SNP3632","aradu.V14167.gnm1.Aradu.A08_27958742",8,27958742
"SNP3633","aradu.V14167.gnm1.Aradu.A08_28036421",8,28036421
"SNP3634","aradu.V14167.gnm1.Aradu.A08_28061905",8,28061905
"SNP3635","aradu.V14167.gnm1.Aradu.A08_28161292",8,28161292
"SNP3636","aradu.V14167.gnm1.Aradu.A08_28201415",8,28201415
"SNP3637","aradu.V14167.gnm1.Aradu.A08_28229295",8,28229295
"SNP3638","aradu.V14167.gnm1.Aradu.A08_28348986",8,28348986
"SNP3639","aradu.V14167.gnm1.Aradu.A08_28725306",8,28725306
"SNP3640","aradu.V14167.gnm1.Aradu.A08_28768415",8,28768415
"SNP3641","aradu.V14167.gnm1.Aradu.A08_28795993",8,28795993
"SNP3642","aradu.V14167.gnm1.Aradu.A08_29013718",8,29013718
"SNP3643","aradu.V14167.gnm1.Aradu.A08_29369880",8,29369880
"SNP3644","aradu.V14167.gnm1.Aradu.A08_29414307",8,29414307
"SNP3645","aradu.V14167.gnm1.Aradu.A08_29629827",8,29629827
"SNP3646","aradu.V14167.gnm1.Aradu.A08_29974932",8,29974932
"SNP3647","aradu.V14167.gnm1.Aradu.A08_29999912",8,29999912
"SNP3648","aradu.V14167.gnm1.Aradu.A08_30153361",8,30153361
"SNP3649","aradu.V14167.gnm1.Aradu.A08_30311687",8,30311687
"SNP3650","aradu.V14167.gnm1.Aradu.A08_30496120",8,30496120
"SNP3651","aradu.V14167.gnm1.Aradu.A08_30558322",8,30558322
"SNP3652","aradu.V14167.gnm1.Aradu.A08_30842759",8,30842759
"SNP3653","aradu.V14167.gnm1.Aradu.A08_30928835",8,30928835
"SNP3654","aradu.V14167.gnm1.Aradu.A08_31078430",8,31078430
"SNP3655","aradu.V14167.gnm1.Aradu.A08_31147365",8,31147365
"SNP3656","aradu.V14167.gnm1.Aradu.A08_31164126",8,31164126
"SNP3657","aradu.V14167.gnm1.Aradu.A08_31486901",8,31486901
"SNP3658","aradu.V14167.gnm1.Aradu.A08_31516307",8,31516307
"SNP3659","aradu.V14167.gnm1.Aradu.A08_31517141",8,31517141
"SNP3660","aradu.V14167.gnm1.Aradu.A08_31531482",8,31531482
"SNP3661","aradu.V14167.gnm1.Aradu.A08_31531781",8,31531781
"SNP3662","aradu.V14167.gnm1.Aradu.A08_31623608",8,31623608
"SNP3663","aradu.V14167.gnm1.Aradu.A08_32023037",8,32023037
"SNP3664","aradu.V14167.gnm1.Aradu.A08_32329526",8,32329526
"SNP3665","aradu.V14167.gnm1.Aradu.A08_32376232",8,32376232
"SNP3666","aradu.V14167.gnm1.Aradu.A08_33068220",8,33068220
"SNP3667","aradu.V14167.gnm1.Aradu.A08_33249383",8,33249383
"SNP3668","aradu.V14167.gnm1.Aradu.A08_33460422",8,33460422
"SNP3669","aradu.V14167.gnm1.Aradu.A08_33470402",8,33470402
"SNP3670","aradu.V14167.gnm1.Aradu.A08_33574343",8,33574343
"SNP3671","aradu.V14167.gnm1.Aradu.A08_33574860",8,33574860
"SNP3672","aradu.V14167.gnm1.Aradu.A08_33624444",8,33624444
"SNP3673","aradu.V14167.gnm1.Aradu.A08_33625390",8,33625390
"SNP3674","aradu.V14167.gnm1.Aradu.A08_33736304",8,33736304
"SNP3675","aradu.V14167.gnm1.Aradu.A08_33765597",8,33765597
"SNP3676","aradu.V14167.gnm1.Aradu.A08_33828087",8,33828087
"SNP3677","aradu.V14167.gnm1.Aradu.A08_33828300",8,33828300
"SNP3678","aradu.V14167.gnm1.Aradu.A08_34503656",8,34503656
"SNP3679","aradu.V14167.gnm1.Aradu.A08_34608162",8,34608162
"SNP3680","aradu.V14167.gnm1.Aradu.A08_34718376",8,34718376
"SNP3681","aradu.V14167.gnm1.Aradu.A08_34821707",8,34821707
"SNP3682","aradu.V14167.gnm1.Aradu.A08_34821894",8,34821894
"SNP3683","aradu.V14167.gnm1.Aradu.A08_34855862",8,34855862
"SNP3684","aradu.V14167.gnm1.Aradu.A08_35668833",8,35668833
"SNP3685","aradu.V14167.gnm1.Aradu.A08_35706205",8,35706205
"SNP3686","aradu.V14167.gnm1.Aradu.A08_35749692",8,35749692
"SNP3687","aradu.V14167.gnm1.Aradu.A08_36134518",8,36134518
"SNP3688","aradu.V14167.gnm1.Aradu.A08_36305698",8,36305698
"SNP3689","aradu.V14167.gnm1.Aradu.A08_36888142",8,36888142
"SNP3690","aradu.V14167.gnm1.Aradu.A08_36956532",8,36956532
"SNP3691","aradu.V14167.gnm1.Aradu.A08_37076373",8,37076373
"SNP3692","aradu.V14167.gnm1.Aradu.A08_37076928",8,37076928
"SNP3693","aradu.V14167.gnm1.Aradu.A08_37077234",8,37077234
"SNP3694","aradu.V14167.gnm1.Aradu.A08_37144718",8,37144718
"SNP3695","aradu.V14167.gnm1.Aradu.A08_37354104",8,37354104
"SNP3696","aradu.V14167.gnm1.Aradu.A08_37892886",8,37892886
"SNP3697","aradu.V14167.gnm1.Aradu.A08_37948238",8,37948238
"SNP3698","aradu.V14167.gnm1.Aradu.A08_38148863",8,38148863
"SNP3699","aradu.V14167.gnm1.Aradu.A08_38206510",8,38206510
"SNP3700","aradu.V14167.gnm1.Aradu.A08_38560701",8,38560701
"SNP3701","aradu.V14167.gnm1.Aradu.A08_39256190",8,39256190
"SNP3702","aradu.V14167.gnm1.Aradu.A08_39671864",8,39671864
"SNP3703","aradu.V14167.gnm1.Aradu.A08_39876190",8,39876190
"SNP3704","aradu.V14167.gnm1.Aradu.A08_39984284",8,39984284
"SNP3705","aradu.V14167.gnm1.Aradu.A08_40453920",8,40453920
"SNP3706","aradu.V14167.gnm1.Aradu.A08_40456020",8,40456020
"SNP3707","aradu.V14167.gnm1.Aradu.A08_40559158",8,40559158
"SNP3708","aradu.V14167.gnm1.Aradu.A08_40563793",8,40563793
"SNP3709","aradu.V14167.gnm1.Aradu.A08_40592082",8,40592082
"SNP3710","aradu.V14167.gnm1.Aradu.A08_40881319",8,40881319
"SNP3711","aradu.V14167.gnm1.Aradu.A08_40976639",8,40976639
"SNP3712","aradu.V14167.gnm1.Aradu.A08_41227099",8,41227099
"SNP3713","aradu.V14167.gnm1.Aradu.A08_41714166",8,41714166
"SNP3714","aradu.V14167.gnm1.Aradu.A08_41773370",8,41773370
"SNP3715","aradu.V14167.gnm1.Aradu.A08_41782823",8,41782823
"SNP3716","aradu.V14167.gnm1.Aradu.A08_42012221",8,42012221
"SNP3717","aradu.V14167.gnm1.Aradu.A08_42314928",8,42314928
"SNP3718","aradu.V14167.gnm1.Aradu.A08_42446604",8,42446604
"SNP3719","aradu.V14167.gnm1.Aradu.A08_42766581",8,42766581
"SNP3720","aradu.V14167.gnm1.Aradu.A08_42896062",8,42896062
"SNP3721","aradu.V14167.gnm1.Aradu.A08_42909638",8,42909638
"SNP3722","aradu.V14167.gnm1.Aradu.A08_42961023",8,42961023
"SNP3723","aradu.V14167.gnm1.Aradu.A08_43069282",8,43069282
"SNP3724","aradu.V14167.gnm1.Aradu.A08_43081200",8,43081200
"SNP3725","aradu.V14167.gnm1.Aradu.A08_43183272",8,43183272
"SNP3726","aradu.V14167.gnm1.Aradu.A08_43512165",8,43512165
"SNP3727","aradu.V14167.gnm1.Aradu.A08_43558672",8,43558672
"SNP3728","aradu.V14167.gnm1.Aradu.A08_43735569",8,43735569
"SNP3729","aradu.V14167.gnm1.Aradu.A08_44118711",8,44118711
"SNP3730","aradu.V14167.gnm1.Aradu.A08_44119432",8,44119432
"SNP3731","aradu.V14167.gnm1.Aradu.A08_44122414",8,44122414
"SNP3732","aradu.V14167.gnm1.Aradu.A08_44278306",8,44278306
"SNP3733","aradu.V14167.gnm1.Aradu.A08_44739783",8,44739783
"SNP3734","aradu.V14167.gnm1.Aradu.A08_44858170",8,44858170
"SNP3735","aradu.V14167.gnm1.Aradu.A08_44888104",8,44888104
"SNP3736","aradu.V14167.gnm1.Aradu.A08_44946700",8,44946700
"SNP3737","aradu.V14167.gnm1.Aradu.A08_44954213",8,44954213
"SNP3738","aradu.V14167.gnm1.Aradu.A08_45182275",8,45182275
"SNP3739","aradu.V14167.gnm1.Aradu.A08_45206510",8,45206510
"SNP3740","aradu.V14167.gnm1.Aradu.A08_45404120",8,45404120
"SNP3741","aradu.V14167.gnm1.Aradu.A08_45484137",8,45484137
"SNP3742","aradu.V14167.gnm1.Aradu.A08_45519379",8,45519379
"SNP3743","aradu.V14167.gnm1.Aradu.A08_45682761",8,45682761
"SNP3744","aradu.V14167.gnm1.Aradu.A08_45764109",8,45764109
"SNP3745","aradu.V14167.gnm1.Aradu.A08_45992613",8,45992613
"SNP3746","aradu.V14167.gnm1.Aradu.A08_46161225",8,46161225
"SNP3747","aradu.V14167.gnm1.Aradu.A08_46449452",8,46449452
"SNP3748","aradu.V14167.gnm1.Aradu.A08_46464022",8,46464022
"SNP3749","aradu.V14167.gnm1.Aradu.A08_46505791",8,46505791
"SNP3750","aradu.V14167.gnm1.Aradu.A08_47230379",8,47230379
"SNP3751","aradu.V14167.gnm1.Aradu.A08_47378507",8,47378507
"SNP3752","aradu.V14167.gnm1.Aradu.A08_47378713",8,47378713
"SNP3753","aradu.V14167.gnm1.Aradu.A08_48057399",8,48057399
"SNP3754","aradu.V14167.gnm1.Aradu.A08_48067258",8,48067258
"SNP3755","aradu.V14167.gnm1.Aradu.A08_48129464",8,48129464
"SNP3756","aradu.V14167.gnm1.Aradu.A08_48393340",8,48393340
"SNP3757","aradu.V14167.gnm1.Aradu.A08_48505692",8,48505692
"SNP3758","aradu.V14167.gnm1.Aradu.A08_48506168",8,48506168
"SNP3759","aradu.V14167.gnm1.Aradu.A08_48534310",8,48534310
"SNP3760","aradu.V14167.gnm1.Aradu.A08_48642014",8,48642014
"SNP3761","aradu.V14167.gnm1.Aradu.A08_48706159",8,48706159
"SNP3762","aradu.V14167.gnm1.Aradu.A08_48815213",8,48815213
"SNP3763","aradu.V14167.gnm1.Aradu.A08_48829264",8,48829264
"SNP3764","aradu.V14167.gnm1.Aradu.A08_48901010",8,48901010
"SNP3765","aradu.V14167.gnm1.Aradu.A08_48974813",8,48974813
"SNP3766","aradu.V14167.gnm1.Aradu.A08_49191680",8,49191680
"SNP3767","aradu.V14167.gnm1.Aradu.A08_49329343",8,49329343
"SNP3768","aradu.V14167.gnm1.Aradu.A08_49330572",8,49330572
"SNP3769","aradu.V14167.gnm1.Aradu.A08_49357194",8,49357194
"SNP3770","aradu.V14167.gnm1.Aradu.A08_49374871",8,49374871
"SNP3771","aradu.V14167.gnm1.Aradu.A09_291318",9,291318
"SNP3772","aradu.V14167.gnm1.Aradu.A09_385062",9,385062
"SNP3773","aradu.V14167.gnm1.Aradu.A09_645563",9,645563
"SNP3774","aradu.V14167.gnm1.Aradu.A09_1185481",9,1185481
"SNP3775","aradu.V14167.gnm1.Aradu.A09_1308812",9,1308812
"SNP3776","aradu.V14167.gnm1.Aradu.A09_1308963",9,1308963
"SNP3777","aradu.V14167.gnm1.Aradu.A09_1390524",9,1390524
"SNP3778","aradu.V14167.gnm1.Aradu.A09_1514285",9,1514285
"SNP3779","aradu.V14167.gnm1.Aradu.A09_1604705",9,1604705
"SNP3780","aradu.V14167.gnm1.Aradu.A09_1639241",9,1639241
"SNP3781","aradu.V14167.gnm1.Aradu.A09_1853113",9,1853113
"SNP3782","aradu.V14167.gnm1.Aradu.A09_1854930",9,1854930
"SNP3783","aradu.V14167.gnm1.Aradu.A09_1974045",9,1974045
"SNP3784","aradu.V14167.gnm1.Aradu.A09_1985333",9,1985333
"SNP3785","aradu.V14167.gnm1.Aradu.A09_2202731",9,2202731
"SNP3786","aradu.V14167.gnm1.Aradu.A09_2215535",9,2215535
"SNP3787","aradu.V14167.gnm1.Aradu.A09_2225818",9,2225818
"SNP3788","aradu.V14167.gnm1.Aradu.A09_2228289",9,2228289
"SNP3789","aradu.V14167.gnm1.Aradu.A09_2263113",9,2263113
"SNP3790","aradu.V14167.gnm1.Aradu.A09_2581759",9,2581759
"SNP3791","aradu.V14167.gnm1.Aradu.A09_2745101",9,2745101
"SNP3792","aradu.V14167.gnm1.Aradu.A09_3019812",9,3019812
"SNP3793","aradu.V14167.gnm1.Aradu.A09_3822537",9,3822537
"SNP3794","aradu.V14167.gnm1.Aradu.A09_4027136",9,4027136
"SNP3795","aradu.V14167.gnm1.Aradu.A09_4500989",9,4500989
"SNP3796","aradu.V14167.gnm1.Aradu.A09_5084502",9,5084502
"SNP3797","aradu.V14167.gnm1.Aradu.A09_5217710",9,5217710
"SNP3798","aradu.V14167.gnm1.Aradu.A09_5341308",9,5341308
"SNP3799","aradu.V14167.gnm1.Aradu.A09_5533148",9,5533148
"SNP3800","aradu.V14167.gnm1.Aradu.A09_5557097",9,5557097
"SNP3801","aradu.V14167.gnm1.Aradu.A09_5582027",9,5582027
"SNP3802","aradu.V14167.gnm1.Aradu.A09_5770069",9,5770069
"SNP3803","aradu.V14167.gnm1.Aradu.A09_5906192",9,5906192
"SNP3804","aradu.V14167.gnm1.Aradu.A09_6082783",9,6082783
"SNP3805","aradu.V14167.gnm1.Aradu.A09_6111629",9,6111629
"SNP3806","aradu.V14167.gnm1.Aradu.A09_6323084",9,6323084
"SNP3807","aradu.V14167.gnm1.Aradu.A09_6512598",9,6512598
"SNP3808","aradu.V14167.gnm1.Aradu.A09_6513537",9,6513537
"SNP3809","aradu.V14167.gnm1.Aradu.A09_6846409",9,6846409
"SNP3810","aradu.V14167.gnm1.Aradu.A09_7801972",9,7801972
"SNP3811","aradu.V14167.gnm1.Aradu.A09_8042743",9,8042743
"SNP3812","aradu.V14167.gnm1.Aradu.A09_8086923",9,8086923
"SNP3813","aradu.V14167.gnm1.Aradu.A09_8102594",9,8102594
"SNP3814","aradu.V14167.gnm1.Aradu.A09_8572100",9,8572100
"SNP3815","aradu.V14167.gnm1.Aradu.A09_8934801",9,8934801
"SNP3816","aradu.V14167.gnm1.Aradu.A09_8942636",9,8942636
"SNP3817","aradu.V14167.gnm1.Aradu.A09_10536769",9,10536769
"SNP3818","aradu.V14167.gnm1.Aradu.A09_10663409",9,10663409
"SNP3819","aradu.V14167.gnm1.Aradu.A09_11493477",9,11493477
"SNP3820","aradu.V14167.gnm1.Aradu.A09_11637320",9,11637320
"SNP3821","aradu.V14167.gnm1.Aradu.A09_11850239",9,11850239
"SNP3822","aradu.V14167.gnm1.Aradu.A09_12119329",9,12119329
"SNP3823","aradu.V14167.gnm1.Aradu.A09_12269728",9,12269728
"SNP3824","aradu.V14167.gnm1.Aradu.A09_12524279",9,12524279
"SNP3825","aradu.V14167.gnm1.Aradu.A09_13794875",9,13794875
"SNP3826","aradu.V14167.gnm1.Aradu.A09_14386608",9,14386608
"SNP3827","aradu.V14167.gnm1.Aradu.A09_14598936",9,14598936
"SNP3828","aradu.V14167.gnm1.Aradu.A09_15191726",9,15191726
"SNP3829","aradu.V14167.gnm1.Aradu.A09_15427674",9,15427674
"SNP3830","aradu.V14167.gnm1.Aradu.A09_15438559",9,15438559
"SNP3831","aradu.V14167.gnm1.Aradu.A09_15797162",9,15797162
"SNP3832","aradu.V14167.gnm1.Aradu.A09_15933142",9,15933142
"SNP3833","aradu.V14167.gnm1.Aradu.A09_16398948",9,16398948
"SNP3834","aradu.V14167.gnm1.Aradu.A09_16524276",9,16524276
"SNP3835","aradu.V14167.gnm1.Aradu.A09_17132584",9,17132584
"SNP3836","aradu.V14167.gnm1.Aradu.A09_17136855",9,17136855
"SNP3837","aradu.V14167.gnm1.Aradu.A09_17203132",9,17203132
"SNP3838","aradu.V14167.gnm1.Aradu.A09_17345283",9,17345283
"SNP3839","aradu.V14167.gnm1.Aradu.A09_17939492",9,17939492
"SNP3840","aradu.V14167.gnm1.Aradu.A09_17958780",9,17958780
"SNP3841","aradu.V14167.gnm1.Aradu.A09_17959067",9,17959067
"SNP3842","aradu.V14167.gnm1.Aradu.A09_18076696",9,18076696
"SNP3843","aradu.V14167.gnm1.Aradu.A09_18543360",9,18543360
"SNP3844","aradu.V14167.gnm1.Aradu.A09_18544504",9,18544504
"SNP3845","aradu.V14167.gnm1.Aradu.A09_19151716",9,19151716
"SNP3846","aradu.V14167.gnm1.Aradu.A09_19152263",9,19152263
"SNP3847","aradu.V14167.gnm1.Aradu.A09_20208137",9,20208137
"SNP3848","aradu.V14167.gnm1.Aradu.A09_20677308",9,20677308
"SNP3849","aradu.V14167.gnm1.Aradu.A09_20920879",9,20920879
"SNP3850","aradu.V14167.gnm1.Aradu.A09_21013766",9,21013766
"SNP3851","aradu.V14167.gnm1.Aradu.A09_22351929",9,22351929
"SNP3852","aradu.V14167.gnm1.Aradu.A09_22365298",9,22365298
"SNP3853","aradu.V14167.gnm1.Aradu.A09_22934013",9,22934013
"SNP3854","aradu.V14167.gnm1.Aradu.A09_22942312",9,22942312
"SNP3855","aradu.V14167.gnm1.Aradu.A09_24035238",9,24035238
"SNP3856","aradu.V14167.gnm1.Aradu.A09_25073192",9,25073192
"SNP3857","aradu.V14167.gnm1.Aradu.A09_25313476",9,25313476
"SNP3858","aradu.V14167.gnm1.Aradu.A09_25597601",9,25597601
"SNP3859","aradu.V14167.gnm1.Aradu.A09_26429003",9,26429003
"SNP3860","aradu.V14167.gnm1.Aradu.A09_27234271",9,27234271
"SNP3861","aradu.V14167.gnm1.Aradu.A09_27787266",9,27787266
"SNP3862","aradu.V14167.gnm1.Aradu.A09_28574491",9,28574491
"SNP3863","aradu.V14167.gnm1.Aradu.A09_28759635",9,28759635
"SNP3864","aradu.V14167.gnm1.Aradu.A09_28880759",9,28880759
"SNP3865","aradu.V14167.gnm1.Aradu.A09_29803498",9,29803498
"SNP3866","aradu.V14167.gnm1.Aradu.A09_30051989",9,30051989
"SNP3867","aradu.V14167.gnm1.Aradu.A09_30074251",9,30074251
"SNP3868","aradu.V14167.gnm1.Aradu.A09_30827944",9,30827944
"SNP3869","aradu.V14167.gnm1.Aradu.A09_31758616",9,31758616
"SNP3870","aradu.V14167.gnm1.Aradu.A09_31966993",9,31966993
"SNP3871","aradu.V14167.gnm1.Aradu.A09_32583384",9,32583384
"SNP3872","aradu.V14167.gnm1.Aradu.A09_33711290",9,33711290
"SNP3873","aradu.V14167.gnm1.Aradu.A09_34903442",9,34903442
"SNP3874","aradu.V14167.gnm1.Aradu.A09_35206546",9,35206546
"SNP3875","aradu.V14167.gnm1.Aradu.A09_35254319",9,35254319
"SNP3876","aradu.V14167.gnm1.Aradu.A09_35272886",9,35272886
"SNP3877","aradu.V14167.gnm1.Aradu.A09_35295106",9,35295106
"SNP3878","aradu.V14167.gnm1.Aradu.A09_35721397",9,35721397
"SNP3879","aradu.V14167.gnm1.Aradu.A09_38916630",9,38916630
"SNP3880","aradu.V14167.gnm1.Aradu.A09_38916806",9,38916806
"SNP3881","aradu.V14167.gnm1.Aradu.A09_38963596",9,38963596
"SNP3882","aradu.V14167.gnm1.Aradu.A09_39035327",9,39035327
"SNP3883","aradu.V14167.gnm1.Aradu.A09_39651558",9,39651558
"SNP3884","aradu.V14167.gnm1.Aradu.A09_40324367",9,40324367
"SNP3885","aradu.V14167.gnm1.Aradu.A09_42964550",9,42964550
"SNP3886","aradu.V14167.gnm1.Aradu.A09_43778790",9,43778790
"SNP3887","aradu.V14167.gnm1.Aradu.A09_43884675",9,43884675
"SNP3888","aradu.V14167.gnm1.Aradu.A09_44451104",9,44451104
"SNP3889","aradu.V14167.gnm1.Aradu.A09_45515775",9,45515775
"SNP3890","aradu.V14167.gnm1.Aradu.A09_46296682",9,46296682
"SNP3891","aradu.V14167.gnm1.Aradu.A09_46674287",9,46674287
"SNP3892","aradu.V14167.gnm1.Aradu.A09_48225632",9,48225632
"SNP3893","aradu.V14167.gnm1.Aradu.A09_48424133",9,48424133
"SNP3894","aradu.V14167.gnm1.Aradu.A09_48428594",9,48428594
"SNP3895","aradu.V14167.gnm1.Aradu.A09_48592114",9,48592114
"SNP3896","aradu.V14167.gnm1.Aradu.A09_48614625",9,48614625
"SNP3897","aradu.V14167.gnm1.Aradu.A09_49444293",9,49444293
"SNP3898","aradu.V14167.gnm1.Aradu.A09_49729729",9,49729729
"SNP3899","aradu.V14167.gnm1.Aradu.A09_50809631",9,50809631
"SNP3900","aradu.V14167.gnm1.Aradu.A09_51031505",9,51031505
"SNP3901","aradu.V14167.gnm1.Aradu.A09_53162020",9,53162020
"SNP3902","aradu.V14167.gnm1.Aradu.A09_53870263",9,53870263
"SNP3903","aradu.V14167.gnm1.Aradu.A09_54148046",9,54148046
"SNP3904","aradu.V14167.gnm1.Aradu.A09_54153690",9,54153690
"SNP3905","aradu.V14167.gnm1.Aradu.A09_54638085",9,54638085
"SNP3906","aradu.V14167.gnm1.Aradu.A09_56590941",9,56590941
"SNP3907","aradu.V14167.gnm1.Aradu.A09_57400772",9,57400772
"SNP3908","aradu.V14167.gnm1.Aradu.A09_58532377",9,58532377
"SNP3909","aradu.V14167.gnm1.Aradu.A09_58730858",9,58730858
"SNP3910","aradu.V14167.gnm1.Aradu.A09_59616745",9,59616745
"SNP3911","aradu.V14167.gnm1.Aradu.A09_60685616",9,60685616
"SNP3912","aradu.V14167.gnm1.Aradu.A09_62092090",9,62092090
"SNP3913","aradu.V14167.gnm1.Aradu.A09_62808336",9,62808336
"SNP3914","aradu.V14167.gnm1.Aradu.A09_63336179",9,63336179
"SNP3915","aradu.V14167.gnm1.Aradu.A09_64224992",9,64224992
"SNP3916","aradu.V14167.gnm1.Aradu.A09_65398236",9,65398236
"SNP3917","aradu.V14167.gnm1.Aradu.A09_65399246",9,65399246
"SNP3918","aradu.V14167.gnm1.Aradu.A09_67069072",9,67069072
"SNP3919","aradu.V14167.gnm1.Aradu.A09_67863464",9,67863464
"SNP3920","aradu.V14167.gnm1.Aradu.A09_68400311",9,68400311
"SNP3921","aradu.V14167.gnm1.Aradu.A09_69098176",9,69098176
"SNP3922","aradu.V14167.gnm1.Aradu.A09_69099105",9,69099105
"SNP3923","aradu.V14167.gnm1.Aradu.A09_69109506",9,69109506
"SNP3924","aradu.V14167.gnm1.Aradu.A09_69126683",9,69126683
"SNP3925","aradu.V14167.gnm1.Aradu.A09_69604739",9,69604739
"SNP3926","aradu.V14167.gnm1.Aradu.A09_70206013",9,70206013
"SNP3927","aradu.V14167.gnm1.Aradu.A09_70332411",9,70332411
"SNP3928","aradu.V14167.gnm1.Aradu.A09_71578898",9,71578898
"SNP3929","aradu.V14167.gnm1.Aradu.A09_71889591",9,71889591
"SNP3930","aradu.V14167.gnm1.Aradu.A09_71895346",9,71895346
"SNP3931","aradu.V14167.gnm1.Aradu.A09_71895646",9,71895646
"SNP3932","aradu.V14167.gnm1.Aradu.A09_72065403",9,72065403
"SNP3933","aradu.V14167.gnm1.Aradu.A09_72418330",9,72418330
"SNP3934","aradu.V14167.gnm1.Aradu.A09_72432721",9,72432721
"SNP3935","aradu.V14167.gnm1.Aradu.A09_72972506",9,72972506
"SNP3936","aradu.V14167.gnm1.Aradu.A09_76076820",9,76076820
"SNP3937","aradu.V14167.gnm1.Aradu.A09_76729540",9,76729540
"SNP3938","aradu.V14167.gnm1.Aradu.A09_78666543",9,78666543
"SNP3939","aradu.V14167.gnm1.Aradu.A09_79093806",9,79093806
"SNP3940","aradu.V14167.gnm1.Aradu.A09_79684652",9,79684652
"SNP3941","aradu.V14167.gnm1.Aradu.A09_80625230",9,80625230
"SNP3942","aradu.V14167.gnm1.Aradu.A09_81118767",9,81118767
"SNP3943","aradu.V14167.gnm1.Aradu.A09_81676968",9,81676968
"SNP3944","aradu.V14167.gnm1.Aradu.A09_82379239",9,82379239
"SNP3945","aradu.V14167.gnm1.Aradu.A09_82644678",9,82644678
"SNP3946","aradu.V14167.gnm1.Aradu.A09_83921936",9,83921936
"SNP3947","aradu.V14167.gnm1.Aradu.A09_83928949",9,83928949
"SNP3948","aradu.V14167.gnm1.Aradu.A09_85303890",9,85303890
"SNP3949","aradu.V14167.gnm1.Aradu.A09_85326091",9,85326091
"SNP3950","aradu.V14167.gnm1.Aradu.A09_85754988",9,85754988
"SNP3951","aradu.V14167.gnm1.Aradu.A09_85916369",9,85916369
"SNP3952","aradu.V14167.gnm1.Aradu.A09_85958911",9,85958911
"SNP3953","aradu.V14167.gnm1.Aradu.A09_86412254",9,86412254
"SNP3954","aradu.V14167.gnm1.Aradu.A09_87060568",9,87060568
"SNP3955","aradu.V14167.gnm1.Aradu.A09_87207578",9,87207578
"SNP3956","aradu.V14167.gnm1.Aradu.A09_87437241",9,87437241
"SNP3957","aradu.V14167.gnm1.Aradu.A09_87442792",9,87442792
"SNP3958","aradu.V14167.gnm1.Aradu.A09_87680085",9,87680085
"SNP3959","aradu.V14167.gnm1.Aradu.A09_88094354",9,88094354
"SNP3960","aradu.V14167.gnm1.Aradu.A09_88486217",9,88486217
"SNP3961","aradu.V14167.gnm1.Aradu.A09_89376610",9,89376610
"SNP3962","aradu.V14167.gnm1.Aradu.A09_90996468",9,90996468
"SNP3963","aradu.V14167.gnm1.Aradu.A09_91001101",9,91001101
"SNP3964","aradu.V14167.gnm1.Aradu.A09_91548071",9,91548071
"SNP3965","aradu.V14167.gnm1.Aradu.A09_91786874",9,91786874
"SNP3966","aradu.V14167.gnm1.Aradu.A09_92711384",9,92711384
"SNP3967","aradu.V14167.gnm1.Aradu.A09_92999855",9,92999855
"SNP3968","aradu.V14167.gnm1.Aradu.A09_93128932",9,93128932
"SNP3969","aradu.V14167.gnm1.Aradu.A09_93216688",9,93216688
"SNP3970","aradu.V14167.gnm1.Aradu.A09_93225718",9,93225718
"SNP3971","aradu.V14167.gnm1.Aradu.A09_93685732",9,93685732
"SNP3972","aradu.V14167.gnm1.Aradu.A09_93935639",9,93935639
"SNP3973","aradu.V14167.gnm1.Aradu.A09_94329502",9,94329502
"SNP3974","aradu.V14167.gnm1.Aradu.A09_94362004",9,94362004
"SNP3975","aradu.V14167.gnm1.Aradu.A09_95276763",9,95276763
"SNP3976","aradu.V14167.gnm1.Aradu.A09_95320031",9,95320031
"SNP3977","aradu.V14167.gnm1.Aradu.A09_96377036",9,96377036
"SNP3978","aradu.V14167.gnm1.Aradu.A09_96680145",9,96680145
"SNP3979","aradu.V14167.gnm1.Aradu.A09_96705230",9,96705230
"SNP3980","aradu.V14167.gnm1.Aradu.A09_96906385",9,96906385
"SNP3981","aradu.V14167.gnm1.Aradu.A09_97014919",9,97014919
"SNP3982","aradu.V14167.gnm1.Aradu.A09_97217354",9,97217354
"SNP3983","aradu.V14167.gnm1.Aradu.A09_98176011",9,98176011
"SNP3984","aradu.V14167.gnm1.Aradu.A09_98539162",9,98539162
"SNP3985","aradu.V14167.gnm1.Aradu.A09_98625828",9,98625828
"SNP3986","aradu.V14167.gnm1.Aradu.A09_99671940",9,99671940
"SNP3987","aradu.V14167.gnm1.Aradu.A09_99904022",9,99904022
"SNP3988","aradu.V14167.gnm1.Aradu.A09_100459756",9,100459756
"SNP3989","aradu.V14167.gnm1.Aradu.A09_100725678",9,100725678
"SNP3990","aradu.V14167.gnm1.Aradu.A09_101010738",9,101010738
"SNP3991","aradu.V14167.gnm1.Aradu.A09_101042431",9,101042431
"SNP3992","aradu.V14167.gnm1.Aradu.A09_101098341",9,101098341
"SNP3993","aradu.V14167.gnm1.Aradu.A09_101377780",9,101377780
"SNP3994","aradu.V14167.gnm1.Aradu.A09_101501122",9,101501122
"SNP3995","aradu.V14167.gnm1.Aradu.A09_101502595",9,101502595
"SNP3996","aradu.V14167.gnm1.Aradu.A09_101640490",9,101640490
"SNP3997","aradu.V14167.gnm1.Aradu.A09_101717082",9,101717082
"SNP3998","aradu.V14167.gnm1.Aradu.A09_101967423",9,101967423
"SNP3999","aradu.V14167.gnm1.Aradu.A09_102123694",9,102123694
"SNP4000","aradu.V14167.gnm1.Aradu.A09_102772739",9,102772739
"SNP4001","aradu.V14167.gnm1.Aradu.A09_103334690",9,103334690
"SNP4002","aradu.V14167.gnm1.Aradu.A09_103425621",9,103425621
"SNP4003","aradu.V14167.gnm1.Aradu.A09_103468008",9,103468008
"SNP4004","aradu.V14167.gnm1.Aradu.A09_103762696",9,103762696
"SNP4005","aradu.V14167.gnm1.Aradu.A09_103947141",9,103947141
"SNP4006","aradu.V14167.gnm1.Aradu.A09_104155781",9,104155781
"SNP4007","aradu.V14167.gnm1.Aradu.A09_104270040",9,104270040
"SNP4008","aradu.V14167.gnm1.Aradu.A09_104607024",9,104607024
"SNP4009","aradu.V14167.gnm1.Aradu.A09_104697209",9,104697209
"SNP4010","aradu.V14167.gnm1.Aradu.A09_105072622",9,105072622
"SNP4011","aradu.V14167.gnm1.Aradu.A09_105618274",9,105618274
"SNP4012","aradu.V14167.gnm1.Aradu.A09_105811039",9,105811039
"SNP4013","aradu.V14167.gnm1.Aradu.A09_108780679",9,108780679
"SNP4014","aradu.V14167.gnm1.Aradu.A09_109096445",9,109096445
"SNP4015","aradu.V14167.gnm1.Aradu.A09_109263020",9,109263020
"SNP4016","aradu.V14167.gnm1.Aradu.A09_109263086",9,109263086
"SNP4017","aradu.V14167.gnm1.Aradu.A09_109663871",9,109663871
"SNP4018","aradu.V14167.gnm1.Aradu.A09_109729689",9,109729689
"SNP4019","aradu.V14167.gnm1.Aradu.A09_109737815",9,109737815
"SNP4020","aradu.V14167.gnm1.Aradu.A09_110020618",9,110020618
"SNP4021","aradu.V14167.gnm1.Aradu.A09_110156299",9,110156299
"SNP4022","aradu.V14167.gnm1.Aradu.A09_110229925",9,110229925
"SNP4023","aradu.V14167.gnm1.Aradu.A09_110230588",9,110230588
"SNP4024","aradu.V14167.gnm1.Aradu.A09_110261486",9,110261486
"SNP4025","aradu.V14167.gnm1.Aradu.A09_110797012",9,110797012
"SNP4026","aradu.V14167.gnm1.Aradu.A09_110895618",9,110895618
"SNP4027","aradu.V14167.gnm1.Aradu.A09_110927109",9,110927109
"SNP4028","aradu.V14167.gnm1.Aradu.A09_111132239",9,111132239
"SNP4029","aradu.V14167.gnm1.Aradu.A09_111195533",9,111195533
"SNP4030","aradu.V14167.gnm1.Aradu.A09_111311680",9,111311680
"SNP4031","aradu.V14167.gnm1.Aradu.A09_111441306",9,111441306
"SNP4032","aradu.V14167.gnm1.Aradu.A09_111961149",9,111961149
"SNP4033","aradu.V14167.gnm1.Aradu.A09_112182292",9,112182292
"SNP4034","aradu.V14167.gnm1.Aradu.A09_112244124",9,112244124
"SNP4035","aradu.V14167.gnm1.Aradu.A09_112313431",9,112313431
"SNP4036","aradu.V14167.gnm1.Aradu.A09_112535911",9,112535911
"SNP4037","aradu.V14167.gnm1.Aradu.A09_112589230",9,112589230
"SNP4038","aradu.V14167.gnm1.Aradu.A09_112665372",9,112665372
"SNP4039","aradu.V14167.gnm1.Aradu.A09_112666173",9,112666173
"SNP4040","aradu.V14167.gnm1.Aradu.A09_112714052",9,112714052
"SNP4041","aradu.V14167.gnm1.Aradu.A09_112730034",9,112730034
"SNP4042","aradu.V14167.gnm1.Aradu.A09_113025717",9,113025717
"SNP4043","aradu.V14167.gnm1.Aradu.A09_113267343",9,113267343
"SNP4044","aradu.V14167.gnm1.Aradu.A09_113385134",9,113385134
"SNP4045","aradu.V14167.gnm1.Aradu.A09_113586806",9,113586806
"SNP4046","aradu.V14167.gnm1.Aradu.A09_113636594",9,113636594
"SNP4047","aradu.V14167.gnm1.Aradu.A09_113662975",9,113662975
"SNP4048","aradu.V14167.gnm1.Aradu.A09_113715433",9,113715433
"SNP4049","aradu.V14167.gnm1.Aradu.A09_113715449",9,113715449
"SNP4050","aradu.V14167.gnm1.Aradu.A09_113715476",9,113715476
"SNP4051","aradu.V14167.gnm1.Aradu.A09_113725520",9,113725520
"SNP4052","aradu.V14167.gnm1.Aradu.A09_113731373",9,113731373
"SNP4053","aradu.V14167.gnm1.Aradu.A09_113907685",9,113907685
"SNP4054","aradu.V14167.gnm1.Aradu.A09_114001448",9,114001448
"SNP4055","aradu.V14167.gnm1.Aradu.A09_114009103",9,114009103
"SNP4056","aradu.V14167.gnm1.Aradu.A09_114106219",9,114106219
"SNP4057","aradu.V14167.gnm1.Aradu.A09_114260101",9,114260101
"SNP4058","aradu.V14167.gnm1.Aradu.A09_114475619",9,114475619
"SNP4059","aradu.V14167.gnm1.Aradu.A09_114692575",9,114692575
"SNP4060","aradu.V14167.gnm1.Aradu.A09_114809169",9,114809169
"SNP4061","aradu.V14167.gnm1.Aradu.A09_114812553",9,114812553
"SNP4062","aradu.V14167.gnm1.Aradu.A09_114883471",9,114883471
"SNP4063","aradu.V14167.gnm1.Aradu.A09_115064096",9,115064096
"SNP4064","aradu.V14167.gnm1.Aradu.A09_115102600",9,115102600
"SNP4065","aradu.V14167.gnm1.Aradu.A09_115312519",9,115312519
"SNP4066","aradu.V14167.gnm1.Aradu.A09_115432582",9,115432582
"SNP4067","aradu.V14167.gnm1.Aradu.A09_115962422",9,115962422
"SNP4068","aradu.V14167.gnm1.Aradu.A09_116396165",9,116396165
"SNP4069","aradu.V14167.gnm1.Aradu.A09_116590844",9,116590844
"SNP4070","aradu.V14167.gnm1.Aradu.A09_116676384",9,116676384
"SNP4071","aradu.V14167.gnm1.Aradu.A09_116793097",9,116793097
"SNP4072","aradu.V14167.gnm1.Aradu.A09_116931224",9,116931224
"SNP4073","aradu.V14167.gnm1.Aradu.A09_117219793",9,117219793
"SNP4074","aradu.V14167.gnm1.Aradu.A09_117223225",9,117223225
"SNP4075","aradu.V14167.gnm1.Aradu.A09_117709899",9,117709899
"SNP4076","aradu.V14167.gnm1.Aradu.A09_117923775",9,117923775
"SNP4077","aradu.V14167.gnm1.Aradu.A09_118080079",9,118080079
"SNP4078","aradu.V14167.gnm1.Aradu.A09_118109263",9,118109263
"SNP4079","aradu.V14167.gnm1.Aradu.A09_118299435",9,118299435
"SNP4080","aradu.V14167.gnm1.Aradu.A09_118435495",9,118435495
"SNP4081","aradu.V14167.gnm1.Aradu.A09_118600614",9,118600614
"SNP4082","aradu.V14167.gnm1.Aradu.A09_118621661",9,118621661
"SNP4083","aradu.V14167.gnm1.Aradu.A09_119491547",9,119491547
"SNP4084","aradu.V14167.gnm1.Aradu.A09_119541651",9,119541651
"SNP4085","aradu.V14167.gnm1.Aradu.A09_119541688",9,119541688
"SNP4086","aradu.V14167.gnm1.Aradu.A09_119684429",9,119684429
"SNP4087","aradu.V14167.gnm1.Aradu.A09_119733454",9,119733454
"SNP4088","aradu.V14167.gnm1.Aradu.A09_120016540",9,120016540
"SNP4089","aradu.V14167.gnm1.Aradu.A09_120140472",9,120140472
"SNP4090","aradu.V14167.gnm1.Aradu.A09_120141175",9,120141175
"SNP4091","aradu.V14167.gnm1.Aradu.A09_120162689",9,120162689
"SNP4092","aradu.V14167.gnm1.Aradu.A09_120274020",9,120274020
"SNP4093","aradu.V14167.gnm1.Aradu.A09_120311006",9,120311006
"SNP4094","aradu.V14167.gnm1.Aradu.A09_120379360",9,120379360
"SNP4095","aradu.V14167.gnm1.Aradu.A09_120497462",9,120497462
"SNP4096","aradu.V14167.gnm1.Aradu.A10_41203",10,41203
"SNP4097","aradu.V14167.gnm1.Aradu.A10_114425",10,114425
"SNP4098","aradu.V14167.gnm1.Aradu.A10_511953",10,511953
"SNP4099","aradu.V14167.gnm1.Aradu.A10_666686",10,666686
"SNP4100","aradu.V14167.gnm1.Aradu.A10_677649",10,677649
"SNP4101","aradu.V14167.gnm1.Aradu.A10_734491",10,734491
"SNP4102","aradu.V14167.gnm1.Aradu.A10_806333",10,806333
"SNP4103","aradu.V14167.gnm1.Aradu.A10_999886",10,999886
"SNP4104","aradu.V14167.gnm1.Aradu.A10_1144254",10,1144254
"SNP4105","aradu.V14167.gnm1.Aradu.A10_1158125",10,1158125
"SNP4106","aradu.V14167.gnm1.Aradu.A10_1159446",10,1159446
"SNP4107","aradu.V14167.gnm1.Aradu.A10_1955840",10,1955840
"SNP4108","aradu.V14167.gnm1.Aradu.A10_2029558",10,2029558
"SNP4109","aradu.V14167.gnm1.Aradu.A10_2057265",10,2057265
"SNP4110","aradu.V14167.gnm1.Aradu.A10_2446334",10,2446334
"SNP4111","aradu.V14167.gnm1.Aradu.A10_2451457",10,2451457
"SNP4112","aradu.V14167.gnm1.Aradu.A10_2575433",10,2575433
"SNP4113","aradu.V14167.gnm1.Aradu.A10_2688934",10,2688934
"SNP4114","aradu.V14167.gnm1.Aradu.A10_2809867",10,2809867
"SNP4115","aradu.V14167.gnm1.Aradu.A10_2836480",10,2836480
"SNP4116","aradu.V14167.gnm1.Aradu.A10_2980057",10,2980057
"SNP4117","aradu.V14167.gnm1.Aradu.A10_2996596",10,2996596
"SNP4118","aradu.V14167.gnm1.Aradu.A10_3387632",10,3387632
"SNP4119","aradu.V14167.gnm1.Aradu.A10_3647222",10,3647222
"SNP4120","aradu.V14167.gnm1.Aradu.A10_3804336",10,3804336
"SNP4121","aradu.V14167.gnm1.Aradu.A10_3933612",10,3933612
"SNP4122","aradu.V14167.gnm1.Aradu.A10_4139444",10,4139444
"SNP4123","aradu.V14167.gnm1.Aradu.A10_4190683",10,4190683
"SNP4124","aradu.V14167.gnm1.Aradu.A10_4208512",10,4208512
"SNP4125","aradu.V14167.gnm1.Aradu.A10_4229660",10,4229660
"SNP4126","aradu.V14167.gnm1.Aradu.A10_4836127",10,4836127
"SNP4127","aradu.V14167.gnm1.Aradu.A10_4869179",10,4869179
"SNP4128","aradu.V14167.gnm1.Aradu.A10_4999143",10,4999143
"SNP4129","aradu.V14167.gnm1.Aradu.A10_5019079",10,5019079
"SNP4130","aradu.V14167.gnm1.Aradu.A10_5367499",10,5367499
"SNP4131","aradu.V14167.gnm1.Aradu.A10_5564889",10,5564889
"SNP4132","aradu.V14167.gnm1.Aradu.A10_5667311",10,5667311
"SNP4133","aradu.V14167.gnm1.Aradu.A10_5693627",10,5693627
"SNP4134","aradu.V14167.gnm1.Aradu.A10_5770108",10,5770108
"SNP4135","aradu.V14167.gnm1.Aradu.A10_5842491",10,5842491
"SNP4136","aradu.V14167.gnm1.Aradu.A10_5994665",10,5994665
"SNP4137","aradu.V14167.gnm1.Aradu.A10_6014586",10,6014586
"SNP4138","aradu.V14167.gnm1.Aradu.A10_6035680",10,6035680
"SNP4139","aradu.V14167.gnm1.Aradu.A10_6153167",10,6153167
"SNP4140","aradu.V14167.gnm1.Aradu.A10_6684687",10,6684687
"SNP4141","aradu.V14167.gnm1.Aradu.A10_6695771",10,6695771
"SNP4142","aradu.V14167.gnm1.Aradu.A10_7155520",10,7155520
"SNP4143","aradu.V14167.gnm1.Aradu.A10_7296148",10,7296148
"SNP4144","aradu.V14167.gnm1.Aradu.A10_7322772",10,7322772
"SNP4145","aradu.V14167.gnm1.Aradu.A10_7515807",10,7515807
"SNP4146","aradu.V14167.gnm1.Aradu.A10_7680960",10,7680960
"SNP4147","aradu.V14167.gnm1.Aradu.A10_7681649",10,7681649
"SNP4148","aradu.V14167.gnm1.Aradu.A10_7788634",10,7788634
"SNP4149","aradu.V14167.gnm1.Aradu.A10_7837820",10,7837820
"SNP4150","aradu.V14167.gnm1.Aradu.A10_7944300",10,7944300
"SNP4151","aradu.V14167.gnm1.Aradu.A10_8138885",10,8138885
"SNP4152","aradu.V14167.gnm1.Aradu.A10_8992939",10,8992939
"SNP4153","aradu.V14167.gnm1.Aradu.A10_9278509",10,9278509
"SNP4154","aradu.V14167.gnm1.Aradu.A10_9306039",10,9306039
"SNP4155","aradu.V14167.gnm1.Aradu.A10_9376311",10,9376311
"SNP4156","aradu.V14167.gnm1.Aradu.A10_9646134",10,9646134
"SNP4157","aradu.V14167.gnm1.Aradu.A10_9698261",10,9698261
"SNP4158","aradu.V14167.gnm1.Aradu.A10_10181268",10,10181268
"SNP4159","aradu.V14167.gnm1.Aradu.A10_10380686",10,10380686
"SNP4160","aradu.V14167.gnm1.Aradu.A10_10460333",10,10460333
"SNP4161","aradu.V14167.gnm1.Aradu.A10_10551422",10,10551422
"SNP4162","aradu.V14167.gnm1.Aradu.A10_10737297",10,10737297
"SNP4163","aradu.V14167.gnm1.Aradu.A10_10830528",10,10830528
"SNP4164","aradu.V14167.gnm1.Aradu.A10_10865562",10,10865562
"SNP4165","aradu.V14167.gnm1.Aradu.A10_10865901",10,10865901
"SNP4166","aradu.V14167.gnm1.Aradu.A10_12044465",10,12044465
"SNP4167","aradu.V14167.gnm1.Aradu.A10_12140767",10,12140767
"SNP4168","aradu.V14167.gnm1.Aradu.A10_12288902",10,12288902
"SNP4169","aradu.V14167.gnm1.Aradu.A10_12469101",10,12469101
"SNP4170","aradu.V14167.gnm1.Aradu.A10_13553360",10,13553360
"SNP4171","aradu.V14167.gnm1.Aradu.A10_13637913",10,13637913
"SNP4172","aradu.V14167.gnm1.Aradu.A10_15041648",10,15041648
"SNP4173","aradu.V14167.gnm1.Aradu.A10_15551678",10,15551678
"SNP4174","aradu.V14167.gnm1.Aradu.A10_16175194",10,16175194
"SNP4175","aradu.V14167.gnm1.Aradu.A10_16516105",10,16516105
"SNP4176","aradu.V14167.gnm1.Aradu.A10_17623210",10,17623210
"SNP4177","aradu.V14167.gnm1.Aradu.A10_17898656",10,17898656
"SNP4178","aradu.V14167.gnm1.Aradu.A10_18007246",10,18007246
"SNP4179","aradu.V14167.gnm1.Aradu.A10_18977795",10,18977795
"SNP4180","aradu.V14167.gnm1.Aradu.A10_19461135",10,19461135
"SNP4181","aradu.V14167.gnm1.Aradu.A10_19522486",10,19522486
"SNP4182","aradu.V14167.gnm1.Aradu.A10_19877210",10,19877210
"SNP4183","aradu.V14167.gnm1.Aradu.A10_19893705",10,19893705
"SNP4184","aradu.V14167.gnm1.Aradu.A10_20114608",10,20114608
"SNP4185","aradu.V14167.gnm1.Aradu.A10_22008568",10,22008568
"SNP4186","aradu.V14167.gnm1.Aradu.A10_22669328",10,22669328
"SNP4187","aradu.V14167.gnm1.Aradu.A10_24197030",10,24197030
"SNP4188","aradu.V14167.gnm1.Aradu.A10_24203953",10,24203953
"SNP4189","aradu.V14167.gnm1.Aradu.A10_24601871",10,24601871
"SNP4190","aradu.V14167.gnm1.Aradu.A10_25001885",10,25001885
"SNP4191","aradu.V14167.gnm1.Aradu.A10_25001920",10,25001920
"SNP4192","aradu.V14167.gnm1.Aradu.A10_25040990",10,25040990
"SNP4193","aradu.V14167.gnm1.Aradu.A10_26861708",10,26861708
"SNP4194","aradu.V14167.gnm1.Aradu.A10_27213383",10,27213383
"SNP4195","aradu.V14167.gnm1.Aradu.A10_27855968",10,27855968
"SNP4196","aradu.V14167.gnm1.Aradu.A10_28174371",10,28174371
"SNP4197","aradu.V14167.gnm1.Aradu.A10_28633929",10,28633929
"SNP4198","aradu.V14167.gnm1.Aradu.A10_28635274",10,28635274
"SNP4199","aradu.V14167.gnm1.Aradu.A10_29370043",10,29370043
"SNP4200","aradu.V14167.gnm1.Aradu.A10_30908676",10,30908676
"SNP4201","aradu.V14167.gnm1.Aradu.A10_30929958",10,30929958
"SNP4202","aradu.V14167.gnm1.Aradu.A10_31131553",10,31131553
"SNP4203","aradu.V14167.gnm1.Aradu.A10_31580660",10,31580660
"SNP4204","aradu.V14167.gnm1.Aradu.A10_31607421",10,31607421
"SNP4205","aradu.V14167.gnm1.Aradu.A10_32002358",10,32002358
"SNP4206","aradu.V14167.gnm1.Aradu.A10_34925300",10,34925300
"SNP4207","aradu.V14167.gnm1.Aradu.A10_36258598",10,36258598
"SNP4208","aradu.V14167.gnm1.Aradu.A10_37011125",10,37011125
"SNP4209","aradu.V14167.gnm1.Aradu.A10_37825702",10,37825702
"SNP4210","aradu.V14167.gnm1.Aradu.A10_39690348",10,39690348
"SNP4211","aradu.V14167.gnm1.Aradu.A10_40981008",10,40981008
"SNP4212","aradu.V14167.gnm1.Aradu.A10_43257064",10,43257064
"SNP4213","aradu.V14167.gnm1.Aradu.A10_43326414",10,43326414
"SNP4214","aradu.V14167.gnm1.Aradu.A10_44003635",10,44003635
"SNP4215","aradu.V14167.gnm1.Aradu.A10_44687866",10,44687866
"SNP4216","aradu.V14167.gnm1.Aradu.A10_46609465",10,46609465
"SNP4217","aradu.V14167.gnm1.Aradu.A10_46812320",10,46812320
"SNP4218","aradu.V14167.gnm1.Aradu.A10_46870416",10,46870416
"SNP4219","aradu.V14167.gnm1.Aradu.A10_46983193",10,46983193
"SNP4220","aradu.V14167.gnm1.Aradu.A10_47128700",10,47128700
"SNP4221","aradu.V14167.gnm1.Aradu.A10_47812723",10,47812723
"SNP4222","aradu.V14167.gnm1.Aradu.A10_47850653",10,47850653
"SNP4223","aradu.V14167.gnm1.Aradu.A10_48050797",10,48050797
"SNP4224","aradu.V14167.gnm1.Aradu.A10_48300079",10,48300079
"SNP4225","aradu.V14167.gnm1.Aradu.A10_49622143",10,49622143
"SNP4226","aradu.V14167.gnm1.Aradu.A10_50002104",10,50002104
"SNP4227","aradu.V14167.gnm1.Aradu.A10_51992696",10,51992696
"SNP4228","aradu.V14167.gnm1.Aradu.A10_52430866",10,52430866
"SNP4229","aradu.V14167.gnm1.Aradu.A10_53725446",10,53725446
"SNP4230","aradu.V14167.gnm1.Aradu.A10_57093640",10,57093640
"SNP4231","aradu.V14167.gnm1.Aradu.A10_57355396",10,57355396
"SNP4232","aradu.V14167.gnm1.Aradu.A10_59987077",10,59987077
"SNP4233","aradu.V14167.gnm1.Aradu.A10_60572663",10,60572663
"SNP4234","aradu.V14167.gnm1.Aradu.A10_62962618",10,62962618
"SNP4235","aradu.V14167.gnm1.Aradu.A10_63796018",10,63796018
"SNP4236","aradu.V14167.gnm1.Aradu.A10_64198837",10,64198837
"SNP4237","aradu.V14167.gnm1.Aradu.A10_64574625",10,64574625
"SNP4238","aradu.V14167.gnm1.Aradu.A10_64826364",10,64826364
"SNP4239","aradu.V14167.gnm1.Aradu.A10_64871454",10,64871454
"SNP4240","aradu.V14167.gnm1.Aradu.A10_65712107",10,65712107
"SNP4241","aradu.V14167.gnm1.Aradu.A10_65832524",10,65832524
"SNP4242","aradu.V14167.gnm1.Aradu.A10_66065930",10,66065930
"SNP4243","aradu.V14167.gnm1.Aradu.A10_66410986",10,66410986
"SNP4244","aradu.V14167.gnm1.Aradu.A10_67128586",10,67128586
"SNP4245","aradu.V14167.gnm1.Aradu.A10_67128743",10,67128743
"SNP4246","aradu.V14167.gnm1.Aradu.A10_67132059",10,67132059
"SNP4247","aradu.V14167.gnm1.Aradu.A10_67325207",10,67325207
"SNP4248","aradu.V14167.gnm1.Aradu.A10_67345586",10,67345586
"SNP4249","aradu.V14167.gnm1.Aradu.A10_67377100",10,67377100
"SNP4250","aradu.V14167.gnm1.Aradu.A10_67381179",10,67381179
"SNP4251","aradu.V14167.gnm1.Aradu.A10_67447291",10,67447291
"SNP4252","aradu.V14167.gnm1.Aradu.A10_67447388",10,67447388
"SNP4253","aradu.V14167.gnm1.Aradu.A10_67449494",10,67449494
"SNP4254","aradu.V14167.gnm1.Aradu.A10_67450088",10,67450088
"SNP4255","aradu.V14167.gnm1.Aradu.A10_67467647",10,67467647
"SNP4256","aradu.V14167.gnm1.Aradu.A10_67721721",10,67721721
"SNP4257","aradu.V14167.gnm1.Aradu.A10_67721727",10,67721727
"SNP4258","aradu.V14167.gnm1.Aradu.A10_67721999",10,67721999
"SNP4259","aradu.V14167.gnm1.Aradu.A10_67722120",10,67722120
"SNP4260","aradu.V14167.gnm1.Aradu.A10_67726919",10,67726919
"SNP4261","aradu.V14167.gnm1.Aradu.A10_67739913",10,67739913
"SNP4262","aradu.V14167.gnm1.Aradu.A10_67907414",10,67907414
"SNP4263","aradu.V14167.gnm1.Aradu.A10_68025498",10,68025498
"SNP4264","aradu.V14167.gnm1.Aradu.A10_68421183",10,68421183
"SNP4265","aradu.V14167.gnm1.Aradu.A10_68991634",10,68991634
"SNP4266","aradu.V14167.gnm1.Aradu.A10_69072691",10,69072691
"SNP4267","aradu.V14167.gnm1.Aradu.A10_69214561",10,69214561
"SNP4268","aradu.V14167.gnm1.Aradu.A10_70323232",10,70323232
"SNP4269","aradu.V14167.gnm1.Aradu.A10_70618632",10,70618632
"SNP4270","aradu.V14167.gnm1.Aradu.A10_71029199",10,71029199
"SNP4271","aradu.V14167.gnm1.Aradu.A10_71138530",10,71138530
"SNP4272","aradu.V14167.gnm1.Aradu.A10_73574745",10,73574745
"SNP4273","aradu.V14167.gnm1.Aradu.A10_74640729",10,74640729
"SNP4274","aradu.V14167.gnm1.Aradu.A10_74839000",10,74839000
"SNP4275","aradu.V14167.gnm1.Aradu.A10_75174839",10,75174839
"SNP4276","aradu.V14167.gnm1.Aradu.A10_75429280",10,75429280
"SNP4277","aradu.V14167.gnm1.Aradu.A10_76363955",10,76363955
"SNP4278","aradu.V14167.gnm1.Aradu.A10_77740869",10,77740869
"SNP4279","aradu.V14167.gnm1.Aradu.A10_77768991",10,77768991
"SNP4280","aradu.V14167.gnm1.Aradu.A10_78517561",10,78517561
"SNP4281","aradu.V14167.gnm1.Aradu.A10_78677711",10,78677711
"SNP4282","aradu.V14167.gnm1.Aradu.A10_79575795",10,79575795
"SNP4283","aradu.V14167.gnm1.Aradu.A10_79819947",10,79819947
"SNP4284","aradu.V14167.gnm1.Aradu.A10_80177579",10,80177579
"SNP4285","aradu.V14167.gnm1.Aradu.A10_80622663",10,80622663
"SNP4286","aradu.V14167.gnm1.Aradu.A10_80686412",10,80686412
"SNP4287","aradu.V14167.gnm1.Aradu.A10_82534422",10,82534422
"SNP4288","aradu.V14167.gnm1.Aradu.A10_83899005",10,83899005
"SNP4289","aradu.V14167.gnm1.Aradu.A10_83962058",10,83962058
"SNP4290","aradu.V14167.gnm1.Aradu.A10_83991365",10,83991365
"SNP4291","aradu.V14167.gnm1.Aradu.A10_84842693",10,84842693
"SNP4292","aradu.V14167.gnm1.Aradu.A10_84912032",10,84912032
"SNP4293","aradu.V14167.gnm1.Aradu.A10_84919598",10,84919598
"SNP4294","aradu.V14167.gnm1.Aradu.A10_85010886",10,85010886
"SNP4295","aradu.V14167.gnm1.Aradu.A10_85011487",10,85011487
"SNP4296","aradu.V14167.gnm1.Aradu.A10_86534243",10,86534243
"SNP4297","aradu.V14167.gnm1.Aradu.A10_87419195",10,87419195
"SNP4298","aradu.V14167.gnm1.Aradu.A10_87990577",10,87990577
"SNP4299","aradu.V14167.gnm1.Aradu.A10_88235230",10,88235230
"SNP4300","aradu.V14167.gnm1.Aradu.A10_89929023",10,89929023
"SNP4301","aradu.V14167.gnm1.Aradu.A10_90280280",10,90280280
"SNP4302","aradu.V14167.gnm1.Aradu.A10_90377510",10,90377510
"SNP4303","aradu.V14167.gnm1.Aradu.A10_91090913",10,91090913
"SNP4304","aradu.V14167.gnm1.Aradu.A10_92199535",10,92199535
"SNP4305","aradu.V14167.gnm1.Aradu.A10_92566756",10,92566756
"SNP4306","aradu.V14167.gnm1.Aradu.A10_93398729",10,93398729
"SNP4307","aradu.V14167.gnm1.Aradu.A10_93787701",10,93787701
"SNP4308","aradu.V14167.gnm1.Aradu.A10_94066154",10,94066154
"SNP4309","aradu.V14167.gnm1.Aradu.A10_95568969",10,95568969
"SNP4310","aradu.V14167.gnm1.Aradu.A10_95643636",10,95643636
"SNP4311","aradu.V14167.gnm1.Aradu.A10_95775579",10,95775579
"SNP4312","aradu.V14167.gnm1.Aradu.A10_96146332",10,96146332
"SNP4313","aradu.V14167.gnm1.Aradu.A10_96580120",10,96580120
"SNP4314","aradu.V14167.gnm1.Aradu.A10_96704596",10,96704596
"SNP4315","aradu.V14167.gnm1.Aradu.A10_98610554",10,98610554
"SNP4316","aradu.V14167.gnm1.Aradu.A10_98891152",10,98891152
"SNP4317","aradu.V14167.gnm1.Aradu.A10_99227096",10,99227096
"SNP4318","aradu.V14167.gnm1.Aradu.A10_99335369",10,99335369
"SNP4319","aradu.V14167.gnm1.Aradu.A10_99449684",10,99449684
"SNP4320","aradu.V14167.gnm1.Aradu.A10_100105102",10,100105102
"SNP4321","aradu.V14167.gnm1.Aradu.A10_100279481",10,100279481
"SNP4322","aradu.V14167.gnm1.Aradu.A10_100552153",10,100552153
"SNP4323","aradu.V14167.gnm1.Aradu.A10_100995193",10,100995193
"SNP4324","aradu.V14167.gnm1.Aradu.A10_101148536",10,101148536
"SNP4325","aradu.V14167.gnm1.Aradu.A10_101148595",10,101148595
"SNP4326","aradu.V14167.gnm1.Aradu.A10_101203312",10,101203312
"SNP4327","aradu.V14167.gnm1.Aradu.A10_101245684",10,101245684
"SNP4328","aradu.V14167.gnm1.Aradu.A10_101618795",10,101618795
"SNP4329","aradu.V14167.gnm1.Aradu.A10_101622520",10,101622520
"SNP4330","aradu.V14167.gnm1.Aradu.A10_101941743",10,101941743
"SNP4331","aradu.V14167.gnm1.Aradu.A10_102270044",10,102270044
"SNP4332","aradu.V14167.gnm1.Aradu.A10_102457628",10,102457628
"SNP4333","aradu.V14167.gnm1.Aradu.A10_102910106",10,102910106
"SNP4334","aradu.V14167.gnm1.Aradu.A10_102987655",10,102987655
"SNP4335","aradu.V14167.gnm1.Aradu.A10_103361619",10,103361619
"SNP4336","aradu.V14167.gnm1.Aradu.A10_103386402",10,103386402
"SNP4337","aradu.V14167.gnm1.Aradu.A10_103589072",10,103589072
"SNP4338","aradu.V14167.gnm1.Aradu.A10_104011539",10,104011539
"SNP4339","aradu.V14167.gnm1.Aradu.A10_104071186",10,104071186
"SNP4340","aradu.V14167.gnm1.Aradu.A10_104391279",10,104391279
"SNP4341","aradu.V14167.gnm1.Aradu.A10_104674897",10,104674897
"SNP4342","aradu.V14167.gnm1.Aradu.A10_105510399",10,105510399
"SNP4343","aradu.V14167.gnm1.Aradu.A10_105788827",10,105788827
"SNP4344","aradu.V14167.gnm1.Aradu.A10_105844416",10,105844416
"SNP4345","aradu.V14167.gnm1.Aradu.A10_105967094",10,105967094
"SNP4346","aradu.V14167.gnm1.Aradu.A10_105967190",10,105967190
"SNP4347","aradu.V14167.gnm1.Aradu.A10_106049991",10,106049991
"SNP4348","aradu.V14167.gnm1.Aradu.A10_106358515",10,106358515
"SNP4349","aradu.V14167.gnm1.Aradu.A10_106710879",10,106710879
"SNP4350","aradu.V14167.gnm1.Aradu.A10_106876788",10,106876788
"SNP4351","aradu.V14167.gnm1.Aradu.A10_106877006",10,106877006
"SNP4352","aradu.V14167.gnm1.Aradu.A10_106877117",10,106877117
"SNP4353","aradu.V14167.gnm1.Aradu.A10_106877383",10,106877383
"SNP4354","aradu.V14167.gnm1.Aradu.A10_106877501",10,106877501
"SNP4355","aradu.V14167.gnm1.Aradu.A10_107805131",10,107805131
"SNP4356","aradu.V14167.gnm1.Aradu.A10_108020938",10,108020938
"SNP4357","aradu.V14167.gnm1.Aradu.A10_108060126",10,108060126
"SNP4358","aradu.V14167.gnm1.Aradu.A10_108080621",10,108080621
"SNP4359","aradu.V14167.gnm1.Aradu.A10_108199527",10,108199527
"SNP4360","aradu.V14167.gnm1.Aradu.A10_108592045",10,108592045
"SNP4361","aradu.V14167.gnm1.Aradu.A10_108746244",10,108746244
"SNP4362","aradu.V14167.gnm1.Aradu.A10_108779960",10,108779960
"SNP4363","aradu.V14167.gnm1.Aradu.A10_108799070",10,108799070
"SNP4364","aradu.V14167.gnm1.Aradu.A10_109092665",10,109092665
"SNP4365","aradu.V14167.gnm1.Aradu.A10_109273107",10,109273107
"SNP4366","aradu.V14167.gnm1.Aradu.A10_109302486",10,109302486
"SNP4367","araip.K30076.gnm1.Araip.B01_212338",11,212338
"SNP4368","araip.K30076.gnm1.Araip.B01_424574",11,424574
"SNP4369","araip.K30076.gnm1.Araip.B01_424975",11,424975
"SNP4370","araip.K30076.gnm1.Araip.B01_437580",11,437580
"SNP4371","araip.K30076.gnm1.Araip.B01_507375",11,507375
"SNP4372","araip.K30076.gnm1.Araip.B01_759518",11,759518
"SNP4373","araip.K30076.gnm1.Araip.B01_893922",11,893922
"SNP4374","araip.K30076.gnm1.Araip.B01_980234",11,980234
"SNP4375","araip.K30076.gnm1.Araip.B01_1262426",11,1262426
"SNP4376","araip.K30076.gnm1.Araip.B01_1401042",11,1401042
"SNP4377","araip.K30076.gnm1.Araip.B01_1408092",11,1408092
"SNP4378","araip.K30076.gnm1.Araip.B01_1411125",11,1411125
"SNP4379","araip.K30076.gnm1.Araip.B01_1411986",11,1411986
"SNP4380","araip.K30076.gnm1.Araip.B01_2139234",11,2139234
"SNP4381","araip.K30076.gnm1.Araip.B01_2369887",11,2369887
"SNP4382","araip.K30076.gnm1.Araip.B01_2392463",11,2392463
"SNP4383","araip.K30076.gnm1.Araip.B01_2483677",11,2483677
"SNP4384","araip.K30076.gnm1.Araip.B01_2654490",11,2654490
"SNP4385","araip.K30076.gnm1.Araip.B01_2990130",11,2990130
"SNP4386","araip.K30076.gnm1.Araip.B01_3094684",11,3094684
"SNP4387","araip.K30076.gnm1.Araip.B01_3297701",11,3297701
"SNP4388","araip.K30076.gnm1.Araip.B01_3442751",11,3442751
"SNP4389","araip.K30076.gnm1.Araip.B01_3443845",11,3443845
"SNP4390","araip.K30076.gnm1.Araip.B01_3669866",11,3669866
"SNP4391","araip.K30076.gnm1.Araip.B01_3954152",11,3954152
"SNP4392","araip.K30076.gnm1.Araip.B01_4240166",11,4240166
"SNP4393","araip.K30076.gnm1.Araip.B01_4731795",11,4731795
"SNP4394","araip.K30076.gnm1.Araip.B01_4788582",11,4788582
"SNP4395","araip.K30076.gnm1.Araip.B01_4850926",11,4850926
"SNP4396","araip.K30076.gnm1.Araip.B01_4875302",11,4875302
"SNP4397","araip.K30076.gnm1.Araip.B01_5180783",11,5180783
"SNP4398","araip.K30076.gnm1.Araip.B01_5297976",11,5297976
"SNP4399","araip.K30076.gnm1.Araip.B01_5435484",11,5435484
"SNP4400","araip.K30076.gnm1.Araip.B01_5551044",11,5551044
"SNP4401","araip.K30076.gnm1.Araip.B01_5552940",11,5552940
"SNP4402","araip.K30076.gnm1.Araip.B01_5562562",11,5562562
"SNP4403","araip.K30076.gnm1.Araip.B01_6162524",11,6162524
"SNP4404","araip.K30076.gnm1.Araip.B01_6269903",11,6269903
"SNP4405","araip.K30076.gnm1.Araip.B01_6362527",11,6362527
"SNP4406","araip.K30076.gnm1.Araip.B01_6427948",11,6427948
"SNP4407","araip.K30076.gnm1.Araip.B01_7663790",11,7663790
"SNP4408","araip.K30076.gnm1.Araip.B01_7691424",11,7691424
"SNP4409","araip.K30076.gnm1.Araip.B01_7691525",11,7691525
"SNP4410","araip.K30076.gnm1.Araip.B01_7699398",11,7699398
"SNP4411","araip.K30076.gnm1.Araip.B01_7970707",11,7970707
"SNP4412","araip.K30076.gnm1.Araip.B01_8040716",11,8040716
"SNP4413","araip.K30076.gnm1.Araip.B01_8591091",11,8591091
"SNP4414","araip.K30076.gnm1.Araip.B01_9132012",11,9132012
"SNP4415","araip.K30076.gnm1.Araip.B01_9135772",11,9135772
"SNP4416","araip.K30076.gnm1.Araip.B01_9186345",11,9186345
"SNP4417","araip.K30076.gnm1.Araip.B01_9418117",11,9418117
"SNP4418","araip.K30076.gnm1.Araip.B01_9440420",11,9440420
"SNP4419","araip.K30076.gnm1.Araip.B01_9461543",11,9461543
"SNP4420","araip.K30076.gnm1.Araip.B01_9709250",11,9709250
"SNP4421","araip.K30076.gnm1.Araip.B01_9887692",11,9887692
"SNP4422","araip.K30076.gnm1.Araip.B01_10121767",11,10121767
"SNP4423","araip.K30076.gnm1.Araip.B01_10303852",11,10303852
"SNP4424","araip.K30076.gnm1.Araip.B01_10355216",11,10355216
"SNP4425","araip.K30076.gnm1.Araip.B01_10589579",11,10589579
"SNP4426","araip.K30076.gnm1.Araip.B01_10661525",11,10661525
"SNP4427","araip.K30076.gnm1.Araip.B01_10720449",11,10720449
"SNP4428","araip.K30076.gnm1.Araip.B01_10769268",11,10769268
"SNP4429","araip.K30076.gnm1.Araip.B01_10785205",11,10785205
"SNP4430","araip.K30076.gnm1.Araip.B01_11038100",11,11038100
"SNP4431","araip.K30076.gnm1.Araip.B01_11090654",11,11090654
"SNP4432","araip.K30076.gnm1.Araip.B01_11378810",11,11378810
"SNP4433","araip.K30076.gnm1.Araip.B01_12335154",11,12335154
"SNP4434","araip.K30076.gnm1.Araip.B01_12432001",11,12432001
"SNP4435","araip.K30076.gnm1.Araip.B01_12452141",11,12452141
"SNP4436","araip.K30076.gnm1.Araip.B01_12505703",11,12505703
"SNP4437","araip.K30076.gnm1.Araip.B01_12552160",11,12552160
"SNP4438","araip.K30076.gnm1.Araip.B01_12741930",11,12741930
"SNP4439","araip.K30076.gnm1.Araip.B01_13017471",11,13017471
"SNP4440","araip.K30076.gnm1.Araip.B01_13180728",11,13180728
"SNP4441","araip.K30076.gnm1.Araip.B01_13384193",11,13384193
"SNP4442","araip.K30076.gnm1.Araip.B01_13582092",11,13582092
"SNP4443","araip.K30076.gnm1.Araip.B01_13783742",11,13783742
"SNP4444","araip.K30076.gnm1.Araip.B01_14189656",11,14189656
"SNP4445","araip.K30076.gnm1.Araip.B01_14288263",11,14288263
"SNP4446","araip.K30076.gnm1.Araip.B01_14367965",11,14367965
"SNP4447","araip.K30076.gnm1.Araip.B01_14524349",11,14524349
"SNP4448","araip.K30076.gnm1.Araip.B01_16024275",11,16024275
"SNP4449","araip.K30076.gnm1.Araip.B01_16130141",11,16130141
"SNP4450","araip.K30076.gnm1.Araip.B01_16193083",11,16193083
"SNP4451","araip.K30076.gnm1.Araip.B01_16382835",11,16382835
"SNP4452","araip.K30076.gnm1.Araip.B01_16719908",11,16719908
"SNP4453","araip.K30076.gnm1.Araip.B01_16818247",11,16818247
"SNP4454","araip.K30076.gnm1.Araip.B01_16824177",11,16824177
"SNP4455","araip.K30076.gnm1.Araip.B01_16825589",11,16825589
"SNP4456","araip.K30076.gnm1.Araip.B01_16889581",11,16889581
"SNP4457","araip.K30076.gnm1.Araip.B01_16889615",11,16889615
"SNP4458","araip.K30076.gnm1.Araip.B01_17264472",11,17264472
"SNP4459","araip.K30076.gnm1.Araip.B01_17335386",11,17335386
"SNP4460","araip.K30076.gnm1.Araip.B01_17338740",11,17338740
"SNP4461","araip.K30076.gnm1.Araip.B01_17384044",11,17384044
"SNP4462","araip.K30076.gnm1.Araip.B01_17511896",11,17511896
"SNP4463","araip.K30076.gnm1.Araip.B01_17513283",11,17513283
"SNP4464","araip.K30076.gnm1.Araip.B01_17515881",11,17515881
"SNP4465","araip.K30076.gnm1.Araip.B01_17571322",11,17571322
"SNP4466","araip.K30076.gnm1.Araip.B01_17571489",11,17571489
"SNP4467","araip.K30076.gnm1.Araip.B01_17712779",11,17712779
"SNP4468","araip.K30076.gnm1.Araip.B01_17871316",11,17871316
"SNP4469","araip.K30076.gnm1.Araip.B01_17971484",11,17971484
"SNP4470","araip.K30076.gnm1.Araip.B01_18004573",11,18004573
"SNP4471","araip.K30076.gnm1.Araip.B01_18119464",11,18119464
"SNP4472","araip.K30076.gnm1.Araip.B01_18135559",11,18135559
"SNP4473","araip.K30076.gnm1.Araip.B01_18174646",11,18174646
"SNP4474","araip.K30076.gnm1.Araip.B01_18245953",11,18245953
"SNP4475","araip.K30076.gnm1.Araip.B01_18257762",11,18257762
"SNP4476","araip.K30076.gnm1.Araip.B01_18372406",11,18372406
"SNP4477","araip.K30076.gnm1.Araip.B01_18930010",11,18930010
"SNP4478","araip.K30076.gnm1.Araip.B01_18990455",11,18990455
"SNP4479","araip.K30076.gnm1.Araip.B01_19191886",11,19191886
"SNP4480","araip.K30076.gnm1.Araip.B01_19747011",11,19747011
"SNP4481","araip.K30076.gnm1.Araip.B01_19859149",11,19859149
"SNP4482","araip.K30076.gnm1.Araip.B01_20224880",11,20224880
"SNP4483","araip.K30076.gnm1.Araip.B01_20683121",11,20683121
"SNP4484","araip.K30076.gnm1.Araip.B01_20716034",11,20716034
"SNP4485","araip.K30076.gnm1.Araip.B01_20949213",11,20949213
"SNP4486","araip.K30076.gnm1.Araip.B01_20985100",11,20985100
"SNP4487","araip.K30076.gnm1.Araip.B01_20989658",11,20989658
"SNP4488","araip.K30076.gnm1.Araip.B01_20990085",11,20990085
"SNP4489","araip.K30076.gnm1.Araip.B01_21137863",11,21137863
"SNP4490","araip.K30076.gnm1.Araip.B01_21164322",11,21164322
"SNP4491","araip.K30076.gnm1.Araip.B01_21716258",11,21716258
"SNP4492","araip.K30076.gnm1.Araip.B01_21899356",11,21899356
"SNP4493","araip.K30076.gnm1.Araip.B01_22131201",11,22131201
"SNP4494","araip.K30076.gnm1.Araip.B01_22153589",11,22153589
"SNP4495","araip.K30076.gnm1.Araip.B01_22190280",11,22190280
"SNP4496","araip.K30076.gnm1.Araip.B01_22199621",11,22199621
"SNP4497","araip.K30076.gnm1.Araip.B01_22254499",11,22254499
"SNP4498","araip.K30076.gnm1.Araip.B01_22324985",11,22324985
"SNP4499","araip.K30076.gnm1.Araip.B01_22880498",11,22880498
"SNP4500","araip.K30076.gnm1.Araip.B01_23177026",11,23177026
"SNP4501","araip.K30076.gnm1.Araip.B01_24191939",11,24191939
"SNP4502","araip.K30076.gnm1.Araip.B01_24755220",11,24755220
"SNP4503","araip.K30076.gnm1.Araip.B01_24756235",11,24756235
"SNP4504","araip.K30076.gnm1.Araip.B01_24902128",11,24902128
"SNP4505","araip.K30076.gnm1.Araip.B01_25212171",11,25212171
"SNP4506","araip.K30076.gnm1.Araip.B01_25318134",11,25318134
"SNP4507","araip.K30076.gnm1.Araip.B01_25318224",11,25318224
"SNP4508","araip.K30076.gnm1.Araip.B01_25387390",11,25387390
"SNP4509","araip.K30076.gnm1.Araip.B01_25459607",11,25459607
"SNP4510","araip.K30076.gnm1.Araip.B01_25676267",11,25676267
"SNP4511","araip.K30076.gnm1.Araip.B01_25687235",11,25687235
"SNP4512","araip.K30076.gnm1.Araip.B01_26285866",11,26285866
"SNP4513","araip.K30076.gnm1.Araip.B01_26413985",11,26413985
"SNP4514","araip.K30076.gnm1.Araip.B01_26493673",11,26493673
"SNP4515","araip.K30076.gnm1.Araip.B01_26543329",11,26543329
"SNP4516","araip.K30076.gnm1.Araip.B01_26658425",11,26658425
"SNP4517","araip.K30076.gnm1.Araip.B01_26672040",11,26672040
"SNP4518","araip.K30076.gnm1.Araip.B01_26767141",11,26767141
"SNP4519","araip.K30076.gnm1.Araip.B01_27080244",11,27080244
"SNP4520","araip.K30076.gnm1.Araip.B01_27103029",11,27103029
"SNP4521","araip.K30076.gnm1.Araip.B01_27222296",11,27222296
"SNP4522","araip.K30076.gnm1.Araip.B01_27253749",11,27253749
"SNP4523","araip.K30076.gnm1.Araip.B01_27542448",11,27542448
"SNP4524","araip.K30076.gnm1.Araip.B01_28241007",11,28241007
"SNP4525","araip.K30076.gnm1.Araip.B01_28270700",11,28270700
"SNP4526","araip.K30076.gnm1.Araip.B01_28277834",11,28277834
"SNP4527","araip.K30076.gnm1.Araip.B01_28280638",11,28280638
"SNP4528","araip.K30076.gnm1.Araip.B01_28353365",11,28353365
"SNP4529","araip.K30076.gnm1.Araip.B01_28694817",11,28694817
"SNP4530","araip.K30076.gnm1.Araip.B01_28743826",11,28743826
"SNP4531","araip.K30076.gnm1.Araip.B01_28791048",11,28791048
"SNP4532","araip.K30076.gnm1.Araip.B01_28846174",11,28846174
"SNP4533","araip.K30076.gnm1.Araip.B01_28962799",11,28962799
"SNP4534","araip.K30076.gnm1.Araip.B01_29018882",11,29018882
"SNP4535","araip.K30076.gnm1.Araip.B01_29062965",11,29062965
"SNP4536","araip.K30076.gnm1.Araip.B01_29254802",11,29254802
"SNP4537","araip.K30076.gnm1.Araip.B01_29530280",11,29530280
"SNP4538","araip.K30076.gnm1.Araip.B01_29659413",11,29659413
"SNP4539","araip.K30076.gnm1.Araip.B01_29894389",11,29894389
"SNP4540","araip.K30076.gnm1.Araip.B01_29917069",11,29917069
"SNP4541","araip.K30076.gnm1.Araip.B01_29951938",11,29951938
"SNP4542","araip.K30076.gnm1.Araip.B01_30270685",11,30270685
"SNP4543","araip.K30076.gnm1.Araip.B01_31116223",11,31116223
"SNP4544","araip.K30076.gnm1.Araip.B01_31432393",11,31432393
"SNP4545","araip.K30076.gnm1.Araip.B01_31505733",11,31505733
"SNP4546","araip.K30076.gnm1.Araip.B01_31718112",11,31718112
"SNP4547","araip.K30076.gnm1.Araip.B01_31927707",11,31927707
"SNP4548","araip.K30076.gnm1.Araip.B01_32139624",11,32139624
"SNP4549","araip.K30076.gnm1.Araip.B01_32306334",11,32306334
"SNP4550","araip.K30076.gnm1.Araip.B01_32343804",11,32343804
"SNP4551","araip.K30076.gnm1.Araip.B01_32876036",11,32876036
"SNP4552","araip.K30076.gnm1.Araip.B01_32926009",11,32926009
"SNP4553","araip.K30076.gnm1.Araip.B01_32980229",11,32980229
"SNP4554","araip.K30076.gnm1.Araip.B01_32982875",11,32982875
"SNP4555","araip.K30076.gnm1.Araip.B01_33385553",11,33385553
"SNP4556","araip.K30076.gnm1.Araip.B01_33809671",11,33809671
"SNP4557","araip.K30076.gnm1.Araip.B01_33810475",11,33810475
"SNP4558","araip.K30076.gnm1.Araip.B01_33971548",11,33971548
"SNP4559","araip.K30076.gnm1.Araip.B01_34262270",11,34262270
"SNP4560","araip.K30076.gnm1.Araip.B01_35162148",11,35162148
"SNP4561","araip.K30076.gnm1.Araip.B01_35408682",11,35408682
"SNP4562","araip.K30076.gnm1.Araip.B01_35554069",11,35554069
"SNP4563","araip.K30076.gnm1.Araip.B01_35555830",11,35555830
"SNP4564","araip.K30076.gnm1.Araip.B01_35556264",11,35556264
"SNP4565","araip.K30076.gnm1.Araip.B01_35556273",11,35556273
"SNP4566","araip.K30076.gnm1.Araip.B01_35556286",11,35556286
"SNP4567","araip.K30076.gnm1.Araip.B01_35557821",11,35557821
"SNP4568","araip.K30076.gnm1.Araip.B01_35558192",11,35558192
"SNP4569","araip.K30076.gnm1.Araip.B01_35560087",11,35560087
"SNP4570","araip.K30076.gnm1.Araip.B01_35560112",11,35560112
"SNP4571","araip.K30076.gnm1.Araip.B01_35720551",11,35720551
"SNP4572","araip.K30076.gnm1.Araip.B01_35720593",11,35720593
"SNP4573","araip.K30076.gnm1.Araip.B01_37054875",11,37054875
"SNP4574","araip.K30076.gnm1.Araip.B01_37059052",11,37059052
"SNP4575","araip.K30076.gnm1.Araip.B01_37331642",11,37331642
"SNP4576","araip.K30076.gnm1.Araip.B01_37390535",11,37390535
"SNP4577","araip.K30076.gnm1.Araip.B01_37808727",11,37808727
"SNP4578","araip.K30076.gnm1.Araip.B01_38027206",11,38027206
"SNP4579","araip.K30076.gnm1.Araip.B01_38654112",11,38654112
"SNP4580","araip.K30076.gnm1.Araip.B01_38654495",11,38654495
"SNP4581","araip.K30076.gnm1.Araip.B01_38863193",11,38863193
"SNP4582","araip.K30076.gnm1.Araip.B01_39316970",11,39316970
"SNP4583","araip.K30076.gnm1.Araip.B01_39619265",11,39619265
"SNP4584","araip.K30076.gnm1.Araip.B01_40169805",11,40169805
"SNP4585","araip.K30076.gnm1.Araip.B01_40285246",11,40285246
"SNP4586","araip.K30076.gnm1.Araip.B01_40740934",11,40740934
"SNP4587","araip.K30076.gnm1.Araip.B01_41122798",11,41122798
"SNP4588","araip.K30076.gnm1.Araip.B01_41123061",11,41123061
"SNP4589","araip.K30076.gnm1.Araip.B01_42081939",11,42081939
"SNP4590","araip.K30076.gnm1.Araip.B01_42112520",11,42112520
"SNP4591","araip.K30076.gnm1.Araip.B01_42782721",11,42782721
"SNP4592","araip.K30076.gnm1.Araip.B01_42915785",11,42915785
"SNP4593","araip.K30076.gnm1.Araip.B01_43486514",11,43486514
"SNP4594","araip.K30076.gnm1.Araip.B01_43500332",11,43500332
"SNP4595","araip.K30076.gnm1.Araip.B01_43666269",11,43666269
"SNP4596","araip.K30076.gnm1.Araip.B01_44167942",11,44167942
"SNP4597","araip.K30076.gnm1.Araip.B01_44295162",11,44295162
"SNP4598","araip.K30076.gnm1.Araip.B01_44302048",11,44302048
"SNP4599","araip.K30076.gnm1.Araip.B01_44333543",11,44333543
"SNP4600","araip.K30076.gnm1.Araip.B01_44881692",11,44881692
"SNP4601","araip.K30076.gnm1.Araip.B01_44967147",11,44967147
"SNP4602","araip.K30076.gnm1.Araip.B01_45727731",11,45727731
"SNP4603","araip.K30076.gnm1.Araip.B01_46472903",11,46472903
"SNP4604","araip.K30076.gnm1.Araip.B01_46583701",11,46583701
"SNP4605","araip.K30076.gnm1.Araip.B01_46595650",11,46595650
"SNP4606","araip.K30076.gnm1.Araip.B01_47288936",11,47288936
"SNP4607","araip.K30076.gnm1.Araip.B01_48488418",11,48488418
"SNP4608","araip.K30076.gnm1.Araip.B01_49255571",11,49255571
"SNP4609","araip.K30076.gnm1.Araip.B01_49413386",11,49413386
"SNP4610","araip.K30076.gnm1.Araip.B01_49716591",11,49716591
"SNP4611","araip.K30076.gnm1.Araip.B01_49906829",11,49906829
"SNP4612","araip.K30076.gnm1.Araip.B01_50543683",11,50543683
"SNP4613","araip.K30076.gnm1.Araip.B01_50874641",11,50874641
"SNP4614","araip.K30076.gnm1.Araip.B01_51400642",11,51400642
"SNP4615","araip.K30076.gnm1.Araip.B01_51410993",11,51410993
"SNP4616","araip.K30076.gnm1.Araip.B01_51951848",11,51951848
"SNP4617","araip.K30076.gnm1.Araip.B01_52830489",11,52830489
"SNP4618","araip.K30076.gnm1.Araip.B01_53419497",11,53419497
"SNP4619","araip.K30076.gnm1.Araip.B01_53960472",11,53960472
"SNP4620","araip.K30076.gnm1.Araip.B01_54019113",11,54019113
"SNP4621","araip.K30076.gnm1.Araip.B01_54179592",11,54179592
"SNP4622","araip.K30076.gnm1.Araip.B01_54252761",11,54252761
"SNP4623","araip.K30076.gnm1.Araip.B01_54290445",11,54290445
"SNP4624","araip.K30076.gnm1.Araip.B01_55055087",11,55055087
"SNP4625","araip.K30076.gnm1.Araip.B01_55293000",11,55293000
"SNP4626","araip.K30076.gnm1.Araip.B01_55391498",11,55391498
"SNP4627","araip.K30076.gnm1.Araip.B01_55435621",11,55435621
"SNP4628","araip.K30076.gnm1.Araip.B01_55659471",11,55659471
"SNP4629","araip.K30076.gnm1.Araip.B01_56517570",11,56517570
"SNP4630","araip.K30076.gnm1.Araip.B01_56608282",11,56608282
"SNP4631","araip.K30076.gnm1.Araip.B01_58382491",11,58382491
"SNP4632","araip.K30076.gnm1.Araip.B01_58383005",11,58383005
"SNP4633","araip.K30076.gnm1.Araip.B01_58999251",11,58999251
"SNP4634","araip.K30076.gnm1.Araip.B01_59219016",11,59219016
"SNP4635","araip.K30076.gnm1.Araip.B01_59773815",11,59773815
"SNP4636","araip.K30076.gnm1.Araip.B01_59773905",11,59773905
"SNP4637","araip.K30076.gnm1.Araip.B01_61078385",11,61078385
"SNP4638","araip.K30076.gnm1.Araip.B01_61221676",11,61221676
"SNP4639","araip.K30076.gnm1.Araip.B01_63044494",11,63044494
"SNP4640","araip.K30076.gnm1.Araip.B01_63623497",11,63623497
"SNP4641","araip.K30076.gnm1.Araip.B01_64037906",11,64037906
"SNP4642","araip.K30076.gnm1.Araip.B01_65084041",11,65084041
"SNP4643","araip.K30076.gnm1.Araip.B01_65108032",11,65108032
"SNP4644","araip.K30076.gnm1.Araip.B01_65248007",11,65248007
"SNP4645","araip.K30076.gnm1.Araip.B01_65355591",11,65355591
"SNP4646","araip.K30076.gnm1.Araip.B01_65368817",11,65368817
"SNP4647","araip.K30076.gnm1.Araip.B01_66065798",11,66065798
"SNP4648","araip.K30076.gnm1.Araip.B01_67035191",11,67035191
"SNP4649","araip.K30076.gnm1.Araip.B01_67827948",11,67827948
"SNP4650","araip.K30076.gnm1.Araip.B01_68967289",11,68967289
"SNP4651","araip.K30076.gnm1.Araip.B01_70423433",11,70423433
"SNP4652","araip.K30076.gnm1.Araip.B01_70750836",11,70750836
"SNP4653","araip.K30076.gnm1.Araip.B01_71058918",11,71058918
"SNP4654","araip.K30076.gnm1.Araip.B01_71700694",11,71700694
"SNP4655","araip.K30076.gnm1.Araip.B01_71744220",11,71744220
"SNP4656","araip.K30076.gnm1.Araip.B01_71966104",11,71966104
"SNP4657","araip.K30076.gnm1.Araip.B01_72554476",11,72554476
"SNP4658","araip.K30076.gnm1.Araip.B01_72798846",11,72798846
"SNP4659","araip.K30076.gnm1.Araip.B01_73748726",11,73748726
"SNP4660","araip.K30076.gnm1.Araip.B01_73755954",11,73755954
"SNP4661","araip.K30076.gnm1.Araip.B01_74449661",11,74449661
"SNP4662","araip.K30076.gnm1.Araip.B01_74678903",11,74678903
"SNP4663","araip.K30076.gnm1.Araip.B01_76157414",11,76157414
"SNP4664","araip.K30076.gnm1.Araip.B01_77062798",11,77062798
"SNP4665","araip.K30076.gnm1.Araip.B01_77391140",11,77391140
"SNP4666","araip.K30076.gnm1.Araip.B01_77396066",11,77396066
"SNP4667","araip.K30076.gnm1.Araip.B01_80807589",11,80807589
"SNP4668","araip.K30076.gnm1.Araip.B01_82159905",11,82159905
"SNP4669","araip.K30076.gnm1.Araip.B01_82160502",11,82160502
"SNP4670","araip.K30076.gnm1.Araip.B01_82175349",11,82175349
"SNP4671","araip.K30076.gnm1.Araip.B01_82950927",11,82950927
"SNP4672","araip.K30076.gnm1.Araip.B01_84746906",11,84746906
"SNP4673","araip.K30076.gnm1.Araip.B01_85033950",11,85033950
"SNP4674","araip.K30076.gnm1.Araip.B01_85587565",11,85587565
"SNP4675","araip.K30076.gnm1.Araip.B01_85637621",11,85637621
"SNP4676","araip.K30076.gnm1.Araip.B01_85681184",11,85681184
"SNP4677","araip.K30076.gnm1.Araip.B01_87068452",11,87068452
"SNP4678","araip.K30076.gnm1.Araip.B01_87347798",11,87347798
"SNP4679","araip.K30076.gnm1.Araip.B01_87526975",11,87526975
"SNP4680","araip.K30076.gnm1.Araip.B01_91537274",11,91537274
"SNP4681","araip.K30076.gnm1.Araip.B01_91539697",11,91539697
"SNP4682","araip.K30076.gnm1.Araip.B01_92199179",11,92199179
"SNP4683","araip.K30076.gnm1.Araip.B01_94327169",11,94327169
"SNP4684","araip.K30076.gnm1.Araip.B01_95769140",11,95769140
"SNP4685","araip.K30076.gnm1.Araip.B01_96759944",11,96759944
"SNP4686","araip.K30076.gnm1.Araip.B01_97525297",11,97525297
"SNP4687","araip.K30076.gnm1.Araip.B01_98037844",11,98037844
"SNP4688","araip.K30076.gnm1.Araip.B01_98679341",11,98679341
"SNP4689","araip.K30076.gnm1.Araip.B01_98820700",11,98820700
"SNP4690","araip.K30076.gnm1.Araip.B01_99216420",11,99216420
"SNP4691","araip.K30076.gnm1.Araip.B01_99448666",11,99448666
"SNP4692","araip.K30076.gnm1.Araip.B01_99580561",11,99580561
"SNP4693","araip.K30076.gnm1.Araip.B01_100307978",11,100307978
"SNP4694","araip.K30076.gnm1.Araip.B01_100310055",11,100310055
"SNP4695","araip.K30076.gnm1.Araip.B01_100318807",11,100318807
"SNP4696","araip.K30076.gnm1.Araip.B01_100319147",11,100319147
"SNP4697","araip.K30076.gnm1.Araip.B01_100784483",11,100784483
"SNP4698","araip.K30076.gnm1.Araip.B01_100851742",11,100851742
"SNP4699","araip.K30076.gnm1.Araip.B01_100855045",11,100855045
"SNP4700","araip.K30076.gnm1.Araip.B01_100861959",11,100861959
"SNP4701","araip.K30076.gnm1.Araip.B01_101512986",11,101512986
"SNP4702","araip.K30076.gnm1.Araip.B01_102071673",11,102071673
"SNP4703","araip.K30076.gnm1.Araip.B01_102262513",11,102262513
"SNP4704","araip.K30076.gnm1.Araip.B01_102263132",11,102263132
"SNP4705","araip.K30076.gnm1.Araip.B01_102269074",11,102269074
"SNP4706","araip.K30076.gnm1.Araip.B01_102498124",11,102498124
"SNP4707","araip.K30076.gnm1.Araip.B01_102567359",11,102567359
"SNP4708","araip.K30076.gnm1.Araip.B01_104424811",11,104424811
"SNP4709","araip.K30076.gnm1.Araip.B01_106300122",11,106300122
"SNP4710","araip.K30076.gnm1.Araip.B01_106798591",11,106798591
"SNP4711","araip.K30076.gnm1.Araip.B01_107127111",11,107127111
"SNP4712","araip.K30076.gnm1.Araip.B01_107602036",11,107602036
"SNP4713","araip.K30076.gnm1.Araip.B01_107652500",11,107652500
"SNP4714","araip.K30076.gnm1.Araip.B01_108807904",11,108807904
"SNP4715","araip.K30076.gnm1.Araip.B01_108958779",11,108958779
"SNP4716","araip.K30076.gnm1.Araip.B01_110161904",11,110161904
"SNP4717","araip.K30076.gnm1.Araip.B01_110343603",11,110343603
"SNP4718","araip.K30076.gnm1.Araip.B01_110623501",11,110623501
"SNP4719","araip.K30076.gnm1.Araip.B01_110848776",11,110848776
"SNP4720","araip.K30076.gnm1.Araip.B01_113291474",11,113291474
"SNP4721","araip.K30076.gnm1.Araip.B01_113300564",11,113300564
"SNP4722","araip.K30076.gnm1.Araip.B01_113324686",11,113324686
"SNP4723","araip.K30076.gnm1.Araip.B01_113461915",11,113461915
"SNP4724","araip.K30076.gnm1.Araip.B01_113467784",11,113467784
"SNP4725","araip.K30076.gnm1.Araip.B01_113647077",11,113647077
"SNP4726","araip.K30076.gnm1.Araip.B01_113780488",11,113780488
"SNP4727","araip.K30076.gnm1.Araip.B01_113809381",11,113809381
"SNP4728","araip.K30076.gnm1.Araip.B01_113822776",11,113822776
"SNP4729","araip.K30076.gnm1.Araip.B01_113943656",11,113943656
"SNP4730","araip.K30076.gnm1.Araip.B01_114238937",11,114238937
"SNP4731","araip.K30076.gnm1.Araip.B01_114256963",11,114256963
"SNP4732","araip.K30076.gnm1.Araip.B01_114377087",11,114377087
"SNP4733","araip.K30076.gnm1.Araip.B01_114413307",11,114413307
"SNP4734","araip.K30076.gnm1.Araip.B01_114422004",11,114422004
"SNP4735","araip.K30076.gnm1.Araip.B01_114459581",11,114459581
"SNP4736","araip.K30076.gnm1.Araip.B01_114541249",11,114541249
"SNP4737","araip.K30076.gnm1.Araip.B01_115082321",11,115082321
"SNP4738","araip.K30076.gnm1.Araip.B01_115146640",11,115146640
"SNP4739","araip.K30076.gnm1.Araip.B01_115752940",11,115752940
"SNP4740","araip.K30076.gnm1.Araip.B01_115988687",11,115988687
"SNP4741","araip.K30076.gnm1.Araip.B01_116027372",11,116027372
"SNP4742","araip.K30076.gnm1.Araip.B01_116045674",11,116045674
"SNP4743","araip.K30076.gnm1.Araip.B01_116276156",11,116276156
"SNP4744","araip.K30076.gnm1.Araip.B01_116345539",11,116345539
"SNP4745","araip.K30076.gnm1.Araip.B01_117113510",11,117113510
"SNP4746","araip.K30076.gnm1.Araip.B01_117242290",11,117242290
"SNP4747","araip.K30076.gnm1.Araip.B01_117917025",11,117917025
"SNP4748","araip.K30076.gnm1.Araip.B01_118450440",11,118450440
"SNP4749","araip.K30076.gnm1.Araip.B01_119154309",11,119154309
"SNP4750","araip.K30076.gnm1.Araip.B01_119491221",11,119491221
"SNP4751","araip.K30076.gnm1.Araip.B01_119529543",11,119529543
"SNP4752","araip.K30076.gnm1.Araip.B01_119714923",11,119714923
"SNP4753","araip.K30076.gnm1.Araip.B01_120261890",11,120261890
"SNP4754","araip.K30076.gnm1.Araip.B01_120834262",11,120834262
"SNP4755","araip.K30076.gnm1.Araip.B01_121203437",11,121203437
"SNP4756","araip.K30076.gnm1.Araip.B01_121267990",11,121267990
"SNP4757","araip.K30076.gnm1.Araip.B01_121383217",11,121383217
"SNP4758","araip.K30076.gnm1.Araip.B01_121460689",11,121460689
"SNP4759","araip.K30076.gnm1.Araip.B01_121523148",11,121523148
"SNP4760","araip.K30076.gnm1.Araip.B01_121686392",11,121686392
"SNP4761","araip.K30076.gnm1.Araip.B01_121795030",11,121795030
"SNP4762","araip.K30076.gnm1.Araip.B01_122168296",11,122168296
"SNP4763","araip.K30076.gnm1.Araip.B01_122172818",11,122172818
"SNP4764","araip.K30076.gnm1.Araip.B01_123039211",11,123039211
"SNP4765","araip.K30076.gnm1.Araip.B01_123373078",11,123373078
"SNP4766","araip.K30076.gnm1.Araip.B01_123628061",11,123628061
"SNP4767","araip.K30076.gnm1.Araip.B01_123628073",11,123628073
"SNP4768","araip.K30076.gnm1.Araip.B01_123634429",11,123634429
"SNP4769","araip.K30076.gnm1.Araip.B01_123671915",11,123671915
"SNP4770","araip.K30076.gnm1.Araip.B01_123735995",11,123735995
"SNP4771","araip.K30076.gnm1.Araip.B01_123973617",11,123973617
"SNP4772","araip.K30076.gnm1.Araip.B01_123978407",11,123978407
"SNP4773","araip.K30076.gnm1.Araip.B01_124273052",11,124273052
"SNP4774","araip.K30076.gnm1.Araip.B01_124424825",11,124424825
"SNP4775","araip.K30076.gnm1.Araip.B01_124432093",11,124432093
"SNP4776","araip.K30076.gnm1.Araip.B01_124503817",11,124503817
"SNP4777","araip.K30076.gnm1.Araip.B01_124591726",11,124591726
"SNP4778","araip.K30076.gnm1.Araip.B01_125018875",11,125018875
"SNP4779","araip.K30076.gnm1.Araip.B01_125055223",11,125055223
"SNP4780","araip.K30076.gnm1.Araip.B01_125338679",11,125338679
"SNP4781","araip.K30076.gnm1.Araip.B01_125376014",11,125376014
"SNP4782","araip.K30076.gnm1.Araip.B01_125385021",11,125385021
"SNP4783","araip.K30076.gnm1.Araip.B01_125646199",11,125646199
"SNP4784","araip.K30076.gnm1.Araip.B01_125653503",11,125653503
"SNP4785","araip.K30076.gnm1.Araip.B01_125656175",11,125656175
"SNP4786","araip.K30076.gnm1.Araip.B01_125668584",11,125668584
"SNP4787","araip.K30076.gnm1.Araip.B01_126117760",11,126117760
"SNP4788","araip.K30076.gnm1.Araip.B01_126168933",11,126168933
"SNP4789","araip.K30076.gnm1.Araip.B01_126262699",11,126262699
"SNP4790","araip.K30076.gnm1.Araip.B01_126274566",11,126274566
"SNP4791","araip.K30076.gnm1.Araip.B01_126336546",11,126336546
"SNP4792","araip.K30076.gnm1.Araip.B01_126402661",11,126402661
"SNP4793","araip.K30076.gnm1.Araip.B01_126697030",11,126697030
"SNP4794","araip.K30076.gnm1.Araip.B01_126979579",11,126979579
"SNP4795","araip.K30076.gnm1.Araip.B01_127066713",11,127066713
"SNP4796","araip.K30076.gnm1.Araip.B01_128046548",11,128046548
"SNP4797","araip.K30076.gnm1.Araip.B01_128107945",11,128107945
"SNP4798","araip.K30076.gnm1.Araip.B01_128129633",11,128129633
"SNP4799","araip.K30076.gnm1.Araip.B01_128279411",11,128279411
"SNP4800","araip.K30076.gnm1.Araip.B01_128310910",11,128310910
"SNP4801","araip.K30076.gnm1.Araip.B01_128358821",11,128358821
"SNP4802","araip.K30076.gnm1.Araip.B01_128477500",11,128477500
"SNP4803","araip.K30076.gnm1.Araip.B01_128477990",11,128477990
"SNP4804","araip.K30076.gnm1.Araip.B01_128681234",11,128681234
"SNP4805","araip.K30076.gnm1.Araip.B01_128696059",11,128696059
"SNP4806","araip.K30076.gnm1.Araip.B01_128816763",11,128816763
"SNP4807","araip.K30076.gnm1.Araip.B01_128870938",11,128870938
"SNP4808","araip.K30076.gnm1.Araip.B01_128973524",11,128973524
"SNP4809","araip.K30076.gnm1.Araip.B01_129152474",11,129152474
"SNP4810","araip.K30076.gnm1.Araip.B01_129526274",11,129526274
"SNP4811","araip.K30076.gnm1.Araip.B01_129549664",11,129549664
"SNP4812","araip.K30076.gnm1.Araip.B01_129579861",11,129579861
"SNP4813","araip.K30076.gnm1.Araip.B01_129779822",11,129779822
"SNP4814","araip.K30076.gnm1.Araip.B01_129807580",11,129807580
"SNP4815","araip.K30076.gnm1.Araip.B01_129944418",11,129944418
"SNP4816","araip.K30076.gnm1.Araip.B01_130243610",11,130243610
"SNP4817","araip.K30076.gnm1.Araip.B01_130289404",11,130289404
"SNP4818","araip.K30076.gnm1.Araip.B01_130697387",11,130697387
"SNP4819","araip.K30076.gnm1.Araip.B01_131171145",11,131171145
"SNP4820","araip.K30076.gnm1.Araip.B01_131260267",11,131260267
"SNP4821","araip.K30076.gnm1.Araip.B01_131262744",11,131262744
"SNP4822","araip.K30076.gnm1.Araip.B01_131383388",11,131383388
"SNP4823","araip.K30076.gnm1.Araip.B01_131422405",11,131422405
"SNP4824","araip.K30076.gnm1.Araip.B01_131448576",11,131448576
"SNP4825","araip.K30076.gnm1.Araip.B01_131701071",11,131701071
"SNP4826","araip.K30076.gnm1.Araip.B01_131725742",11,131725742
"SNP4827","araip.K30076.gnm1.Araip.B01_132119581",11,132119581
"SNP4828","araip.K30076.gnm1.Araip.B01_132482252",11,132482252
"SNP4829","araip.K30076.gnm1.Araip.B01_132482803",11,132482803
"SNP4830","araip.K30076.gnm1.Araip.B01_132567988",11,132567988
"SNP4831","araip.K30076.gnm1.Araip.B01_132830669",11,132830669
"SNP4832","araip.K30076.gnm1.Araip.B01_133569092",11,133569092
"SNP4833","araip.K30076.gnm1.Araip.B01_133572975",11,133572975
"SNP4834","araip.K30076.gnm1.Araip.B01_133829141",11,133829141
"SNP4835","araip.K30076.gnm1.Araip.B01_133982792",11,133982792
"SNP4836","araip.K30076.gnm1.Araip.B01_134031439",11,134031439
"SNP4837","araip.K30076.gnm1.Araip.B01_134060134",11,134060134
"SNP4838","araip.K30076.gnm1.Araip.B01_134144284",11,134144284
"SNP4839","araip.K30076.gnm1.Araip.B01_134275884",11,134275884
"SNP4840","araip.K30076.gnm1.Araip.B01_134316364",11,134316364
"SNP4841","araip.K30076.gnm1.Araip.B01_134349990",11,134349990
"SNP4842","araip.K30076.gnm1.Araip.B01_134350003",11,134350003
"SNP4843","araip.K30076.gnm1.Araip.B01_134434638",11,134434638
"SNP4844","araip.K30076.gnm1.Araip.B01_134477245",11,134477245
"SNP4845","araip.K30076.gnm1.Araip.B01_134631468",11,134631468
"SNP4846","araip.K30076.gnm1.Araip.B01_134636409",11,134636409
"SNP4847","araip.K30076.gnm1.Araip.B01_134746033",11,134746033
"SNP4848","araip.K30076.gnm1.Araip.B01_135239270",11,135239270
"SNP4849","araip.K30076.gnm1.Araip.B01_135306565",11,135306565
"SNP4850","araip.K30076.gnm1.Araip.B01_135385691",11,135385691
"SNP4851","araip.K30076.gnm1.Araip.B01_135512054",11,135512054
"SNP4852","araip.K30076.gnm1.Araip.B01_135673364",11,135673364
"SNP4853","araip.K30076.gnm1.Araip.B01_135686530",11,135686530
"SNP4854","araip.K30076.gnm1.Araip.B01_135743265",11,135743265
"SNP4855","araip.K30076.gnm1.Araip.B01_135757753",11,135757753
"SNP4856","araip.K30076.gnm1.Araip.B01_135771076",11,135771076
"SNP4857","araip.K30076.gnm1.Araip.B01_135771887",11,135771887
"SNP4858","araip.K30076.gnm1.Araip.B01_135792033",11,135792033
"SNP4859","araip.K30076.gnm1.Araip.B01_135861307",11,135861307
"SNP4860","araip.K30076.gnm1.Araip.B01_135954354",11,135954354
"SNP4861","araip.K30076.gnm1.Araip.B01_135986574",11,135986574
"SNP4862","araip.K30076.gnm1.Araip.B01_136383487",11,136383487
"SNP4863","araip.K30076.gnm1.Araip.B01_136407446",11,136407446
"SNP4864","araip.K30076.gnm1.Araip.B01_136819348",11,136819348
"SNP4865","araip.K30076.gnm1.Araip.B01_136968142",11,136968142
"SNP4866","araip.K30076.gnm1.Araip.B01_137044543",11,137044543
"SNP4867","araip.K30076.gnm1.Araip.B01_137046373",11,137046373
"SNP4868","araip.K30076.gnm1.Araip.B01_137065879",11,137065879
"SNP4869","araip.K30076.gnm1.Araip.B01_137128713",11,137128713
"SNP4870","araip.K30076.gnm1.Araip.B01_137254172",11,137254172
"SNP4871","araip.K30076.gnm1.Araip.B01_137254282",11,137254282
"SNP4872","araip.K30076.gnm1.Araip.B01_137285820",11,137285820
"SNP4873","araip.K30076.gnm1.Araip.B02_295929",12,295929
"SNP4874","araip.K30076.gnm1.Araip.B02_423949",12,423949
"SNP4875","araip.K30076.gnm1.Araip.B02_721950",12,721950
"SNP4876","araip.K30076.gnm1.Araip.B02_756709",12,756709
"SNP4877","araip.K30076.gnm1.Araip.B02_1435054",12,1435054
"SNP4878","araip.K30076.gnm1.Araip.B02_1461906",12,1461906
"SNP4879","araip.K30076.gnm1.Araip.B02_1462753",12,1462753
"SNP4880","araip.K30076.gnm1.Araip.B02_1838208",12,1838208
"SNP4881","araip.K30076.gnm1.Araip.B02_2042415",12,2042415
"SNP4882","araip.K30076.gnm1.Araip.B02_2048600",12,2048600
"SNP4883","araip.K30076.gnm1.Araip.B02_2049608",12,2049608
"SNP4884","araip.K30076.gnm1.Araip.B02_2184333",12,2184333
"SNP4885","araip.K30076.gnm1.Araip.B02_2184712",12,2184712
"SNP4886","araip.K30076.gnm1.Araip.B02_2364809",12,2364809
"SNP4887","araip.K30076.gnm1.Araip.B02_2480844",12,2480844
"SNP4888","araip.K30076.gnm1.Araip.B02_2497726",12,2497726
"SNP4889","araip.K30076.gnm1.Araip.B02_2650206",12,2650206
"SNP4890","araip.K30076.gnm1.Araip.B02_2778086",12,2778086
"SNP4891","araip.K30076.gnm1.Araip.B02_4215101",12,4215101
"SNP4892","araip.K30076.gnm1.Araip.B02_4548625",12,4548625
"SNP4893","araip.K30076.gnm1.Araip.B02_4632512",12,4632512
"SNP4894","araip.K30076.gnm1.Araip.B02_5201723",12,5201723
"SNP4895","araip.K30076.gnm1.Araip.B02_5256709",12,5256709
"SNP4896","araip.K30076.gnm1.Araip.B02_5459604",12,5459604
"SNP4897","araip.K30076.gnm1.Araip.B02_5852191",12,5852191
"SNP4898","araip.K30076.gnm1.Araip.B02_5885390",12,5885390
"SNP4899","araip.K30076.gnm1.Araip.B02_5891590",12,5891590
"SNP4900","araip.K30076.gnm1.Araip.B02_6301933",12,6301933
"SNP4901","araip.K30076.gnm1.Araip.B02_6346708",12,6346708
"SNP4902","araip.K30076.gnm1.Araip.B02_6419011",12,6419011
"SNP4903","araip.K30076.gnm1.Araip.B02_6694485",12,6694485
"SNP4904","araip.K30076.gnm1.Araip.B02_6772325",12,6772325
"SNP4905","araip.K30076.gnm1.Araip.B02_6773946",12,6773946
"SNP4906","araip.K30076.gnm1.Araip.B02_7217271",12,7217271
"SNP4907","araip.K30076.gnm1.Araip.B02_7577994",12,7577994
"SNP4908","araip.K30076.gnm1.Araip.B02_7578061",12,7578061
"SNP4909","araip.K30076.gnm1.Araip.B02_7812657",12,7812657
"SNP4910","araip.K30076.gnm1.Araip.B02_7838565",12,7838565
"SNP4911","araip.K30076.gnm1.Araip.B02_8198117",12,8198117
"SNP4912","araip.K30076.gnm1.Araip.B02_8748646",12,8748646
"SNP4913","araip.K30076.gnm1.Araip.B02_8770969",12,8770969
"SNP4914","araip.K30076.gnm1.Araip.B02_9075171",12,9075171
"SNP4915","araip.K30076.gnm1.Araip.B02_9293294",12,9293294
"SNP4916","araip.K30076.gnm1.Araip.B02_10246911",12,10246911
"SNP4917","araip.K30076.gnm1.Araip.B02_10473136",12,10473136
"SNP4918","araip.K30076.gnm1.Araip.B02_11191130",12,11191130
"SNP4919","araip.K30076.gnm1.Araip.B02_11655526",12,11655526
"SNP4920","araip.K30076.gnm1.Araip.B02_11751936",12,11751936
"SNP4921","araip.K30076.gnm1.Araip.B02_11761968",12,11761968
"SNP4922","araip.K30076.gnm1.Araip.B02_12264088",12,12264088
"SNP4923","araip.K30076.gnm1.Araip.B02_12533061",12,12533061
"SNP4924","araip.K30076.gnm1.Araip.B02_12535273",12,12535273
"SNP4925","araip.K30076.gnm1.Araip.B02_12812603",12,12812603
"SNP4926","araip.K30076.gnm1.Araip.B02_12983402",12,12983402
"SNP4927","araip.K30076.gnm1.Araip.B02_13080944",12,13080944
"SNP4928","araip.K30076.gnm1.Araip.B02_13083458",12,13083458
"SNP4929","araip.K30076.gnm1.Araip.B02_13172449",12,13172449
"SNP4930","araip.K30076.gnm1.Araip.B02_13463777",12,13463777
"SNP4931","araip.K30076.gnm1.Araip.B02_13548533",12,13548533
"SNP4932","araip.K30076.gnm1.Araip.B02_14183719",12,14183719
"SNP4933","araip.K30076.gnm1.Araip.B02_14693255",12,14693255
"SNP4934","araip.K30076.gnm1.Araip.B02_14728513",12,14728513
"SNP4935","araip.K30076.gnm1.Araip.B02_15155708",12,15155708
"SNP4936","araip.K30076.gnm1.Araip.B02_16101383",12,16101383
"SNP4937","araip.K30076.gnm1.Araip.B02_16252106",12,16252106
"SNP4938","araip.K30076.gnm1.Araip.B02_18352330",12,18352330
"SNP4939","araip.K30076.gnm1.Araip.B02_18763958",12,18763958
"SNP4940","araip.K30076.gnm1.Araip.B02_19149171",12,19149171
"SNP4941","araip.K30076.gnm1.Araip.B02_19280408",12,19280408
"SNP4942","araip.K30076.gnm1.Araip.B02_19447854",12,19447854
"SNP4943","araip.K30076.gnm1.Araip.B02_19769814",12,19769814
"SNP4944","araip.K30076.gnm1.Araip.B02_20948161",12,20948161
"SNP4945","araip.K30076.gnm1.Araip.B02_21106670",12,21106670
"SNP4946","araip.K30076.gnm1.Araip.B02_22167987",12,22167987
"SNP4947","araip.K30076.gnm1.Araip.B02_22562082",12,22562082
"SNP4948","araip.K30076.gnm1.Araip.B02_22999210",12,22999210
"SNP4949","araip.K30076.gnm1.Araip.B02_23002257",12,23002257
"SNP4950","araip.K30076.gnm1.Araip.B02_23249159",12,23249159
"SNP4951","araip.K30076.gnm1.Araip.B02_23628218",12,23628218
"SNP4952","araip.K30076.gnm1.Araip.B02_23631160",12,23631160
"SNP4953","araip.K30076.gnm1.Araip.B02_23666666",12,23666666
"SNP4954","araip.K30076.gnm1.Araip.B02_24015611",12,24015611
"SNP4955","araip.K30076.gnm1.Araip.B02_24110354",12,24110354
"SNP4956","araip.K30076.gnm1.Araip.B02_25085403",12,25085403
"SNP4957","araip.K30076.gnm1.Araip.B02_25132718",12,25132718
"SNP4958","araip.K30076.gnm1.Araip.B02_25483240",12,25483240
"SNP4959","araip.K30076.gnm1.Araip.B02_25492121",12,25492121
"SNP4960","araip.K30076.gnm1.Araip.B02_25598735",12,25598735
"SNP4961","araip.K30076.gnm1.Araip.B02_25725940",12,25725940
"SNP4962","araip.K30076.gnm1.Araip.B02_26112768",12,26112768
"SNP4963","araip.K30076.gnm1.Araip.B02_27248170",12,27248170
"SNP4964","araip.K30076.gnm1.Araip.B02_27255340",12,27255340
"SNP4965","araip.K30076.gnm1.Araip.B02_27442316",12,27442316
"SNP4966","araip.K30076.gnm1.Araip.B02_28049913",12,28049913
"SNP4967","araip.K30076.gnm1.Araip.B02_28984772",12,28984772
"SNP4968","araip.K30076.gnm1.Araip.B02_29256492",12,29256492
"SNP4969","araip.K30076.gnm1.Araip.B02_29663046",12,29663046
"SNP4970","araip.K30076.gnm1.Araip.B02_30172328",12,30172328
"SNP4971","araip.K30076.gnm1.Araip.B02_30330312",12,30330312
"SNP4972","araip.K30076.gnm1.Araip.B02_32264462",12,32264462
"SNP4973","araip.K30076.gnm1.Araip.B02_32891208",12,32891208
"SNP4974","araip.K30076.gnm1.Araip.B02_33960987",12,33960987
"SNP4975","araip.K30076.gnm1.Araip.B02_34009224",12,34009224
"SNP4976","araip.K30076.gnm1.Araip.B02_34021548",12,34021548
"SNP4977","araip.K30076.gnm1.Araip.B02_34107540",12,34107540
"SNP4978","araip.K30076.gnm1.Araip.B02_34295978",12,34295978
"SNP4979","araip.K30076.gnm1.Araip.B02_35319573",12,35319573
"SNP4980","araip.K30076.gnm1.Araip.B02_36182250",12,36182250
"SNP4981","araip.K30076.gnm1.Araip.B02_36685936",12,36685936
"SNP4982","araip.K30076.gnm1.Araip.B02_36753806",12,36753806
"SNP4983","araip.K30076.gnm1.Araip.B02_36786894",12,36786894
"SNP4984","araip.K30076.gnm1.Araip.B02_37468321",12,37468321
"SNP4985","araip.K30076.gnm1.Araip.B02_43997725",12,43997725
"SNP4986","araip.K30076.gnm1.Araip.B02_44493585",12,44493585
"SNP4987","araip.K30076.gnm1.Araip.B02_45735578",12,45735578
"SNP4988","araip.K30076.gnm1.Araip.B02_47062123",12,47062123
"SNP4989","araip.K30076.gnm1.Araip.B02_49251241",12,49251241
"SNP4990","araip.K30076.gnm1.Araip.B02_53693009",12,53693009
"SNP4991","araip.K30076.gnm1.Araip.B02_54332654",12,54332654
"SNP4992","araip.K30076.gnm1.Araip.B02_54373689",12,54373689
"SNP4993","araip.K30076.gnm1.Araip.B02_54638764",12,54638764
"SNP4994","araip.K30076.gnm1.Araip.B02_54996059",12,54996059
"SNP4995","araip.K30076.gnm1.Araip.B02_55096114",12,55096114
"SNP4996","araip.K30076.gnm1.Araip.B02_55201799",12,55201799
"SNP4997","araip.K30076.gnm1.Araip.B02_55248307",12,55248307
"SNP4998","araip.K30076.gnm1.Araip.B02_55249418",12,55249418
"SNP4999","araip.K30076.gnm1.Araip.B02_56867170",12,56867170
"SNP5000","araip.K30076.gnm1.Araip.B02_57761498",12,57761498
"SNP5001","araip.K30076.gnm1.Araip.B02_58789461",12,58789461
"SNP5002","araip.K30076.gnm1.Araip.B02_58791000",12,58791000
"SNP5003","araip.K30076.gnm1.Araip.B02_58924091",12,58924091
"SNP5004","araip.K30076.gnm1.Araip.B02_59548211",12,59548211
"SNP5005","araip.K30076.gnm1.Araip.B02_60566100",12,60566100
"SNP5006","araip.K30076.gnm1.Araip.B02_61364179",12,61364179
"SNP5007","araip.K30076.gnm1.Araip.B02_64418329",12,64418329
"SNP5008","araip.K30076.gnm1.Araip.B02_64651062",12,64651062
"SNP5009","araip.K30076.gnm1.Araip.B02_65670383",12,65670383
"SNP5010","araip.K30076.gnm1.Araip.B02_65936199",12,65936199
"SNP5011","araip.K30076.gnm1.Araip.B02_67401261",12,67401261
"SNP5012","araip.K30076.gnm1.Araip.B02_67577596",12,67577596
"SNP5013","araip.K30076.gnm1.Araip.B02_68434105",12,68434105
"SNP5014","araip.K30076.gnm1.Araip.B02_68436848",12,68436848
"SNP5015","araip.K30076.gnm1.Araip.B02_69311494",12,69311494
"SNP5016","araip.K30076.gnm1.Araip.B02_70073841",12,70073841
"SNP5017","araip.K30076.gnm1.Araip.B02_70190077",12,70190077
"SNP5018","araip.K30076.gnm1.Araip.B02_70287870",12,70287870
"SNP5019","araip.K30076.gnm1.Araip.B02_70555263",12,70555263
"SNP5020","araip.K30076.gnm1.Araip.B02_70556976",12,70556976
"SNP5021","araip.K30076.gnm1.Araip.B02_70682710",12,70682710
"SNP5022","araip.K30076.gnm1.Araip.B02_71480427",12,71480427
"SNP5023","araip.K30076.gnm1.Araip.B02_71541702",12,71541702
"SNP5024","araip.K30076.gnm1.Araip.B02_73509681",12,73509681
"SNP5025","araip.K30076.gnm1.Araip.B02_73527328",12,73527328
"SNP5026","araip.K30076.gnm1.Araip.B02_75193543",12,75193543
"SNP5027","araip.K30076.gnm1.Araip.B02_75295388",12,75295388
"SNP5028","araip.K30076.gnm1.Araip.B02_75519949",12,75519949
"SNP5029","araip.K30076.gnm1.Araip.B02_75740278",12,75740278
"SNP5030","araip.K30076.gnm1.Araip.B02_75966439",12,75966439
"SNP5031","araip.K30076.gnm1.Araip.B02_76252153",12,76252153
"SNP5032","araip.K30076.gnm1.Araip.B02_76511991",12,76511991
"SNP5033","araip.K30076.gnm1.Araip.B02_76861787",12,76861787
"SNP5034","araip.K30076.gnm1.Araip.B02_77297198",12,77297198
"SNP5035","araip.K30076.gnm1.Araip.B02_77726654",12,77726654
"SNP5036","araip.K30076.gnm1.Araip.B02_77945903",12,77945903
"SNP5037","araip.K30076.gnm1.Araip.B02_78297363",12,78297363
"SNP5038","araip.K30076.gnm1.Araip.B02_78642471",12,78642471
"SNP5039","araip.K30076.gnm1.Araip.B02_78651519",12,78651519
"SNP5040","araip.K30076.gnm1.Araip.B02_78659250",12,78659250
"SNP5041","araip.K30076.gnm1.Araip.B02_78824171",12,78824171
"SNP5042","araip.K30076.gnm1.Araip.B02_79573395",12,79573395
"SNP5043","araip.K30076.gnm1.Araip.B02_79592973",12,79592973
"SNP5044","araip.K30076.gnm1.Araip.B02_80217278",12,80217278
"SNP5045","araip.K30076.gnm1.Araip.B02_81665545",12,81665545
"SNP5046","araip.K30076.gnm1.Araip.B02_81687713",12,81687713
"SNP5047","araip.K30076.gnm1.Araip.B02_81687958",12,81687958
"SNP5048","araip.K30076.gnm1.Araip.B02_81689968",12,81689968
"SNP5049","araip.K30076.gnm1.Araip.B02_82235184",12,82235184
"SNP5050","araip.K30076.gnm1.Araip.B02_82238558",12,82238558
"SNP5051","araip.K30076.gnm1.Araip.B02_82324468",12,82324468
"SNP5052","araip.K30076.gnm1.Araip.B02_82325218",12,82325218
"SNP5053","araip.K30076.gnm1.Araip.B02_82326304",12,82326304
"SNP5054","araip.K30076.gnm1.Araip.B02_82477022",12,82477022
"SNP5055","araip.K30076.gnm1.Araip.B02_82582784",12,82582784
"SNP5056","araip.K30076.gnm1.Araip.B02_82672639",12,82672639
"SNP5057","araip.K30076.gnm1.Araip.B02_82755010",12,82755010
"SNP5058","araip.K30076.gnm1.Araip.B02_82774139",12,82774139
"SNP5059","araip.K30076.gnm1.Araip.B02_82897271",12,82897271
"SNP5060","araip.K30076.gnm1.Araip.B02_82925363",12,82925363
"SNP5061","araip.K30076.gnm1.Araip.B02_83142756",12,83142756
"SNP5062","araip.K30076.gnm1.Araip.B02_83146644",12,83146644
"SNP5063","araip.K30076.gnm1.Araip.B02_83222769",12,83222769
"SNP5064","araip.K30076.gnm1.Araip.B02_83665177",12,83665177
"SNP5065","araip.K30076.gnm1.Araip.B02_83834295",12,83834295
"SNP5066","araip.K30076.gnm1.Araip.B02_84057512",12,84057512
"SNP5067","araip.K30076.gnm1.Araip.B02_84540948",12,84540948
"SNP5068","araip.K30076.gnm1.Araip.B02_84571717",12,84571717
"SNP5069","araip.K30076.gnm1.Araip.B02_84698975",12,84698975
"SNP5070","araip.K30076.gnm1.Araip.B02_84732892",12,84732892
"SNP5071","araip.K30076.gnm1.Araip.B02_85012137",12,85012137
"SNP5072","araip.K30076.gnm1.Araip.B02_85269314",12,85269314
"SNP5073","araip.K30076.gnm1.Araip.B02_85721296",12,85721296
"SNP5074","araip.K30076.gnm1.Araip.B02_85790758",12,85790758
"SNP5075","araip.K30076.gnm1.Araip.B02_86493106",12,86493106
"SNP5076","araip.K30076.gnm1.Araip.B02_87255475",12,87255475
"SNP5077","araip.K30076.gnm1.Araip.B02_87324630",12,87324630
"SNP5078","araip.K30076.gnm1.Araip.B02_88254593",12,88254593
"SNP5079","araip.K30076.gnm1.Araip.B02_88315410",12,88315410
"SNP5080","araip.K30076.gnm1.Araip.B02_88729700",12,88729700
"SNP5081","araip.K30076.gnm1.Araip.B02_89798278",12,89798278
"SNP5082","araip.K30076.gnm1.Araip.B02_89898966",12,89898966
"SNP5083","araip.K30076.gnm1.Araip.B02_90061431",12,90061431
"SNP5084","araip.K30076.gnm1.Araip.B02_91431213",12,91431213
"SNP5085","araip.K30076.gnm1.Araip.B02_91862538",12,91862538
"SNP5086","araip.K30076.gnm1.Araip.B02_92120759",12,92120759
"SNP5087","araip.K30076.gnm1.Araip.B02_92748259",12,92748259
"SNP5088","araip.K30076.gnm1.Araip.B02_93069272",12,93069272
"SNP5089","araip.K30076.gnm1.Araip.B02_93476907",12,93476907
"SNP5090","araip.K30076.gnm1.Araip.B02_93843529",12,93843529
"SNP5091","araip.K30076.gnm1.Araip.B02_93876111",12,93876111
"SNP5092","araip.K30076.gnm1.Araip.B02_93881308",12,93881308
"SNP5093","araip.K30076.gnm1.Araip.B02_93966968",12,93966968
"SNP5094","araip.K30076.gnm1.Araip.B02_94078331",12,94078331
"SNP5095","araip.K30076.gnm1.Araip.B02_94092849",12,94092849
"SNP5096","araip.K30076.gnm1.Araip.B02_94343012",12,94343012
"SNP5097","araip.K30076.gnm1.Araip.B02_94794801",12,94794801
"SNP5098","araip.K30076.gnm1.Araip.B02_94795540",12,94795540
"SNP5099","araip.K30076.gnm1.Araip.B02_94804207",12,94804207
"SNP5100","araip.K30076.gnm1.Araip.B02_94804237",12,94804237
"SNP5101","araip.K30076.gnm1.Araip.B02_94867098",12,94867098
"SNP5102","araip.K30076.gnm1.Araip.B02_95108482",12,95108482
"SNP5103","araip.K30076.gnm1.Araip.B02_95135999",12,95135999
"SNP5104","araip.K30076.gnm1.Araip.B02_95221875",12,95221875
"SNP5105","araip.K30076.gnm1.Araip.B02_95246711",12,95246711
"SNP5106","araip.K30076.gnm1.Araip.B02_95283898",12,95283898
"SNP5107","araip.K30076.gnm1.Araip.B02_95290240",12,95290240
"SNP5108","araip.K30076.gnm1.Araip.B02_95335297",12,95335297
"SNP5109","araip.K30076.gnm1.Araip.B02_95494647",12,95494647
"SNP5110","araip.K30076.gnm1.Araip.B02_95500248",12,95500248
"SNP5111","araip.K30076.gnm1.Araip.B02_96458593",12,96458593
"SNP5112","araip.K30076.gnm1.Araip.B02_96572095",12,96572095
"SNP5113","araip.K30076.gnm1.Araip.B02_96680636",12,96680636
"SNP5114","araip.K30076.gnm1.Araip.B02_96767517",12,96767517
"SNP5115","araip.K30076.gnm1.Araip.B02_96937263",12,96937263
"SNP5116","araip.K30076.gnm1.Araip.B02_96937309",12,96937309
"SNP5117","araip.K30076.gnm1.Araip.B02_97048066",12,97048066
"SNP5118","araip.K30076.gnm1.Araip.B02_97213496",12,97213496
"SNP5119","araip.K30076.gnm1.Araip.B02_97356730",12,97356730
"SNP5120","araip.K30076.gnm1.Araip.B02_97356936",12,97356936
"SNP5121","araip.K30076.gnm1.Araip.B02_97366642",12,97366642
"SNP5122","araip.K30076.gnm1.Araip.B02_97480392",12,97480392
"SNP5123","araip.K30076.gnm1.Araip.B02_97482248",12,97482248
"SNP5124","araip.K30076.gnm1.Araip.B02_97483571",12,97483571
"SNP5125","araip.K30076.gnm1.Araip.B02_97639934",12,97639934
"SNP5126","araip.K30076.gnm1.Araip.B02_98369838",12,98369838
"SNP5127","araip.K30076.gnm1.Araip.B02_98604937",12,98604937
"SNP5128","araip.K30076.gnm1.Araip.B02_99183618",12,99183618
"SNP5129","araip.K30076.gnm1.Araip.B02_99259714",12,99259714
"SNP5130","araip.K30076.gnm1.Araip.B02_99277396",12,99277396
"SNP5131","araip.K30076.gnm1.Araip.B02_99389694",12,99389694
"SNP5132","araip.K30076.gnm1.Araip.B02_99620195",12,99620195
"SNP5133","araip.K30076.gnm1.Araip.B02_99670792",12,99670792
"SNP5134","araip.K30076.gnm1.Araip.B02_99670892",12,99670892
"SNP5135","araip.K30076.gnm1.Araip.B02_99720342",12,99720342
"SNP5136","araip.K30076.gnm1.Araip.B02_99732357",12,99732357
"SNP5137","araip.K30076.gnm1.Araip.B02_99793570",12,99793570
"SNP5138","araip.K30076.gnm1.Araip.B02_100026862",12,100026862
"SNP5139","araip.K30076.gnm1.Araip.B02_100096408",12,100096408
"SNP5140","araip.K30076.gnm1.Araip.B02_100552816",12,100552816
"SNP5141","araip.K30076.gnm1.Araip.B02_100629112",12,100629112
"SNP5142","araip.K30076.gnm1.Araip.B02_100967048",12,100967048
"SNP5143","araip.K30076.gnm1.Araip.B02_101208685",12,101208685
"SNP5144","araip.K30076.gnm1.Araip.B02_101260860",12,101260860
"SNP5145","araip.K30076.gnm1.Araip.B02_101399937",12,101399937
"SNP5146","araip.K30076.gnm1.Araip.B02_101462685",12,101462685
"SNP5147","araip.K30076.gnm1.Araip.B02_101516043",12,101516043
"SNP5148","araip.K30076.gnm1.Araip.B02_101968249",12,101968249
"SNP5149","araip.K30076.gnm1.Araip.B02_102216089",12,102216089
"SNP5150","araip.K30076.gnm1.Araip.B02_102293843",12,102293843
"SNP5151","araip.K30076.gnm1.Araip.B02_102328055",12,102328055
"SNP5152","araip.K30076.gnm1.Araip.B02_102750586",12,102750586
"SNP5153","araip.K30076.gnm1.Araip.B02_103112383",12,103112383
"SNP5154","araip.K30076.gnm1.Araip.B02_103240952",12,103240952
"SNP5155","araip.K30076.gnm1.Araip.B02_103299355",12,103299355
"SNP5156","araip.K30076.gnm1.Araip.B02_103305970",12,103305970
"SNP5157","araip.K30076.gnm1.Araip.B02_103478985",12,103478985
"SNP5158","araip.K30076.gnm1.Araip.B02_103997357",12,103997357
"SNP5159","araip.K30076.gnm1.Araip.B02_104090497",12,104090497
"SNP5160","araip.K30076.gnm1.Araip.B02_104184605",12,104184605
"SNP5161","araip.K30076.gnm1.Araip.B02_104297869",12,104297869
"SNP5162","araip.K30076.gnm1.Araip.B02_104551606",12,104551606
"SNP5163","araip.K30076.gnm1.Araip.B02_105010957",12,105010957
"SNP5164","araip.K30076.gnm1.Araip.B02_105514196",12,105514196
"SNP5165","araip.K30076.gnm1.Araip.B02_105610130",12,105610130
"SNP5166","araip.K30076.gnm1.Araip.B02_106131745",12,106131745
"SNP5167","araip.K30076.gnm1.Araip.B02_106235603",12,106235603
"SNP5168","araip.K30076.gnm1.Araip.B02_108287846",12,108287846
"SNP5169","araip.K30076.gnm1.Araip.B02_108343773",12,108343773
"SNP5170","araip.K30076.gnm1.Araip.B02_108345032",12,108345032
"SNP5171","araip.K30076.gnm1.Araip.B02_108345546",12,108345546
"SNP5172","araip.K30076.gnm1.Araip.B02_108946988",12,108946988
"SNP5173","araip.K30076.gnm1.Araip.B03_477403",13,477403
"SNP5174","araip.K30076.gnm1.Araip.B03_1073625",13,1073625
"SNP5175","araip.K30076.gnm1.Araip.B03_1074146",13,1074146
"SNP5176","araip.K30076.gnm1.Araip.B03_1712864",13,1712864
"SNP5177","araip.K30076.gnm1.Araip.B03_1793314",13,1793314
"SNP5178","araip.K30076.gnm1.Araip.B03_1816413",13,1816413
"SNP5179","araip.K30076.gnm1.Araip.B03_1824573",13,1824573
"SNP5180","araip.K30076.gnm1.Araip.B03_2014046",13,2014046
"SNP5181","araip.K30076.gnm1.Araip.B03_2121890",13,2121890
"SNP5182","araip.K30076.gnm1.Araip.B03_2124257",13,2124257
"SNP5183","araip.K30076.gnm1.Araip.B03_2399443",13,2399443
"SNP5184","araip.K30076.gnm1.Araip.B03_2410310",13,2410310
"SNP5185","araip.K30076.gnm1.Araip.B03_2512124",13,2512124
"SNP5186","araip.K30076.gnm1.Araip.B03_2512222",13,2512222
"SNP5187","araip.K30076.gnm1.Araip.B03_2513459",13,2513459
"SNP5188","araip.K30076.gnm1.Araip.B03_2513591",13,2513591
"SNP5189","araip.K30076.gnm1.Araip.B03_2777660",13,2777660
"SNP5190","araip.K30076.gnm1.Araip.B03_3024735",13,3024735
"SNP5191","araip.K30076.gnm1.Araip.B03_3121366",13,3121366
"SNP5192","araip.K30076.gnm1.Araip.B03_3156535",13,3156535
"SNP5193","araip.K30076.gnm1.Araip.B03_3181330",13,3181330
"SNP5194","araip.K30076.gnm1.Araip.B03_3229893",13,3229893
"SNP5195","araip.K30076.gnm1.Araip.B03_3254383",13,3254383
"SNP5196","araip.K30076.gnm1.Araip.B03_3402421",13,3402421
"SNP5197","araip.K30076.gnm1.Araip.B03_3570033",13,3570033
"SNP5198","araip.K30076.gnm1.Araip.B03_3615953",13,3615953
"SNP5199","araip.K30076.gnm1.Araip.B03_3777955",13,3777955
"SNP5200","araip.K30076.gnm1.Araip.B03_3910104",13,3910104
"SNP5201","araip.K30076.gnm1.Araip.B03_3913696",13,3913696
"SNP5202","araip.K30076.gnm1.Araip.B03_4016112",13,4016112
"SNP5203","araip.K30076.gnm1.Araip.B03_4168896",13,4168896
"SNP5204","araip.K30076.gnm1.Araip.B03_4176250",13,4176250
"SNP5205","araip.K30076.gnm1.Araip.B03_4177190",13,4177190
"SNP5206","araip.K30076.gnm1.Araip.B03_4246780",13,4246780
"SNP5207","araip.K30076.gnm1.Araip.B03_4311972",13,4311972
"SNP5208","araip.K30076.gnm1.Araip.B03_4382490",13,4382490
"SNP5209","araip.K30076.gnm1.Araip.B03_4447401",13,4447401
"SNP5210","araip.K30076.gnm1.Araip.B03_4669481",13,4669481
"SNP5211","araip.K30076.gnm1.Araip.B03_4744976",13,4744976
"SNP5212","araip.K30076.gnm1.Araip.B03_4771491",13,4771491
"SNP5213","araip.K30076.gnm1.Araip.B03_5112640",13,5112640
"SNP5214","araip.K30076.gnm1.Araip.B03_5125298",13,5125298
"SNP5215","araip.K30076.gnm1.Araip.B03_5136017",13,5136017
"SNP5216","araip.K30076.gnm1.Araip.B03_5702082",13,5702082
"SNP5217","araip.K30076.gnm1.Araip.B03_5847160",13,5847160
"SNP5218","araip.K30076.gnm1.Araip.B03_5906274",13,5906274
"SNP5219","araip.K30076.gnm1.Araip.B03_5908989",13,5908989
"SNP5220","araip.K30076.gnm1.Araip.B03_6016676",13,6016676
"SNP5221","araip.K30076.gnm1.Araip.B03_6039377",13,6039377
"SNP5222","araip.K30076.gnm1.Araip.B03_6281700",13,6281700
"SNP5223","araip.K30076.gnm1.Araip.B03_6336769",13,6336769
"SNP5224","araip.K30076.gnm1.Araip.B03_6355267",13,6355267
"SNP5225","araip.K30076.gnm1.Araip.B03_6413679",13,6413679
"SNP5226","araip.K30076.gnm1.Araip.B03_6598295",13,6598295
"SNP5227","araip.K30076.gnm1.Araip.B03_6673167",13,6673167
"SNP5228","araip.K30076.gnm1.Araip.B03_6700331",13,6700331
"SNP5229","araip.K30076.gnm1.Araip.B03_6757344",13,6757344
"SNP5230","araip.K30076.gnm1.Araip.B03_6806697",13,6806697
"SNP5231","araip.K30076.gnm1.Araip.B03_6896239",13,6896239
"SNP5232","araip.K30076.gnm1.Araip.B03_6896366",13,6896366
"SNP5233","araip.K30076.gnm1.Araip.B03_7748787",13,7748787
"SNP5234","araip.K30076.gnm1.Araip.B03_7755206",13,7755206
"SNP5235","araip.K30076.gnm1.Araip.B03_7810304",13,7810304
"SNP5236","araip.K30076.gnm1.Araip.B03_7967612",13,7967612
"SNP5237","araip.K30076.gnm1.Araip.B03_8126022",13,8126022
"SNP5238","araip.K30076.gnm1.Araip.B03_8128490",13,8128490
"SNP5239","araip.K30076.gnm1.Araip.B03_8659397",13,8659397
"SNP5240","araip.K30076.gnm1.Araip.B03_8811794",13,8811794
"SNP5241","araip.K30076.gnm1.Araip.B03_8833321",13,8833321
"SNP5242","araip.K30076.gnm1.Araip.B03_8884612",13,8884612
"SNP5243","araip.K30076.gnm1.Araip.B03_9113573",13,9113573
"SNP5244","araip.K30076.gnm1.Araip.B03_9146415",13,9146415
"SNP5245","araip.K30076.gnm1.Araip.B03_9686512",13,9686512
"SNP5246","araip.K30076.gnm1.Araip.B03_9811284",13,9811284
"SNP5247","araip.K30076.gnm1.Araip.B03_10589911",13,10589911
"SNP5248","araip.K30076.gnm1.Araip.B03_10630366",13,10630366
"SNP5249","araip.K30076.gnm1.Araip.B03_10767276",13,10767276
"SNP5250","araip.K30076.gnm1.Araip.B03_10796590",13,10796590
"SNP5251","araip.K30076.gnm1.Araip.B03_10908642",13,10908642
"SNP5252","araip.K30076.gnm1.Araip.B03_11134681",13,11134681
"SNP5253","araip.K30076.gnm1.Araip.B03_11152143",13,11152143
"SNP5254","araip.K30076.gnm1.Araip.B03_11471389",13,11471389
"SNP5255","araip.K30076.gnm1.Araip.B03_11553253",13,11553253
"SNP5256","araip.K30076.gnm1.Araip.B03_11677243",13,11677243
"SNP5257","araip.K30076.gnm1.Araip.B03_11831059",13,11831059
"SNP5258","araip.K30076.gnm1.Araip.B03_11838056",13,11838056
"SNP5259","araip.K30076.gnm1.Araip.B03_11944527",13,11944527
"SNP5260","araip.K30076.gnm1.Araip.B03_12728443",13,12728443
"SNP5261","araip.K30076.gnm1.Araip.B03_12779280",13,12779280
"SNP5262","araip.K30076.gnm1.Araip.B03_13307422",13,13307422
"SNP5263","araip.K30076.gnm1.Araip.B03_13344323",13,13344323
"SNP5264","araip.K30076.gnm1.Araip.B03_13452626",13,13452626
"SNP5265","araip.K30076.gnm1.Araip.B03_13682439",13,13682439
"SNP5266","araip.K30076.gnm1.Araip.B03_13700880",13,13700880
"SNP5267","araip.K30076.gnm1.Araip.B03_13972421",13,13972421
"SNP5268","araip.K30076.gnm1.Araip.B03_14174604",13,14174604
"SNP5269","araip.K30076.gnm1.Araip.B03_14301365",13,14301365
"SNP5270","araip.K30076.gnm1.Araip.B03_14456209",13,14456209
"SNP5271","araip.K30076.gnm1.Araip.B03_14488718",13,14488718
"SNP5272","araip.K30076.gnm1.Araip.B03_14819937",13,14819937
"SNP5273","araip.K30076.gnm1.Araip.B03_14822762",13,14822762
"SNP5274","araip.K30076.gnm1.Araip.B03_15426608",13,15426608
"SNP5275","araip.K30076.gnm1.Araip.B03_15426689",13,15426689
"SNP5276","araip.K30076.gnm1.Araip.B03_15514807",13,15514807
"SNP5277","araip.K30076.gnm1.Araip.B03_17902544",13,17902544
"SNP5278","araip.K30076.gnm1.Araip.B03_18024010",13,18024010
"SNP5279","araip.K30076.gnm1.Araip.B03_18188734",13,18188734
"SNP5280","araip.K30076.gnm1.Araip.B03_18642606",13,18642606
"SNP5281","araip.K30076.gnm1.Araip.B03_18928359",13,18928359
"SNP5282","araip.K30076.gnm1.Araip.B03_20375224",13,20375224
"SNP5283","araip.K30076.gnm1.Araip.B03_20476917",13,20476917
"SNP5284","araip.K30076.gnm1.Araip.B03_20719404",13,20719404
"SNP5285","araip.K30076.gnm1.Araip.B03_20886200",13,20886200
"SNP5286","araip.K30076.gnm1.Araip.B03_21798411",13,21798411
"SNP5287","araip.K30076.gnm1.Araip.B03_21978765",13,21978765
"SNP5288","araip.K30076.gnm1.Araip.B03_22078184",13,22078184
"SNP5289","araip.K30076.gnm1.Araip.B03_22200666",13,22200666
"SNP5290","araip.K30076.gnm1.Araip.B03_22444087",13,22444087
"SNP5291","araip.K30076.gnm1.Araip.B03_22444306",13,22444306
"SNP5292","araip.K30076.gnm1.Araip.B03_22445392",13,22445392
"SNP5293","araip.K30076.gnm1.Araip.B03_22445511",13,22445511
"SNP5294","araip.K30076.gnm1.Araip.B03_22451408",13,22451408
"SNP5295","araip.K30076.gnm1.Araip.B03_22451465",13,22451465
"SNP5296","araip.K30076.gnm1.Araip.B03_22999391",13,22999391
"SNP5297","araip.K30076.gnm1.Araip.B03_22999447",13,22999447
"SNP5298","araip.K30076.gnm1.Araip.B03_23823873",13,23823873
"SNP5299","araip.K30076.gnm1.Araip.B03_24950682",13,24950682
"SNP5300","araip.K30076.gnm1.Araip.B03_24967473",13,24967473
"SNP5301","araip.K30076.gnm1.Araip.B03_24967537",13,24967537
"SNP5302","araip.K30076.gnm1.Araip.B03_25025384",13,25025384
"SNP5303","araip.K30076.gnm1.Araip.B03_25355107",13,25355107
"SNP5304","araip.K30076.gnm1.Araip.B03_25357484",13,25357484
"SNP5305","araip.K30076.gnm1.Araip.B03_25406974",13,25406974
"SNP5306","araip.K30076.gnm1.Araip.B03_26001001",13,26001001
"SNP5307","araip.K30076.gnm1.Araip.B03_26215510",13,26215510
"SNP5308","araip.K30076.gnm1.Araip.B03_26234325",13,26234325
"SNP5309","araip.K30076.gnm1.Araip.B03_26652687",13,26652687
"SNP5310","araip.K30076.gnm1.Araip.B03_27206899",13,27206899
"SNP5311","araip.K30076.gnm1.Araip.B03_27342512",13,27342512
"SNP5312","araip.K30076.gnm1.Araip.B03_27401350",13,27401350
"SNP5313","araip.K30076.gnm1.Araip.B03_27431650",13,27431650
"SNP5314","araip.K30076.gnm1.Araip.B03_27536343",13,27536343
"SNP5315","araip.K30076.gnm1.Araip.B03_27579593",13,27579593
"SNP5316","araip.K30076.gnm1.Araip.B03_27813366",13,27813366
"SNP5317","araip.K30076.gnm1.Araip.B03_28587190",13,28587190
"SNP5318","araip.K30076.gnm1.Araip.B03_28603311",13,28603311
"SNP5319","araip.K30076.gnm1.Araip.B03_28625794",13,28625794
"SNP5320","araip.K30076.gnm1.Araip.B03_28960628",13,28960628
"SNP5321","araip.K30076.gnm1.Araip.B03_29190342",13,29190342
"SNP5322","araip.K30076.gnm1.Araip.B03_29320209",13,29320209
"SNP5323","araip.K30076.gnm1.Araip.B03_29375836",13,29375836
"SNP5324","araip.K30076.gnm1.Araip.B03_29871778",13,29871778
"SNP5325","araip.K30076.gnm1.Araip.B03_29926660",13,29926660
"SNP5326","araip.K30076.gnm1.Araip.B03_29983932",13,29983932
"SNP5327","araip.K30076.gnm1.Araip.B03_30517838",13,30517838
"SNP5328","araip.K30076.gnm1.Araip.B03_31233148",13,31233148
"SNP5329","araip.K30076.gnm1.Araip.B03_31319796",13,31319796
"SNP5330","araip.K30076.gnm1.Araip.B03_31488762",13,31488762
"SNP5331","araip.K30076.gnm1.Araip.B03_31564130",13,31564130
"SNP5332","araip.K30076.gnm1.Araip.B03_31644259",13,31644259
"SNP5333","araip.K30076.gnm1.Araip.B03_32259821",13,32259821
"SNP5334","araip.K30076.gnm1.Araip.B03_32294680",13,32294680
"SNP5335","araip.K30076.gnm1.Araip.B03_32296172",13,32296172
"SNP5336","araip.K30076.gnm1.Araip.B03_32547071",13,32547071
"SNP5337","araip.K30076.gnm1.Araip.B03_32606038",13,32606038
"SNP5338","araip.K30076.gnm1.Araip.B03_32730137",13,32730137
"SNP5339","araip.K30076.gnm1.Araip.B03_33573833",13,33573833
"SNP5340","araip.K30076.gnm1.Araip.B03_33575120",13,33575120
"SNP5341","araip.K30076.gnm1.Araip.B03_33730320",13,33730320
"SNP5342","araip.K30076.gnm1.Araip.B03_34033095",13,34033095
"SNP5343","araip.K30076.gnm1.Araip.B03_34773499",13,34773499
"SNP5344","araip.K30076.gnm1.Araip.B03_34801717",13,34801717
"SNP5345","araip.K30076.gnm1.Araip.B03_35760404",13,35760404
"SNP5346","araip.K30076.gnm1.Araip.B03_35846605",13,35846605
"SNP5347","araip.K30076.gnm1.Araip.B03_35903347",13,35903347
"SNP5348","araip.K30076.gnm1.Araip.B03_36304262",13,36304262
"SNP5349","araip.K30076.gnm1.Araip.B03_36432639",13,36432639
"SNP5350","araip.K30076.gnm1.Araip.B03_36672613",13,36672613
"SNP5351","araip.K30076.gnm1.Araip.B03_36814313",13,36814313
"SNP5352","araip.K30076.gnm1.Araip.B03_36933566",13,36933566
"SNP5353","araip.K30076.gnm1.Araip.B03_37043583",13,37043583
"SNP5354","araip.K30076.gnm1.Araip.B03_37245610",13,37245610
"SNP5355","araip.K30076.gnm1.Araip.B03_37728949",13,37728949
"SNP5356","araip.K30076.gnm1.Araip.B03_37750159",13,37750159
"SNP5357","araip.K30076.gnm1.Araip.B03_37912119",13,37912119
"SNP5358","araip.K30076.gnm1.Araip.B03_38111010",13,38111010
"SNP5359","araip.K30076.gnm1.Araip.B03_38150429",13,38150429
"SNP5360","araip.K30076.gnm1.Araip.B03_38150434",13,38150434
"SNP5361","araip.K30076.gnm1.Araip.B03_38150784",13,38150784
"SNP5362","araip.K30076.gnm1.Araip.B03_38349597",13,38349597
"SNP5363","araip.K30076.gnm1.Araip.B03_39225929",13,39225929
"SNP5364","araip.K30076.gnm1.Araip.B03_39857351",13,39857351
"SNP5365","araip.K30076.gnm1.Araip.B03_39907717",13,39907717
"SNP5366","araip.K30076.gnm1.Araip.B03_40156872",13,40156872
"SNP5367","araip.K30076.gnm1.Araip.B03_40276720",13,40276720
"SNP5368","araip.K30076.gnm1.Araip.B03_40477370",13,40477370
"SNP5369","araip.K30076.gnm1.Araip.B03_40559862",13,40559862
"SNP5370","araip.K30076.gnm1.Araip.B03_41055683",13,41055683
"SNP5371","araip.K30076.gnm1.Araip.B03_42072598",13,42072598
"SNP5372","araip.K30076.gnm1.Araip.B03_43253091",13,43253091
"SNP5373","araip.K30076.gnm1.Araip.B03_43476907",13,43476907
"SNP5374","araip.K30076.gnm1.Araip.B03_43677278",13,43677278
"SNP5375","araip.K30076.gnm1.Araip.B03_44035658",13,44035658
"SNP5376","araip.K30076.gnm1.Araip.B03_45424697",13,45424697
"SNP5377","araip.K30076.gnm1.Araip.B03_45901215",13,45901215
"SNP5378","araip.K30076.gnm1.Araip.B03_47106638",13,47106638
"SNP5379","araip.K30076.gnm1.Araip.B03_47992530",13,47992530
"SNP5380","araip.K30076.gnm1.Araip.B03_48012107",13,48012107
"SNP5381","araip.K30076.gnm1.Araip.B03_48506182",13,48506182
"SNP5382","araip.K30076.gnm1.Araip.B03_49061948",13,49061948
"SNP5383","araip.K30076.gnm1.Araip.B03_50828292",13,50828292
"SNP5384","araip.K30076.gnm1.Araip.B03_50832307",13,50832307
"SNP5385","araip.K30076.gnm1.Araip.B03_50961957",13,50961957
"SNP5386","araip.K30076.gnm1.Araip.B03_51036538",13,51036538
"SNP5387","araip.K30076.gnm1.Araip.B03_51143579",13,51143579
"SNP5388","araip.K30076.gnm1.Araip.B03_51144102",13,51144102
"SNP5389","araip.K30076.gnm1.Araip.B03_53474187",13,53474187
"SNP5390","araip.K30076.gnm1.Araip.B03_53741986",13,53741986
"SNP5391","araip.K30076.gnm1.Araip.B03_54677205",13,54677205
"SNP5392","araip.K30076.gnm1.Araip.B03_58022674",13,58022674
"SNP5393","araip.K30076.gnm1.Araip.B03_62815347",13,62815347
"SNP5394","araip.K30076.gnm1.Araip.B03_63169777",13,63169777
"SNP5395","araip.K30076.gnm1.Araip.B03_63185172",13,63185172
"SNP5396","araip.K30076.gnm1.Araip.B03_67719346",13,67719346
"SNP5397","araip.K30076.gnm1.Araip.B03_68342827",13,68342827
"SNP5398","araip.K30076.gnm1.Araip.B03_69400113",13,69400113
"SNP5399","araip.K30076.gnm1.Araip.B03_69927637",13,69927637
"SNP5400","araip.K30076.gnm1.Araip.B03_70679022",13,70679022
"SNP5401","araip.K30076.gnm1.Araip.B03_71083056",13,71083056
"SNP5402","araip.K30076.gnm1.Araip.B03_71464106",13,71464106
"SNP5403","araip.K30076.gnm1.Araip.B03_71966139",13,71966139
"SNP5404","araip.K30076.gnm1.Araip.B03_72397202",13,72397202
"SNP5405","araip.K30076.gnm1.Araip.B03_73285066",13,73285066
"SNP5406","araip.K30076.gnm1.Araip.B03_73419932",13,73419932
"SNP5407","araip.K30076.gnm1.Araip.B03_73579709",13,73579709
"SNP5408","araip.K30076.gnm1.Araip.B03_75144332",13,75144332
"SNP5409","araip.K30076.gnm1.Araip.B03_75299173",13,75299173
"SNP5410","araip.K30076.gnm1.Araip.B03_75850792",13,75850792
"SNP5411","araip.K30076.gnm1.Araip.B03_76827932",13,76827932
"SNP5412","araip.K30076.gnm1.Araip.B03_80317309",13,80317309
"SNP5413","araip.K30076.gnm1.Araip.B03_80567791",13,80567791
"SNP5414","araip.K30076.gnm1.Araip.B03_81114683",13,81114683
"SNP5415","araip.K30076.gnm1.Araip.B03_82588180",13,82588180
"SNP5416","araip.K30076.gnm1.Araip.B03_85593326",13,85593326
"SNP5417","araip.K30076.gnm1.Araip.B03_85896265",13,85896265
"SNP5418","araip.K30076.gnm1.Araip.B03_85973572",13,85973572
"SNP5419","araip.K30076.gnm1.Araip.B03_89095043",13,89095043
"SNP5420","araip.K30076.gnm1.Araip.B03_93010755",13,93010755
"SNP5421","araip.K30076.gnm1.Araip.B03_93886248",13,93886248
"SNP5422","araip.K30076.gnm1.Araip.B03_93886773",13,93886773
"SNP5423","araip.K30076.gnm1.Araip.B03_94049414",13,94049414
"SNP5424","araip.K30076.gnm1.Araip.B03_96126497",13,96126497
"SNP5425","araip.K30076.gnm1.Araip.B03_96649556",13,96649556
"SNP5426","araip.K30076.gnm1.Araip.B03_97381766",13,97381766
"SNP5427","araip.K30076.gnm1.Araip.B03_97841065",13,97841065
"SNP5428","araip.K30076.gnm1.Araip.B03_98566883",13,98566883
"SNP5429","araip.K30076.gnm1.Araip.B03_98567000",13,98567000
"SNP5430","araip.K30076.gnm1.Araip.B03_98567369",13,98567369
"SNP5431","araip.K30076.gnm1.Araip.B03_98567768",13,98567768
"SNP5432","araip.K30076.gnm1.Araip.B03_98568205",13,98568205
"SNP5433","araip.K30076.gnm1.Araip.B03_98568234",13,98568234
"SNP5434","araip.K30076.gnm1.Araip.B03_98569164",13,98569164
"SNP5435","araip.K30076.gnm1.Araip.B03_98569248",13,98569248
"SNP5436","araip.K30076.gnm1.Araip.B03_98685608",13,98685608
"SNP5437","araip.K30076.gnm1.Araip.B03_99425884",13,99425884
"SNP5438","araip.K30076.gnm1.Araip.B03_99590888",13,99590888
"SNP5439","araip.K30076.gnm1.Araip.B03_99628943",13,99628943
"SNP5440","araip.K30076.gnm1.Araip.B03_102270862",13,102270862
"SNP5441","araip.K30076.gnm1.Araip.B03_102472490",13,102472490
"SNP5442","araip.K30076.gnm1.Araip.B03_105490871",13,105490871
"SNP5443","araip.K30076.gnm1.Araip.B03_105510394",13,105510394
"SNP5444","araip.K30076.gnm1.Araip.B03_105904482",13,105904482
"SNP5445","araip.K30076.gnm1.Araip.B03_105905933",13,105905933
"SNP5446","araip.K30076.gnm1.Araip.B03_106287829",13,106287829
"SNP5447","araip.K30076.gnm1.Araip.B03_106617217",13,106617217
"SNP5448","araip.K30076.gnm1.Araip.B03_106972615",13,106972615
"SNP5449","araip.K30076.gnm1.Araip.B03_106977819",13,106977819
"SNP5450","araip.K30076.gnm1.Araip.B03_106977859",13,106977859
"SNP5451","araip.K30076.gnm1.Araip.B03_106978267",13,106978267
"SNP5452","araip.K30076.gnm1.Araip.B03_107828613",13,107828613
"SNP5453","araip.K30076.gnm1.Araip.B03_107874365",13,107874365
"SNP5454","araip.K30076.gnm1.Araip.B03_108307340",13,108307340
"SNP5455","araip.K30076.gnm1.Araip.B03_108820416",13,108820416
"SNP5456","araip.K30076.gnm1.Araip.B03_108848601",13,108848601
"SNP5457","araip.K30076.gnm1.Araip.B03_108858663",13,108858663
"SNP5458","araip.K30076.gnm1.Araip.B03_110012359",13,110012359
"SNP5459","araip.K30076.gnm1.Araip.B03_110052659",13,110052659
"SNP5460","araip.K30076.gnm1.Araip.B03_110192673",13,110192673
"SNP5461","araip.K30076.gnm1.Araip.B03_110279421",13,110279421
"SNP5462","araip.K30076.gnm1.Araip.B03_110280912",13,110280912
"SNP5463","araip.K30076.gnm1.Araip.B03_111032086",13,111032086
"SNP5464","araip.K30076.gnm1.Araip.B03_111152299",13,111152299
"SNP5465","araip.K30076.gnm1.Araip.B03_111532428",13,111532428
"SNP5466","araip.K30076.gnm1.Araip.B03_111659426",13,111659426
"SNP5467","araip.K30076.gnm1.Araip.B03_111867944",13,111867944
"SNP5468","araip.K30076.gnm1.Araip.B03_111893493",13,111893493
"SNP5469","araip.K30076.gnm1.Araip.B03_112348375",13,112348375
"SNP5470","araip.K30076.gnm1.Araip.B03_112972686",13,112972686
"SNP5471","araip.K30076.gnm1.Araip.B03_113251004",13,113251004
"SNP5472","araip.K30076.gnm1.Araip.B03_113447892",13,113447892
"SNP5473","araip.K30076.gnm1.Araip.B03_114451479",13,114451479
"SNP5474","araip.K30076.gnm1.Araip.B03_114953493",13,114953493
"SNP5475","araip.K30076.gnm1.Araip.B03_115102239",13,115102239
"SNP5476","araip.K30076.gnm1.Araip.B03_115500602",13,115500602
"SNP5477","araip.K30076.gnm1.Araip.B03_116011995",13,116011995
"SNP5478","araip.K30076.gnm1.Araip.B03_116427918",13,116427918
"SNP5479","araip.K30076.gnm1.Araip.B03_116725590",13,116725590
"SNP5480","araip.K30076.gnm1.Araip.B03_117059487",13,117059487
"SNP5481","araip.K30076.gnm1.Araip.B03_117139443",13,117139443
"SNP5482","araip.K30076.gnm1.Araip.B03_117273621",13,117273621
"SNP5483","araip.K30076.gnm1.Araip.B03_117313303",13,117313303
"SNP5484","araip.K30076.gnm1.Araip.B03_117521454",13,117521454
"SNP5485","araip.K30076.gnm1.Araip.B03_117604767",13,117604767
"SNP5486","araip.K30076.gnm1.Araip.B03_117920877",13,117920877
"SNP5487","araip.K30076.gnm1.Araip.B03_118236278",13,118236278
"SNP5488","araip.K30076.gnm1.Araip.B03_119853754",13,119853754
"SNP5489","araip.K30076.gnm1.Araip.B03_119877519",13,119877519
"SNP5490","araip.K30076.gnm1.Araip.B03_119913702",13,119913702
"SNP5491","araip.K30076.gnm1.Araip.B03_120244146",13,120244146
"SNP5492","araip.K30076.gnm1.Araip.B03_120550810",13,120550810
"SNP5493","araip.K30076.gnm1.Araip.B03_120793781",13,120793781
"SNP5494","araip.K30076.gnm1.Araip.B03_121078994",13,121078994
"SNP5495","araip.K30076.gnm1.Araip.B03_121258566",13,121258566
"SNP5496","araip.K30076.gnm1.Araip.B03_121386097",13,121386097
"SNP5497","araip.K30076.gnm1.Araip.B03_121631285",13,121631285
"SNP5498","araip.K30076.gnm1.Araip.B03_121715074",13,121715074
"SNP5499","araip.K30076.gnm1.Araip.B03_121759170",13,121759170
"SNP5500","araip.K30076.gnm1.Araip.B03_121862733",13,121862733
"SNP5501","araip.K30076.gnm1.Araip.B03_122608001",13,122608001
"SNP5502","araip.K30076.gnm1.Araip.B03_122834235",13,122834235
"SNP5503","araip.K30076.gnm1.Araip.B03_123397396",13,123397396
"SNP5504","araip.K30076.gnm1.Araip.B03_123425220",13,123425220
"SNP5505","araip.K30076.gnm1.Araip.B03_123997117",13,123997117
"SNP5506","araip.K30076.gnm1.Araip.B03_124188240",13,124188240
"SNP5507","araip.K30076.gnm1.Araip.B03_124801226",13,124801226
"SNP5508","araip.K30076.gnm1.Araip.B03_125159966",13,125159966
"SNP5509","araip.K30076.gnm1.Araip.B03_125341775",13,125341775
"SNP5510","araip.K30076.gnm1.Araip.B03_125727779",13,125727779
"SNP5511","araip.K30076.gnm1.Araip.B03_125850424",13,125850424
"SNP5512","araip.K30076.gnm1.Araip.B03_125949423",13,125949423
"SNP5513","araip.K30076.gnm1.Araip.B03_125982105",13,125982105
"SNP5514","araip.K30076.gnm1.Araip.B03_126014973",13,126014973
"SNP5515","araip.K30076.gnm1.Araip.B03_126066963",13,126066963
"SNP5516","araip.K30076.gnm1.Araip.B03_126581103",13,126581103
"SNP5517","araip.K30076.gnm1.Araip.B03_126769758",13,126769758
"SNP5518","araip.K30076.gnm1.Araip.B03_127819221",13,127819221
"SNP5519","araip.K30076.gnm1.Araip.B03_127920558",13,127920558
"SNP5520","araip.K30076.gnm1.Araip.B03_127975600",13,127975600
"SNP5521","araip.K30076.gnm1.Araip.B03_127984869",13,127984869
"SNP5522","araip.K30076.gnm1.Araip.B03_128083029",13,128083029
"SNP5523","araip.K30076.gnm1.Araip.B03_128178037",13,128178037
"SNP5524","araip.K30076.gnm1.Araip.B03_128200642",13,128200642
"SNP5525","araip.K30076.gnm1.Araip.B03_128343861",13,128343861
"SNP5526","araip.K30076.gnm1.Araip.B03_128391330",13,128391330
"SNP5527","araip.K30076.gnm1.Araip.B03_128677264",13,128677264
"SNP5528","araip.K30076.gnm1.Araip.B03_129146724",13,129146724
"SNP5529","araip.K30076.gnm1.Araip.B03_129271904",13,129271904
"SNP5530","araip.K30076.gnm1.Araip.B03_129272934",13,129272934
"SNP5531","araip.K30076.gnm1.Araip.B03_129373174",13,129373174
"SNP5532","araip.K30076.gnm1.Araip.B03_129619722",13,129619722
"SNP5533","araip.K30076.gnm1.Araip.B03_129622425",13,129622425
"SNP5534","araip.K30076.gnm1.Araip.B03_129759954",13,129759954
"SNP5535","araip.K30076.gnm1.Araip.B03_129976035",13,129976035
"SNP5536","araip.K30076.gnm1.Araip.B03_130041619",13,130041619
"SNP5537","araip.K30076.gnm1.Araip.B03_130061697",13,130061697
"SNP5538","araip.K30076.gnm1.Araip.B03_130474986",13,130474986
"SNP5539","araip.K30076.gnm1.Araip.B03_131016303",13,131016303
"SNP5540","araip.K30076.gnm1.Araip.B03_131092445",13,131092445
"SNP5541","araip.K30076.gnm1.Araip.B03_131522360",13,131522360
"SNP5542","araip.K30076.gnm1.Araip.B03_131626868",13,131626868
"SNP5543","araip.K30076.gnm1.Araip.B03_131694358",13,131694358
"SNP5544","araip.K30076.gnm1.Araip.B03_131787850",13,131787850
"SNP5545","araip.K30076.gnm1.Araip.B03_132003015",13,132003015
"SNP5546","araip.K30076.gnm1.Araip.B03_132071413",13,132071413
"SNP5547","araip.K30076.gnm1.Araip.B03_132131903",13,132131903
"SNP5548","araip.K30076.gnm1.Araip.B03_132172103",13,132172103
"SNP5549","araip.K30076.gnm1.Araip.B03_132184858",13,132184858
"SNP5550","araip.K30076.gnm1.Araip.B03_132284949",13,132284949
"SNP5551","araip.K30076.gnm1.Araip.B03_132458106",13,132458106
"SNP5552","araip.K30076.gnm1.Araip.B03_132496328",13,132496328
"SNP5553","araip.K30076.gnm1.Araip.B03_132550738",13,132550738
"SNP5554","araip.K30076.gnm1.Araip.B03_132551071",13,132551071
"SNP5555","araip.K30076.gnm1.Araip.B03_132722055",13,132722055
"SNP5556","araip.K30076.gnm1.Araip.B03_132756168",13,132756168
"SNP5557","araip.K30076.gnm1.Araip.B03_132760326",13,132760326
"SNP5558","araip.K30076.gnm1.Araip.B03_132872625",13,132872625
"SNP5559","araip.K30076.gnm1.Araip.B03_133042463",13,133042463
"SNP5560","araip.K30076.gnm1.Araip.B03_133078464",13,133078464
"SNP5561","araip.K30076.gnm1.Araip.B03_133169573",13,133169573
"SNP5562","araip.K30076.gnm1.Araip.B03_133172573",13,133172573
"SNP5563","araip.K30076.gnm1.Araip.B03_133473676",13,133473676
"SNP5564","araip.K30076.gnm1.Araip.B03_133695005",13,133695005
"SNP5565","araip.K30076.gnm1.Araip.B03_133745753",13,133745753
"SNP5566","araip.K30076.gnm1.Araip.B03_133791699",13,133791699
"SNP5567","araip.K30076.gnm1.Araip.B03_133833788",13,133833788
"SNP5568","araip.K30076.gnm1.Araip.B03_133909533",13,133909533
"SNP5569","araip.K30076.gnm1.Araip.B03_133941081",13,133941081
"SNP5570","araip.K30076.gnm1.Araip.B03_133992242",13,133992242
"SNP5571","araip.K30076.gnm1.Araip.B03_134053152",13,134053152
"SNP5572","araip.K30076.gnm1.Araip.B03_134072453",13,134072453
"SNP5573","araip.K30076.gnm1.Araip.B03_134343444",13,134343444
"SNP5574","araip.K30076.gnm1.Araip.B03_134450411",13,134450411
"SNP5575","araip.K30076.gnm1.Araip.B03_134477889",13,134477889
"SNP5576","araip.K30076.gnm1.Araip.B03_134555114",13,134555114
"SNP5577","araip.K30076.gnm1.Araip.B03_134696264",13,134696264
"SNP5578","araip.K30076.gnm1.Araip.B03_134767978",13,134767978
"SNP5579","araip.K30076.gnm1.Araip.B03_134903098",13,134903098
"SNP5580","araip.K30076.gnm1.Araip.B03_134987240",13,134987240
"SNP5581","araip.K30076.gnm1.Araip.B03_135098879",13,135098879
"SNP5582","araip.K30076.gnm1.Araip.B03_135317267",13,135317267
"SNP5583","araip.K30076.gnm1.Araip.B03_135535215",13,135535215
"SNP5584","araip.K30076.gnm1.Araip.B04_80430",14,80430
"SNP5585","araip.K30076.gnm1.Araip.B04_309658",14,309658
"SNP5586","araip.K30076.gnm1.Araip.B04_395161",14,395161
"SNP5587","araip.K30076.gnm1.Araip.B04_501306",14,501306
"SNP5588","araip.K30076.gnm1.Araip.B04_562943",14,562943
"SNP5589","araip.K30076.gnm1.Araip.B04_563890",14,563890
"SNP5590","araip.K30076.gnm1.Araip.B04_612463",14,612463
"SNP5591","araip.K30076.gnm1.Araip.B04_731990",14,731990
"SNP5592","araip.K30076.gnm1.Araip.B04_755273",14,755273
"SNP5593","araip.K30076.gnm1.Araip.B04_803454",14,803454
"SNP5594","araip.K30076.gnm1.Araip.B04_841521",14,841521
"SNP5595","araip.K30076.gnm1.Araip.B04_947067",14,947067
"SNP5596","araip.K30076.gnm1.Araip.B04_998790",14,998790
"SNP5597","araip.K30076.gnm1.Araip.B04_1151481",14,1151481
"SNP5598","araip.K30076.gnm1.Araip.B04_1286820",14,1286820
"SNP5599","araip.K30076.gnm1.Araip.B04_2233380",14,2233380
"SNP5600","araip.K30076.gnm1.Araip.B04_2319207",14,2319207
"SNP5601","araip.K30076.gnm1.Araip.B04_2419463",14,2419463
"SNP5602","araip.K30076.gnm1.Araip.B04_3221855",14,3221855
"SNP5603","araip.K30076.gnm1.Araip.B04_3284613",14,3284613
"SNP5604","araip.K30076.gnm1.Araip.B04_3424296",14,3424296
"SNP5605","araip.K30076.gnm1.Araip.B04_3512465",14,3512465
"SNP5606","araip.K30076.gnm1.Araip.B04_3526389",14,3526389
"SNP5607","araip.K30076.gnm1.Araip.B04_3536903",14,3536903
"SNP5608","araip.K30076.gnm1.Araip.B04_3621741",14,3621741
"SNP5609","araip.K30076.gnm1.Araip.B04_4605916",14,4605916
"SNP5610","araip.K30076.gnm1.Araip.B04_4783093",14,4783093
"SNP5611","araip.K30076.gnm1.Araip.B04_4925768",14,4925768
"SNP5612","araip.K30076.gnm1.Araip.B04_4927444",14,4927444
"SNP5613","araip.K30076.gnm1.Araip.B04_4969617",14,4969617
"SNP5614","araip.K30076.gnm1.Araip.B04_4991298",14,4991298
"SNP5615","araip.K30076.gnm1.Araip.B04_5021241",14,5021241
"SNP5616","araip.K30076.gnm1.Araip.B04_5226796",14,5226796
"SNP5617","araip.K30076.gnm1.Araip.B04_5304096",14,5304096
"SNP5618","araip.K30076.gnm1.Araip.B04_5332716",14,5332716
"SNP5619","araip.K30076.gnm1.Araip.B04_5424759",14,5424759
"SNP5620","araip.K30076.gnm1.Araip.B04_5478662",14,5478662
"SNP5621","araip.K30076.gnm1.Araip.B04_5481822",14,5481822
"SNP5622","araip.K30076.gnm1.Araip.B04_5482016",14,5482016
"SNP5623","araip.K30076.gnm1.Araip.B04_5482688",14,5482688
"SNP5624","araip.K30076.gnm1.Araip.B04_5483383",14,5483383
"SNP5625","araip.K30076.gnm1.Araip.B04_5483990",14,5483990
"SNP5626","araip.K30076.gnm1.Araip.B04_5485107",14,5485107
"SNP5627","araip.K30076.gnm1.Araip.B04_5596121",14,5596121
"SNP5628","araip.K30076.gnm1.Araip.B04_5635017",14,5635017
"SNP5629","araip.K30076.gnm1.Araip.B04_5757587",14,5757587
"SNP5630","araip.K30076.gnm1.Araip.B04_5916990",14,5916990
"SNP5631","araip.K30076.gnm1.Araip.B04_5934631",14,5934631
"SNP5632","araip.K30076.gnm1.Araip.B04_5941822",14,5941822
"SNP5633","araip.K30076.gnm1.Araip.B04_6194450",14,6194450
"SNP5634","araip.K30076.gnm1.Araip.B04_6532935",14,6532935
"SNP5635","araip.K30076.gnm1.Araip.B04_6785957",14,6785957
"SNP5636","araip.K30076.gnm1.Araip.B04_6962173",14,6962173
"SNP5637","araip.K30076.gnm1.Araip.B04_7349878",14,7349878
"SNP5638","araip.K30076.gnm1.Araip.B04_7620698",14,7620698
"SNP5639","araip.K30076.gnm1.Araip.B04_8042196",14,8042196
"SNP5640","araip.K30076.gnm1.Araip.B04_8142509",14,8142509
"SNP5641","araip.K30076.gnm1.Araip.B04_8161527",14,8161527
"SNP5642","araip.K30076.gnm1.Araip.B04_8355779",14,8355779
"SNP5643","araip.K30076.gnm1.Araip.B04_8847346",14,8847346
"SNP5644","araip.K30076.gnm1.Araip.B04_9328401",14,9328401
"SNP5645","araip.K30076.gnm1.Araip.B04_9328408",14,9328408
"SNP5646","araip.K30076.gnm1.Araip.B04_9328418",14,9328418
"SNP5647","araip.K30076.gnm1.Araip.B04_9832378",14,9832378
"SNP5648","araip.K30076.gnm1.Araip.B04_10497585",14,10497585
"SNP5649","araip.K30076.gnm1.Araip.B04_10698591",14,10698591
"SNP5650","araip.K30076.gnm1.Araip.B04_10852619",14,10852619
"SNP5651","araip.K30076.gnm1.Araip.B04_11294693",14,11294693
"SNP5652","araip.K30076.gnm1.Araip.B04_11424470",14,11424470
"SNP5653","araip.K30076.gnm1.Araip.B04_11694405",14,11694405
"SNP5654","araip.K30076.gnm1.Araip.B04_12981277",14,12981277
"SNP5655","araip.K30076.gnm1.Araip.B04_12990543",14,12990543
"SNP5656","araip.K30076.gnm1.Araip.B04_13464240",14,13464240
"SNP5657","araip.K30076.gnm1.Araip.B04_13541351",14,13541351
"SNP5658","araip.K30076.gnm1.Araip.B04_13871771",14,13871771
"SNP5659","araip.K30076.gnm1.Araip.B04_15175550",14,15175550
"SNP5660","araip.K30076.gnm1.Araip.B04_15216010",14,15216010
"SNP5661","araip.K30076.gnm1.Araip.B04_15295840",14,15295840
"SNP5662","araip.K30076.gnm1.Araip.B04_15741129",14,15741129
"SNP5663","araip.K30076.gnm1.Araip.B04_16211778",14,16211778
"SNP5664","araip.K30076.gnm1.Araip.B04_16859016",14,16859016
"SNP5665","araip.K30076.gnm1.Araip.B04_17367111",14,17367111
"SNP5666","araip.K30076.gnm1.Araip.B04_17478039",14,17478039
"SNP5667","araip.K30076.gnm1.Araip.B04_17480116",14,17480116
"SNP5668","araip.K30076.gnm1.Araip.B04_17529798",14,17529798
"SNP5669","araip.K30076.gnm1.Araip.B04_17583442",14,17583442
"SNP5670","araip.K30076.gnm1.Araip.B04_17867041",14,17867041
"SNP5671","araip.K30076.gnm1.Araip.B04_17870103",14,17870103
"SNP5672","araip.K30076.gnm1.Araip.B04_17971675",14,17971675
"SNP5673","araip.K30076.gnm1.Araip.B04_18308725",14,18308725
"SNP5674","araip.K30076.gnm1.Araip.B04_18631888",14,18631888
"SNP5675","araip.K30076.gnm1.Araip.B04_19269637",14,19269637
"SNP5676","araip.K30076.gnm1.Araip.B04_19514111",14,19514111
"SNP5677","araip.K30076.gnm1.Araip.B04_19520056",14,19520056
"SNP5678","araip.K30076.gnm1.Araip.B04_20082929",14,20082929
"SNP5679","araip.K30076.gnm1.Araip.B04_20102981",14,20102981
"SNP5680","araip.K30076.gnm1.Araip.B04_20169338",14,20169338
"SNP5681","araip.K30076.gnm1.Araip.B04_20170315",14,20170315
"SNP5682","araip.K30076.gnm1.Araip.B04_20171496",14,20171496
"SNP5683","araip.K30076.gnm1.Araip.B04_20208850",14,20208850
"SNP5684","araip.K30076.gnm1.Araip.B04_20471236",14,20471236
"SNP5685","araip.K30076.gnm1.Araip.B04_20656942",14,20656942
"SNP5686","araip.K30076.gnm1.Araip.B04_20657527",14,20657527
"SNP5687","araip.K30076.gnm1.Araip.B04_20807741",14,20807741
"SNP5688","araip.K30076.gnm1.Araip.B04_21095240",14,21095240
"SNP5689","araip.K30076.gnm1.Araip.B04_21197556",14,21197556
"SNP5690","araip.K30076.gnm1.Araip.B04_21214259",14,21214259
"SNP5691","araip.K30076.gnm1.Araip.B04_21268371",14,21268371
"SNP5692","araip.K30076.gnm1.Araip.B04_21628019",14,21628019
"SNP5693","araip.K30076.gnm1.Araip.B04_21646741",14,21646741
"SNP5694","araip.K30076.gnm1.Araip.B04_21716425",14,21716425
"SNP5695","araip.K30076.gnm1.Araip.B04_21823404",14,21823404
"SNP5696","araip.K30076.gnm1.Araip.B04_21992538",14,21992538
"SNP5697","araip.K30076.gnm1.Araip.B04_22628514",14,22628514
"SNP5698","araip.K30076.gnm1.Araip.B04_22659654",14,22659654
"SNP5699","araip.K30076.gnm1.Araip.B04_22847747",14,22847747
"SNP5700","araip.K30076.gnm1.Araip.B04_22914510",14,22914510
"SNP5701","araip.K30076.gnm1.Araip.B04_22924501",14,22924501
"SNP5702","araip.K30076.gnm1.Araip.B04_23356576",14,23356576
"SNP5703","araip.K30076.gnm1.Araip.B04_23747463",14,23747463
"SNP5704","araip.K30076.gnm1.Araip.B04_24024590",14,24024590
"SNP5705","araip.K30076.gnm1.Araip.B04_24450380",14,24450380
"SNP5706","araip.K30076.gnm1.Araip.B04_24488728",14,24488728
"SNP5707","araip.K30076.gnm1.Araip.B04_26130052",14,26130052
"SNP5708","araip.K30076.gnm1.Araip.B04_27486400",14,27486400
"SNP5709","araip.K30076.gnm1.Araip.B04_28433981",14,28433981
"SNP5710","araip.K30076.gnm1.Araip.B04_28858178",14,28858178
"SNP5711","araip.K30076.gnm1.Araip.B04_29721900",14,29721900
"SNP5712","araip.K30076.gnm1.Araip.B04_30221792",14,30221792
"SNP5713","araip.K30076.gnm1.Araip.B04_31031506",14,31031506
"SNP5714","araip.K30076.gnm1.Araip.B04_31031510",14,31031510
"SNP5715","araip.K30076.gnm1.Araip.B04_31089455",14,31089455
"SNP5716","araip.K30076.gnm1.Araip.B04_31136891",14,31136891
"SNP5717","araip.K30076.gnm1.Araip.B04_31136958",14,31136958
"SNP5718","araip.K30076.gnm1.Araip.B04_31151177",14,31151177
"SNP5719","araip.K30076.gnm1.Araip.B04_31265884",14,31265884
"SNP5720","araip.K30076.gnm1.Araip.B04_31955972",14,31955972
"SNP5721","araip.K30076.gnm1.Araip.B04_31956679",14,31956679
"SNP5722","araip.K30076.gnm1.Araip.B04_32045222",14,32045222
"SNP5723","araip.K30076.gnm1.Araip.B04_33555287",14,33555287
"SNP5724","araip.K30076.gnm1.Araip.B04_33641851",14,33641851
"SNP5725","araip.K30076.gnm1.Araip.B04_34737194",14,34737194
"SNP5726","araip.K30076.gnm1.Araip.B04_36619479",14,36619479
"SNP5727","araip.K30076.gnm1.Araip.B04_40056846",14,40056846
"SNP5728","araip.K30076.gnm1.Araip.B04_40059392",14,40059392
"SNP5729","araip.K30076.gnm1.Araip.B04_40358905",14,40358905
"SNP5730","araip.K30076.gnm1.Araip.B04_41323380",14,41323380
"SNP5731","araip.K30076.gnm1.Araip.B04_41809899",14,41809899
"SNP5732","araip.K30076.gnm1.Araip.B04_41860484",14,41860484
"SNP5733","araip.K30076.gnm1.Araip.B04_41868894",14,41868894
"SNP5734","araip.K30076.gnm1.Araip.B04_42744823",14,42744823
"SNP5735","araip.K30076.gnm1.Araip.B04_43778976",14,43778976
"SNP5736","araip.K30076.gnm1.Araip.B04_45070437",14,45070437
"SNP5737","araip.K30076.gnm1.Araip.B04_45111746",14,45111746
"SNP5738","araip.K30076.gnm1.Araip.B04_45246082",14,45246082
"SNP5739","araip.K30076.gnm1.Araip.B04_45265737",14,45265737
"SNP5740","araip.K30076.gnm1.Araip.B04_45421724",14,45421724
"SNP5741","araip.K30076.gnm1.Araip.B04_45423078",14,45423078
"SNP5742","araip.K30076.gnm1.Araip.B04_46578266",14,46578266
"SNP5743","araip.K30076.gnm1.Araip.B04_48632372",14,48632372
"SNP5744","araip.K30076.gnm1.Araip.B04_48734363",14,48734363
"SNP5745","araip.K30076.gnm1.Araip.B04_49100783",14,49100783
"SNP5746","araip.K30076.gnm1.Araip.B04_49728123",14,49728123
"SNP5747","araip.K30076.gnm1.Araip.B04_50515477",14,50515477
"SNP5748","araip.K30076.gnm1.Araip.B04_50819686",14,50819686
"SNP5749","araip.K30076.gnm1.Araip.B04_53516146",14,53516146
"SNP5750","araip.K30076.gnm1.Araip.B04_53799901",14,53799901
"SNP5751","araip.K30076.gnm1.Araip.B04_54371384",14,54371384
"SNP5752","araip.K30076.gnm1.Araip.B04_55608003",14,55608003
"SNP5753","araip.K30076.gnm1.Araip.B04_56157399",14,56157399
"SNP5754","araip.K30076.gnm1.Araip.B04_56665283",14,56665283
"SNP5755","araip.K30076.gnm1.Araip.B04_56665284",14,56665284
"SNP5756","araip.K30076.gnm1.Araip.B04_57971260",14,57971260
"SNP5757","araip.K30076.gnm1.Araip.B04_57980623",14,57980623
"SNP5758","araip.K30076.gnm1.Araip.B04_60085450",14,60085450
"SNP5759","araip.K30076.gnm1.Araip.B04_60783167",14,60783167
"SNP5760","araip.K30076.gnm1.Araip.B04_61153121",14,61153121
"SNP5761","araip.K30076.gnm1.Araip.B04_62532008",14,62532008
"SNP5762","araip.K30076.gnm1.Araip.B04_62748854",14,62748854
"SNP5763","araip.K30076.gnm1.Araip.B04_62912092",14,62912092
"SNP5764","araip.K30076.gnm1.Araip.B04_63703775",14,63703775
"SNP5765","araip.K30076.gnm1.Araip.B04_64181797",14,64181797
"SNP5766","araip.K30076.gnm1.Araip.B04_64502217",14,64502217
"SNP5767","araip.K30076.gnm1.Araip.B04_65296784",14,65296784
"SNP5768","araip.K30076.gnm1.Araip.B04_65309928",14,65309928
"SNP5769","araip.K30076.gnm1.Araip.B04_65358155",14,65358155
"SNP5770","araip.K30076.gnm1.Araip.B04_66693882",14,66693882
"SNP5771","araip.K30076.gnm1.Araip.B04_66694348",14,66694348
"SNP5772","araip.K30076.gnm1.Araip.B04_67861998",14,67861998
"SNP5773","araip.K30076.gnm1.Araip.B04_70590541",14,70590541
"SNP5774","araip.K30076.gnm1.Araip.B04_72029094",14,72029094
"SNP5775","araip.K30076.gnm1.Araip.B04_72039922",14,72039922
"SNP5776","araip.K30076.gnm1.Araip.B04_72480336",14,72480336
"SNP5777","araip.K30076.gnm1.Araip.B04_72561743",14,72561743
"SNP5778","araip.K30076.gnm1.Araip.B04_72562327",14,72562327
"SNP5779","araip.K30076.gnm1.Araip.B04_75330522",14,75330522
"SNP5780","araip.K30076.gnm1.Araip.B04_75418276",14,75418276
"SNP5781","araip.K30076.gnm1.Araip.B04_76023703",14,76023703
"SNP5782","araip.K30076.gnm1.Araip.B04_76075776",14,76075776
"SNP5783","araip.K30076.gnm1.Araip.B04_76090456",14,76090456
"SNP5784","araip.K30076.gnm1.Araip.B04_76104657",14,76104657
"SNP5785","araip.K30076.gnm1.Araip.B04_76220065",14,76220065
"SNP5786","araip.K30076.gnm1.Araip.B04_77339234",14,77339234
"SNP5787","araip.K30076.gnm1.Araip.B04_78493772",14,78493772
"SNP5788","araip.K30076.gnm1.Araip.B04_78852752",14,78852752
"SNP5789","araip.K30076.gnm1.Araip.B04_79108702",14,79108702
"SNP5790","araip.K30076.gnm1.Araip.B04_79145244",14,79145244
"SNP5791","araip.K30076.gnm1.Araip.B04_79379836",14,79379836
"SNP5792","araip.K30076.gnm1.Araip.B04_79441952",14,79441952
"SNP5793","araip.K30076.gnm1.Araip.B04_80268104",14,80268104
"SNP5794","araip.K30076.gnm1.Araip.B04_80419886",14,80419886
"SNP5795","araip.K30076.gnm1.Araip.B04_80451505",14,80451505
"SNP5796","araip.K30076.gnm1.Araip.B04_81039206",14,81039206
"SNP5797","araip.K30076.gnm1.Araip.B04_81640392",14,81640392
"SNP5798","araip.K30076.gnm1.Araip.B04_81895817",14,81895817
"SNP5799","araip.K30076.gnm1.Araip.B04_82230286",14,82230286
"SNP5800","araip.K30076.gnm1.Araip.B04_82325476",14,82325476
"SNP5801","araip.K30076.gnm1.Araip.B04_82843790",14,82843790
"SNP5802","araip.K30076.gnm1.Araip.B04_82846208",14,82846208
"SNP5803","araip.K30076.gnm1.Araip.B04_82847279",14,82847279
"SNP5804","araip.K30076.gnm1.Araip.B04_83508439",14,83508439
"SNP5805","araip.K30076.gnm1.Araip.B04_83847194",14,83847194
"SNP5806","araip.K30076.gnm1.Araip.B04_85231477",14,85231477
"SNP5807","araip.K30076.gnm1.Araip.B04_85232987",14,85232987
"SNP5808","araip.K30076.gnm1.Araip.B04_85261373",14,85261373
"SNP5809","araip.K30076.gnm1.Araip.B04_85318484",14,85318484
"SNP5810","araip.K30076.gnm1.Araip.B04_86383208",14,86383208
"SNP5811","araip.K30076.gnm1.Araip.B04_87059163",14,87059163
"SNP5812","araip.K30076.gnm1.Araip.B04_87224254",14,87224254
"SNP5813","araip.K30076.gnm1.Araip.B04_87330221",14,87330221
"SNP5814","araip.K30076.gnm1.Araip.B04_87752592",14,87752592
"SNP5815","araip.K30076.gnm1.Araip.B04_88398643",14,88398643
"SNP5816","araip.K30076.gnm1.Araip.B04_89153693",14,89153693
"SNP5817","araip.K30076.gnm1.Araip.B04_89248043",14,89248043
"SNP5818","araip.K30076.gnm1.Araip.B04_89275438",14,89275438
"SNP5819","araip.K30076.gnm1.Araip.B04_89538701",14,89538701
"SNP5820","araip.K30076.gnm1.Araip.B04_92824053",14,92824053
"SNP5821","araip.K30076.gnm1.Araip.B04_93029940",14,93029940
"SNP5822","araip.K30076.gnm1.Araip.B04_93959110",14,93959110
"SNP5823","araip.K30076.gnm1.Araip.B04_94110327",14,94110327
"SNP5824","araip.K30076.gnm1.Araip.B04_94152103",14,94152103
"SNP5825","araip.K30076.gnm1.Araip.B04_94440248",14,94440248
"SNP5826","araip.K30076.gnm1.Araip.B04_94525957",14,94525957
"SNP5827","araip.K30076.gnm1.Araip.B04_94808170",14,94808170
"SNP5828","araip.K30076.gnm1.Araip.B04_94983827",14,94983827
"SNP5829","araip.K30076.gnm1.Araip.B04_95199965",14,95199965
"SNP5830","araip.K30076.gnm1.Araip.B04_95309832",14,95309832
"SNP5831","araip.K30076.gnm1.Araip.B04_96243997",14,96243997
"SNP5832","araip.K30076.gnm1.Araip.B04_96900854",14,96900854
"SNP5833","araip.K30076.gnm1.Araip.B04_96903250",14,96903250
"SNP5834","araip.K30076.gnm1.Araip.B04_97498189",14,97498189
"SNP5835","araip.K30076.gnm1.Araip.B04_97528425",14,97528425
"SNP5836","araip.K30076.gnm1.Araip.B04_98007031",14,98007031
"SNP5837","araip.K30076.gnm1.Araip.B04_98405257",14,98405257
"SNP5838","araip.K30076.gnm1.Araip.B04_98842131",14,98842131
"SNP5839","araip.K30076.gnm1.Araip.B04_100334007",14,100334007
"SNP5840","araip.K30076.gnm1.Araip.B04_100494295",14,100494295
"SNP5841","araip.K30076.gnm1.Araip.B04_100520305",14,100520305
"SNP5842","araip.K30076.gnm1.Araip.B04_100536422",14,100536422
"SNP5843","araip.K30076.gnm1.Araip.B04_100610907",14,100610907
"SNP5844","araip.K30076.gnm1.Araip.B04_100745037",14,100745037
"SNP5845","araip.K30076.gnm1.Araip.B04_101149286",14,101149286
"SNP5846","araip.K30076.gnm1.Araip.B04_101280408",14,101280408
"SNP5847","araip.K30076.gnm1.Araip.B04_101771739",14,101771739
"SNP5848","araip.K30076.gnm1.Araip.B04_101815597",14,101815597
"SNP5849","araip.K30076.gnm1.Araip.B04_102438447",14,102438447
"SNP5850","araip.K30076.gnm1.Araip.B04_102645529",14,102645529
"SNP5851","araip.K30076.gnm1.Araip.B04_102844894",14,102844894
"SNP5852","araip.K30076.gnm1.Araip.B04_103608360",14,103608360
"SNP5853","araip.K30076.gnm1.Araip.B04_103686261",14,103686261
"SNP5854","araip.K30076.gnm1.Araip.B04_103717442",14,103717442
"SNP5855","araip.K30076.gnm1.Araip.B04_103880538",14,103880538
"SNP5856","araip.K30076.gnm1.Araip.B04_104116503",14,104116503
"SNP5857","araip.K30076.gnm1.Araip.B04_104175746",14,104175746
"SNP5858","araip.K30076.gnm1.Araip.B04_104250783",14,104250783
"SNP5859","araip.K30076.gnm1.Araip.B04_105437967",14,105437967
"SNP5860","araip.K30076.gnm1.Araip.B04_105701394",14,105701394
"SNP5861","araip.K30076.gnm1.Araip.B04_105774930",14,105774930
"SNP5862","araip.K30076.gnm1.Araip.B04_106211054",14,106211054
"SNP5863","araip.K30076.gnm1.Araip.B04_106936477",14,106936477
"SNP5864","araip.K30076.gnm1.Araip.B04_107111422",14,107111422
"SNP5865","araip.K30076.gnm1.Araip.B04_107174636",14,107174636
"SNP5866","araip.K30076.gnm1.Araip.B04_107283159",14,107283159
"SNP5867","araip.K30076.gnm1.Araip.B04_108241787",14,108241787
"SNP5868","araip.K30076.gnm1.Araip.B04_108447874",14,108447874
"SNP5869","araip.K30076.gnm1.Araip.B04_109309475",14,109309475
"SNP5870","araip.K30076.gnm1.Araip.B04_109340206",14,109340206
"SNP5871","araip.K30076.gnm1.Araip.B04_109588987",14,109588987
"SNP5872","araip.K30076.gnm1.Araip.B04_109775361",14,109775361
"SNP5873","araip.K30076.gnm1.Araip.B04_109852785",14,109852785
"SNP5874","araip.K30076.gnm1.Araip.B04_109877315",14,109877315
"SNP5875","araip.K30076.gnm1.Araip.B04_110325973",14,110325973
"SNP5876","araip.K30076.gnm1.Araip.B04_110367874",14,110367874
"SNP5877","araip.K30076.gnm1.Araip.B04_111220520",14,111220520
"SNP5878","araip.K30076.gnm1.Araip.B04_111221183",14,111221183
"SNP5879","araip.K30076.gnm1.Araip.B04_111838535",14,111838535
"SNP5880","araip.K30076.gnm1.Araip.B04_111839140",14,111839140
"SNP5881","araip.K30076.gnm1.Araip.B04_112667378",14,112667378
"SNP5882","araip.K30076.gnm1.Araip.B04_112758421",14,112758421
"SNP5883","araip.K30076.gnm1.Araip.B04_113476152",14,113476152
"SNP5884","araip.K30076.gnm1.Araip.B04_113626212",14,113626212
"SNP5885","araip.K30076.gnm1.Araip.B04_113982176",14,113982176
"SNP5886","araip.K30076.gnm1.Araip.B04_114216367",14,114216367
"SNP5887","araip.K30076.gnm1.Araip.B04_114216575",14,114216575
"SNP5888","araip.K30076.gnm1.Araip.B04_114217259",14,114217259
"SNP5889","araip.K30076.gnm1.Araip.B04_114218839",14,114218839
"SNP5890","araip.K30076.gnm1.Araip.B04_114221822",14,114221822
"SNP5891","araip.K30076.gnm1.Araip.B04_114578153",14,114578153
"SNP5892","araip.K30076.gnm1.Araip.B04_114764159",14,114764159
"SNP5893","araip.K30076.gnm1.Araip.B04_115162802",14,115162802
"SNP5894","araip.K30076.gnm1.Araip.B04_115614765",14,115614765
"SNP5895","araip.K30076.gnm1.Araip.B04_115634391",14,115634391
"SNP5896","araip.K30076.gnm1.Araip.B04_115801641",14,115801641
"SNP5897","araip.K30076.gnm1.Araip.B04_115960998",14,115960998
"SNP5898","araip.K30076.gnm1.Araip.B04_116451978",14,116451978
"SNP5899","araip.K30076.gnm1.Araip.B04_116682756",14,116682756
"SNP5900","araip.K30076.gnm1.Araip.B04_117102265",14,117102265
"SNP5901","araip.K30076.gnm1.Araip.B04_117109405",14,117109405
"SNP5902","araip.K30076.gnm1.Araip.B04_117466243",14,117466243
"SNP5903","araip.K30076.gnm1.Araip.B04_117906305",14,117906305
"SNP5904","araip.K30076.gnm1.Araip.B04_117940807",14,117940807
"SNP5905","araip.K30076.gnm1.Araip.B04_118083731",14,118083731
"SNP5906","araip.K30076.gnm1.Araip.B04_118339011",14,118339011
"SNP5907","araip.K30076.gnm1.Araip.B04_118339958",14,118339958
"SNP5908","araip.K30076.gnm1.Araip.B04_118824854",14,118824854
"SNP5909","araip.K30076.gnm1.Araip.B04_120457759",14,120457759
"SNP5910","araip.K30076.gnm1.Araip.B04_120504222",14,120504222
"SNP5911","araip.K30076.gnm1.Araip.B04_120945796",14,120945796
"SNP5912","araip.K30076.gnm1.Araip.B04_121565472",14,121565472
"SNP5913","araip.K30076.gnm1.Araip.B04_121682980",14,121682980
"SNP5914","araip.K30076.gnm1.Araip.B04_122389630",14,122389630
"SNP5915","araip.K30076.gnm1.Araip.B04_122402215",14,122402215
"SNP5916","araip.K30076.gnm1.Araip.B04_122508440",14,122508440
"SNP5917","araip.K30076.gnm1.Araip.B04_122891803",14,122891803
"SNP5918","araip.K30076.gnm1.Araip.B04_123111334",14,123111334
"SNP5919","araip.K30076.gnm1.Araip.B04_123159927",14,123159927
"SNP5920","araip.K30076.gnm1.Araip.B04_123428595",14,123428595
"SNP5921","araip.K30076.gnm1.Araip.B04_123473840",14,123473840
"SNP5922","araip.K30076.gnm1.Araip.B04_123656503",14,123656503
"SNP5923","araip.K30076.gnm1.Araip.B04_123798525",14,123798525
"SNP5924","araip.K30076.gnm1.Araip.B04_123966520",14,123966520
"SNP5925","araip.K30076.gnm1.Araip.B04_124023584",14,124023584
"SNP5926","araip.K30076.gnm1.Araip.B04_124084622",14,124084622
"SNP5927","araip.K30076.gnm1.Araip.B04_124269424",14,124269424
"SNP5928","araip.K30076.gnm1.Araip.B04_124286278",14,124286278
"SNP5929","araip.K30076.gnm1.Araip.B04_124326670",14,124326670
"SNP5930","araip.K30076.gnm1.Araip.B04_124474585",14,124474585
"SNP5931","araip.K30076.gnm1.Araip.B04_124484212",14,124484212
"SNP5932","araip.K30076.gnm1.Araip.B04_124539854",14,124539854
"SNP5933","araip.K30076.gnm1.Araip.B04_124552274",14,124552274
"SNP5934","araip.K30076.gnm1.Araip.B04_124916090",14,124916090
"SNP5935","araip.K30076.gnm1.Araip.B04_125086601",14,125086601
"SNP5936","araip.K30076.gnm1.Araip.B04_125109439",14,125109439
"SNP5937","araip.K30076.gnm1.Araip.B04_125664435",14,125664435
"SNP5938","araip.K30076.gnm1.Araip.B04_125664506",14,125664506
"SNP5939","araip.K30076.gnm1.Araip.B04_125866585",14,125866585
"SNP5940","araip.K30076.gnm1.Araip.B04_126196992",14,126196992
"SNP5941","araip.K30076.gnm1.Araip.B04_126651791",14,126651791
"SNP5942","araip.K30076.gnm1.Araip.B04_126906350",14,126906350
"SNP5943","araip.K30076.gnm1.Araip.B04_126908408",14,126908408
"SNP5944","araip.K30076.gnm1.Araip.B04_127293964",14,127293964
"SNP5945","araip.K30076.gnm1.Araip.B04_127412536",14,127412536
"SNP5946","araip.K30076.gnm1.Araip.B04_127441866",14,127441866
"SNP5947","araip.K30076.gnm1.Araip.B04_127521081",14,127521081
"SNP5948","araip.K30076.gnm1.Araip.B04_128042677",14,128042677
"SNP5949","araip.K30076.gnm1.Araip.B04_128044122",14,128044122
"SNP5950","araip.K30076.gnm1.Araip.B04_128489741",14,128489741
"SNP5951","araip.K30076.gnm1.Araip.B04_128496743",14,128496743
"SNP5952","araip.K30076.gnm1.Araip.B04_128572969",14,128572969
"SNP5953","araip.K30076.gnm1.Araip.B04_128595098",14,128595098
"SNP5954","araip.K30076.gnm1.Araip.B04_129179363",14,129179363
"SNP5955","araip.K30076.gnm1.Araip.B04_129279201",14,129279201
"SNP5956","araip.K30076.gnm1.Araip.B04_129439606",14,129439606
"SNP5957","araip.K30076.gnm1.Araip.B04_129492240",14,129492240
"SNP5958","araip.K30076.gnm1.Araip.B04_129587124",14,129587124
"SNP5959","araip.K30076.gnm1.Araip.B04_129801035",14,129801035
"SNP5960","araip.K30076.gnm1.Araip.B04_129914568",14,129914568
"SNP5961","araip.K30076.gnm1.Araip.B04_129915803",14,129915803
"SNP5962","araip.K30076.gnm1.Araip.B04_130249490",14,130249490
"SNP5963","araip.K30076.gnm1.Araip.B04_130293255",14,130293255
"SNP5964","araip.K30076.gnm1.Araip.B04_130333319",14,130333319
"SNP5965","araip.K30076.gnm1.Araip.B04_130395538",14,130395538
"SNP5966","araip.K30076.gnm1.Araip.B04_130398811",14,130398811
"SNP5967","araip.K30076.gnm1.Araip.B04_130659144",14,130659144
"SNP5968","araip.K30076.gnm1.Araip.B04_130843478",14,130843478
"SNP5969","araip.K30076.gnm1.Araip.B04_130848132",14,130848132
"SNP5970","araip.K30076.gnm1.Araip.B04_130945798",14,130945798
"SNP5971","araip.K30076.gnm1.Araip.B04_130950902",14,130950902
"SNP5972","araip.K30076.gnm1.Araip.B04_131009220",14,131009220
"SNP5973","araip.K30076.gnm1.Araip.B04_131011633",14,131011633
"SNP5974","araip.K30076.gnm1.Araip.B04_131185279",14,131185279
"SNP5975","araip.K30076.gnm1.Araip.B04_131219792",14,131219792
"SNP5976","araip.K30076.gnm1.Araip.B04_131247079",14,131247079
"SNP5977","araip.K30076.gnm1.Araip.B04_131269877",14,131269877
"SNP5978","araip.K30076.gnm1.Araip.B04_131309106",14,131309106
"SNP5979","araip.K30076.gnm1.Araip.B04_131369085",14,131369085
"SNP5980","araip.K30076.gnm1.Araip.B04_131445649",14,131445649
"SNP5981","araip.K30076.gnm1.Araip.B04_131450003",14,131450003
"SNP5982","araip.K30076.gnm1.Araip.B04_131517470",14,131517470
"SNP5983","araip.K30076.gnm1.Araip.B04_131517776",14,131517776
"SNP5984","araip.K30076.gnm1.Araip.B04_131518448",14,131518448
"SNP5985","araip.K30076.gnm1.Araip.B04_131625115",14,131625115
"SNP5986","araip.K30076.gnm1.Araip.B04_131636363",14,131636363
"SNP5987","araip.K30076.gnm1.Araip.B04_131792362",14,131792362
"SNP5988","araip.K30076.gnm1.Araip.B04_132165860",14,132165860
"SNP5989","araip.K30076.gnm1.Araip.B04_132798623",14,132798623
"SNP5990","araip.K30076.gnm1.Araip.B04_132801280",14,132801280
"SNP5991","araip.K30076.gnm1.Araip.B05_1870301",15,1870301
"SNP5992","araip.K30076.gnm1.Araip.B05_3695894",15,3695894
"SNP5993","araip.K30076.gnm1.Araip.B05_3696019",15,3696019
"SNP5994","araip.K30076.gnm1.Araip.B05_3696048",15,3696048
"SNP5995","araip.K30076.gnm1.Araip.B05_6120250",15,6120250
"SNP5996","araip.K30076.gnm1.Araip.B05_6120319",15,6120319
"SNP5997","araip.K30076.gnm1.Araip.B05_6176948",15,6176948
"SNP5998","araip.K30076.gnm1.Araip.B05_6626070",15,6626070
"SNP5999","araip.K30076.gnm1.Araip.B05_6661246",15,6661246
"SNP6000","araip.K30076.gnm1.Araip.B05_6715570",15,6715570
"SNP6001","araip.K30076.gnm1.Araip.B05_6732882",15,6732882
"SNP6002","araip.K30076.gnm1.Araip.B05_6883394",15,6883394
"SNP6003","araip.K30076.gnm1.Araip.B05_6957430",15,6957430
"SNP6004","araip.K30076.gnm1.Araip.B05_7189797",15,7189797
"SNP6005","araip.K30076.gnm1.Araip.B05_7317553",15,7317553
"SNP6006","araip.K30076.gnm1.Araip.B05_7624552",15,7624552
"SNP6007","araip.K30076.gnm1.Araip.B05_7631930",15,7631930
"SNP6008","araip.K30076.gnm1.Araip.B05_7687289",15,7687289
"SNP6009","araip.K30076.gnm1.Araip.B05_7865244",15,7865244
"SNP6010","araip.K30076.gnm1.Araip.B05_8164211",15,8164211
"SNP6011","araip.K30076.gnm1.Araip.B05_8177608",15,8177608
"SNP6012","araip.K30076.gnm1.Araip.B05_8252266",15,8252266
"SNP6013","araip.K30076.gnm1.Araip.B05_8295770",15,8295770
"SNP6014","araip.K30076.gnm1.Araip.B05_8733975",15,8733975
"SNP6015","araip.K30076.gnm1.Araip.B05_9060606",15,9060606
"SNP6016","araip.K30076.gnm1.Araip.B05_9068762",15,9068762
"SNP6017","araip.K30076.gnm1.Araip.B05_9073245",15,9073245
"SNP6018","araip.K30076.gnm1.Araip.B05_9285673",15,9285673
"SNP6019","araip.K30076.gnm1.Araip.B05_9814833",15,9814833
"SNP6020","araip.K30076.gnm1.Araip.B05_9818081",15,9818081
"SNP6021","araip.K30076.gnm1.Araip.B05_10017227",15,10017227
"SNP6022","araip.K30076.gnm1.Araip.B05_10213080",15,10213080
"SNP6023","araip.K30076.gnm1.Araip.B05_10394941",15,10394941
"SNP6024","araip.K30076.gnm1.Araip.B05_10471710",15,10471710
"SNP6025","araip.K30076.gnm1.Araip.B05_10497368",15,10497368
"SNP6026","araip.K30076.gnm1.Araip.B05_10688286",15,10688286
"SNP6027","araip.K30076.gnm1.Araip.B05_10781866",15,10781866
"SNP6028","araip.K30076.gnm1.Araip.B05_10899564",15,10899564
"SNP6029","araip.K30076.gnm1.Araip.B05_11062683",15,11062683
"SNP6030","araip.K30076.gnm1.Araip.B05_11810383",15,11810383
"SNP6031","araip.K30076.gnm1.Araip.B05_12116390",15,12116390
"SNP6032","araip.K30076.gnm1.Araip.B05_12124347",15,12124347
"SNP6033","araip.K30076.gnm1.Araip.B05_12356550",15,12356550
"SNP6034","araip.K30076.gnm1.Araip.B05_12423259",15,12423259
"SNP6035","araip.K30076.gnm1.Araip.B05_12520964",15,12520964
"SNP6036","araip.K30076.gnm1.Araip.B05_12529673",15,12529673
"SNP6037","araip.K30076.gnm1.Araip.B05_12862178",15,12862178
"SNP6038","araip.K30076.gnm1.Araip.B05_13412466",15,13412466
"SNP6039","araip.K30076.gnm1.Araip.B05_13568561",15,13568561
"SNP6040","araip.K30076.gnm1.Araip.B05_13899347",15,13899347
"SNP6041","araip.K30076.gnm1.Araip.B05_13911445",15,13911445
"SNP6042","araip.K30076.gnm1.Araip.B05_13997194",15,13997194
"SNP6043","araip.K30076.gnm1.Araip.B05_14191484",15,14191484
"SNP6044","araip.K30076.gnm1.Araip.B05_14356797",15,14356797
"SNP6045","araip.K30076.gnm1.Araip.B05_14472203",15,14472203
"SNP6046","araip.K30076.gnm1.Araip.B05_15177541",15,15177541
"SNP6047","araip.K30076.gnm1.Araip.B05_15304406",15,15304406
"SNP6048","araip.K30076.gnm1.Araip.B05_15350097",15,15350097
"SNP6049","araip.K30076.gnm1.Araip.B05_16143672",15,16143672
"SNP6050","araip.K30076.gnm1.Araip.B05_17360020",15,17360020
"SNP6051","araip.K30076.gnm1.Araip.B05_17361941",15,17361941
"SNP6052","araip.K30076.gnm1.Araip.B05_17450048",15,17450048
"SNP6053","araip.K30076.gnm1.Araip.B05_17861943",15,17861943
"SNP6054","araip.K30076.gnm1.Araip.B05_17911735",15,17911735
"SNP6055","araip.K30076.gnm1.Araip.B05_18025177",15,18025177
"SNP6056","araip.K30076.gnm1.Araip.B05_18122159",15,18122159
"SNP6057","araip.K30076.gnm1.Araip.B05_18362902",15,18362902
"SNP6058","araip.K30076.gnm1.Araip.B05_18374440",15,18374440
"SNP6059","araip.K30076.gnm1.Araip.B05_18587237",15,18587237
"SNP6060","araip.K30076.gnm1.Araip.B05_19364756",15,19364756
"SNP6061","araip.K30076.gnm1.Araip.B05_19395579",15,19395579
"SNP6062","araip.K30076.gnm1.Araip.B05_19403314",15,19403314
"SNP6063","araip.K30076.gnm1.Araip.B05_19528701",15,19528701
"SNP6064","araip.K30076.gnm1.Araip.B05_20131737",15,20131737
"SNP6065","araip.K30076.gnm1.Araip.B05_20185955",15,20185955
"SNP6066","araip.K30076.gnm1.Araip.B05_20273250",15,20273250
"SNP6067","araip.K30076.gnm1.Araip.B05_20374119",15,20374119
"SNP6068","araip.K30076.gnm1.Araip.B05_20376369",15,20376369
"SNP6069","araip.K30076.gnm1.Araip.B05_20700172",15,20700172
"SNP6070","araip.K30076.gnm1.Araip.B05_20987649",15,20987649
"SNP6071","araip.K30076.gnm1.Araip.B05_21406246",15,21406246
"SNP6072","araip.K30076.gnm1.Araip.B05_21407885",15,21407885
"SNP6073","araip.K30076.gnm1.Araip.B05_21530834",15,21530834
"SNP6074","araip.K30076.gnm1.Araip.B05_21530955",15,21530955
"SNP6075","araip.K30076.gnm1.Araip.B05_22117570",15,22117570
"SNP6076","araip.K30076.gnm1.Araip.B05_22312505",15,22312505
"SNP6077","araip.K30076.gnm1.Araip.B05_22459400",15,22459400
"SNP6078","araip.K30076.gnm1.Araip.B05_22484929",15,22484929
"SNP6079","araip.K30076.gnm1.Araip.B05_22597420",15,22597420
"SNP6080","araip.K30076.gnm1.Araip.B05_22779437",15,22779437
"SNP6081","araip.K30076.gnm1.Araip.B05_23214935",15,23214935
"SNP6082","araip.K30076.gnm1.Araip.B05_23389872",15,23389872
"SNP6083","araip.K30076.gnm1.Araip.B05_23493768",15,23493768
"SNP6084","araip.K30076.gnm1.Araip.B05_23589284",15,23589284
"SNP6085","araip.K30076.gnm1.Araip.B05_23601232",15,23601232
"SNP6086","araip.K30076.gnm1.Araip.B05_23703815",15,23703815
"SNP6087","araip.K30076.gnm1.Araip.B05_23728209",15,23728209
"SNP6088","araip.K30076.gnm1.Araip.B05_23838287",15,23838287
"SNP6089","araip.K30076.gnm1.Araip.B05_24213165",15,24213165
"SNP6090","araip.K30076.gnm1.Araip.B05_24994030",15,24994030
"SNP6091","araip.K30076.gnm1.Araip.B05_25177522",15,25177522
"SNP6092","araip.K30076.gnm1.Araip.B05_25200869",15,25200869
"SNP6093","araip.K30076.gnm1.Araip.B05_25231180",15,25231180
"SNP6094","araip.K30076.gnm1.Araip.B05_25231718",15,25231718
"SNP6095","araip.K30076.gnm1.Araip.B05_25238686",15,25238686
"SNP6096","araip.K30076.gnm1.Araip.B05_25368654",15,25368654
"SNP6097","araip.K30076.gnm1.Araip.B05_25370150",15,25370150
"SNP6098","araip.K30076.gnm1.Araip.B05_25370814",15,25370814
"SNP6099","araip.K30076.gnm1.Araip.B05_25392434",15,25392434
"SNP6100","araip.K30076.gnm1.Araip.B05_25392611",15,25392611
"SNP6101","araip.K30076.gnm1.Araip.B05_25400044",15,25400044
"SNP6102","araip.K30076.gnm1.Araip.B05_25400925",15,25400925
"SNP6103","araip.K30076.gnm1.Araip.B05_25429346",15,25429346
"SNP6104","araip.K30076.gnm1.Araip.B05_25429352",15,25429352
"SNP6105","araip.K30076.gnm1.Araip.B05_25433535",15,25433535
"SNP6106","araip.K30076.gnm1.Araip.B05_25470395",15,25470395
"SNP6107","araip.K30076.gnm1.Araip.B05_25478246",15,25478246
"SNP6108","araip.K30076.gnm1.Araip.B05_25494047",15,25494047
"SNP6109","araip.K30076.gnm1.Araip.B05_25495356",15,25495356
"SNP6110","araip.K30076.gnm1.Araip.B05_25495511",15,25495511
"SNP6111","araip.K30076.gnm1.Araip.B05_25495553",15,25495553
"SNP6112","araip.K30076.gnm1.Araip.B05_25495705",15,25495705
"SNP6113","araip.K30076.gnm1.Araip.B05_25495837",15,25495837
"SNP6114","araip.K30076.gnm1.Araip.B05_25497365",15,25497365
"SNP6115","araip.K30076.gnm1.Araip.B05_25508442",15,25508442
"SNP6116","araip.K30076.gnm1.Araip.B05_25511096",15,25511096
"SNP6117","araip.K30076.gnm1.Araip.B05_25665356",15,25665356
"SNP6118","araip.K30076.gnm1.Araip.B05_25695415",15,25695415
"SNP6119","araip.K30076.gnm1.Araip.B05_25771180",15,25771180
"SNP6120","araip.K30076.gnm1.Araip.B05_25774550",15,25774550
"SNP6121","araip.K30076.gnm1.Araip.B05_25830211",15,25830211
"SNP6122","araip.K30076.gnm1.Araip.B05_26318943",15,26318943
"SNP6123","araip.K30076.gnm1.Araip.B05_26697737",15,26697737
"SNP6124","araip.K30076.gnm1.Araip.B05_26878027",15,26878027
"SNP6125","araip.K30076.gnm1.Araip.B05_27185914",15,27185914
"SNP6126","araip.K30076.gnm1.Araip.B05_27445583",15,27445583
"SNP6127","araip.K30076.gnm1.Araip.B05_27562809",15,27562809
"SNP6128","araip.K30076.gnm1.Araip.B05_27748147",15,27748147
"SNP6129","araip.K30076.gnm1.Araip.B05_27974171",15,27974171
"SNP6130","araip.K30076.gnm1.Araip.B05_28826065",15,28826065
"SNP6131","araip.K30076.gnm1.Araip.B05_28864664",15,28864664
"SNP6132","araip.K30076.gnm1.Araip.B05_28958130",15,28958130
"SNP6133","araip.K30076.gnm1.Araip.B05_29316793",15,29316793
"SNP6134","araip.K30076.gnm1.Araip.B05_29555868",15,29555868
"SNP6135","araip.K30076.gnm1.Araip.B05_29767344",15,29767344
"SNP6136","araip.K30076.gnm1.Araip.B05_29780607",15,29780607
"SNP6137","araip.K30076.gnm1.Araip.B05_29910337",15,29910337
"SNP6138","araip.K30076.gnm1.Araip.B05_30343232",15,30343232
"SNP6139","araip.K30076.gnm1.Araip.B05_30664527",15,30664527
"SNP6140","araip.K30076.gnm1.Araip.B05_32095235",15,32095235
"SNP6141","araip.K30076.gnm1.Araip.B05_32115841",15,32115841
"SNP6142","araip.K30076.gnm1.Araip.B05_32319419",15,32319419
"SNP6143","araip.K30076.gnm1.Araip.B05_34567012",15,34567012
"SNP6144","araip.K30076.gnm1.Araip.B05_36017139",15,36017139
"SNP6145","araip.K30076.gnm1.Araip.B05_36019113",15,36019113
"SNP6146","araip.K30076.gnm1.Araip.B05_36389244",15,36389244
"SNP6147","araip.K30076.gnm1.Araip.B05_37733240",15,37733240
"SNP6148","araip.K30076.gnm1.Araip.B05_38735808",15,38735808
"SNP6149","araip.K30076.gnm1.Araip.B05_40240370",15,40240370
"SNP6150","araip.K30076.gnm1.Araip.B05_40733111",15,40733111
"SNP6151","araip.K30076.gnm1.Araip.B05_41042830",15,41042830
"SNP6152","araip.K30076.gnm1.Araip.B05_41500203",15,41500203
"SNP6153","araip.K30076.gnm1.Araip.B05_42619445",15,42619445
"SNP6154","araip.K30076.gnm1.Araip.B05_43377708",15,43377708
"SNP6155","araip.K30076.gnm1.Araip.B05_43392887",15,43392887
"SNP6156","araip.K30076.gnm1.Araip.B05_44253703",15,44253703
"SNP6157","araip.K30076.gnm1.Araip.B05_44817616",15,44817616
"SNP6158","araip.K30076.gnm1.Araip.B05_45755038",15,45755038
"SNP6159","araip.K30076.gnm1.Araip.B05_46986411",15,46986411
"SNP6160","araip.K30076.gnm1.Araip.B05_47244638",15,47244638
"SNP6161","araip.K30076.gnm1.Araip.B05_48795182",15,48795182
"SNP6162","araip.K30076.gnm1.Araip.B05_48864101",15,48864101
"SNP6163","araip.K30076.gnm1.Araip.B05_49060137",15,49060137
"SNP6164","araip.K30076.gnm1.Araip.B05_50517111",15,50517111
"SNP6165","araip.K30076.gnm1.Araip.B05_51368484",15,51368484
"SNP6166","araip.K30076.gnm1.Araip.B05_51446015",15,51446015
"SNP6167","araip.K30076.gnm1.Araip.B05_51795224",15,51795224
"SNP6168","araip.K30076.gnm1.Araip.B05_54581651",15,54581651
"SNP6169","araip.K30076.gnm1.Araip.B05_57726819",15,57726819
"SNP6170","araip.K30076.gnm1.Araip.B05_58346646",15,58346646
"SNP6171","araip.K30076.gnm1.Araip.B05_58419283",15,58419283
"SNP6172","araip.K30076.gnm1.Araip.B05_59136955",15,59136955
"SNP6173","araip.K30076.gnm1.Araip.B05_59594073",15,59594073
"SNP6174","araip.K30076.gnm1.Araip.B05_60396664",15,60396664
"SNP6175","araip.K30076.gnm1.Araip.B05_60935833",15,60935833
"SNP6176","araip.K30076.gnm1.Araip.B05_62764112",15,62764112
"SNP6177","araip.K30076.gnm1.Araip.B05_62800571",15,62800571
"SNP6178","araip.K30076.gnm1.Araip.B05_66356660",15,66356660
"SNP6179","araip.K30076.gnm1.Araip.B05_66553017",15,66553017
"SNP6180","araip.K30076.gnm1.Araip.B05_66828735",15,66828735
"SNP6181","araip.K30076.gnm1.Araip.B05_66889645",15,66889645
"SNP6182","araip.K30076.gnm1.Araip.B05_68149811",15,68149811
"SNP6183","araip.K30076.gnm1.Araip.B05_69133524",15,69133524
"SNP6184","araip.K30076.gnm1.Araip.B05_71843829",15,71843829
"SNP6185","araip.K30076.gnm1.Araip.B05_74033460",15,74033460
"SNP6186","araip.K30076.gnm1.Araip.B05_77367240",15,77367240
"SNP6187","araip.K30076.gnm1.Araip.B05_77878513",15,77878513
"SNP6188","araip.K30076.gnm1.Araip.B05_78845484",15,78845484
"SNP6189","araip.K30076.gnm1.Araip.B05_79515039",15,79515039
"SNP6190","araip.K30076.gnm1.Araip.B05_81069533",15,81069533
"SNP6191","araip.K30076.gnm1.Araip.B05_81136089",15,81136089
"SNP6192","araip.K30076.gnm1.Araip.B05_82201471",15,82201471
"SNP6193","araip.K30076.gnm1.Araip.B05_82557137",15,82557137
"SNP6194","araip.K30076.gnm1.Araip.B05_88509395",15,88509395
"SNP6195","araip.K30076.gnm1.Araip.B05_88513887",15,88513887
"SNP6196","araip.K30076.gnm1.Araip.B05_91050528",15,91050528
"SNP6197","araip.K30076.gnm1.Araip.B05_91343331",15,91343331
"SNP6198","araip.K30076.gnm1.Araip.B05_91765808",15,91765808
"SNP6199","araip.K30076.gnm1.Araip.B05_93830809",15,93830809
"SNP6200","araip.K30076.gnm1.Araip.B05_95322116",15,95322116
"SNP6201","araip.K30076.gnm1.Araip.B05_96036899",15,96036899
"SNP6202","araip.K30076.gnm1.Araip.B05_96058839",15,96058839
"SNP6203","araip.K30076.gnm1.Araip.B05_96314192",15,96314192
"SNP6204","araip.K30076.gnm1.Araip.B05_99414366",15,99414366
"SNP6205","araip.K30076.gnm1.Araip.B05_103891431",15,103891431
"SNP6206","araip.K30076.gnm1.Araip.B05_104545037",15,104545037
"SNP6207","araip.K30076.gnm1.Araip.B05_104552943",15,104552943
"SNP6208","araip.K30076.gnm1.Araip.B05_104564783",15,104564783
"SNP6209","araip.K30076.gnm1.Araip.B05_104566753",15,104566753
"SNP6210","araip.K30076.gnm1.Araip.B05_104681257",15,104681257
"SNP6211","araip.K30076.gnm1.Araip.B05_104707585",15,104707585
"SNP6212","araip.K30076.gnm1.Araip.B05_104852611",15,104852611
"SNP6213","araip.K30076.gnm1.Araip.B05_106290328",15,106290328
"SNP6214","araip.K30076.gnm1.Araip.B05_106906510",15,106906510
"SNP6215","araip.K30076.gnm1.Araip.B05_107054747",15,107054747
"SNP6216","araip.K30076.gnm1.Araip.B05_108078030",15,108078030
"SNP6217","araip.K30076.gnm1.Araip.B05_109299318",15,109299318
"SNP6218","araip.K30076.gnm1.Araip.B05_111599643",15,111599643
"SNP6219","araip.K30076.gnm1.Araip.B05_111647407",15,111647407
"SNP6220","araip.K30076.gnm1.Araip.B05_111747778",15,111747778
"SNP6221","araip.K30076.gnm1.Araip.B05_111825322",15,111825322
"SNP6222","araip.K30076.gnm1.Araip.B05_111974541",15,111974541
"SNP6223","araip.K30076.gnm1.Araip.B05_112344292",15,112344292
"SNP6224","araip.K30076.gnm1.Araip.B05_112662399",15,112662399
"SNP6225","araip.K30076.gnm1.Araip.B05_112888887",15,112888887
"SNP6226","araip.K30076.gnm1.Araip.B05_112916892",15,112916892
"SNP6227","araip.K30076.gnm1.Araip.B05_113016537",15,113016537
"SNP6228","araip.K30076.gnm1.Araip.B05_113098778",15,113098778
"SNP6229","araip.K30076.gnm1.Araip.B05_113103546",15,113103546
"SNP6230","araip.K30076.gnm1.Araip.B05_113378760",15,113378760
"SNP6231","araip.K30076.gnm1.Araip.B05_113852568",15,113852568
"SNP6232","araip.K30076.gnm1.Araip.B05_114145435",15,114145435
"SNP6233","araip.K30076.gnm1.Araip.B05_114484050",15,114484050
"SNP6234","araip.K30076.gnm1.Araip.B05_115196974",15,115196974
"SNP6235","araip.K30076.gnm1.Araip.B05_115197399",15,115197399
"SNP6236","araip.K30076.gnm1.Araip.B05_115504044",15,115504044
"SNP6237","araip.K30076.gnm1.Araip.B05_115522414",15,115522414
"SNP6238","araip.K30076.gnm1.Araip.B05_115842131",15,115842131
"SNP6239","araip.K30076.gnm1.Araip.B05_116460836",15,116460836
"SNP6240","araip.K30076.gnm1.Araip.B05_116887730",15,116887730
"SNP6241","araip.K30076.gnm1.Araip.B05_117241205",15,117241205
"SNP6242","araip.K30076.gnm1.Araip.B05_117320196",15,117320196
"SNP6243","araip.K30076.gnm1.Araip.B05_118278277",15,118278277
"SNP6244","araip.K30076.gnm1.Araip.B05_118336626",15,118336626
"SNP6245","araip.K30076.gnm1.Araip.B05_118414712",15,118414712
"SNP6246","araip.K30076.gnm1.Araip.B05_118539303",15,118539303
"SNP6247","araip.K30076.gnm1.Araip.B05_118852005",15,118852005
"SNP6248","araip.K30076.gnm1.Araip.B05_118876051",15,118876051
"SNP6249","araip.K30076.gnm1.Araip.B05_118914617",15,118914617
"SNP6250","araip.K30076.gnm1.Araip.B05_119356418",15,119356418
"SNP6251","araip.K30076.gnm1.Araip.B05_119507703",15,119507703
"SNP6252","araip.K30076.gnm1.Araip.B05_119525773",15,119525773
"SNP6253","araip.K30076.gnm1.Araip.B05_119858337",15,119858337
"SNP6254","araip.K30076.gnm1.Araip.B05_120108986",15,120108986
"SNP6255","araip.K30076.gnm1.Araip.B05_120292027",15,120292027
"SNP6256","araip.K30076.gnm1.Araip.B05_120687039",15,120687039
"SNP6257","araip.K30076.gnm1.Araip.B05_120829778",15,120829778
"SNP6258","araip.K30076.gnm1.Araip.B05_121063906",15,121063906
"SNP6259","araip.K30076.gnm1.Araip.B05_121125852",15,121125852
"SNP6260","araip.K30076.gnm1.Araip.B05_121136821",15,121136821
"SNP6261","araip.K30076.gnm1.Araip.B05_121356019",15,121356019
"SNP6262","araip.K30076.gnm1.Araip.B05_121784213",15,121784213
"SNP6263","araip.K30076.gnm1.Araip.B05_121906808",15,121906808
"SNP6264","araip.K30076.gnm1.Araip.B05_121996273",15,121996273
"SNP6265","araip.K30076.gnm1.Araip.B05_122156712",15,122156712
"SNP6266","araip.K30076.gnm1.Araip.B05_122434345",15,122434345
"SNP6267","araip.K30076.gnm1.Araip.B05_122437646",15,122437646
"SNP6268","araip.K30076.gnm1.Araip.B05_122621313",15,122621313
"SNP6269","araip.K30076.gnm1.Araip.B05_122878459",15,122878459
"SNP6270","araip.K30076.gnm1.Araip.B05_122936512",15,122936512
"SNP6271","araip.K30076.gnm1.Araip.B05_122999278",15,122999278
"SNP6272","araip.K30076.gnm1.Araip.B05_123099259",15,123099259
"SNP6273","araip.K30076.gnm1.Araip.B05_123100823",15,123100823
"SNP6274","araip.K30076.gnm1.Araip.B05_123139012",15,123139012
"SNP6275","araip.K30076.gnm1.Araip.B05_123483684",15,123483684
"SNP6276","araip.K30076.gnm1.Araip.B05_123700217",15,123700217
"SNP6277","araip.K30076.gnm1.Araip.B05_123829870",15,123829870
"SNP6278","araip.K30076.gnm1.Araip.B05_124050394",15,124050394
"SNP6279","araip.K30076.gnm1.Araip.B05_124312911",15,124312911
"SNP6280","araip.K30076.gnm1.Araip.B05_124747948",15,124747948
"SNP6281","araip.K30076.gnm1.Araip.B05_124942668",15,124942668
"SNP6282","araip.K30076.gnm1.Araip.B05_124967139",15,124967139
"SNP6283","araip.K30076.gnm1.Araip.B05_125217700",15,125217700
"SNP6284","araip.K30076.gnm1.Araip.B05_125458779",15,125458779
"SNP6285","araip.K30076.gnm1.Araip.B05_125570592",15,125570592
"SNP6286","araip.K30076.gnm1.Araip.B05_125646581",15,125646581
"SNP6287","araip.K30076.gnm1.Araip.B05_125700597",15,125700597
"SNP6288","araip.K30076.gnm1.Araip.B05_126045337",15,126045337
"SNP6289","araip.K30076.gnm1.Araip.B05_126399949",15,126399949
"SNP6290","araip.K30076.gnm1.Araip.B05_126405890",15,126405890
"SNP6291","araip.K30076.gnm1.Araip.B05_126598465",15,126598465
"SNP6292","araip.K30076.gnm1.Araip.B05_126784749",15,126784749
"SNP6293","araip.K30076.gnm1.Araip.B05_127142217",15,127142217
"SNP6294","araip.K30076.gnm1.Araip.B05_127188454",15,127188454
"SNP6295","araip.K30076.gnm1.Araip.B05_127257073",15,127257073
"SNP6296","araip.K30076.gnm1.Araip.B05_127334076",15,127334076
"SNP6297","araip.K30076.gnm1.Araip.B05_127334179",15,127334179
"SNP6298","araip.K30076.gnm1.Araip.B05_127334618",15,127334618
"SNP6299","araip.K30076.gnm1.Araip.B05_128975167",15,128975167
"SNP6300","araip.K30076.gnm1.Araip.B05_129356366",15,129356366
"SNP6301","araip.K30076.gnm1.Araip.B05_129381149",15,129381149
"SNP6302","araip.K30076.gnm1.Araip.B05_130262106",15,130262106
"SNP6303","araip.K30076.gnm1.Araip.B05_130970877",15,130970877
"SNP6304","araip.K30076.gnm1.Araip.B05_131172741",15,131172741
"SNP6305","araip.K30076.gnm1.Araip.B05_131478866",15,131478866
"SNP6306","araip.K30076.gnm1.Araip.B05_131479900",15,131479900
"SNP6307","araip.K30076.gnm1.Araip.B05_131593643",15,131593643
"SNP6308","araip.K30076.gnm1.Araip.B05_132574848",15,132574848
"SNP6309","araip.K30076.gnm1.Araip.B05_132610499",15,132610499
"SNP6310","araip.K30076.gnm1.Araip.B05_133028947",15,133028947
"SNP6311","araip.K30076.gnm1.Araip.B05_133087108",15,133087108
"SNP6312","araip.K30076.gnm1.Araip.B05_133267739",15,133267739
"SNP6313","araip.K30076.gnm1.Araip.B05_133276227",15,133276227
"SNP6314","araip.K30076.gnm1.Araip.B05_134080897",15,134080897
"SNP6315","araip.K30076.gnm1.Araip.B05_134187510",15,134187510
"SNP6316","araip.K30076.gnm1.Araip.B05_134369205",15,134369205
"SNP6317","araip.K30076.gnm1.Araip.B05_134385876",15,134385876
"SNP6318","araip.K30076.gnm1.Araip.B05_134387292",15,134387292
"SNP6319","araip.K30076.gnm1.Araip.B05_134651263",15,134651263
"SNP6320","araip.K30076.gnm1.Araip.B05_134659570",15,134659570
"SNP6321","araip.K30076.gnm1.Araip.B05_134782848",15,134782848
"SNP6322","araip.K30076.gnm1.Araip.B05_135009615",15,135009615
"SNP6323","araip.K30076.gnm1.Araip.B05_135023856",15,135023856
"SNP6324","araip.K30076.gnm1.Araip.B05_135224242",15,135224242
"SNP6325","araip.K30076.gnm1.Araip.B05_135281861",15,135281861
"SNP6326","araip.K30076.gnm1.Araip.B05_135373047",15,135373047
"SNP6327","araip.K30076.gnm1.Araip.B05_135442372",15,135442372
"SNP6328","araip.K30076.gnm1.Araip.B05_136632168",15,136632168
"SNP6329","araip.K30076.gnm1.Araip.B05_136671743",15,136671743
"SNP6330","araip.K30076.gnm1.Araip.B05_136825990",15,136825990
"SNP6331","araip.K30076.gnm1.Araip.B05_136834153",15,136834153
"SNP6332","araip.K30076.gnm1.Araip.B05_137076010",15,137076010
"SNP6333","araip.K30076.gnm1.Araip.B05_137085574",15,137085574
"SNP6334","araip.K30076.gnm1.Araip.B05_137175471",15,137175471
"SNP6335","araip.K30076.gnm1.Araip.B05_137269083",15,137269083
"SNP6336","araip.K30076.gnm1.Araip.B05_137397635",15,137397635
"SNP6337","araip.K30076.gnm1.Araip.B05_137703212",15,137703212
"SNP6338","araip.K30076.gnm1.Araip.B05_137771390",15,137771390
"SNP6339","araip.K30076.gnm1.Araip.B05_137777354",15,137777354
"SNP6340","araip.K30076.gnm1.Araip.B05_137801788",15,137801788
"SNP6341","araip.K30076.gnm1.Araip.B05_138374500",15,138374500
"SNP6342","araip.K30076.gnm1.Araip.B05_138441964",15,138441964
"SNP6343","araip.K30076.gnm1.Araip.B05_138462546",15,138462546
"SNP6344","araip.K30076.gnm1.Araip.B05_139160753",15,139160753
"SNP6345","araip.K30076.gnm1.Araip.B05_139366148",15,139366148
"SNP6346","araip.K30076.gnm1.Araip.B05_139375551",15,139375551
"SNP6347","araip.K30076.gnm1.Araip.B05_139673283",15,139673283
"SNP6348","araip.K30076.gnm1.Araip.B05_139680447",15,139680447
"SNP6349","araip.K30076.gnm1.Araip.B05_139710673",15,139710673
"SNP6350","araip.K30076.gnm1.Araip.B05_139939398",15,139939398
"SNP6351","araip.K30076.gnm1.Araip.B05_140016291",15,140016291
"SNP6352","araip.K30076.gnm1.Araip.B05_140280657",15,140280657
"SNP6353","araip.K30076.gnm1.Araip.B05_140411449",15,140411449
"SNP6354","araip.K30076.gnm1.Araip.B05_140923746",15,140923746
"SNP6355","araip.K30076.gnm1.Araip.B05_141112295",15,141112295
"SNP6356","araip.K30076.gnm1.Araip.B05_141115551",15,141115551
"SNP6357","araip.K30076.gnm1.Araip.B05_141504889",15,141504889
"SNP6358","araip.K30076.gnm1.Araip.B05_141851118",15,141851118
"SNP6359","araip.K30076.gnm1.Araip.B05_141909260",15,141909260
"SNP6360","araip.K30076.gnm1.Araip.B05_143323539",15,143323539
"SNP6361","araip.K30076.gnm1.Araip.B05_144267782",15,144267782
"SNP6362","araip.K30076.gnm1.Araip.B05_144470224",15,144470224
"SNP6363","araip.K30076.gnm1.Araip.B05_144863319",15,144863319
"SNP6364","araip.K30076.gnm1.Araip.B05_144920416",15,144920416
"SNP6365","araip.K30076.gnm1.Araip.B05_145032033",15,145032033
"SNP6366","araip.K30076.gnm1.Araip.B05_145463963",15,145463963
"SNP6367","araip.K30076.gnm1.Araip.B05_145560819",15,145560819
"SNP6368","araip.K30076.gnm1.Araip.B05_145867168",15,145867168
"SNP6369","araip.K30076.gnm1.Araip.B05_146142083",15,146142083
"SNP6370","araip.K30076.gnm1.Araip.B05_146427382",15,146427382
"SNP6371","araip.K30076.gnm1.Araip.B05_146485380",15,146485380
"SNP6372","araip.K30076.gnm1.Araip.B05_146789410",15,146789410
"SNP6373","araip.K30076.gnm1.Araip.B05_147305087",15,147305087
"SNP6374","araip.K30076.gnm1.Araip.B05_147450268",15,147450268
"SNP6375","araip.K30076.gnm1.Araip.B05_147819944",15,147819944
"SNP6376","araip.K30076.gnm1.Araip.B05_147993191",15,147993191
"SNP6377","araip.K30076.gnm1.Araip.B05_147998830",15,147998830
"SNP6378","araip.K30076.gnm1.Araip.B05_148040894",15,148040894
"SNP6379","araip.K30076.gnm1.Araip.B05_148080117",15,148080117
"SNP6380","araip.K30076.gnm1.Araip.B05_148915205",15,148915205
"SNP6381","araip.K30076.gnm1.Araip.B05_149396281",15,149396281
"SNP6382","araip.K30076.gnm1.Araip.B05_149423114",15,149423114
"SNP6383","araip.K30076.gnm1.Araip.B05_149437278",15,149437278
"SNP6384","araip.K30076.gnm1.Araip.B05_149549596",15,149549596
"SNP6385","araip.K30076.gnm1.Araip.B05_149549638",15,149549638
"SNP6386","araip.K30076.gnm1.Araip.B05_149770226",15,149770226
"SNP6387","araip.K30076.gnm1.Araip.B05_149793053",15,149793053
"SNP6388","araip.K30076.gnm1.Araip.B05_149794401",15,149794401
"SNP6389","araip.K30076.gnm1.Araip.B06_27175",16,27175
"SNP6390","araip.K30076.gnm1.Araip.B06_49613",16,49613
"SNP6391","araip.K30076.gnm1.Araip.B06_223291",16,223291
"SNP6392","araip.K30076.gnm1.Araip.B06_263052",16,263052
"SNP6393","araip.K30076.gnm1.Araip.B06_645195",16,645195
"SNP6394","araip.K30076.gnm1.Araip.B06_846487",16,846487
"SNP6395","araip.K30076.gnm1.Araip.B06_866258",16,866258
"SNP6396","araip.K30076.gnm1.Araip.B06_988352",16,988352
"SNP6397","araip.K30076.gnm1.Araip.B06_1080498",16,1080498
"SNP6398","araip.K30076.gnm1.Araip.B06_1132798",16,1132798
"SNP6399","araip.K30076.gnm1.Araip.B06_1165567",16,1165567
"SNP6400","araip.K30076.gnm1.Araip.B06_1305379",16,1305379
"SNP6401","araip.K30076.gnm1.Araip.B06_1471744",16,1471744
"SNP6402","araip.K30076.gnm1.Araip.B06_1499006",16,1499006
"SNP6403","araip.K30076.gnm1.Araip.B06_1652957",16,1652957
"SNP6404","araip.K30076.gnm1.Araip.B06_1683744",16,1683744
"SNP6405","araip.K30076.gnm1.Araip.B06_1725283",16,1725283
"SNP6406","araip.K30076.gnm1.Araip.B06_1859422",16,1859422
"SNP6407","araip.K30076.gnm1.Araip.B06_1987025",16,1987025
"SNP6408","araip.K30076.gnm1.Araip.B06_2010906",16,2010906
"SNP6409","araip.K30076.gnm1.Araip.B06_2030071",16,2030071
"SNP6410","araip.K30076.gnm1.Araip.B06_2183647",16,2183647
"SNP6411","araip.K30076.gnm1.Araip.B06_2198106",16,2198106
"SNP6412","araip.K30076.gnm1.Araip.B06_2309508",16,2309508
"SNP6413","araip.K30076.gnm1.Araip.B06_2335571",16,2335571
"SNP6414","araip.K30076.gnm1.Araip.B06_2362556",16,2362556
"SNP6415","araip.K30076.gnm1.Araip.B06_2368282",16,2368282
"SNP6416","araip.K30076.gnm1.Araip.B06_2972291",16,2972291
"SNP6417","araip.K30076.gnm1.Araip.B06_3180468",16,3180468
"SNP6418","araip.K30076.gnm1.Araip.B06_3275121",16,3275121
"SNP6419","araip.K30076.gnm1.Araip.B06_3279948",16,3279948
"SNP6420","araip.K30076.gnm1.Araip.B06_3378582",16,3378582
"SNP6421","araip.K30076.gnm1.Araip.B06_3672928",16,3672928
"SNP6422","araip.K30076.gnm1.Araip.B06_3677770",16,3677770
"SNP6423","araip.K30076.gnm1.Araip.B06_3776181",16,3776181
"SNP6424","araip.K30076.gnm1.Araip.B06_3876764",16,3876764
"SNP6425","araip.K30076.gnm1.Araip.B06_3947388",16,3947388
"SNP6426","araip.K30076.gnm1.Araip.B06_3976259",16,3976259
"SNP6427","araip.K30076.gnm1.Araip.B06_4115965",16,4115965
"SNP6428","araip.K30076.gnm1.Araip.B06_4142164",16,4142164
"SNP6429","araip.K30076.gnm1.Araip.B06_4527485",16,4527485
"SNP6430","araip.K30076.gnm1.Araip.B06_4872501",16,4872501
"SNP6431","araip.K30076.gnm1.Araip.B06_4986179",16,4986179
"SNP6432","araip.K30076.gnm1.Araip.B06_5429245",16,5429245
"SNP6433","araip.K30076.gnm1.Araip.B06_5485435",16,5485435
"SNP6434","araip.K30076.gnm1.Araip.B06_5689149",16,5689149
"SNP6435","araip.K30076.gnm1.Araip.B06_5740715",16,5740715
"SNP6436","araip.K30076.gnm1.Araip.B06_5758845",16,5758845
"SNP6437","araip.K30076.gnm1.Araip.B06_5818772",16,5818772
"SNP6438","araip.K30076.gnm1.Araip.B06_5830334",16,5830334
"SNP6439","araip.K30076.gnm1.Araip.B06_5838368",16,5838368
"SNP6440","araip.K30076.gnm1.Araip.B06_5936731",16,5936731
"SNP6441","araip.K30076.gnm1.Araip.B06_5942908",16,5942908
"SNP6442","araip.K30076.gnm1.Araip.B06_6034220",16,6034220
"SNP6443","araip.K30076.gnm1.Araip.B06_6099593",16,6099593
"SNP6444","araip.K30076.gnm1.Araip.B06_6107339",16,6107339
"SNP6445","araip.K30076.gnm1.Araip.B06_6143821",16,6143821
"SNP6446","araip.K30076.gnm1.Araip.B06_6160806",16,6160806
"SNP6447","araip.K30076.gnm1.Araip.B06_6279518",16,6279518
"SNP6448","araip.K30076.gnm1.Araip.B06_6458870",16,6458870
"SNP6449","araip.K30076.gnm1.Araip.B06_6460124",16,6460124
"SNP6450","araip.K30076.gnm1.Araip.B06_6591604",16,6591604
"SNP6451","araip.K30076.gnm1.Araip.B06_6677163",16,6677163
"SNP6452","araip.K30076.gnm1.Araip.B06_6762762",16,6762762
"SNP6453","araip.K30076.gnm1.Araip.B06_6870386",16,6870386
"SNP6454","araip.K30076.gnm1.Araip.B06_7000391",16,7000391
"SNP6455","araip.K30076.gnm1.Araip.B06_7030652",16,7030652
"SNP6456","araip.K30076.gnm1.Araip.B06_7129806",16,7129806
"SNP6457","araip.K30076.gnm1.Araip.B06_7193091",16,7193091
"SNP6458","araip.K30076.gnm1.Araip.B06_7350017",16,7350017
"SNP6459","araip.K30076.gnm1.Araip.B06_7416484",16,7416484
"SNP6460","araip.K30076.gnm1.Araip.B06_7615525",16,7615525
"SNP6461","araip.K30076.gnm1.Araip.B06_7645028",16,7645028
"SNP6462","araip.K30076.gnm1.Araip.B06_7721743",16,7721743
"SNP6463","araip.K30076.gnm1.Araip.B06_7723579",16,7723579
"SNP6464","araip.K30076.gnm1.Araip.B06_7723581",16,7723581
"SNP6465","araip.K30076.gnm1.Araip.B06_7741631",16,7741631
"SNP6466","araip.K30076.gnm1.Araip.B06_7858348",16,7858348
"SNP6467","araip.K30076.gnm1.Araip.B06_7876209",16,7876209
"SNP6468","araip.K30076.gnm1.Araip.B06_7957685",16,7957685
"SNP6469","araip.K30076.gnm1.Araip.B06_7979373",16,7979373
"SNP6470","araip.K30076.gnm1.Araip.B06_8381538",16,8381538
"SNP6471","araip.K30076.gnm1.Araip.B06_8634343",16,8634343
"SNP6472","araip.K30076.gnm1.Araip.B06_8634980",16,8634980
"SNP6473","araip.K30076.gnm1.Araip.B06_8638394",16,8638394
"SNP6474","araip.K30076.gnm1.Araip.B06_8641476",16,8641476
"SNP6475","araip.K30076.gnm1.Araip.B06_8643397",16,8643397
"SNP6476","araip.K30076.gnm1.Araip.B06_8871054",16,8871054
"SNP6477","araip.K30076.gnm1.Araip.B06_9064003",16,9064003
"SNP6478","araip.K30076.gnm1.Araip.B06_9128368",16,9128368
"SNP6479","araip.K30076.gnm1.Araip.B06_9163091",16,9163091
"SNP6480","araip.K30076.gnm1.Araip.B06_9190509",16,9190509
"SNP6481","araip.K30076.gnm1.Araip.B06_9326972",16,9326972
"SNP6482","araip.K30076.gnm1.Araip.B06_9453028",16,9453028
"SNP6483","araip.K30076.gnm1.Araip.B06_9602439",16,9602439
"SNP6484","araip.K30076.gnm1.Araip.B06_9658797",16,9658797
"SNP6485","araip.K30076.gnm1.Araip.B06_9761270",16,9761270
"SNP6486","araip.K30076.gnm1.Araip.B06_9761838",16,9761838
"SNP6487","araip.K30076.gnm1.Araip.B06_9762449",16,9762449
"SNP6488","araip.K30076.gnm1.Araip.B06_9986973",16,9986973
"SNP6489","araip.K30076.gnm1.Araip.B06_10139438",16,10139438
"SNP6490","araip.K30076.gnm1.Araip.B06_10349483",16,10349483
"SNP6491","araip.K30076.gnm1.Araip.B06_10617193",16,10617193
"SNP6492","araip.K30076.gnm1.Araip.B06_11033955",16,11033955
"SNP6493","araip.K30076.gnm1.Araip.B06_11034948",16,11034948
"SNP6494","araip.K30076.gnm1.Araip.B06_11142642",16,11142642
"SNP6495","araip.K30076.gnm1.Araip.B06_11235697",16,11235697
"SNP6496","araip.K30076.gnm1.Araip.B06_11309042",16,11309042
"SNP6497","araip.K30076.gnm1.Araip.B06_11353779",16,11353779
"SNP6498","araip.K30076.gnm1.Araip.B06_11882369",16,11882369
"SNP6499","araip.K30076.gnm1.Araip.B06_11994229",16,11994229
"SNP6500","araip.K30076.gnm1.Araip.B06_12298739",16,12298739
"SNP6501","araip.K30076.gnm1.Araip.B06_12479005",16,12479005
"SNP6502","araip.K30076.gnm1.Araip.B06_12605840",16,12605840
"SNP6503","araip.K30076.gnm1.Araip.B06_12623726",16,12623726
"SNP6504","araip.K30076.gnm1.Araip.B06_12753921",16,12753921
"SNP6505","araip.K30076.gnm1.Araip.B06_12783470",16,12783470
"SNP6506","araip.K30076.gnm1.Araip.B06_12811203",16,12811203
"SNP6507","araip.K30076.gnm1.Araip.B06_12896306",16,12896306
"SNP6508","araip.K30076.gnm1.Araip.B06_12910447",16,12910447
"SNP6509","araip.K30076.gnm1.Araip.B06_13057095",16,13057095
"SNP6510","araip.K30076.gnm1.Araip.B06_13343292",16,13343292
"SNP6511","araip.K30076.gnm1.Araip.B06_13823011",16,13823011
"SNP6512","araip.K30076.gnm1.Araip.B06_13867901",16,13867901
"SNP6513","araip.K30076.gnm1.Araip.B06_14030804",16,14030804
"SNP6514","araip.K30076.gnm1.Araip.B06_14164978",16,14164978
"SNP6515","araip.K30076.gnm1.Araip.B06_14319012",16,14319012
"SNP6516","araip.K30076.gnm1.Araip.B06_14517204",16,14517204
"SNP6517","araip.K30076.gnm1.Araip.B06_14927520",16,14927520
"SNP6518","araip.K30076.gnm1.Araip.B06_15031173",16,15031173
"SNP6519","araip.K30076.gnm1.Araip.B06_15167094",16,15167094
"SNP6520","araip.K30076.gnm1.Araip.B06_15582701",16,15582701
"SNP6521","araip.K30076.gnm1.Araip.B06_15697372",16,15697372
"SNP6522","araip.K30076.gnm1.Araip.B06_15764951",16,15764951
"SNP6523","araip.K30076.gnm1.Araip.B06_15894208",16,15894208
"SNP6524","araip.K30076.gnm1.Araip.B06_15903739",16,15903739
"SNP6525","araip.K30076.gnm1.Araip.B06_16093871",16,16093871
"SNP6526","araip.K30076.gnm1.Araip.B06_16197474",16,16197474
"SNP6527","araip.K30076.gnm1.Araip.B06_16400617",16,16400617
"SNP6528","araip.K30076.gnm1.Araip.B06_16449645",16,16449645
"SNP6529","araip.K30076.gnm1.Araip.B06_16470676",16,16470676
"SNP6530","araip.K30076.gnm1.Araip.B06_16751628",16,16751628
"SNP6531","araip.K30076.gnm1.Araip.B06_16914852",16,16914852
"SNP6532","araip.K30076.gnm1.Araip.B06_16961887",16,16961887
"SNP6533","araip.K30076.gnm1.Araip.B06_17269216",16,17269216
"SNP6534","araip.K30076.gnm1.Araip.B06_17270211",16,17270211
"SNP6535","araip.K30076.gnm1.Araip.B06_17396747",16,17396747
"SNP6536","araip.K30076.gnm1.Araip.B06_17412627",16,17412627
"SNP6537","araip.K30076.gnm1.Araip.B06_17412693",16,17412693
"SNP6538","araip.K30076.gnm1.Araip.B06_17440283",16,17440283
"SNP6539","araip.K30076.gnm1.Araip.B06_17652864",16,17652864
"SNP6540","araip.K30076.gnm1.Araip.B06_17653397",16,17653397
"SNP6541","araip.K30076.gnm1.Araip.B06_17892965",16,17892965
"SNP6542","araip.K30076.gnm1.Araip.B06_17964608",16,17964608
"SNP6543","araip.K30076.gnm1.Araip.B06_17978115",16,17978115
"SNP6544","araip.K30076.gnm1.Araip.B06_18023647",16,18023647
"SNP6545","araip.K30076.gnm1.Araip.B06_18466678",16,18466678
"SNP6546","araip.K30076.gnm1.Araip.B06_18594561",16,18594561
"SNP6547","araip.K30076.gnm1.Araip.B06_18610682",16,18610682
"SNP6548","araip.K30076.gnm1.Araip.B06_19100163",16,19100163
"SNP6549","araip.K30076.gnm1.Araip.B06_19167007",16,19167007
"SNP6550","araip.K30076.gnm1.Araip.B06_19434742",16,19434742
"SNP6551","araip.K30076.gnm1.Araip.B06_20151179",16,20151179
"SNP6552","araip.K30076.gnm1.Araip.B06_20317870",16,20317870
"SNP6553","araip.K30076.gnm1.Araip.B06_20472465",16,20472465
"SNP6554","araip.K30076.gnm1.Araip.B06_20753932",16,20753932
"SNP6555","araip.K30076.gnm1.Araip.B06_20760076",16,20760076
"SNP6556","araip.K30076.gnm1.Araip.B06_20836863",16,20836863
"SNP6557","araip.K30076.gnm1.Araip.B06_21108573",16,21108573
"SNP6558","araip.K30076.gnm1.Araip.B06_21311978",16,21311978
"SNP6559","araip.K30076.gnm1.Araip.B06_21388444",16,21388444
"SNP6560","araip.K30076.gnm1.Araip.B06_22478219",16,22478219
"SNP6561","araip.K30076.gnm1.Araip.B06_22616870",16,22616870
"SNP6562","araip.K30076.gnm1.Araip.B06_22645967",16,22645967
"SNP6563","araip.K30076.gnm1.Araip.B06_22767474",16,22767474
"SNP6564","araip.K30076.gnm1.Araip.B06_22822411",16,22822411
"SNP6565","araip.K30076.gnm1.Araip.B06_23490357",16,23490357
"SNP6566","araip.K30076.gnm1.Araip.B06_23885687",16,23885687
"SNP6567","araip.K30076.gnm1.Araip.B06_23897611",16,23897611
"SNP6568","araip.K30076.gnm1.Araip.B06_24151926",16,24151926
"SNP6569","araip.K30076.gnm1.Araip.B06_24337022",16,24337022
"SNP6570","araip.K30076.gnm1.Araip.B06_24429699",16,24429699
"SNP6571","araip.K30076.gnm1.Araip.B06_24527319",16,24527319
"SNP6572","araip.K30076.gnm1.Araip.B06_24728626",16,24728626
"SNP6573","araip.K30076.gnm1.Araip.B06_24749733",16,24749733
"SNP6574","araip.K30076.gnm1.Araip.B06_24922323",16,24922323
"SNP6575","araip.K30076.gnm1.Araip.B06_24947027",16,24947027
"SNP6576","araip.K30076.gnm1.Araip.B06_25229651",16,25229651
"SNP6577","araip.K30076.gnm1.Araip.B06_25446382",16,25446382
"SNP6578","araip.K30076.gnm1.Araip.B06_25506841",16,25506841
"SNP6579","araip.K30076.gnm1.Araip.B06_26185296",16,26185296
"SNP6580","araip.K30076.gnm1.Araip.B06_26326287",16,26326287
"SNP6581","araip.K30076.gnm1.Araip.B06_26346569",16,26346569
"SNP6582","araip.K30076.gnm1.Araip.B06_27044552",16,27044552
"SNP6583","araip.K30076.gnm1.Araip.B06_27076665",16,27076665
"SNP6584","araip.K30076.gnm1.Araip.B06_27083370",16,27083370
"SNP6585","araip.K30076.gnm1.Araip.B06_27461543",16,27461543
"SNP6586","araip.K30076.gnm1.Araip.B06_27501078",16,27501078
"SNP6587","araip.K30076.gnm1.Araip.B06_27762669",16,27762669
"SNP6588","araip.K30076.gnm1.Araip.B06_27850685",16,27850685
"SNP6589","araip.K30076.gnm1.Araip.B06_27994454",16,27994454
"SNP6590","araip.K30076.gnm1.Araip.B06_27995343",16,27995343
"SNP6591","araip.K30076.gnm1.Araip.B06_27999213",16,27999213
"SNP6592","araip.K30076.gnm1.Araip.B06_28022953",16,28022953
"SNP6593","araip.K30076.gnm1.Araip.B06_28577367",16,28577367
"SNP6594","araip.K30076.gnm1.Araip.B06_28806257",16,28806257
"SNP6595","araip.K30076.gnm1.Araip.B06_29039075",16,29039075
"SNP6596","araip.K30076.gnm1.Araip.B06_29059139",16,29059139
"SNP6597","araip.K30076.gnm1.Araip.B06_29494113",16,29494113
"SNP6598","araip.K30076.gnm1.Araip.B06_29661133",16,29661133
"SNP6599","araip.K30076.gnm1.Araip.B06_29701112",16,29701112
"SNP6600","araip.K30076.gnm1.Araip.B06_29936018",16,29936018
"SNP6601","araip.K30076.gnm1.Araip.B06_30291998",16,30291998
"SNP6602","araip.K30076.gnm1.Araip.B06_30783124",16,30783124
"SNP6603","araip.K30076.gnm1.Araip.B06_31394474",16,31394474
"SNP6604","araip.K30076.gnm1.Araip.B06_31470144",16,31470144
"SNP6605","araip.K30076.gnm1.Araip.B06_31645764",16,31645764
"SNP6606","araip.K30076.gnm1.Araip.B06_32002848",16,32002848
"SNP6607","araip.K30076.gnm1.Araip.B06_32003782",16,32003782
"SNP6608","araip.K30076.gnm1.Araip.B06_32049086",16,32049086
"SNP6609","araip.K30076.gnm1.Araip.B06_32049101",16,32049101
"SNP6610","araip.K30076.gnm1.Araip.B06_32052932",16,32052932
"SNP6611","araip.K30076.gnm1.Araip.B06_32054450",16,32054450
"SNP6612","araip.K30076.gnm1.Araip.B06_32079561",16,32079561
"SNP6613","araip.K30076.gnm1.Araip.B06_32081841",16,32081841
"SNP6614","araip.K30076.gnm1.Araip.B06_32085843",16,32085843
"SNP6615","araip.K30076.gnm1.Araip.B06_32135382",16,32135382
"SNP6616","araip.K30076.gnm1.Araip.B06_32135488",16,32135488
"SNP6617","araip.K30076.gnm1.Araip.B06_32339285",16,32339285
"SNP6618","araip.K30076.gnm1.Araip.B06_32628545",16,32628545
"SNP6619","araip.K30076.gnm1.Araip.B06_32909777",16,32909777
"SNP6620","araip.K30076.gnm1.Araip.B06_32933128",16,32933128
"SNP6621","araip.K30076.gnm1.Araip.B06_33002322",16,33002322
"SNP6622","araip.K30076.gnm1.Araip.B06_33481364",16,33481364
"SNP6623","araip.K30076.gnm1.Araip.B06_33663927",16,33663927
"SNP6624","araip.K30076.gnm1.Araip.B06_33767145",16,33767145
"SNP6625","araip.K30076.gnm1.Araip.B06_33772027",16,33772027
"SNP6626","araip.K30076.gnm1.Araip.B06_33979673",16,33979673
"SNP6627","araip.K30076.gnm1.Araip.B06_33983814",16,33983814
"SNP6628","araip.K30076.gnm1.Araip.B06_34073295",16,34073295
"SNP6629","araip.K30076.gnm1.Araip.B06_34350656",16,34350656
"SNP6630","araip.K30076.gnm1.Araip.B06_34350829",16,34350829
"SNP6631","araip.K30076.gnm1.Araip.B06_34638887",16,34638887
"SNP6632","araip.K30076.gnm1.Araip.B06_34807587",16,34807587
"SNP6633","araip.K30076.gnm1.Araip.B06_35074322",16,35074322
"SNP6634","araip.K30076.gnm1.Araip.B06_35108031",16,35108031
"SNP6635","araip.K30076.gnm1.Araip.B06_36535239",16,36535239
"SNP6636","araip.K30076.gnm1.Araip.B06_37067304",16,37067304
"SNP6637","araip.K30076.gnm1.Araip.B06_37351692",16,37351692
"SNP6638","araip.K30076.gnm1.Araip.B06_37492192",16,37492192
"SNP6639","araip.K30076.gnm1.Araip.B06_37621993",16,37621993
"SNP6640","araip.K30076.gnm1.Araip.B06_37801628",16,37801628
"SNP6641","araip.K30076.gnm1.Araip.B06_37849785",16,37849785
"SNP6642","araip.K30076.gnm1.Araip.B06_38112264",16,38112264
"SNP6643","araip.K30076.gnm1.Araip.B06_38118412",16,38118412
"SNP6644","araip.K30076.gnm1.Araip.B06_38748854",16,38748854
"SNP6645","araip.K30076.gnm1.Araip.B06_38934680",16,38934680
"SNP6646","araip.K30076.gnm1.Araip.B06_39302492",16,39302492
"SNP6647","araip.K30076.gnm1.Araip.B06_39793516",16,39793516
"SNP6648","araip.K30076.gnm1.Araip.B06_42094188",16,42094188
"SNP6649","araip.K30076.gnm1.Araip.B06_43368935",16,43368935
"SNP6650","araip.K30076.gnm1.Araip.B06_43944501",16,43944501
"SNP6651","araip.K30076.gnm1.Araip.B06_43962939",16,43962939
"SNP6652","araip.K30076.gnm1.Araip.B06_45645879",16,45645879
"SNP6653","araip.K30076.gnm1.Araip.B06_46519409",16,46519409
"SNP6654","araip.K30076.gnm1.Araip.B06_46543105",16,46543105
"SNP6655","araip.K30076.gnm1.Araip.B06_47251618",16,47251618
"SNP6656","araip.K30076.gnm1.Araip.B06_48008778",16,48008778
"SNP6657","araip.K30076.gnm1.Araip.B06_48196382",16,48196382
"SNP6658","araip.K30076.gnm1.Araip.B06_49982827",16,49982827
"SNP6659","araip.K30076.gnm1.Araip.B06_50731565",16,50731565
"SNP6660","araip.K30076.gnm1.Araip.B06_51524179",16,51524179
"SNP6661","araip.K30076.gnm1.Araip.B06_52564414",16,52564414
"SNP6662","araip.K30076.gnm1.Araip.B06_55618531",16,55618531
"SNP6663","araip.K30076.gnm1.Araip.B06_56870953",16,56870953
"SNP6664","araip.K30076.gnm1.Araip.B06_60062896",16,60062896
"SNP6665","araip.K30076.gnm1.Araip.B06_60193370",16,60193370
"SNP6666","araip.K30076.gnm1.Araip.B06_61250862",16,61250862
"SNP6667","araip.K30076.gnm1.Araip.B06_61360905",16,61360905
"SNP6668","araip.K30076.gnm1.Araip.B06_62080228",16,62080228
"SNP6669","araip.K30076.gnm1.Araip.B06_62922699",16,62922699
"SNP6670","araip.K30076.gnm1.Araip.B06_64137666",16,64137666
"SNP6671","araip.K30076.gnm1.Araip.B06_64798216",16,64798216
"SNP6672","araip.K30076.gnm1.Araip.B06_64922729",16,64922729
"SNP6673","araip.K30076.gnm1.Araip.B06_65129981",16,65129981
"SNP6674","araip.K30076.gnm1.Araip.B06_65130218",16,65130218
"SNP6675","araip.K30076.gnm1.Araip.B06_65384689",16,65384689
"SNP6676","araip.K30076.gnm1.Araip.B06_66167075",16,66167075
"SNP6677","araip.K30076.gnm1.Araip.B06_68035774",16,68035774
"SNP6678","araip.K30076.gnm1.Araip.B06_70244267",16,70244267
"SNP6679","araip.K30076.gnm1.Araip.B06_71899125",16,71899125
"SNP6680","araip.K30076.gnm1.Araip.B06_72336954",16,72336954
"SNP6681","araip.K30076.gnm1.Araip.B06_75932089",16,75932089
"SNP6682","araip.K30076.gnm1.Araip.B06_78472283",16,78472283
"SNP6683","araip.K30076.gnm1.Araip.B06_81766535",16,81766535
"SNP6684","araip.K30076.gnm1.Araip.B06_83060754",16,83060754
"SNP6685","araip.K30076.gnm1.Araip.B06_83213047",16,83213047
"SNP6686","araip.K30076.gnm1.Araip.B06_83215275",16,83215275
"SNP6687","araip.K30076.gnm1.Araip.B06_85068103",16,85068103
"SNP6688","araip.K30076.gnm1.Araip.B06_85195873",16,85195873
"SNP6689","araip.K30076.gnm1.Araip.B06_85375207",16,85375207
"SNP6690","araip.K30076.gnm1.Araip.B06_85731558",16,85731558
"SNP6691","araip.K30076.gnm1.Araip.B06_85979947",16,85979947
"SNP6692","araip.K30076.gnm1.Araip.B06_86743849",16,86743849
"SNP6693","araip.K30076.gnm1.Araip.B06_86952417",16,86952417
"SNP6694","araip.K30076.gnm1.Araip.B06_86952713",16,86952713
"SNP6695","araip.K30076.gnm1.Araip.B06_87368786",16,87368786
"SNP6696","araip.K30076.gnm1.Araip.B06_87676700",16,87676700
"SNP6697","araip.K30076.gnm1.Araip.B06_87752381",16,87752381
"SNP6698","araip.K30076.gnm1.Araip.B06_87834139",16,87834139
"SNP6699","araip.K30076.gnm1.Araip.B06_88683588",16,88683588
"SNP6700","araip.K30076.gnm1.Araip.B06_89706663",16,89706663
"SNP6701","araip.K30076.gnm1.Araip.B06_90437124",16,90437124
"SNP6702","araip.K30076.gnm1.Araip.B06_90636968",16,90636968
"SNP6703","araip.K30076.gnm1.Araip.B06_90914912",16,90914912
"SNP6704","araip.K30076.gnm1.Araip.B06_92177607",16,92177607
"SNP6705","araip.K30076.gnm1.Araip.B06_92239168",16,92239168
"SNP6706","araip.K30076.gnm1.Araip.B06_93195557",16,93195557
"SNP6707","araip.K30076.gnm1.Araip.B06_93891210",16,93891210
"SNP6708","araip.K30076.gnm1.Araip.B06_93891758",16,93891758
"SNP6709","araip.K30076.gnm1.Araip.B06_95779550",16,95779550
"SNP6710","araip.K30076.gnm1.Araip.B06_95956066",16,95956066
"SNP6711","araip.K30076.gnm1.Araip.B06_96090356",16,96090356
"SNP6712","araip.K30076.gnm1.Araip.B06_96103921",16,96103921
"SNP6713","araip.K30076.gnm1.Araip.B06_96486190",16,96486190
"SNP6714","araip.K30076.gnm1.Araip.B06_96522947",16,96522947
"SNP6715","araip.K30076.gnm1.Araip.B06_96624519",16,96624519
"SNP6716","araip.K30076.gnm1.Araip.B06_96879296",16,96879296
"SNP6717","araip.K30076.gnm1.Araip.B06_97051105",16,97051105
"SNP6718","araip.K30076.gnm1.Araip.B06_97882559",16,97882559
"SNP6719","araip.K30076.gnm1.Araip.B06_98000508",16,98000508
"SNP6720","araip.K30076.gnm1.Araip.B06_99009902",16,99009902
"SNP6721","araip.K30076.gnm1.Araip.B06_99570314",16,99570314
"SNP6722","araip.K30076.gnm1.Araip.B06_100457347",16,100457347
"SNP6723","araip.K30076.gnm1.Araip.B06_101291716",16,101291716
"SNP6724","araip.K30076.gnm1.Araip.B06_101590096",16,101590096
"SNP6725","araip.K30076.gnm1.Araip.B06_101645114",16,101645114
"SNP6726","araip.K30076.gnm1.Araip.B06_101740035",16,101740035
"SNP6727","araip.K30076.gnm1.Araip.B06_101799229",16,101799229
"SNP6728","araip.K30076.gnm1.Araip.B06_101915493",16,101915493
"SNP6729","araip.K30076.gnm1.Araip.B06_101916218",16,101916218
"SNP6730","araip.K30076.gnm1.Araip.B06_102078146",16,102078146
"SNP6731","araip.K30076.gnm1.Araip.B06_102109097",16,102109097
"SNP6732","araip.K30076.gnm1.Araip.B06_102558747",16,102558747
"SNP6733","araip.K30076.gnm1.Araip.B06_102765564",16,102765564
"SNP6734","araip.K30076.gnm1.Araip.B06_102807076",16,102807076
"SNP6735","araip.K30076.gnm1.Araip.B06_102898066",16,102898066
"SNP6736","araip.K30076.gnm1.Araip.B06_103047540",16,103047540
"SNP6737","araip.K30076.gnm1.Araip.B06_103082696",16,103082696
"SNP6738","araip.K30076.gnm1.Araip.B06_103481906",16,103481906
"SNP6739","araip.K30076.gnm1.Araip.B06_103482275",16,103482275
"SNP6740","araip.K30076.gnm1.Araip.B06_103896857",16,103896857
"SNP6741","araip.K30076.gnm1.Araip.B06_104020676",16,104020676
"SNP6742","araip.K30076.gnm1.Araip.B06_104162629",16,104162629
"SNP6743","araip.K30076.gnm1.Araip.B06_104397857",16,104397857
"SNP6744","araip.K30076.gnm1.Araip.B06_104644568",16,104644568
"SNP6745","araip.K30076.gnm1.Araip.B06_104698900",16,104698900
"SNP6746","araip.K30076.gnm1.Araip.B06_105144943",16,105144943
"SNP6747","araip.K30076.gnm1.Araip.B06_105308201",16,105308201
"SNP6748","araip.K30076.gnm1.Araip.B06_105571405",16,105571405
"SNP6749","araip.K30076.gnm1.Araip.B06_105883978",16,105883978
"SNP6750","araip.K30076.gnm1.Araip.B06_106020031",16,106020031
"SNP6751","araip.K30076.gnm1.Araip.B06_106677089",16,106677089
"SNP6752","araip.K30076.gnm1.Araip.B06_107037899",16,107037899
"SNP6753","araip.K30076.gnm1.Araip.B06_107274622",16,107274622
"SNP6754","araip.K30076.gnm1.Araip.B06_107608778",16,107608778
"SNP6755","araip.K30076.gnm1.Araip.B06_107609402",16,107609402
"SNP6756","araip.K30076.gnm1.Araip.B06_108488285",16,108488285
"SNP6757","araip.K30076.gnm1.Araip.B06_108513589",16,108513589
"SNP6758","araip.K30076.gnm1.Araip.B06_108515562",16,108515562
"SNP6759","araip.K30076.gnm1.Araip.B06_108518747",16,108518747
"SNP6760","araip.K30076.gnm1.Araip.B06_108669905",16,108669905
"SNP6761","araip.K30076.gnm1.Araip.B06_108841471",16,108841471
"SNP6762","araip.K30076.gnm1.Araip.B06_108976120",16,108976120
"SNP6763","araip.K30076.gnm1.Araip.B06_109105622",16,109105622
"SNP6764","araip.K30076.gnm1.Araip.B06_109240201",16,109240201
"SNP6765","araip.K30076.gnm1.Araip.B06_109311080",16,109311080
"SNP6766","araip.K30076.gnm1.Araip.B06_109389905",16,109389905
"SNP6767","araip.K30076.gnm1.Araip.B06_109920337",16,109920337
"SNP6768","araip.K30076.gnm1.Araip.B06_109953832",16,109953832
"SNP6769","araip.K30076.gnm1.Araip.B06_110147225",16,110147225
"SNP6770","araip.K30076.gnm1.Araip.B06_110152413",16,110152413
"SNP6771","araip.K30076.gnm1.Araip.B06_110184480",16,110184480
"SNP6772","araip.K30076.gnm1.Araip.B06_110754226",16,110754226
"SNP6773","araip.K30076.gnm1.Araip.B06_110817657",16,110817657
"SNP6774","araip.K30076.gnm1.Araip.B06_111196482",16,111196482
"SNP6775","araip.K30076.gnm1.Araip.B06_111224525",16,111224525
"SNP6776","araip.K30076.gnm1.Araip.B06_111226201",16,111226201
"SNP6777","araip.K30076.gnm1.Araip.B06_111626504",16,111626504
"SNP6778","araip.K30076.gnm1.Araip.B06_111641521",16,111641521
"SNP6779","araip.K30076.gnm1.Araip.B06_111673511",16,111673511
"SNP6780","araip.K30076.gnm1.Araip.B06_111839823",16,111839823
"SNP6781","araip.K30076.gnm1.Araip.B06_111956760",16,111956760
"SNP6782","araip.K30076.gnm1.Araip.B06_111996029",16,111996029
"SNP6783","araip.K30076.gnm1.Araip.B06_112044918",16,112044918
"SNP6784","araip.K30076.gnm1.Araip.B06_112130574",16,112130574
"SNP6785","araip.K30076.gnm1.Araip.B06_112285402",16,112285402
"SNP6786","araip.K30076.gnm1.Araip.B06_112293470",16,112293470
"SNP6787","araip.K30076.gnm1.Araip.B06_112763203",16,112763203
"SNP6788","araip.K30076.gnm1.Araip.B06_112776729",16,112776729
"SNP6789","araip.K30076.gnm1.Araip.B06_113270748",16,113270748
"SNP6790","araip.K30076.gnm1.Araip.B06_113432172",16,113432172
"SNP6791","araip.K30076.gnm1.Araip.B06_113964928",16,113964928
"SNP6792","araip.K30076.gnm1.Araip.B06_114200533",16,114200533
"SNP6793","araip.K30076.gnm1.Araip.B06_114225026",16,114225026
"SNP6794","araip.K30076.gnm1.Araip.B06_114345551",16,114345551
"SNP6795","araip.K30076.gnm1.Araip.B06_114440341",16,114440341
"SNP6796","araip.K30076.gnm1.Araip.B06_114578202",16,114578202
"SNP6797","araip.K30076.gnm1.Araip.B06_114586396",16,114586396
"SNP6798","araip.K30076.gnm1.Araip.B06_114586674",16,114586674
"SNP6799","araip.K30076.gnm1.Araip.B06_114618652",16,114618652
"SNP6800","araip.K30076.gnm1.Araip.B06_114703606",16,114703606
"SNP6801","araip.K30076.gnm1.Araip.B06_115643706",16,115643706
"SNP6802","araip.K30076.gnm1.Araip.B06_115659388",16,115659388
"SNP6803","araip.K30076.gnm1.Araip.B06_116015819",16,116015819
"SNP6804","araip.K30076.gnm1.Araip.B06_116080194",16,116080194
"SNP6805","araip.K30076.gnm1.Araip.B06_116097571",16,116097571
"SNP6806","araip.K30076.gnm1.Araip.B06_116310767",16,116310767
"SNP6807","araip.K30076.gnm1.Araip.B06_116657142",16,116657142
"SNP6808","araip.K30076.gnm1.Araip.B06_116702507",16,116702507
"SNP6809","araip.K30076.gnm1.Araip.B06_116713212",16,116713212
"SNP6810","araip.K30076.gnm1.Araip.B06_117006051",16,117006051
"SNP6811","araip.K30076.gnm1.Araip.B06_117157742",16,117157742
"SNP6812","araip.K30076.gnm1.Araip.B06_117398535",16,117398535
"SNP6813","araip.K30076.gnm1.Araip.B06_117450405",16,117450405
"SNP6814","araip.K30076.gnm1.Araip.B06_117539912",16,117539912
"SNP6815","araip.K30076.gnm1.Araip.B06_117782390",16,117782390
"SNP6816","araip.K30076.gnm1.Araip.B06_117843776",16,117843776
"SNP6817","araip.K30076.gnm1.Araip.B06_117889037",16,117889037
"SNP6818","araip.K30076.gnm1.Araip.B06_117919368",16,117919368
"SNP6819","araip.K30076.gnm1.Araip.B06_117944033",16,117944033
"SNP6820","araip.K30076.gnm1.Araip.B06_118046667",16,118046667
"SNP6821","araip.K30076.gnm1.Araip.B06_118070034",16,118070034
"SNP6822","araip.K30076.gnm1.Araip.B06_118124139",16,118124139
"SNP6823","araip.K30076.gnm1.Araip.B06_118216711",16,118216711
"SNP6824","araip.K30076.gnm1.Araip.B06_118695187",16,118695187
"SNP6825","araip.K30076.gnm1.Araip.B06_118741389",16,118741389
"SNP6826","araip.K30076.gnm1.Araip.B06_118806076",16,118806076
"SNP6827","araip.K30076.gnm1.Araip.B06_119199204",16,119199204
"SNP6828","araip.K30076.gnm1.Araip.B06_119209062",16,119209062
"SNP6829","araip.K30076.gnm1.Araip.B06_119409536",16,119409536
"SNP6830","araip.K30076.gnm1.Araip.B06_119420307",16,119420307
"SNP6831","araip.K30076.gnm1.Araip.B06_119565749",16,119565749
"SNP6832","araip.K30076.gnm1.Araip.B06_119728354",16,119728354
"SNP6833","araip.K30076.gnm1.Araip.B06_120148968",16,120148968
"SNP6834","araip.K30076.gnm1.Araip.B06_120201963",16,120201963
"SNP6835","araip.K30076.gnm1.Araip.B06_120281640",16,120281640
"SNP6836","araip.K30076.gnm1.Araip.B06_120282439",16,120282439
"SNP6837","araip.K30076.gnm1.Araip.B06_120294429",16,120294429
"SNP6838","araip.K30076.gnm1.Araip.B06_120407073",16,120407073
"SNP6839","araip.K30076.gnm1.Araip.B06_120691309",16,120691309
"SNP6840","araip.K30076.gnm1.Araip.B06_120865413",16,120865413
"SNP6841","araip.K30076.gnm1.Araip.B06_121537744",16,121537744
"SNP6842","araip.K30076.gnm1.Araip.B06_121564075",16,121564075
"SNP6843","araip.K30076.gnm1.Araip.B06_122003100",16,122003100
"SNP6844","araip.K30076.gnm1.Araip.B06_122027953",16,122027953
"SNP6845","araip.K30076.gnm1.Araip.B06_122108999",16,122108999
"SNP6846","araip.K30076.gnm1.Araip.B06_122289854",16,122289854
"SNP6847","araip.K30076.gnm1.Araip.B06_122311052",16,122311052
"SNP6848","araip.K30076.gnm1.Araip.B06_122321048",16,122321048
"SNP6849","araip.K30076.gnm1.Araip.B06_122531920",16,122531920
"SNP6850","araip.K30076.gnm1.Araip.B06_122535495",16,122535495
"SNP6851","araip.K30076.gnm1.Araip.B06_122552864",16,122552864
"SNP6852","araip.K30076.gnm1.Araip.B06_122581860",16,122581860
"SNP6853","araip.K30076.gnm1.Araip.B06_122780096",16,122780096
"SNP6854","araip.K30076.gnm1.Araip.B06_122798257",16,122798257
"SNP6855","araip.K30076.gnm1.Araip.B06_122810153",16,122810153
"SNP6856","araip.K30076.gnm1.Araip.B06_122973381",16,122973381
"SNP6857","araip.K30076.gnm1.Araip.B06_123019759",16,123019759
"SNP6858","araip.K30076.gnm1.Araip.B06_123019875",16,123019875
"SNP6859","araip.K30076.gnm1.Araip.B06_123158703",16,123158703
"SNP6860","araip.K30076.gnm1.Araip.B06_123236248",16,123236248
"SNP6861","araip.K30076.gnm1.Araip.B06_123275218",16,123275218
"SNP6862","araip.K30076.gnm1.Araip.B06_123362960",16,123362960
"SNP6863","araip.K30076.gnm1.Araip.B06_123364434",16,123364434
"SNP6864","araip.K30076.gnm1.Araip.B06_123448432",16,123448432
"SNP6865","araip.K30076.gnm1.Araip.B06_123484491",16,123484491
"SNP6866","araip.K30076.gnm1.Araip.B06_123496353",16,123496353
"SNP6867","araip.K30076.gnm1.Araip.B06_123620597",16,123620597
"SNP6868","araip.K30076.gnm1.Araip.B06_124102491",16,124102491
"SNP6869","araip.K30076.gnm1.Araip.B06_124127763",16,124127763
"SNP6870","araip.K30076.gnm1.Araip.B06_124159291",16,124159291
"SNP6871","araip.K30076.gnm1.Araip.B06_124222860",16,124222860
"SNP6872","araip.K30076.gnm1.Araip.B06_124227755",16,124227755
"SNP6873","araip.K30076.gnm1.Araip.B06_124311849",16,124311849
"SNP6874","araip.K30076.gnm1.Araip.B06_124422017",16,124422017
"SNP6875","araip.K30076.gnm1.Araip.B06_124599239",16,124599239
"SNP6876","araip.K30076.gnm1.Araip.B06_124615696",16,124615696
"SNP6877","araip.K30076.gnm1.Araip.B06_124628344",16,124628344
"SNP6878","araip.K30076.gnm1.Araip.B06_125228099",16,125228099
"SNP6879","araip.K30076.gnm1.Araip.B06_125245858",16,125245858
"SNP6880","araip.K30076.gnm1.Araip.B06_125384389",16,125384389
"SNP6881","araip.K30076.gnm1.Araip.B06_125431780",16,125431780
"SNP6882","araip.K30076.gnm1.Araip.B06_125432091",16,125432091
"SNP6883","araip.K30076.gnm1.Araip.B06_125495208",16,125495208
"SNP6884","araip.K30076.gnm1.Araip.B06_125992228",16,125992228
"SNP6885","araip.K30076.gnm1.Araip.B06_126121454",16,126121454
"SNP6886","araip.K30076.gnm1.Araip.B06_126214637",16,126214637
"SNP6887","araip.K30076.gnm1.Araip.B06_126307603",16,126307603
"SNP6888","araip.K30076.gnm1.Araip.B06_126332867",16,126332867
"SNP6889","araip.K30076.gnm1.Araip.B06_126403495",16,126403495
"SNP6890","araip.K30076.gnm1.Araip.B06_126586947",16,126586947
"SNP6891","araip.K30076.gnm1.Araip.B06_126650425",16,126650425
"SNP6892","araip.K30076.gnm1.Araip.B06_126907245",16,126907245
"SNP6893","araip.K30076.gnm1.Araip.B06_127137852",16,127137852
"SNP6894","araip.K30076.gnm1.Araip.B06_127331674",16,127331674
"SNP6895","araip.K30076.gnm1.Araip.B06_127448206",16,127448206
"SNP6896","araip.K30076.gnm1.Araip.B06_127540806",16,127540806
"SNP6897","araip.K30076.gnm1.Araip.B06_127661104",16,127661104
"SNP6898","araip.K30076.gnm1.Araip.B06_127669008",16,127669008
"SNP6899","araip.K30076.gnm1.Araip.B06_128084428",16,128084428
"SNP6900","araip.K30076.gnm1.Araip.B06_128092300",16,128092300
"SNP6901","araip.K30076.gnm1.Araip.B06_128287517",16,128287517
"SNP6902","araip.K30076.gnm1.Araip.B06_128311575",16,128311575
"SNP6903","araip.K30076.gnm1.Araip.B06_128351743",16,128351743
"SNP6904","araip.K30076.gnm1.Araip.B06_128352895",16,128352895
"SNP6905","araip.K30076.gnm1.Araip.B06_128352935",16,128352935
"SNP6906","araip.K30076.gnm1.Araip.B06_128527499",16,128527499
"SNP6907","araip.K30076.gnm1.Araip.B06_128752418",16,128752418
"SNP6908","araip.K30076.gnm1.Araip.B06_128753228",16,128753228
"SNP6909","araip.K30076.gnm1.Araip.B06_128803903",16,128803903
"SNP6910","araip.K30076.gnm1.Araip.B06_129015608",16,129015608
"SNP6911","araip.K30076.gnm1.Araip.B06_129044785",16,129044785
"SNP6912","araip.K30076.gnm1.Araip.B06_129350095",16,129350095
"SNP6913","araip.K30076.gnm1.Araip.B06_129495569",16,129495569
"SNP6914","araip.K30076.gnm1.Araip.B06_129570003",16,129570003
"SNP6915","araip.K30076.gnm1.Araip.B06_129575475",16,129575475
"SNP6916","araip.K30076.gnm1.Araip.B06_129653502",16,129653502
"SNP6917","araip.K30076.gnm1.Araip.B06_129731047",16,129731047
"SNP6918","araip.K30076.gnm1.Araip.B06_129766082",16,129766082
"SNP6919","araip.K30076.gnm1.Araip.B06_129785321",16,129785321
"SNP6920","araip.K30076.gnm1.Araip.B06_130213113",16,130213113
"SNP6921","araip.K30076.gnm1.Araip.B06_130444507",16,130444507
"SNP6922","araip.K30076.gnm1.Araip.B06_131049462",16,131049462
"SNP6923","araip.K30076.gnm1.Araip.B06_131051776",16,131051776
"SNP6924","araip.K30076.gnm1.Araip.B06_131261613",16,131261613
"SNP6925","araip.K30076.gnm1.Araip.B06_131651939",16,131651939
"SNP6926","araip.K30076.gnm1.Araip.B06_131828432",16,131828432
"SNP6927","araip.K30076.gnm1.Araip.B06_132058263",16,132058263
"SNP6928","araip.K30076.gnm1.Araip.B06_132139898",16,132139898
"SNP6929","araip.K30076.gnm1.Araip.B06_132164807",16,132164807
"SNP6930","araip.K30076.gnm1.Araip.B06_132399119",16,132399119
"SNP6931","araip.K30076.gnm1.Araip.B06_132403515",16,132403515
"SNP6932","araip.K30076.gnm1.Araip.B06_132704634",16,132704634
"SNP6933","araip.K30076.gnm1.Araip.B06_132755273",16,132755273
"SNP6934","araip.K30076.gnm1.Araip.B06_132758691",16,132758691
"SNP6935","araip.K30076.gnm1.Araip.B06_132982226",16,132982226
"SNP6936","araip.K30076.gnm1.Araip.B06_133066588",16,133066588
"SNP6937","araip.K30076.gnm1.Araip.B06_133271301",16,133271301
"SNP6938","araip.K30076.gnm1.Araip.B06_133487030",16,133487030
"SNP6939","araip.K30076.gnm1.Araip.B06_133744896",16,133744896
"SNP6940","araip.K30076.gnm1.Araip.B06_134336732",16,134336732
"SNP6941","araip.K30076.gnm1.Araip.B06_134471581",16,134471581
"SNP6942","araip.K30076.gnm1.Araip.B06_134884603",16,134884603
"SNP6943","araip.K30076.gnm1.Araip.B06_134924916",16,134924916
"SNP6944","araip.K30076.gnm1.Araip.B06_135080269",16,135080269
"SNP6945","araip.K30076.gnm1.Araip.B06_135104032",16,135104032
"SNP6946","araip.K30076.gnm1.Araip.B06_135105866",16,135105866
"SNP6947","araip.K30076.gnm1.Araip.B06_135176210",16,135176210
"SNP6948","araip.K30076.gnm1.Araip.B06_135300422",16,135300422
"SNP6949","araip.K30076.gnm1.Araip.B06_135400727",16,135400727
"SNP6950","araip.K30076.gnm1.Araip.B06_135402668",16,135402668
"SNP6951","araip.K30076.gnm1.Araip.B06_135435536",16,135435536
"SNP6952","araip.K30076.gnm1.Araip.B06_135437623",16,135437623
"SNP6953","araip.K30076.gnm1.Araip.B06_135437789",16,135437789
"SNP6954","araip.K30076.gnm1.Araip.B06_135438238",16,135438238
"SNP6955","araip.K30076.gnm1.Araip.B06_135439054",16,135439054
"SNP6956","araip.K30076.gnm1.Araip.B06_135439892",16,135439892
"SNP6957","araip.K30076.gnm1.Araip.B06_135440474",16,135440474
"SNP6958","araip.K30076.gnm1.Araip.B06_135535840",16,135535840
"SNP6959","araip.K30076.gnm1.Araip.B06_135596508",16,135596508
"SNP6960","araip.K30076.gnm1.Araip.B06_135596694",16,135596694
"SNP6961","araip.K30076.gnm1.Araip.B06_135635399",16,135635399
"SNP6962","araip.K30076.gnm1.Araip.B06_135639285",16,135639285
"SNP6963","araip.K30076.gnm1.Araip.B06_135653140",16,135653140
"SNP6964","araip.K30076.gnm1.Araip.B06_135659669",16,135659669
"SNP6965","araip.K30076.gnm1.Araip.B06_135667939",16,135667939
"SNP6966","araip.K30076.gnm1.Araip.B06_135668437",16,135668437
"SNP6967","araip.K30076.gnm1.Araip.B06_135688741",16,135688741
"SNP6968","araip.K30076.gnm1.Araip.B06_135689135",16,135689135
"SNP6969","araip.K30076.gnm1.Araip.B06_135749828",16,135749828
"SNP6970","araip.K30076.gnm1.Araip.B06_135785614",16,135785614
"SNP6971","araip.K30076.gnm1.Araip.B06_135787232",16,135787232
"SNP6972","araip.K30076.gnm1.Araip.B06_135900431",16,135900431
"SNP6973","araip.K30076.gnm1.Araip.B06_136159078",16,136159078
"SNP6974","araip.K30076.gnm1.Araip.B07_95052",17,95052
"SNP6975","araip.K30076.gnm1.Araip.B07_151210",17,151210
"SNP6976","araip.K30076.gnm1.Araip.B07_180408",17,180408
"SNP6977","araip.K30076.gnm1.Araip.B07_213970",17,213970
"SNP6978","araip.K30076.gnm1.Araip.B07_231387",17,231387
"SNP6979","araip.K30076.gnm1.Araip.B07_411092",17,411092
"SNP6980","araip.K30076.gnm1.Araip.B07_454008",17,454008
"SNP6981","araip.K30076.gnm1.Araip.B07_530041",17,530041
"SNP6982","araip.K30076.gnm1.Araip.B07_578122",17,578122
"SNP6983","araip.K30076.gnm1.Araip.B07_584071",17,584071
"SNP6984","araip.K30076.gnm1.Araip.B07_611007",17,611007
"SNP6985","araip.K30076.gnm1.Araip.B07_995898",17,995898
"SNP6986","araip.K30076.gnm1.Araip.B07_1126359",17,1126359
"SNP6987","araip.K30076.gnm1.Araip.B07_1304343",17,1304343
"SNP6988","araip.K30076.gnm1.Araip.B07_1388043",17,1388043
"SNP6989","araip.K30076.gnm1.Araip.B07_1449271",17,1449271
"SNP6990","araip.K30076.gnm1.Araip.B07_1456338",17,1456338
"SNP6991","araip.K30076.gnm1.Araip.B07_1457555",17,1457555
"SNP6992","araip.K30076.gnm1.Araip.B07_1502631",17,1502631
"SNP6993","araip.K30076.gnm1.Araip.B07_1550696",17,1550696
"SNP6994","araip.K30076.gnm1.Araip.B07_1748898",17,1748898
"SNP6995","araip.K30076.gnm1.Araip.B07_1885379",17,1885379
"SNP6996","araip.K30076.gnm1.Araip.B07_1907545",17,1907545
"SNP6997","araip.K30076.gnm1.Araip.B07_1924101",17,1924101
"SNP6998","araip.K30076.gnm1.Araip.B07_1924110",17,1924110
"SNP6999","araip.K30076.gnm1.Araip.B07_1945835",17,1945835
"SNP7000","araip.K30076.gnm1.Araip.B07_2045152",17,2045152
"SNP7001","araip.K30076.gnm1.Araip.B07_2052070",17,2052070
"SNP7002","araip.K30076.gnm1.Araip.B07_2239972",17,2239972
"SNP7003","araip.K30076.gnm1.Araip.B07_2630262",17,2630262
"SNP7004","araip.K30076.gnm1.Araip.B07_2817475",17,2817475
"SNP7005","araip.K30076.gnm1.Araip.B07_2839129",17,2839129
"SNP7006","araip.K30076.gnm1.Araip.B07_2880901",17,2880901
"SNP7007","araip.K30076.gnm1.Araip.B07_2886443",17,2886443
"SNP7008","araip.K30076.gnm1.Araip.B07_2959936",17,2959936
"SNP7009","araip.K30076.gnm1.Araip.B07_2964357",17,2964357
"SNP7010","araip.K30076.gnm1.Araip.B07_3013389",17,3013389
"SNP7011","araip.K30076.gnm1.Araip.B07_3025087",17,3025087
"SNP7012","araip.K30076.gnm1.Araip.B07_3032176",17,3032176
"SNP7013","araip.K30076.gnm1.Araip.B07_3595373",17,3595373
"SNP7014","araip.K30076.gnm1.Araip.B07_3660082",17,3660082
"SNP7015","araip.K30076.gnm1.Araip.B07_3964253",17,3964253
"SNP7016","araip.K30076.gnm1.Araip.B07_3982377",17,3982377
"SNP7017","araip.K30076.gnm1.Araip.B07_4124851",17,4124851
"SNP7018","araip.K30076.gnm1.Araip.B07_4295043",17,4295043
"SNP7019","araip.K30076.gnm1.Araip.B07_4301595",17,4301595
"SNP7020","araip.K30076.gnm1.Araip.B07_4382301",17,4382301
"SNP7021","araip.K30076.gnm1.Araip.B07_4382872",17,4382872
"SNP7022","araip.K30076.gnm1.Araip.B07_4464714",17,4464714
"SNP7023","araip.K30076.gnm1.Araip.B07_4949676",17,4949676
"SNP7024","araip.K30076.gnm1.Araip.B07_5225029",17,5225029
"SNP7025","araip.K30076.gnm1.Araip.B07_5225213",17,5225213
"SNP7026","araip.K30076.gnm1.Araip.B07_5409168",17,5409168
"SNP7027","araip.K30076.gnm1.Araip.B07_5472257",17,5472257
"SNP7028","araip.K30076.gnm1.Araip.B07_5585796",17,5585796
"SNP7029","araip.K30076.gnm1.Araip.B07_5674878",17,5674878
"SNP7030","araip.K30076.gnm1.Araip.B07_5903228",17,5903228
"SNP7031","araip.K30076.gnm1.Araip.B07_6132665",17,6132665
"SNP7032","araip.K30076.gnm1.Araip.B07_6233439",17,6233439
"SNP7033","araip.K30076.gnm1.Araip.B07_6243218",17,6243218
"SNP7034","araip.K30076.gnm1.Araip.B07_6625873",17,6625873
"SNP7035","araip.K30076.gnm1.Araip.B07_6637545",17,6637545
"SNP7036","araip.K30076.gnm1.Araip.B07_6840537",17,6840537
"SNP7037","araip.K30076.gnm1.Araip.B07_7196733",17,7196733
"SNP7038","araip.K30076.gnm1.Araip.B07_7371268",17,7371268
"SNP7039","araip.K30076.gnm1.Araip.B07_7650411",17,7650411
"SNP7040","araip.K30076.gnm1.Araip.B07_7663002",17,7663002
"SNP7041","araip.K30076.gnm1.Araip.B07_7795325",17,7795325
"SNP7042","araip.K30076.gnm1.Araip.B07_8080616",17,8080616
"SNP7043","araip.K30076.gnm1.Araip.B07_8496735",17,8496735
"SNP7044","araip.K30076.gnm1.Araip.B07_8640109",17,8640109
"SNP7045","araip.K30076.gnm1.Araip.B07_8697963",17,8697963
"SNP7046","araip.K30076.gnm1.Araip.B07_8740813",17,8740813
"SNP7047","araip.K30076.gnm1.Araip.B07_8809660",17,8809660
"SNP7048","araip.K30076.gnm1.Araip.B07_8898742",17,8898742
"SNP7049","araip.K30076.gnm1.Araip.B07_9176911",17,9176911
"SNP7050","araip.K30076.gnm1.Araip.B07_9189209",17,9189209
"SNP7051","araip.K30076.gnm1.Araip.B07_9526209",17,9526209
"SNP7052","araip.K30076.gnm1.Araip.B07_9572194",17,9572194
"SNP7053","araip.K30076.gnm1.Araip.B07_9720749",17,9720749
"SNP7054","araip.K30076.gnm1.Araip.B07_9724926",17,9724926
"SNP7055","araip.K30076.gnm1.Araip.B07_9928781",17,9928781
"SNP7056","araip.K30076.gnm1.Araip.B07_10047772",17,10047772
"SNP7057","araip.K30076.gnm1.Araip.B07_10204177",17,10204177
"SNP7058","araip.K30076.gnm1.Araip.B07_10207647",17,10207647
"SNP7059","araip.K30076.gnm1.Araip.B07_10208376",17,10208376
"SNP7060","araip.K30076.gnm1.Araip.B07_10208567",17,10208567
"SNP7061","araip.K30076.gnm1.Araip.B07_10347054",17,10347054
"SNP7062","araip.K30076.gnm1.Araip.B07_10370611",17,10370611
"SNP7063","araip.K30076.gnm1.Araip.B07_10384139",17,10384139
"SNP7064","araip.K30076.gnm1.Araip.B07_10517691",17,10517691
"SNP7065","araip.K30076.gnm1.Araip.B07_10554265",17,10554265
"SNP7066","araip.K30076.gnm1.Araip.B07_10714847",17,10714847
"SNP7067","araip.K30076.gnm1.Araip.B07_10727062",17,10727062
"SNP7068","araip.K30076.gnm1.Araip.B07_10727269",17,10727269
"SNP7069","araip.K30076.gnm1.Araip.B07_10948516",17,10948516
"SNP7070","araip.K30076.gnm1.Araip.B07_11291810",17,11291810
"SNP7071","araip.K30076.gnm1.Araip.B07_11291821",17,11291821
"SNP7072","araip.K30076.gnm1.Araip.B07_11307298",17,11307298
"SNP7073","araip.K30076.gnm1.Araip.B07_11336880",17,11336880
"SNP7074","araip.K30076.gnm1.Araip.B07_11404544",17,11404544
"SNP7075","araip.K30076.gnm1.Araip.B07_11421301",17,11421301
"SNP7076","araip.K30076.gnm1.Araip.B07_11796265",17,11796265
"SNP7077","araip.K30076.gnm1.Araip.B07_11868571",17,11868571
"SNP7078","araip.K30076.gnm1.Araip.B07_12003656",17,12003656
"SNP7079","araip.K30076.gnm1.Araip.B07_12046754",17,12046754
"SNP7080","araip.K30076.gnm1.Araip.B07_12252941",17,12252941
"SNP7081","araip.K30076.gnm1.Araip.B07_12337846",17,12337846
"SNP7082","araip.K30076.gnm1.Araip.B07_12352097",17,12352097
"SNP7083","araip.K30076.gnm1.Araip.B07_12444126",17,12444126
"SNP7084","araip.K30076.gnm1.Araip.B07_12467024",17,12467024
"SNP7085","araip.K30076.gnm1.Araip.B07_12515033",17,12515033
"SNP7086","araip.K30076.gnm1.Araip.B07_12756359",17,12756359
"SNP7087","araip.K30076.gnm1.Araip.B07_12758016",17,12758016
"SNP7088","araip.K30076.gnm1.Araip.B07_13335689",17,13335689
"SNP7089","araip.K30076.gnm1.Araip.B07_13477838",17,13477838
"SNP7090","araip.K30076.gnm1.Araip.B07_14259115",17,14259115
"SNP7091","araip.K30076.gnm1.Araip.B07_15203694",17,15203694
"SNP7092","araip.K30076.gnm1.Araip.B07_15236110",17,15236110
"SNP7093","araip.K30076.gnm1.Araip.B07_15583497",17,15583497
"SNP7094","araip.K30076.gnm1.Araip.B07_15901062",17,15901062
"SNP7095","araip.K30076.gnm1.Araip.B07_16067272",17,16067272
"SNP7096","araip.K30076.gnm1.Araip.B07_16412296",17,16412296
"SNP7097","araip.K30076.gnm1.Araip.B07_16598019",17,16598019
"SNP7098","araip.K30076.gnm1.Araip.B07_16624408",17,16624408
"SNP7099","araip.K30076.gnm1.Araip.B07_16664041",17,16664041
"SNP7100","araip.K30076.gnm1.Araip.B07_16996707",17,16996707
"SNP7101","araip.K30076.gnm1.Araip.B07_17254296",17,17254296
"SNP7102","araip.K30076.gnm1.Araip.B07_17301464",17,17301464
"SNP7103","araip.K30076.gnm1.Araip.B07_17400993",17,17400993
"SNP7104","araip.K30076.gnm1.Araip.B07_17500250",17,17500250
"SNP7105","araip.K30076.gnm1.Araip.B07_17559905",17,17559905
"SNP7106","araip.K30076.gnm1.Araip.B07_17764584",17,17764584
"SNP7107","araip.K30076.gnm1.Araip.B07_17840387",17,17840387
"SNP7108","araip.K30076.gnm1.Araip.B07_17847486",17,17847486
"SNP7109","araip.K30076.gnm1.Araip.B07_18298523",17,18298523
"SNP7110","araip.K30076.gnm1.Araip.B07_18378493",17,18378493
"SNP7111","araip.K30076.gnm1.Araip.B07_18553475",17,18553475
"SNP7112","araip.K30076.gnm1.Araip.B07_18676836",17,18676836
"SNP7113","araip.K30076.gnm1.Araip.B07_18765914",17,18765914
"SNP7114","araip.K30076.gnm1.Araip.B07_18950781",17,18950781
"SNP7115","araip.K30076.gnm1.Araip.B07_18970044",17,18970044
"SNP7116","araip.K30076.gnm1.Araip.B07_19039304",17,19039304
"SNP7117","araip.K30076.gnm1.Araip.B07_19091635",17,19091635
"SNP7118","araip.K30076.gnm1.Araip.B07_19091648",17,19091648
"SNP7119","araip.K30076.gnm1.Araip.B07_19091674",17,19091674
"SNP7120","araip.K30076.gnm1.Araip.B07_19094002",17,19094002
"SNP7121","araip.K30076.gnm1.Araip.B07_19098413",17,19098413
"SNP7122","araip.K30076.gnm1.Araip.B07_19208718",17,19208718
"SNP7123","araip.K30076.gnm1.Araip.B07_19209900",17,19209900
"SNP7124","araip.K30076.gnm1.Araip.B07_19211822",17,19211822
"SNP7125","araip.K30076.gnm1.Araip.B07_19212171",17,19212171
"SNP7126","araip.K30076.gnm1.Araip.B07_19212288",17,19212288
"SNP7127","araip.K30076.gnm1.Araip.B07_19212347",17,19212347
"SNP7128","araip.K30076.gnm1.Araip.B07_19212594",17,19212594
"SNP7129","araip.K30076.gnm1.Araip.B07_19215669",17,19215669
"SNP7130","araip.K30076.gnm1.Araip.B07_19224358",17,19224358
"SNP7131","araip.K30076.gnm1.Araip.B07_19224391",17,19224391
"SNP7132","araip.K30076.gnm1.Araip.B07_19224857",17,19224857
"SNP7133","araip.K30076.gnm1.Araip.B07_19229722",17,19229722
"SNP7134","araip.K30076.gnm1.Araip.B07_19231849",17,19231849
"SNP7135","araip.K30076.gnm1.Araip.B07_19236425",17,19236425
"SNP7136","araip.K30076.gnm1.Araip.B07_19257397",17,19257397
"SNP7137","araip.K30076.gnm1.Araip.B07_19257406",17,19257406
"SNP7138","araip.K30076.gnm1.Araip.B07_19257605",17,19257605
"SNP7139","araip.K30076.gnm1.Araip.B07_19257663",17,19257663
"SNP7140","araip.K30076.gnm1.Araip.B07_19259186",17,19259186
"SNP7141","araip.K30076.gnm1.Araip.B07_19276576",17,19276576
"SNP7142","araip.K30076.gnm1.Araip.B07_19396554",17,19396554
"SNP7143","araip.K30076.gnm1.Araip.B07_19401411",17,19401411
"SNP7144","araip.K30076.gnm1.Araip.B07_19481684",17,19481684
"SNP7145","araip.K30076.gnm1.Araip.B07_19547075",17,19547075
"SNP7146","araip.K30076.gnm1.Araip.B07_19634078",17,19634078
"SNP7147","araip.K30076.gnm1.Araip.B07_19634082",17,19634082
"SNP7148","araip.K30076.gnm1.Araip.B07_19637966",17,19637966
"SNP7149","araip.K30076.gnm1.Araip.B07_19638025",17,19638025
"SNP7150","araip.K30076.gnm1.Araip.B07_19638180",17,19638180
"SNP7151","araip.K30076.gnm1.Araip.B07_19638218",17,19638218
"SNP7152","araip.K30076.gnm1.Araip.B07_19638262",17,19638262
"SNP7153","araip.K30076.gnm1.Araip.B07_19638311",17,19638311
"SNP7154","araip.K30076.gnm1.Araip.B07_19638419",17,19638419
"SNP7155","araip.K30076.gnm1.Araip.B07_19638538",17,19638538
"SNP7156","araip.K30076.gnm1.Araip.B07_19638601",17,19638601
"SNP7157","araip.K30076.gnm1.Araip.B07_19638649",17,19638649
"SNP7158","araip.K30076.gnm1.Araip.B07_19638659",17,19638659
"SNP7159","araip.K30076.gnm1.Araip.B07_19638797",17,19638797
"SNP7160","araip.K30076.gnm1.Araip.B07_19638912",17,19638912
"SNP7161","araip.K30076.gnm1.Araip.B07_19638939",17,19638939
"SNP7162","araip.K30076.gnm1.Araip.B07_19639017",17,19639017
"SNP7163","araip.K30076.gnm1.Araip.B07_19639068",17,19639068
"SNP7164","araip.K30076.gnm1.Araip.B07_19639299",17,19639299
"SNP7165","araip.K30076.gnm1.Araip.B07_19639330",17,19639330
"SNP7166","araip.K30076.gnm1.Araip.B07_19639405",17,19639405
"SNP7167","araip.K30076.gnm1.Araip.B07_19639440",17,19639440
"SNP7168","araip.K30076.gnm1.Araip.B07_19639524",17,19639524
"SNP7169","araip.K30076.gnm1.Araip.B07_19639624",17,19639624
"SNP7170","araip.K30076.gnm1.Araip.B07_19639966",17,19639966
"SNP7171","araip.K30076.gnm1.Araip.B07_19640099",17,19640099
"SNP7172","araip.K30076.gnm1.Araip.B07_19640134",17,19640134
"SNP7173","araip.K30076.gnm1.Araip.B07_19640160",17,19640160
"SNP7174","araip.K30076.gnm1.Araip.B07_19640180",17,19640180
"SNP7175","araip.K30076.gnm1.Araip.B07_19640240",17,19640240
"SNP7176","araip.K30076.gnm1.Araip.B07_19640247",17,19640247
"SNP7177","araip.K30076.gnm1.Araip.B07_19640308",17,19640308
"SNP7178","araip.K30076.gnm1.Araip.B07_19640454",17,19640454
"SNP7179","araip.K30076.gnm1.Araip.B07_19640484",17,19640484
"SNP7180","araip.K30076.gnm1.Araip.B07_19640814",17,19640814
"SNP7181","araip.K30076.gnm1.Araip.B07_19640852",17,19640852
"SNP7182","araip.K30076.gnm1.Araip.B07_19640863",17,19640863
"SNP7183","araip.K30076.gnm1.Araip.B07_19640922",17,19640922
"SNP7184","araip.K30076.gnm1.Araip.B07_19640950",17,19640950
"SNP7185","araip.K30076.gnm1.Araip.B07_19640973",17,19640973
"SNP7186","araip.K30076.gnm1.Araip.B07_19641176",17,19641176
"SNP7187","araip.K30076.gnm1.Araip.B07_19641213",17,19641213
"SNP7188","araip.K30076.gnm1.Araip.B07_19641223",17,19641223
"SNP7189","araip.K30076.gnm1.Araip.B07_19641649",17,19641649
"SNP7190","araip.K30076.gnm1.Araip.B07_19642017",17,19642017
"SNP7191","araip.K30076.gnm1.Araip.B07_19642093",17,19642093
"SNP7192","araip.K30076.gnm1.Araip.B07_19642220",17,19642220
"SNP7193","araip.K30076.gnm1.Araip.B07_19642232",17,19642232
"SNP7194","araip.K30076.gnm1.Araip.B07_19642255",17,19642255
"SNP7195","araip.K30076.gnm1.Araip.B07_19642289",17,19642289
"SNP7196","araip.K30076.gnm1.Araip.B07_19642355",17,19642355
"SNP7197","araip.K30076.gnm1.Araip.B07_19642385",17,19642385
"SNP7198","araip.K30076.gnm1.Araip.B07_19642386",17,19642386
"SNP7199","araip.K30076.gnm1.Araip.B07_19642392",17,19642392
"SNP7200","araip.K30076.gnm1.Araip.B07_19642394",17,19642394
"SNP7201","araip.K30076.gnm1.Araip.B07_19642457",17,19642457
"SNP7202","araip.K30076.gnm1.Araip.B07_19642480",17,19642480
"SNP7203","araip.K30076.gnm1.Araip.B07_19642779",17,19642779
"SNP7204","araip.K30076.gnm1.Araip.B07_19642844",17,19642844
"SNP7205","araip.K30076.gnm1.Araip.B07_19642919",17,19642919
"SNP7206","araip.K30076.gnm1.Araip.B07_19643081",17,19643081
"SNP7207","araip.K30076.gnm1.Araip.B07_19643186",17,19643186
"SNP7208","araip.K30076.gnm1.Araip.B07_19643212",17,19643212
"SNP7209","araip.K30076.gnm1.Araip.B07_19643319",17,19643319
"SNP7210","araip.K30076.gnm1.Araip.B07_19643347",17,19643347
"SNP7211","araip.K30076.gnm1.Araip.B07_19643562",17,19643562
"SNP7212","araip.K30076.gnm1.Araip.B07_19643617",17,19643617
"SNP7213","araip.K30076.gnm1.Araip.B07_19643644",17,19643644
"SNP7214","araip.K30076.gnm1.Araip.B07_19643690",17,19643690
"SNP7215","araip.K30076.gnm1.Araip.B07_19643922",17,19643922
"SNP7216","araip.K30076.gnm1.Araip.B07_19644214",17,19644214
"SNP7217","araip.K30076.gnm1.Araip.B07_19644225",17,19644225
"SNP7218","araip.K30076.gnm1.Araip.B07_19891472",17,19891472
"SNP7219","araip.K30076.gnm1.Araip.B07_20038317",17,20038317
"SNP7220","araip.K30076.gnm1.Araip.B07_20089862",17,20089862
"SNP7221","araip.K30076.gnm1.Araip.B07_20094897",17,20094897
"SNP7222","araip.K30076.gnm1.Araip.B07_20276565",17,20276565
"SNP7223","araip.K30076.gnm1.Araip.B07_20394540",17,20394540
"SNP7224","araip.K30076.gnm1.Araip.B07_20395780",17,20395780
"SNP7225","araip.K30076.gnm1.Araip.B07_20855763",17,20855763
"SNP7226","araip.K30076.gnm1.Araip.B07_21112221",17,21112221
"SNP7227","araip.K30076.gnm1.Araip.B07_21858050",17,21858050
"SNP7228","araip.K30076.gnm1.Araip.B07_21873200",17,21873200
"SNP7229","araip.K30076.gnm1.Araip.B07_21957088",17,21957088
"SNP7230","araip.K30076.gnm1.Araip.B07_22140106",17,22140106
"SNP7231","araip.K30076.gnm1.Araip.B07_22371668",17,22371668
"SNP7232","araip.K30076.gnm1.Araip.B07_22566103",17,22566103
"SNP7233","araip.K30076.gnm1.Araip.B07_22647709",17,22647709
"SNP7234","araip.K30076.gnm1.Araip.B07_23025309",17,23025309
"SNP7235","araip.K30076.gnm1.Araip.B07_23027787",17,23027787
"SNP7236","araip.K30076.gnm1.Araip.B07_23108944",17,23108944
"SNP7237","araip.K30076.gnm1.Araip.B07_23313599",17,23313599
"SNP7238","araip.K30076.gnm1.Araip.B07_23460160",17,23460160
"SNP7239","araip.K30076.gnm1.Araip.B07_23776135",17,23776135
"SNP7240","araip.K30076.gnm1.Araip.B07_23851969",17,23851969
"SNP7241","araip.K30076.gnm1.Araip.B07_24106467",17,24106467
"SNP7242","araip.K30076.gnm1.Araip.B07_24108955",17,24108955
"SNP7243","araip.K30076.gnm1.Araip.B07_24221533",17,24221533
"SNP7244","araip.K30076.gnm1.Araip.B07_24381393",17,24381393
"SNP7245","araip.K30076.gnm1.Araip.B07_24747797",17,24747797
"SNP7246","araip.K30076.gnm1.Araip.B07_24941457",17,24941457
"SNP7247","araip.K30076.gnm1.Araip.B07_25079463",17,25079463
"SNP7248","araip.K30076.gnm1.Araip.B07_25147525",17,25147525
"SNP7249","araip.K30076.gnm1.Araip.B07_25306429",17,25306429
"SNP7250","araip.K30076.gnm1.Araip.B07_25438141",17,25438141
"SNP7251","araip.K30076.gnm1.Araip.B07_25529679",17,25529679
"SNP7252","araip.K30076.gnm1.Araip.B07_25617087",17,25617087
"SNP7253","araip.K30076.gnm1.Araip.B07_25641617",17,25641617
"SNP7254","araip.K30076.gnm1.Araip.B07_25667609",17,25667609
"SNP7255","araip.K30076.gnm1.Araip.B07_25682989",17,25682989
"SNP7256","araip.K30076.gnm1.Araip.B07_25691476",17,25691476
"SNP7257","araip.K30076.gnm1.Araip.B07_26047136",17,26047136
"SNP7258","araip.K30076.gnm1.Araip.B07_26049692",17,26049692
"SNP7259","araip.K30076.gnm1.Araip.B07_26060760",17,26060760
"SNP7260","araip.K30076.gnm1.Araip.B07_26061093",17,26061093
"SNP7261","araip.K30076.gnm1.Araip.B07_26324272",17,26324272
"SNP7262","araip.K30076.gnm1.Araip.B07_26952222",17,26952222
"SNP7263","araip.K30076.gnm1.Araip.B07_27167896",17,27167896
"SNP7264","araip.K30076.gnm1.Araip.B07_27256360",17,27256360
"SNP7265","araip.K30076.gnm1.Araip.B07_27346067",17,27346067
"SNP7266","araip.K30076.gnm1.Araip.B07_27362943",17,27362943
"SNP7267","araip.K30076.gnm1.Araip.B07_27363375",17,27363375
"SNP7268","araip.K30076.gnm1.Araip.B07_27363485",17,27363485
"SNP7269","araip.K30076.gnm1.Araip.B07_27363529",17,27363529
"SNP7270","araip.K30076.gnm1.Araip.B07_27363729",17,27363729
"SNP7271","araip.K30076.gnm1.Araip.B07_27364019",17,27364019
"SNP7272","araip.K30076.gnm1.Araip.B07_27364250",17,27364250
"SNP7273","araip.K30076.gnm1.Araip.B07_27420405",17,27420405
"SNP7274","araip.K30076.gnm1.Araip.B07_27644129",17,27644129
"SNP7275","araip.K30076.gnm1.Araip.B07_27811174",17,27811174
"SNP7276","araip.K30076.gnm1.Araip.B07_27834095",17,27834095
"SNP7277","araip.K30076.gnm1.Araip.B07_27854188",17,27854188
"SNP7278","araip.K30076.gnm1.Araip.B07_27860165",17,27860165
"SNP7279","araip.K30076.gnm1.Araip.B07_27913643",17,27913643
"SNP7280","araip.K30076.gnm1.Araip.B07_27914176",17,27914176
"SNP7281","araip.K30076.gnm1.Araip.B07_28179489",17,28179489
"SNP7282","araip.K30076.gnm1.Araip.B07_28207052",17,28207052
"SNP7283","araip.K30076.gnm1.Araip.B07_28345714",17,28345714
"SNP7284","araip.K30076.gnm1.Araip.B07_28430754",17,28430754
"SNP7285","araip.K30076.gnm1.Araip.B07_28589364",17,28589364
"SNP7286","araip.K30076.gnm1.Araip.B07_28619043",17,28619043
"SNP7287","araip.K30076.gnm1.Araip.B07_28860714",17,28860714
"SNP7288","araip.K30076.gnm1.Araip.B07_28954238",17,28954238
"SNP7289","araip.K30076.gnm1.Araip.B07_29022881",17,29022881
"SNP7290","araip.K30076.gnm1.Araip.B07_29093858",17,29093858
"SNP7291","araip.K30076.gnm1.Araip.B07_29156222",17,29156222
"SNP7292","araip.K30076.gnm1.Araip.B07_29156462",17,29156462
"SNP7293","araip.K30076.gnm1.Araip.B07_29250347",17,29250347
"SNP7294","araip.K30076.gnm1.Araip.B07_29296995",17,29296995
"SNP7295","araip.K30076.gnm1.Araip.B07_29354186",17,29354186
"SNP7296","araip.K30076.gnm1.Araip.B07_29852594",17,29852594
"SNP7297","araip.K30076.gnm1.Araip.B07_29897029",17,29897029
"SNP7298","araip.K30076.gnm1.Araip.B07_30057868",17,30057868
"SNP7299","araip.K30076.gnm1.Araip.B07_30058467",17,30058467
"SNP7300","araip.K30076.gnm1.Araip.B07_30058841",17,30058841
"SNP7301","araip.K30076.gnm1.Araip.B07_30232021",17,30232021
"SNP7302","araip.K30076.gnm1.Araip.B07_30233493",17,30233493
"SNP7303","araip.K30076.gnm1.Araip.B07_31085200",17,31085200
"SNP7304","araip.K30076.gnm1.Araip.B07_31569603",17,31569603
"SNP7305","araip.K30076.gnm1.Araip.B07_31583581",17,31583581
"SNP7306","araip.K30076.gnm1.Araip.B07_32206195",17,32206195
"SNP7307","araip.K30076.gnm1.Araip.B07_32240990",17,32240990
"SNP7308","araip.K30076.gnm1.Araip.B07_32349738",17,32349738
"SNP7309","araip.K30076.gnm1.Araip.B07_32377934",17,32377934
"SNP7310","araip.K30076.gnm1.Araip.B07_32622334",17,32622334
"SNP7311","araip.K30076.gnm1.Araip.B07_32623252",17,32623252
"SNP7312","araip.K30076.gnm1.Araip.B07_32658923",17,32658923
"SNP7313","araip.K30076.gnm1.Araip.B07_32727807",17,32727807
"SNP7314","araip.K30076.gnm1.Araip.B07_32738327",17,32738327
"SNP7315","araip.K30076.gnm1.Araip.B07_32832488",17,32832488
"SNP7316","araip.K30076.gnm1.Araip.B07_32858000",17,32858000
"SNP7317","araip.K30076.gnm1.Araip.B07_32869118",17,32869118
"SNP7318","araip.K30076.gnm1.Araip.B07_32871663",17,32871663
"SNP7319","araip.K30076.gnm1.Araip.B07_33023841",17,33023841
"SNP7320","araip.K30076.gnm1.Araip.B07_33605454",17,33605454
"SNP7321","araip.K30076.gnm1.Araip.B07_33663379",17,33663379
"SNP7322","araip.K30076.gnm1.Araip.B07_33794891",17,33794891
"SNP7323","araip.K30076.gnm1.Araip.B07_34212978",17,34212978
"SNP7324","araip.K30076.gnm1.Araip.B07_34703041",17,34703041
"SNP7325","araip.K30076.gnm1.Araip.B07_34829566",17,34829566
"SNP7326","araip.K30076.gnm1.Araip.B07_34985482",17,34985482
"SNP7327","araip.K30076.gnm1.Araip.B07_35119375",17,35119375
"SNP7328","araip.K30076.gnm1.Araip.B07_35626087",17,35626087
"SNP7329","araip.K30076.gnm1.Araip.B07_35695308",17,35695308
"SNP7330","araip.K30076.gnm1.Araip.B07_35855530",17,35855530
"SNP7331","araip.K30076.gnm1.Araip.B07_35919466",17,35919466
"SNP7332","araip.K30076.gnm1.Araip.B07_36060663",17,36060663
"SNP7333","araip.K30076.gnm1.Araip.B07_36416478",17,36416478
"SNP7334","araip.K30076.gnm1.Araip.B07_36945073",17,36945073
"SNP7335","araip.K30076.gnm1.Araip.B07_37130738",17,37130738
"SNP7336","araip.K30076.gnm1.Araip.B07_37233454",17,37233454
"SNP7337","araip.K30076.gnm1.Araip.B07_37280766",17,37280766
"SNP7338","araip.K30076.gnm1.Araip.B07_37296448",17,37296448
"SNP7339","araip.K30076.gnm1.Araip.B07_37400324",17,37400324
"SNP7340","araip.K30076.gnm1.Araip.B07_38145602",17,38145602
"SNP7341","araip.K30076.gnm1.Araip.B07_38188552",17,38188552
"SNP7342","araip.K30076.gnm1.Araip.B07_38309249",17,38309249
"SNP7343","araip.K30076.gnm1.Araip.B07_38339434",17,38339434
"SNP7344","araip.K30076.gnm1.Araip.B07_38405461",17,38405461
"SNP7345","araip.K30076.gnm1.Araip.B07_38582766",17,38582766
"SNP7346","araip.K30076.gnm1.Araip.B07_38593101",17,38593101
"SNP7347","araip.K30076.gnm1.Araip.B07_38604277",17,38604277
"SNP7348","araip.K30076.gnm1.Araip.B07_38605543",17,38605543
"SNP7349","araip.K30076.gnm1.Araip.B07_38953320",17,38953320
"SNP7350","araip.K30076.gnm1.Araip.B07_39015483",17,39015483
"SNP7351","araip.K30076.gnm1.Araip.B07_39122361",17,39122361
"SNP7352","araip.K30076.gnm1.Araip.B07_39472208",17,39472208
"SNP7353","araip.K30076.gnm1.Araip.B07_39497237",17,39497237
"SNP7354","araip.K30076.gnm1.Araip.B07_39499869",17,39499869
"SNP7355","araip.K30076.gnm1.Araip.B07_39516133",17,39516133
"SNP7356","araip.K30076.gnm1.Araip.B07_40002048",17,40002048
"SNP7357","araip.K30076.gnm1.Araip.B07_40546493",17,40546493
"SNP7358","araip.K30076.gnm1.Araip.B07_41011471",17,41011471
"SNP7359","araip.K30076.gnm1.Araip.B07_41065843",17,41065843
"SNP7360","araip.K30076.gnm1.Araip.B07_41197801",17,41197801
"SNP7361","araip.K30076.gnm1.Araip.B07_41432634",17,41432634
"SNP7362","araip.K30076.gnm1.Araip.B07_41490749",17,41490749
"SNP7363","araip.K30076.gnm1.Araip.B07_41608049",17,41608049
"SNP7364","araip.K30076.gnm1.Araip.B07_41831549",17,41831549
"SNP7365","araip.K30076.gnm1.Araip.B07_42353592",17,42353592
"SNP7366","araip.K30076.gnm1.Araip.B07_43475001",17,43475001
"SNP7367","araip.K30076.gnm1.Araip.B07_44774258",17,44774258
"SNP7368","araip.K30076.gnm1.Araip.B07_44892300",17,44892300
"SNP7369","araip.K30076.gnm1.Araip.B07_45002201",17,45002201
"SNP7370","araip.K30076.gnm1.Araip.B07_45434059",17,45434059
"SNP7371","araip.K30076.gnm1.Araip.B07_45767881",17,45767881
"SNP7372","araip.K30076.gnm1.Araip.B07_45768042",17,45768042
"SNP7373","araip.K30076.gnm1.Araip.B07_46555822",17,46555822
"SNP7374","araip.K30076.gnm1.Araip.B07_47060374",17,47060374
"SNP7375","araip.K30076.gnm1.Araip.B07_47230439",17,47230439
"SNP7376","araip.K30076.gnm1.Araip.B07_47639975",17,47639975
"SNP7377","araip.K30076.gnm1.Araip.B07_48539996",17,48539996
"SNP7378","araip.K30076.gnm1.Araip.B07_51307513",17,51307513
"SNP7379","araip.K30076.gnm1.Araip.B07_51500083",17,51500083
"SNP7380","araip.K30076.gnm1.Araip.B07_51511943",17,51511943
"SNP7381","araip.K30076.gnm1.Araip.B07_52543891",17,52543891
"SNP7382","araip.K30076.gnm1.Araip.B07_52576684",17,52576684
"SNP7383","araip.K30076.gnm1.Araip.B07_53193903",17,53193903
"SNP7384","araip.K30076.gnm1.Araip.B07_54124260",17,54124260
"SNP7385","araip.K30076.gnm1.Araip.B07_54269599",17,54269599
"SNP7386","araip.K30076.gnm1.Araip.B07_54396627",17,54396627
"SNP7387","araip.K30076.gnm1.Araip.B07_54405217",17,54405217
"SNP7388","araip.K30076.gnm1.Araip.B07_54450437",17,54450437
"SNP7389","araip.K30076.gnm1.Araip.B07_56059960",17,56059960
"SNP7390","araip.K30076.gnm1.Araip.B07_56712460",17,56712460
"SNP7391","araip.K30076.gnm1.Araip.B07_56743656",17,56743656
"SNP7392","araip.K30076.gnm1.Araip.B07_56930056",17,56930056
"SNP7393","araip.K30076.gnm1.Araip.B07_57047298",17,57047298
"SNP7394","araip.K30076.gnm1.Araip.B07_57417741",17,57417741
"SNP7395","araip.K30076.gnm1.Araip.B07_57694010",17,57694010
"SNP7396","araip.K30076.gnm1.Araip.B07_58572002",17,58572002
"SNP7397","araip.K30076.gnm1.Araip.B07_58640583",17,58640583
"SNP7398","araip.K30076.gnm1.Araip.B07_58642890",17,58642890
"SNP7399","araip.K30076.gnm1.Araip.B07_58696465",17,58696465
"SNP7400","araip.K30076.gnm1.Araip.B07_59193312",17,59193312
"SNP7401","araip.K30076.gnm1.Araip.B07_61756035",17,61756035
"SNP7402","araip.K30076.gnm1.Araip.B07_62271988",17,62271988
"SNP7403","araip.K30076.gnm1.Araip.B07_62438210",17,62438210
"SNP7404","araip.K30076.gnm1.Araip.B07_64093328",17,64093328
"SNP7405","araip.K30076.gnm1.Araip.B07_65508685",17,65508685
"SNP7406","araip.K30076.gnm1.Araip.B07_65784573",17,65784573
"SNP7407","araip.K30076.gnm1.Araip.B07_65889641",17,65889641
"SNP7408","araip.K30076.gnm1.Araip.B07_66202780",17,66202780
"SNP7409","araip.K30076.gnm1.Araip.B07_66297670",17,66297670
"SNP7410","araip.K30076.gnm1.Araip.B07_66373388",17,66373388
"SNP7411","araip.K30076.gnm1.Araip.B07_66500946",17,66500946
"SNP7412","araip.K30076.gnm1.Araip.B07_66946782",17,66946782
"SNP7413","araip.K30076.gnm1.Araip.B07_68777401",17,68777401
"SNP7414","araip.K30076.gnm1.Araip.B07_69647597",17,69647597
"SNP7415","araip.K30076.gnm1.Araip.B07_69934368",17,69934368
"SNP7416","araip.K30076.gnm1.Araip.B07_73567687",17,73567687
"SNP7417","araip.K30076.gnm1.Araip.B07_75482793",17,75482793
"SNP7418","araip.K30076.gnm1.Araip.B07_76529482",17,76529482
"SNP7419","araip.K30076.gnm1.Araip.B07_77701255",17,77701255
"SNP7420","araip.K30076.gnm1.Araip.B07_81550336",17,81550336
"SNP7421","araip.K30076.gnm1.Araip.B07_81797469",17,81797469
"SNP7422","araip.K30076.gnm1.Araip.B07_84690659",17,84690659
"SNP7423","araip.K30076.gnm1.Araip.B07_85726063",17,85726063
"SNP7424","araip.K30076.gnm1.Araip.B07_86522510",17,86522510
"SNP7425","araip.K30076.gnm1.Araip.B07_87081199",17,87081199
"SNP7426","araip.K30076.gnm1.Araip.B07_88051816",17,88051816
"SNP7427","araip.K30076.gnm1.Araip.B07_88052673",17,88052673
"SNP7428","araip.K30076.gnm1.Araip.B07_88540066",17,88540066
"SNP7429","araip.K30076.gnm1.Araip.B07_95813584",17,95813584
"SNP7430","araip.K30076.gnm1.Araip.B07_95976592",17,95976592
"SNP7431","araip.K30076.gnm1.Araip.B07_95988449",17,95988449
"SNP7432","araip.K30076.gnm1.Araip.B07_96319499",17,96319499
"SNP7433","araip.K30076.gnm1.Araip.B07_96361507",17,96361507
"SNP7434","araip.K30076.gnm1.Araip.B07_96819822",17,96819822
"SNP7435","araip.K30076.gnm1.Araip.B07_96826521",17,96826521
"SNP7436","araip.K30076.gnm1.Araip.B07_97455577",17,97455577
"SNP7437","araip.K30076.gnm1.Araip.B07_97650018",17,97650018
"SNP7438","araip.K30076.gnm1.Araip.B07_97834153",17,97834153
"SNP7439","araip.K30076.gnm1.Araip.B07_98295744",17,98295744
"SNP7440","araip.K30076.gnm1.Araip.B07_98315632",17,98315632
"SNP7441","araip.K30076.gnm1.Araip.B07_98445676",17,98445676
"SNP7442","araip.K30076.gnm1.Araip.B07_98547513",17,98547513
"SNP7443","araip.K30076.gnm1.Araip.B07_98549003",17,98549003
"SNP7444","araip.K30076.gnm1.Araip.B07_98689414",17,98689414
"SNP7445","araip.K30076.gnm1.Araip.B07_98978807",17,98978807
"SNP7446","araip.K30076.gnm1.Araip.B07_99011527",17,99011527
"SNP7447","araip.K30076.gnm1.Araip.B07_99232348",17,99232348
"SNP7448","araip.K30076.gnm1.Araip.B07_99843248",17,99843248
"SNP7449","araip.K30076.gnm1.Araip.B07_99970788",17,99970788
"SNP7450","araip.K30076.gnm1.Araip.B07_100039592",17,100039592
"SNP7451","araip.K30076.gnm1.Araip.B07_100132758",17,100132758
"SNP7452","araip.K30076.gnm1.Araip.B07_100297890",17,100297890
"SNP7453","araip.K30076.gnm1.Araip.B07_100302437",17,100302437
"SNP7454","araip.K30076.gnm1.Araip.B07_100306212",17,100306212
"SNP7455","araip.K30076.gnm1.Araip.B07_100308848",17,100308848
"SNP7456","araip.K30076.gnm1.Araip.B07_100465878",17,100465878
"SNP7457","araip.K30076.gnm1.Araip.B07_101225100",17,101225100
"SNP7458","araip.K30076.gnm1.Araip.B07_102081335",17,102081335
"SNP7459","araip.K30076.gnm1.Araip.B07_102217355",17,102217355
"SNP7460","araip.K30076.gnm1.Araip.B07_102219496",17,102219496
"SNP7461","araip.K30076.gnm1.Araip.B07_102234293",17,102234293
"SNP7462","araip.K30076.gnm1.Araip.B07_102262069",17,102262069
"SNP7463","araip.K30076.gnm1.Araip.B07_102291963",17,102291963
"SNP7464","araip.K30076.gnm1.Araip.B07_102292965",17,102292965
"SNP7465","araip.K30076.gnm1.Araip.B07_102381907",17,102381907
"SNP7466","araip.K30076.gnm1.Araip.B07_102384484",17,102384484
"SNP7467","araip.K30076.gnm1.Araip.B07_102494218",17,102494218
"SNP7468","araip.K30076.gnm1.Araip.B07_102498863",17,102498863
"SNP7469","araip.K30076.gnm1.Araip.B07_102504986",17,102504986
"SNP7470","araip.K30076.gnm1.Araip.B07_103092980",17,103092980
"SNP7471","araip.K30076.gnm1.Araip.B07_103197248",17,103197248
"SNP7472","araip.K30076.gnm1.Araip.B07_103236768",17,103236768
"SNP7473","araip.K30076.gnm1.Araip.B07_103237126",17,103237126
"SNP7474","araip.K30076.gnm1.Araip.B07_103404143",17,103404143
"SNP7475","araip.K30076.gnm1.Araip.B07_103509102",17,103509102
"SNP7476","araip.K30076.gnm1.Araip.B07_103579902",17,103579902
"SNP7477","araip.K30076.gnm1.Araip.B07_103580152",17,103580152
"SNP7478","araip.K30076.gnm1.Araip.B07_103621463",17,103621463
"SNP7479","araip.K30076.gnm1.Araip.B07_104195938",17,104195938
"SNP7480","araip.K30076.gnm1.Araip.B07_104217008",17,104217008
"SNP7481","araip.K30076.gnm1.Araip.B07_104222253",17,104222253
"SNP7482","araip.K30076.gnm1.Araip.B07_104310394",17,104310394
"SNP7483","araip.K30076.gnm1.Araip.B07_104468847",17,104468847
"SNP7484","araip.K30076.gnm1.Araip.B07_104679290",17,104679290
"SNP7485","araip.K30076.gnm1.Araip.B07_104876302",17,104876302
"SNP7486","araip.K30076.gnm1.Araip.B07_104883713",17,104883713
"SNP7487","araip.K30076.gnm1.Araip.B07_104896772",17,104896772
"SNP7488","araip.K30076.gnm1.Araip.B07_104968576",17,104968576
"SNP7489","araip.K30076.gnm1.Araip.B07_105204132",17,105204132
"SNP7490","araip.K30076.gnm1.Araip.B07_105366746",17,105366746
"SNP7491","araip.K30076.gnm1.Araip.B07_105382633",17,105382633
"SNP7492","araip.K30076.gnm1.Araip.B07_105572213",17,105572213
"SNP7493","araip.K30076.gnm1.Araip.B07_105633980",17,105633980
"SNP7494","araip.K30076.gnm1.Araip.B07_105738742",17,105738742
"SNP7495","araip.K30076.gnm1.Araip.B07_105738821",17,105738821
"SNP7496","araip.K30076.gnm1.Araip.B07_105855720",17,105855720
"SNP7497","araip.K30076.gnm1.Araip.B07_105901492",17,105901492
"SNP7498","araip.K30076.gnm1.Araip.B07_105903204",17,105903204
"SNP7499","araip.K30076.gnm1.Araip.B07_105991515",17,105991515
"SNP7500","araip.K30076.gnm1.Araip.B07_106022834",17,106022834
"SNP7501","araip.K30076.gnm1.Araip.B07_106060560",17,106060560
"SNP7502","araip.K30076.gnm1.Araip.B07_106298374",17,106298374
"SNP7503","araip.K30076.gnm1.Araip.B07_106326694",17,106326694
"SNP7504","araip.K30076.gnm1.Araip.B07_106327281",17,106327281
"SNP7505","araip.K30076.gnm1.Araip.B07_106786738",17,106786738
"SNP7506","araip.K30076.gnm1.Araip.B07_106845227",17,106845227
"SNP7507","araip.K30076.gnm1.Araip.B07_106907460",17,106907460
"SNP7508","araip.K30076.gnm1.Araip.B07_107049097",17,107049097
"SNP7509","araip.K30076.gnm1.Araip.B07_107148660",17,107148660
"SNP7510","araip.K30076.gnm1.Araip.B07_107161213",17,107161213
"SNP7511","araip.K30076.gnm1.Araip.B07_108171253",17,108171253
"SNP7512","araip.K30076.gnm1.Araip.B07_109190151",17,109190151
"SNP7513","araip.K30076.gnm1.Araip.B07_109191770",17,109191770
"SNP7514","araip.K30076.gnm1.Araip.B07_110364852",17,110364852
"SNP7515","araip.K30076.gnm1.Araip.B07_110494666",17,110494666
"SNP7516","araip.K30076.gnm1.Araip.B07_110756838",17,110756838
"SNP7517","araip.K30076.gnm1.Araip.B07_110867577",17,110867577
"SNP7518","araip.K30076.gnm1.Araip.B07_110926794",17,110926794
"SNP7519","araip.K30076.gnm1.Araip.B07_111225020",17,111225020
"SNP7520","araip.K30076.gnm1.Araip.B07_111251556",17,111251556
"SNP7521","araip.K30076.gnm1.Araip.B07_111258179",17,111258179
"SNP7522","araip.K30076.gnm1.Araip.B07_111710764",17,111710764
"SNP7523","araip.K30076.gnm1.Araip.B07_111710889",17,111710889
"SNP7524","araip.K30076.gnm1.Araip.B07_111731434",17,111731434
"SNP7525","araip.K30076.gnm1.Araip.B07_112502062",17,112502062
"SNP7526","araip.K30076.gnm1.Araip.B07_112567349",17,112567349
"SNP7527","araip.K30076.gnm1.Araip.B07_112575644",17,112575644
"SNP7528","araip.K30076.gnm1.Araip.B07_112660752",17,112660752
"SNP7529","araip.K30076.gnm1.Araip.B07_112765963",17,112765963
"SNP7530","araip.K30076.gnm1.Araip.B07_112896367",17,112896367
"SNP7531","araip.K30076.gnm1.Araip.B07_112950513",17,112950513
"SNP7532","araip.K30076.gnm1.Araip.B07_113116547",17,113116547
"SNP7533","araip.K30076.gnm1.Araip.B07_113117294",17,113117294
"SNP7534","araip.K30076.gnm1.Araip.B07_113247849",17,113247849
"SNP7535","araip.K30076.gnm1.Araip.B07_113503404",17,113503404
"SNP7536","araip.K30076.gnm1.Araip.B07_114522239",17,114522239
"SNP7537","araip.K30076.gnm1.Araip.B07_114560927",17,114560927
"SNP7538","araip.K30076.gnm1.Araip.B07_114565545",17,114565545
"SNP7539","araip.K30076.gnm1.Araip.B07_114941438",17,114941438
"SNP7540","araip.K30076.gnm1.Araip.B07_115100431",17,115100431
"SNP7541","araip.K30076.gnm1.Araip.B07_115243698",17,115243698
"SNP7542","araip.K30076.gnm1.Araip.B07_115311280",17,115311280
"SNP7543","araip.K30076.gnm1.Araip.B07_115417975",17,115417975
"SNP7544","araip.K30076.gnm1.Araip.B07_115438499",17,115438499
"SNP7545","araip.K30076.gnm1.Araip.B07_115531430",17,115531430
"SNP7546","araip.K30076.gnm1.Araip.B07_115632889",17,115632889
"SNP7547","araip.K30076.gnm1.Araip.B07_116174610",17,116174610
"SNP7548","araip.K30076.gnm1.Araip.B07_117009647",17,117009647
"SNP7549","araip.K30076.gnm1.Araip.B07_117402182",17,117402182
"SNP7550","araip.K30076.gnm1.Araip.B07_117640785",17,117640785
"SNP7551","araip.K30076.gnm1.Araip.B07_117876731",17,117876731
"SNP7552","araip.K30076.gnm1.Araip.B07_117878241",17,117878241
"SNP7553","araip.K30076.gnm1.Araip.B07_118019169",17,118019169
"SNP7554","araip.K30076.gnm1.Araip.B07_118159940",17,118159940
"SNP7555","araip.K30076.gnm1.Araip.B07_118284305",17,118284305
"SNP7556","araip.K30076.gnm1.Araip.B07_118326098",17,118326098
"SNP7557","araip.K30076.gnm1.Araip.B07_118423040",17,118423040
"SNP7558","araip.K30076.gnm1.Araip.B07_118432802",17,118432802
"SNP7559","araip.K30076.gnm1.Araip.B07_118460758",17,118460758
"SNP7560","araip.K30076.gnm1.Araip.B07_118484447",17,118484447
"SNP7561","araip.K30076.gnm1.Araip.B07_118843481",17,118843481
"SNP7562","araip.K30076.gnm1.Araip.B07_118953904",17,118953904
"SNP7563","araip.K30076.gnm1.Araip.B07_118963599",17,118963599
"SNP7564","araip.K30076.gnm1.Araip.B07_118969223",17,118969223
"SNP7565","araip.K30076.gnm1.Araip.B07_119607365",17,119607365
"SNP7566","araip.K30076.gnm1.Araip.B07_119743859",17,119743859
"SNP7567","araip.K30076.gnm1.Araip.B07_119773872",17,119773872
"SNP7568","araip.K30076.gnm1.Araip.B07_119999690",17,119999690
"SNP7569","araip.K30076.gnm1.Araip.B07_120021380",17,120021380
"SNP7570","araip.K30076.gnm1.Araip.B07_120268599",17,120268599
"SNP7571","araip.K30076.gnm1.Araip.B07_120346464",17,120346464
"SNP7572","araip.K30076.gnm1.Araip.B07_120420782",17,120420782
"SNP7573","araip.K30076.gnm1.Araip.B07_120500084",17,120500084
"SNP7574","araip.K30076.gnm1.Araip.B07_120800663",17,120800663
"SNP7575","araip.K30076.gnm1.Araip.B07_121076536",17,121076536
"SNP7576","araip.K30076.gnm1.Araip.B07_121090950",17,121090950
"SNP7577","araip.K30076.gnm1.Araip.B07_121093831",17,121093831
"SNP7578","araip.K30076.gnm1.Araip.B07_121126142",17,121126142
"SNP7579","araip.K30076.gnm1.Araip.B07_121290612",17,121290612
"SNP7580","araip.K30076.gnm1.Araip.B07_121374253",17,121374253
"SNP7581","araip.K30076.gnm1.Araip.B07_121503004",17,121503004
"SNP7582","araip.K30076.gnm1.Araip.B07_121786102",17,121786102
"SNP7583","araip.K30076.gnm1.Araip.B07_121786120",17,121786120
"SNP7584","araip.K30076.gnm1.Araip.B07_121954137",17,121954137
"SNP7585","araip.K30076.gnm1.Araip.B07_122051523",17,122051523
"SNP7586","araip.K30076.gnm1.Araip.B07_122177705",17,122177705
"SNP7587","araip.K30076.gnm1.Araip.B07_122247802",17,122247802
"SNP7588","araip.K30076.gnm1.Araip.B07_122260525",17,122260525
"SNP7589","araip.K30076.gnm1.Araip.B07_122338526",17,122338526
"SNP7590","araip.K30076.gnm1.Araip.B07_122395484",17,122395484
"SNP7591","araip.K30076.gnm1.Araip.B07_122476073",17,122476073
"SNP7592","araip.K30076.gnm1.Araip.B07_122525128",17,122525128
"SNP7593","araip.K30076.gnm1.Araip.B07_122541923",17,122541923
"SNP7594","araip.K30076.gnm1.Araip.B07_122671554",17,122671554
"SNP7595","araip.K30076.gnm1.Araip.B07_122671563",17,122671563
"SNP7596","araip.K30076.gnm1.Araip.B07_122766299",17,122766299
"SNP7597","araip.K30076.gnm1.Araip.B07_122921320",17,122921320
"SNP7598","araip.K30076.gnm1.Araip.B07_122951886",17,122951886
"SNP7599","araip.K30076.gnm1.Araip.B07_123084714",17,123084714
"SNP7600","araip.K30076.gnm1.Araip.B07_123109558",17,123109558
"SNP7601","araip.K30076.gnm1.Araip.B07_123291438",17,123291438
"SNP7602","araip.K30076.gnm1.Araip.B07_123301273",17,123301273
"SNP7603","araip.K30076.gnm1.Araip.B07_123301554",17,123301554
"SNP7604","araip.K30076.gnm1.Araip.B07_123412103",17,123412103
"SNP7605","araip.K30076.gnm1.Araip.B07_123419018",17,123419018
"SNP7606","araip.K30076.gnm1.Araip.B07_123486831",17,123486831
"SNP7607","araip.K30076.gnm1.Araip.B07_123586870",17,123586870
"SNP7608","araip.K30076.gnm1.Araip.B07_123632537",17,123632537
"SNP7609","araip.K30076.gnm1.Araip.B07_123769045",17,123769045
"SNP7610","araip.K30076.gnm1.Araip.B07_123776222",17,123776222
"SNP7611","araip.K30076.gnm1.Araip.B07_123793423",17,123793423
"SNP7612","araip.K30076.gnm1.Araip.B07_123838063",17,123838063
"SNP7613","araip.K30076.gnm1.Araip.B07_123867152",17,123867152
"SNP7614","araip.K30076.gnm1.Araip.B07_123893971",17,123893971
"SNP7615","araip.K30076.gnm1.Araip.B07_124001258",17,124001258
"SNP7616","araip.K30076.gnm1.Araip.B07_124137212",17,124137212
"SNP7617","araip.K30076.gnm1.Araip.B07_124436835",17,124436835
"SNP7618","araip.K30076.gnm1.Araip.B07_124449262",17,124449262
"SNP7619","araip.K30076.gnm1.Araip.B07_124662138",17,124662138
"SNP7620","araip.K30076.gnm1.Araip.B07_124777693",17,124777693
"SNP7621","araip.K30076.gnm1.Araip.B07_124861018",17,124861018
"SNP7622","araip.K30076.gnm1.Araip.B07_125013605",17,125013605
"SNP7623","araip.K30076.gnm1.Araip.B07_125030153",17,125030153
"SNP7624","araip.K30076.gnm1.Araip.B07_125095666",17,125095666
"SNP7625","araip.K30076.gnm1.Araip.B07_125192590",17,125192590
"SNP7626","araip.K30076.gnm1.Araip.B07_125248461",17,125248461
"SNP7627","araip.K30076.gnm1.Araip.B07_125388159",17,125388159
"SNP7628","araip.K30076.gnm1.Araip.B07_125431773",17,125431773
"SNP7629","araip.K30076.gnm1.Araip.B07_125457561",17,125457561
"SNP7630","araip.K30076.gnm1.Araip.B07_125481196",17,125481196
"SNP7631","araip.K30076.gnm1.Araip.B07_125592078",17,125592078
"SNP7632","araip.K30076.gnm1.Araip.B07_125648653",17,125648653
"SNP7633","araip.K30076.gnm1.Araip.B07_125692279",17,125692279
"SNP7634","araip.K30076.gnm1.Araip.B07_125854101",17,125854101
"SNP7635","araip.K30076.gnm1.Araip.B07_126126609",17,126126609
"SNP7636","araip.K30076.gnm1.Araip.B08_359504",18,359504
"SNP7637","araip.K30076.gnm1.Araip.B08_496576",18,496576
"SNP7638","araip.K30076.gnm1.Araip.B08_520367",18,520367
"SNP7639","araip.K30076.gnm1.Araip.B08_520471",18,520471
"SNP7640","araip.K30076.gnm1.Araip.B08_587361",18,587361
"SNP7641","araip.K30076.gnm1.Araip.B08_602445",18,602445
"SNP7642","araip.K30076.gnm1.Araip.B08_642557",18,642557
"SNP7643","araip.K30076.gnm1.Araip.B08_673581",18,673581
"SNP7644","araip.K30076.gnm1.Araip.B08_692622",18,692622
"SNP7645","araip.K30076.gnm1.Araip.B08_812560",18,812560
"SNP7646","araip.K30076.gnm1.Araip.B08_859225",18,859225
"SNP7647","araip.K30076.gnm1.Araip.B08_1049326",18,1049326
"SNP7648","araip.K30076.gnm1.Araip.B08_1051630",18,1051630
"SNP7649","araip.K30076.gnm1.Araip.B08_1170946",18,1170946
"SNP7650","araip.K30076.gnm1.Araip.B08_1190185",18,1190185
"SNP7651","araip.K30076.gnm1.Araip.B08_1272541",18,1272541
"SNP7652","araip.K30076.gnm1.Araip.B08_1345539",18,1345539
"SNP7653","araip.K30076.gnm1.Araip.B08_1477013",18,1477013
"SNP7654","araip.K30076.gnm1.Araip.B08_1477219",18,1477219
"SNP7655","araip.K30076.gnm1.Araip.B08_1522718",18,1522718
"SNP7656","araip.K30076.gnm1.Araip.B08_1527070",18,1527070
"SNP7657","araip.K30076.gnm1.Araip.B08_1530839",18,1530839
"SNP7658","araip.K30076.gnm1.Araip.B08_1531321",18,1531321
"SNP7659","araip.K30076.gnm1.Araip.B08_1589784",18,1589784
"SNP7660","araip.K30076.gnm1.Araip.B08_1604444",18,1604444
"SNP7661","araip.K30076.gnm1.Araip.B08_1654373",18,1654373
"SNP7662","araip.K30076.gnm1.Araip.B08_1662359",18,1662359
"SNP7663","araip.K30076.gnm1.Araip.B08_1662687",18,1662687
"SNP7664","araip.K30076.gnm1.Araip.B08_1827997",18,1827997
"SNP7665","araip.K30076.gnm1.Araip.B08_1828639",18,1828639
"SNP7666","araip.K30076.gnm1.Araip.B08_1852868",18,1852868
"SNP7667","araip.K30076.gnm1.Araip.B08_1880289",18,1880289
"SNP7668","araip.K30076.gnm1.Araip.B08_1950965",18,1950965
"SNP7669","araip.K30076.gnm1.Araip.B08_2054452",18,2054452
"SNP7670","araip.K30076.gnm1.Araip.B08_2240041",18,2240041
"SNP7671","araip.K30076.gnm1.Araip.B08_2322078",18,2322078
"SNP7672","araip.K30076.gnm1.Araip.B08_2326568",18,2326568
"SNP7673","araip.K30076.gnm1.Araip.B08_2336109",18,2336109
"SNP7674","araip.K30076.gnm1.Araip.B08_2395190",18,2395190
"SNP7675","araip.K30076.gnm1.Araip.B08_2399384",18,2399384
"SNP7676","araip.K30076.gnm1.Araip.B08_2399448",18,2399448
"SNP7677","araip.K30076.gnm1.Araip.B08_2426704",18,2426704
"SNP7678","araip.K30076.gnm1.Araip.B08_2597412",18,2597412
"SNP7679","araip.K30076.gnm1.Araip.B08_2622655",18,2622655
"SNP7680","araip.K30076.gnm1.Araip.B08_2711322",18,2711322
"SNP7681","araip.K30076.gnm1.Araip.B08_2711761",18,2711761
"SNP7682","araip.K30076.gnm1.Araip.B08_2718360",18,2718360
"SNP7683","araip.K30076.gnm1.Araip.B08_2879545",18,2879545
"SNP7684","araip.K30076.gnm1.Araip.B08_3186852",18,3186852
"SNP7685","araip.K30076.gnm1.Araip.B08_3208400",18,3208400
"SNP7686","araip.K30076.gnm1.Araip.B08_3280270",18,3280270
"SNP7687","araip.K30076.gnm1.Araip.B08_3334670",18,3334670
"SNP7688","araip.K30076.gnm1.Araip.B08_3455834",18,3455834
"SNP7689","araip.K30076.gnm1.Araip.B08_3577954",18,3577954
"SNP7690","araip.K30076.gnm1.Araip.B08_3611781",18,3611781
"SNP7691","araip.K30076.gnm1.Araip.B08_3719702",18,3719702
"SNP7692","araip.K30076.gnm1.Araip.B08_3757177",18,3757177
"SNP7693","araip.K30076.gnm1.Araip.B08_3776410",18,3776410
"SNP7694","araip.K30076.gnm1.Araip.B08_3794557",18,3794557
"SNP7695","araip.K30076.gnm1.Araip.B08_3810391",18,3810391
"SNP7696","araip.K30076.gnm1.Araip.B08_3848779",18,3848779
"SNP7697","araip.K30076.gnm1.Araip.B08_4001815",18,4001815
"SNP7698","araip.K30076.gnm1.Araip.B08_4188171",18,4188171
"SNP7699","araip.K30076.gnm1.Araip.B08_4253966",18,4253966
"SNP7700","araip.K30076.gnm1.Araip.B08_4438141",18,4438141
"SNP7701","araip.K30076.gnm1.Araip.B08_4522135",18,4522135
"SNP7702","araip.K30076.gnm1.Araip.B08_4626997",18,4626997
"SNP7703","araip.K30076.gnm1.Araip.B08_4636833",18,4636833
"SNP7704","araip.K30076.gnm1.Araip.B08_4870739",18,4870739
"SNP7705","araip.K30076.gnm1.Araip.B08_4871856",18,4871856
"SNP7706","araip.K30076.gnm1.Araip.B08_4963810",18,4963810
"SNP7707","araip.K30076.gnm1.Araip.B08_5104169",18,5104169
"SNP7708","araip.K30076.gnm1.Araip.B08_5264557",18,5264557
"SNP7709","araip.K30076.gnm1.Araip.B08_5473576",18,5473576
"SNP7710","araip.K30076.gnm1.Araip.B08_5473767",18,5473767
"SNP7711","araip.K30076.gnm1.Araip.B08_5477774",18,5477774
"SNP7712","araip.K30076.gnm1.Araip.B08_5478509",18,5478509
"SNP7713","araip.K30076.gnm1.Araip.B08_5483212",18,5483212
"SNP7714","araip.K30076.gnm1.Araip.B08_5530821",18,5530821
"SNP7715","araip.K30076.gnm1.Araip.B08_5624903",18,5624903
"SNP7716","araip.K30076.gnm1.Araip.B08_5658235",18,5658235
"SNP7717","araip.K30076.gnm1.Araip.B08_5680231",18,5680231
"SNP7718","araip.K30076.gnm1.Araip.B08_5808364",18,5808364
"SNP7719","araip.K30076.gnm1.Araip.B08_5815449",18,5815449
"SNP7720","araip.K30076.gnm1.Araip.B08_6003739",18,6003739
"SNP7721","araip.K30076.gnm1.Araip.B08_6010215",18,6010215
"SNP7722","araip.K30076.gnm1.Araip.B08_6099287",18,6099287
"SNP7723","araip.K30076.gnm1.Araip.B08_6208325",18,6208325
"SNP7724","araip.K30076.gnm1.Araip.B08_6224716",18,6224716
"SNP7725","araip.K30076.gnm1.Araip.B08_6244918",18,6244918
"SNP7726","araip.K30076.gnm1.Araip.B08_6301176",18,6301176
"SNP7727","araip.K30076.gnm1.Araip.B08_6412045",18,6412045
"SNP7728","araip.K30076.gnm1.Araip.B08_6434590",18,6434590
"SNP7729","araip.K30076.gnm1.Araip.B08_6585782",18,6585782
"SNP7730","araip.K30076.gnm1.Araip.B08_6589483",18,6589483
"SNP7731","araip.K30076.gnm1.Araip.B08_6602811",18,6602811
"SNP7732","araip.K30076.gnm1.Araip.B08_6615783",18,6615783
"SNP7733","araip.K30076.gnm1.Araip.B08_6778109",18,6778109
"SNP7734","araip.K30076.gnm1.Araip.B08_6808287",18,6808287
"SNP7735","araip.K30076.gnm1.Araip.B08_6808523",18,6808523
"SNP7736","araip.K30076.gnm1.Araip.B08_6862394",18,6862394
"SNP7737","araip.K30076.gnm1.Araip.B08_6921620",18,6921620
"SNP7738","araip.K30076.gnm1.Araip.B08_6939962",18,6939962
"SNP7739","araip.K30076.gnm1.Araip.B08_6968259",18,6968259
"SNP7740","araip.K30076.gnm1.Araip.B08_7043350",18,7043350
"SNP7741","araip.K30076.gnm1.Araip.B08_7259589",18,7259589
"SNP7742","araip.K30076.gnm1.Araip.B08_7259664",18,7259664
"SNP7743","araip.K30076.gnm1.Araip.B08_7264017",18,7264017
"SNP7744","araip.K30076.gnm1.Araip.B08_7265323",18,7265323
"SNP7745","araip.K30076.gnm1.Araip.B08_7270311",18,7270311
"SNP7746","araip.K30076.gnm1.Araip.B08_7433129",18,7433129
"SNP7747","araip.K30076.gnm1.Araip.B08_7480177",18,7480177
"SNP7748","araip.K30076.gnm1.Araip.B08_7798891",18,7798891
"SNP7749","araip.K30076.gnm1.Araip.B08_7807332",18,7807332
"SNP7750","araip.K30076.gnm1.Araip.B08_7831861",18,7831861
"SNP7751","araip.K30076.gnm1.Araip.B08_7833239",18,7833239
"SNP7752","araip.K30076.gnm1.Araip.B08_7840826",18,7840826
"SNP7753","araip.K30076.gnm1.Araip.B08_7893451",18,7893451
"SNP7754","araip.K30076.gnm1.Araip.B08_8121508",18,8121508
"SNP7755","araip.K30076.gnm1.Araip.B08_8139763",18,8139763
"SNP7756","araip.K30076.gnm1.Araip.B08_8295831",18,8295831
"SNP7757","araip.K30076.gnm1.Araip.B08_8298166",18,8298166
"SNP7758","araip.K30076.gnm1.Araip.B08_8434295",18,8434295
"SNP7759","araip.K30076.gnm1.Araip.B08_8511948",18,8511948
"SNP7760","araip.K30076.gnm1.Araip.B08_8513731",18,8513731
"SNP7761","araip.K30076.gnm1.Araip.B08_8930558",18,8930558
"SNP7762","araip.K30076.gnm1.Araip.B08_9007020",18,9007020
"SNP7763","araip.K30076.gnm1.Araip.B08_9113765",18,9113765
"SNP7764","araip.K30076.gnm1.Araip.B08_9114963",18,9114963
"SNP7765","araip.K30076.gnm1.Araip.B08_9115716",18,9115716
"SNP7766","araip.K30076.gnm1.Araip.B08_9469566",18,9469566
"SNP7767","araip.K30076.gnm1.Araip.B08_9558248",18,9558248
"SNP7768","araip.K30076.gnm1.Araip.B08_9669339",18,9669339
"SNP7769","araip.K30076.gnm1.Araip.B08_9670802",18,9670802
"SNP7770","araip.K30076.gnm1.Araip.B08_9671420",18,9671420
"SNP7771","araip.K30076.gnm1.Araip.B08_9676106",18,9676106
"SNP7772","araip.K30076.gnm1.Araip.B08_9689002",18,9689002
"SNP7773","araip.K30076.gnm1.Araip.B08_9789934",18,9789934
"SNP7774","araip.K30076.gnm1.Araip.B08_9931229",18,9931229
"SNP7775","araip.K30076.gnm1.Araip.B08_9955815",18,9955815
"SNP7776","araip.K30076.gnm1.Araip.B08_10006831",18,10006831
"SNP7777","araip.K30076.gnm1.Araip.B08_10165128",18,10165128
"SNP7778","araip.K30076.gnm1.Araip.B08_10196953",18,10196953
"SNP7779","araip.K30076.gnm1.Araip.B08_10253379",18,10253379
"SNP7780","araip.K30076.gnm1.Araip.B08_10255829",18,10255829
"SNP7781","araip.K30076.gnm1.Araip.B08_10295722",18,10295722
"SNP7782","araip.K30076.gnm1.Araip.B08_10309312",18,10309312
"SNP7783","araip.K30076.gnm1.Araip.B08_10468802",18,10468802
"SNP7784","araip.K30076.gnm1.Araip.B08_10472379",18,10472379
"SNP7785","araip.K30076.gnm1.Araip.B08_10475052",18,10475052
"SNP7786","araip.K30076.gnm1.Araip.B08_10486493",18,10486493
"SNP7787","araip.K30076.gnm1.Araip.B08_10623308",18,10623308
"SNP7788","araip.K30076.gnm1.Araip.B08_10740964",18,10740964
"SNP7789","araip.K30076.gnm1.Araip.B08_10786151",18,10786151
"SNP7790","araip.K30076.gnm1.Araip.B08_10814855",18,10814855
"SNP7791","araip.K30076.gnm1.Araip.B08_10880128",18,10880128
"SNP7792","araip.K30076.gnm1.Araip.B08_11050329",18,11050329
"SNP7793","araip.K30076.gnm1.Araip.B08_11056789",18,11056789
"SNP7794","araip.K30076.gnm1.Araip.B08_11175262",18,11175262
"SNP7795","araip.K30076.gnm1.Araip.B08_11327130",18,11327130
"SNP7796","araip.K30076.gnm1.Araip.B08_11571702",18,11571702
"SNP7797","araip.K30076.gnm1.Araip.B08_11599042",18,11599042
"SNP7798","araip.K30076.gnm1.Araip.B08_11627914",18,11627914
"SNP7799","araip.K30076.gnm1.Araip.B08_11695039",18,11695039
"SNP7800","araip.K30076.gnm1.Araip.B08_11768948",18,11768948
"SNP7801","araip.K30076.gnm1.Araip.B08_11822136",18,11822136
"SNP7802","araip.K30076.gnm1.Araip.B08_11989978",18,11989978
"SNP7803","araip.K30076.gnm1.Araip.B08_12188146",18,12188146
"SNP7804","araip.K30076.gnm1.Araip.B08_12403960",18,12403960
"SNP7805","araip.K30076.gnm1.Araip.B08_12471126",18,12471126
"SNP7806","araip.K30076.gnm1.Araip.B08_12787501",18,12787501
"SNP7807","araip.K30076.gnm1.Araip.B08_12829161",18,12829161
"SNP7808","araip.K30076.gnm1.Araip.B08_12873753",18,12873753
"SNP7809","araip.K30076.gnm1.Araip.B08_13009197",18,13009197
"SNP7810","araip.K30076.gnm1.Araip.B08_13054761",18,13054761
"SNP7811","araip.K30076.gnm1.Araip.B08_13412324",18,13412324
"SNP7812","araip.K30076.gnm1.Araip.B08_13412424",18,13412424
"SNP7813","araip.K30076.gnm1.Araip.B08_13437174",18,13437174
"SNP7814","araip.K30076.gnm1.Araip.B08_13585196",18,13585196
"SNP7815","araip.K30076.gnm1.Araip.B08_13597792",18,13597792
"SNP7816","araip.K30076.gnm1.Araip.B08_13602535",18,13602535
"SNP7817","araip.K30076.gnm1.Araip.B08_13621610",18,13621610
"SNP7818","araip.K30076.gnm1.Araip.B08_13622123",18,13622123
"SNP7819","araip.K30076.gnm1.Araip.B08_13637707",18,13637707
"SNP7820","araip.K30076.gnm1.Araip.B08_13763242",18,13763242
"SNP7821","araip.K30076.gnm1.Araip.B08_13937325",18,13937325
"SNP7822","araip.K30076.gnm1.Araip.B08_14058648",18,14058648
"SNP7823","araip.K30076.gnm1.Araip.B08_14211018",18,14211018
"SNP7824","araip.K30076.gnm1.Araip.B08_14229824",18,14229824
"SNP7825","araip.K30076.gnm1.Araip.B08_14679842",18,14679842
"SNP7826","araip.K30076.gnm1.Araip.B08_14729954",18,14729954
"SNP7827","araip.K30076.gnm1.Araip.B08_14742332",18,14742332
"SNP7828","araip.K30076.gnm1.Araip.B08_14965817",18,14965817
"SNP7829","araip.K30076.gnm1.Araip.B08_15157745",18,15157745
"SNP7830","araip.K30076.gnm1.Araip.B08_15161229",18,15161229
"SNP7831","araip.K30076.gnm1.Araip.B08_15198580",18,15198580
"SNP7832","araip.K30076.gnm1.Araip.B08_15791406",18,15791406
"SNP7833","araip.K30076.gnm1.Araip.B08_16211295",18,16211295
"SNP7834","araip.K30076.gnm1.Araip.B08_16243136",18,16243136
"SNP7835","araip.K30076.gnm1.Araip.B08_16244400",18,16244400
"SNP7836","araip.K30076.gnm1.Araip.B08_16461375",18,16461375
"SNP7837","araip.K30076.gnm1.Araip.B08_16514745",18,16514745
"SNP7838","araip.K30076.gnm1.Araip.B08_16536943",18,16536943
"SNP7839","araip.K30076.gnm1.Araip.B08_16551056",18,16551056
"SNP7840","araip.K30076.gnm1.Araip.B08_16557674",18,16557674
"SNP7841","araip.K30076.gnm1.Araip.B08_16644082",18,16644082
"SNP7842","araip.K30076.gnm1.Araip.B08_16755498",18,16755498
"SNP7843","araip.K30076.gnm1.Araip.B08_16998020",18,16998020
"SNP7844","araip.K30076.gnm1.Araip.B08_17167241",18,17167241
"SNP7845","araip.K30076.gnm1.Araip.B08_17168357",18,17168357
"SNP7846","araip.K30076.gnm1.Araip.B08_17534694",18,17534694
"SNP7847","araip.K30076.gnm1.Araip.B08_18223398",18,18223398
"SNP7848","araip.K30076.gnm1.Araip.B08_18223520",18,18223520
"SNP7849","araip.K30076.gnm1.Araip.B08_18224799",18,18224799
"SNP7850","araip.K30076.gnm1.Araip.B08_18358604",18,18358604
"SNP7851","araip.K30076.gnm1.Araip.B08_18691761",18,18691761
"SNP7852","araip.K30076.gnm1.Araip.B08_19015290",18,19015290
"SNP7853","araip.K30076.gnm1.Araip.B08_19101683",18,19101683
"SNP7854","araip.K30076.gnm1.Araip.B08_19102864",18,19102864
"SNP7855","araip.K30076.gnm1.Araip.B08_19104364",18,19104364
"SNP7856","araip.K30076.gnm1.Araip.B08_19124117",18,19124117
"SNP7857","araip.K30076.gnm1.Araip.B08_19133049",18,19133049
"SNP7858","araip.K30076.gnm1.Araip.B08_19234772",18,19234772
"SNP7859","araip.K30076.gnm1.Araip.B08_19372413",18,19372413
"SNP7860","araip.K30076.gnm1.Araip.B08_19509563",18,19509563
"SNP7861","araip.K30076.gnm1.Araip.B08_19510429",18,19510429
"SNP7862","araip.K30076.gnm1.Araip.B08_19572081",18,19572081
"SNP7863","araip.K30076.gnm1.Araip.B08_19613033",18,19613033
"SNP7864","araip.K30076.gnm1.Araip.B08_19624815",18,19624815
"SNP7865","araip.K30076.gnm1.Araip.B08_19633998",18,19633998
"SNP7866","araip.K30076.gnm1.Araip.B08_19657329",18,19657329
"SNP7867","araip.K30076.gnm1.Araip.B08_19680738",18,19680738
"SNP7868","araip.K30076.gnm1.Araip.B08_19847524",18,19847524
"SNP7869","araip.K30076.gnm1.Araip.B08_20180422",18,20180422
"SNP7870","araip.K30076.gnm1.Araip.B08_20192255",18,20192255
"SNP7871","araip.K30076.gnm1.Araip.B08_20282631",18,20282631
"SNP7872","araip.K30076.gnm1.Araip.B08_20293025",18,20293025
"SNP7873","araip.K30076.gnm1.Araip.B08_20631375",18,20631375
"SNP7874","araip.K30076.gnm1.Araip.B08_20683530",18,20683530
"SNP7875","araip.K30076.gnm1.Araip.B08_21010665",18,21010665
"SNP7876","araip.K30076.gnm1.Araip.B08_21157284",18,21157284
"SNP7877","araip.K30076.gnm1.Araip.B08_21358971",18,21358971
"SNP7878","araip.K30076.gnm1.Araip.B08_21465202",18,21465202
"SNP7879","araip.K30076.gnm1.Araip.B08_21465554",18,21465554
"SNP7880","araip.K30076.gnm1.Araip.B08_21691168",18,21691168
"SNP7881","araip.K30076.gnm1.Araip.B08_21694666",18,21694666
"SNP7882","araip.K30076.gnm1.Araip.B08_21716093",18,21716093
"SNP7883","araip.K30076.gnm1.Araip.B08_21720671",18,21720671
"SNP7884","araip.K30076.gnm1.Araip.B08_21841286",18,21841286
"SNP7885","araip.K30076.gnm1.Araip.B08_21841547",18,21841547
"SNP7886","araip.K30076.gnm1.Araip.B08_21954052",18,21954052
"SNP7887","araip.K30076.gnm1.Araip.B08_22114306",18,22114306
"SNP7888","araip.K30076.gnm1.Araip.B08_22197528",18,22197528
"SNP7889","araip.K30076.gnm1.Araip.B08_22278808",18,22278808
"SNP7890","araip.K30076.gnm1.Araip.B08_22286449",18,22286449
"SNP7891","araip.K30076.gnm1.Araip.B08_22474146",18,22474146
"SNP7892","araip.K30076.gnm1.Araip.B08_22767414",18,22767414
"SNP7893","araip.K30076.gnm1.Araip.B08_22848712",18,22848712
"SNP7894","araip.K30076.gnm1.Araip.B08_22851681",18,22851681
"SNP7895","araip.K30076.gnm1.Araip.B08_22852243",18,22852243
"SNP7896","araip.K30076.gnm1.Araip.B08_22852683",18,22852683
"SNP7897","araip.K30076.gnm1.Araip.B08_22864116",18,22864116
"SNP7898","araip.K30076.gnm1.Araip.B08_22895292",18,22895292
"SNP7899","araip.K30076.gnm1.Araip.B08_22939708",18,22939708
"SNP7900","araip.K30076.gnm1.Araip.B08_23336004",18,23336004
"SNP7901","araip.K30076.gnm1.Araip.B08_23340678",18,23340678
"SNP7902","araip.K30076.gnm1.Araip.B08_23416245",18,23416245
"SNP7903","araip.K30076.gnm1.Araip.B08_23416344",18,23416344
"SNP7904","araip.K30076.gnm1.Araip.B08_23422559",18,23422559
"SNP7905","araip.K30076.gnm1.Araip.B08_23424505",18,23424505
"SNP7906","araip.K30076.gnm1.Araip.B08_23725011",18,23725011
"SNP7907","araip.K30076.gnm1.Araip.B08_23854057",18,23854057
"SNP7908","araip.K30076.gnm1.Araip.B08_24072351",18,24072351
"SNP7909","araip.K30076.gnm1.Araip.B08_24138182",18,24138182
"SNP7910","araip.K30076.gnm1.Araip.B08_24293611",18,24293611
"SNP7911","araip.K30076.gnm1.Araip.B08_24395282",18,24395282
"SNP7912","araip.K30076.gnm1.Araip.B08_24407128",18,24407128
"SNP7913","araip.K30076.gnm1.Araip.B08_24445198",18,24445198
"SNP7914","araip.K30076.gnm1.Araip.B08_24502547",18,24502547
"SNP7915","araip.K30076.gnm1.Araip.B08_24502848",18,24502848
"SNP7916","araip.K30076.gnm1.Araip.B08_24503916",18,24503916
"SNP7917","araip.K30076.gnm1.Araip.B08_24734055",18,24734055
"SNP7918","araip.K30076.gnm1.Araip.B08_24741425",18,24741425
"SNP7919","araip.K30076.gnm1.Araip.B08_24767641",18,24767641
"SNP7920","araip.K30076.gnm1.Araip.B08_24769745",18,24769745
"SNP7921","araip.K30076.gnm1.Araip.B08_24792651",18,24792651
"SNP7922","araip.K30076.gnm1.Araip.B08_24847973",18,24847973
"SNP7923","araip.K30076.gnm1.Araip.B08_24986766",18,24986766
"SNP7924","araip.K30076.gnm1.Araip.B08_25059323",18,25059323
"SNP7925","araip.K30076.gnm1.Araip.B08_25377204",18,25377204
"SNP7926","araip.K30076.gnm1.Araip.B08_25401788",18,25401788
"SNP7927","araip.K30076.gnm1.Araip.B08_25469683",18,25469683
"SNP7928","araip.K30076.gnm1.Araip.B08_25534918",18,25534918
"SNP7929","araip.K30076.gnm1.Araip.B08_25614885",18,25614885
"SNP7930","araip.K30076.gnm1.Araip.B08_25819627",18,25819627
"SNP7931","araip.K30076.gnm1.Araip.B08_25855873",18,25855873
"SNP7932","araip.K30076.gnm1.Araip.B08_25967813",18,25967813
"SNP7933","araip.K30076.gnm1.Araip.B08_26027170",18,26027170
"SNP7934","araip.K30076.gnm1.Araip.B08_26151105",18,26151105
"SNP7935","araip.K30076.gnm1.Araip.B08_26164023",18,26164023
"SNP7936","araip.K30076.gnm1.Araip.B08_26253121",18,26253121
"SNP7937","araip.K30076.gnm1.Araip.B08_26340218",18,26340218
"SNP7938","araip.K30076.gnm1.Araip.B08_26345189",18,26345189
"SNP7939","araip.K30076.gnm1.Araip.B08_26395351",18,26395351
"SNP7940","araip.K30076.gnm1.Araip.B08_26396369",18,26396369
"SNP7941","araip.K30076.gnm1.Araip.B08_26450431",18,26450431
"SNP7942","araip.K30076.gnm1.Araip.B08_26826006",18,26826006
"SNP7943","araip.K30076.gnm1.Araip.B08_26965339",18,26965339
"SNP7944","araip.K30076.gnm1.Araip.B08_27002771",18,27002771
"SNP7945","araip.K30076.gnm1.Araip.B08_27339594",18,27339594
"SNP7946","araip.K30076.gnm1.Araip.B08_27556395",18,27556395
"SNP7947","araip.K30076.gnm1.Araip.B08_27804899",18,27804899
"SNP7948","araip.K30076.gnm1.Araip.B08_27815719",18,27815719
"SNP7949","araip.K30076.gnm1.Araip.B08_27832402",18,27832402
"SNP7950","araip.K30076.gnm1.Araip.B08_27863911",18,27863911
"SNP7951","araip.K30076.gnm1.Araip.B08_27938054",18,27938054
"SNP7952","araip.K30076.gnm1.Araip.B08_28002865",18,28002865
"SNP7953","araip.K30076.gnm1.Araip.B08_28074347",18,28074347
"SNP7954","araip.K30076.gnm1.Araip.B08_28101268",18,28101268
"SNP7955","araip.K30076.gnm1.Araip.B08_28178662",18,28178662
"SNP7956","araip.K30076.gnm1.Araip.B08_28284030",18,28284030
"SNP7957","araip.K30076.gnm1.Araip.B08_28302798",18,28302798
"SNP7958","araip.K30076.gnm1.Araip.B08_28389476",18,28389476
"SNP7959","araip.K30076.gnm1.Araip.B08_28490879",18,28490879
"SNP7960","araip.K30076.gnm1.Araip.B08_28637514",18,28637514
"SNP7961","araip.K30076.gnm1.Araip.B08_29333274",18,29333274
"SNP7962","araip.K30076.gnm1.Araip.B08_29481584",18,29481584
"SNP7963","araip.K30076.gnm1.Araip.B08_30211960",18,30211960
"SNP7964","araip.K30076.gnm1.Araip.B08_30379213",18,30379213
"SNP7965","araip.K30076.gnm1.Araip.B08_30470646",18,30470646
"SNP7966","araip.K30076.gnm1.Araip.B08_31368044",18,31368044
"SNP7967","araip.K30076.gnm1.Araip.B08_31481726",18,31481726
"SNP7968","araip.K30076.gnm1.Araip.B08_31666764",18,31666764
"SNP7969","araip.K30076.gnm1.Araip.B08_32589587",18,32589587
"SNP7970","araip.K30076.gnm1.Araip.B08_32728458",18,32728458
"SNP7971","araip.K30076.gnm1.Araip.B08_33361666",18,33361666
"SNP7972","araip.K30076.gnm1.Araip.B08_33576851",18,33576851
"SNP7973","araip.K30076.gnm1.Araip.B08_33796943",18,33796943
"SNP7974","araip.K30076.gnm1.Araip.B08_33923788",18,33923788
"SNP7975","araip.K30076.gnm1.Araip.B08_33936126",18,33936126
"SNP7976","araip.K30076.gnm1.Araip.B08_33939194",18,33939194
"SNP7977","araip.K30076.gnm1.Araip.B08_33941147",18,33941147
"SNP7978","araip.K30076.gnm1.Araip.B08_33941677",18,33941677
"SNP7979","araip.K30076.gnm1.Araip.B08_34170628",18,34170628
"SNP7980","araip.K30076.gnm1.Araip.B08_34222417",18,34222417
"SNP7981","araip.K30076.gnm1.Araip.B08_34284907",18,34284907
"SNP7982","araip.K30076.gnm1.Araip.B08_34321986",18,34321986
"SNP7983","araip.K30076.gnm1.Araip.B08_34661155",18,34661155
"SNP7984","araip.K30076.gnm1.Araip.B08_34796298",18,34796298
"SNP7985","araip.K30076.gnm1.Araip.B08_34825243",18,34825243
"SNP7986","araip.K30076.gnm1.Araip.B08_34825599",18,34825599
"SNP7987","araip.K30076.gnm1.Araip.B08_34835872",18,34835872
"SNP7988","araip.K30076.gnm1.Araip.B08_34892138",18,34892138
"SNP7989","araip.K30076.gnm1.Araip.B08_34994096",18,34994096
"SNP7990","araip.K30076.gnm1.Araip.B08_35016844",18,35016844
"SNP7991","araip.K30076.gnm1.Araip.B08_35115656",18,35115656
"SNP7992","araip.K30076.gnm1.Araip.B08_35197175",18,35197175
"SNP7993","araip.K30076.gnm1.Araip.B08_35197846",18,35197846
"SNP7994","araip.K30076.gnm1.Araip.B08_35374624",18,35374624
"SNP7995","araip.K30076.gnm1.Araip.B08_35872560",18,35872560
"SNP7996","araip.K30076.gnm1.Araip.B08_36456662",18,36456662
"SNP7997","araip.K30076.gnm1.Araip.B08_36578318",18,36578318
"SNP7998","araip.K30076.gnm1.Araip.B08_36847177",18,36847177
"SNP7999","araip.K30076.gnm1.Araip.B08_36945519",18,36945519
"SNP8000","araip.K30076.gnm1.Araip.B08_37282196",18,37282196
"SNP8001","araip.K30076.gnm1.Araip.B08_37316296",18,37316296
"SNP8002","araip.K30076.gnm1.Araip.B08_37429293",18,37429293
"SNP8003","araip.K30076.gnm1.Araip.B08_37442465",18,37442465
"SNP8004","araip.K30076.gnm1.Araip.B08_39009842",18,39009842
"SNP8005","araip.K30076.gnm1.Araip.B08_39093677",18,39093677
"SNP8006","araip.K30076.gnm1.Araip.B08_39192905",18,39192905
"SNP8007","araip.K30076.gnm1.Araip.B08_39306016",18,39306016
"SNP8008","araip.K30076.gnm1.Araip.B08_39622240",18,39622240
"SNP8009","araip.K30076.gnm1.Araip.B08_39675437",18,39675437
"SNP8010","araip.K30076.gnm1.Araip.B08_40112196",18,40112196
"SNP8011","araip.K30076.gnm1.Araip.B08_40269385",18,40269385
"SNP8012","araip.K30076.gnm1.Araip.B08_40474731",18,40474731
"SNP8013","araip.K30076.gnm1.Araip.B08_40475037",18,40475037
"SNP8014","araip.K30076.gnm1.Araip.B08_40498337",18,40498337
"SNP8015","araip.K30076.gnm1.Araip.B08_40623018",18,40623018
"SNP8016","araip.K30076.gnm1.Araip.B08_40958631",18,40958631
"SNP8017","araip.K30076.gnm1.Araip.B08_41059435",18,41059435
"SNP8018","araip.K30076.gnm1.Araip.B08_42071765",18,42071765
"SNP8019","araip.K30076.gnm1.Araip.B08_42185245",18,42185245
"SNP8020","araip.K30076.gnm1.Araip.B08_42316177",18,42316177
"SNP8021","araip.K30076.gnm1.Araip.B08_42316663",18,42316663
"SNP8022","araip.K30076.gnm1.Araip.B08_42320913",18,42320913
"SNP8023","araip.K30076.gnm1.Araip.B08_42771199",18,42771199
"SNP8024","araip.K30076.gnm1.Araip.B08_42856415",18,42856415
"SNP8025","araip.K30076.gnm1.Araip.B08_42914120",18,42914120
"SNP8026","araip.K30076.gnm1.Araip.B08_42991809",18,42991809
"SNP8027","araip.K30076.gnm1.Araip.B08_43179811",18,43179811
"SNP8028","araip.K30076.gnm1.Araip.B08_43311931",18,43311931
"SNP8029","araip.K30076.gnm1.Araip.B08_43363108",18,43363108
"SNP8030","araip.K30076.gnm1.Araip.B08_43412908",18,43412908
"SNP8031","araip.K30076.gnm1.Araip.B08_43527382",18,43527382
"SNP8032","araip.K30076.gnm1.Araip.B08_43657094",18,43657094
"SNP8033","araip.K30076.gnm1.Araip.B08_43675785",18,43675785
"SNP8034","araip.K30076.gnm1.Araip.B08_43717022",18,43717022
"SNP8035","araip.K30076.gnm1.Araip.B08_43734920",18,43734920
"SNP8036","araip.K30076.gnm1.Araip.B08_44214170",18,44214170
"SNP8037","araip.K30076.gnm1.Araip.B08_44384378",18,44384378
"SNP8038","araip.K30076.gnm1.Araip.B08_44386031",18,44386031
"SNP8039","araip.K30076.gnm1.Araip.B08_44386037",18,44386037
"SNP8040","araip.K30076.gnm1.Araip.B08_44386332",18,44386332
"SNP8041","araip.K30076.gnm1.Araip.B08_44415228",18,44415228
"SNP8042","araip.K30076.gnm1.Araip.B08_44588407",18,44588407
"SNP8043","araip.K30076.gnm1.Araip.B08_45092794",18,45092794
"SNP8044","araip.K30076.gnm1.Araip.B08_45118149",18,45118149
"SNP8045","araip.K30076.gnm1.Araip.B08_45254902",18,45254902
"SNP8046","araip.K30076.gnm1.Araip.B08_45269233",18,45269233
"SNP8047","araip.K30076.gnm1.Araip.B08_45284785",18,45284785
"SNP8048","araip.K30076.gnm1.Araip.B08_45400882",18,45400882
"SNP8049","araip.K30076.gnm1.Araip.B08_45453807",18,45453807
"SNP8050","araip.K30076.gnm1.Araip.B08_45457297",18,45457297
"SNP8051","araip.K30076.gnm1.Araip.B08_45723430",18,45723430
"SNP8052","araip.K30076.gnm1.Araip.B08_45841512",18,45841512
"SNP8053","araip.K30076.gnm1.Araip.B08_45891430",18,45891430
"SNP8054","araip.K30076.gnm1.Araip.B08_45892483",18,45892483
"SNP8055","araip.K30076.gnm1.Araip.B08_46348764",18,46348764
"SNP8056","araip.K30076.gnm1.Araip.B08_46404527",18,46404527
"SNP8057","araip.K30076.gnm1.Araip.B08_46678135",18,46678135
"SNP8058","araip.K30076.gnm1.Araip.B08_46735696",18,46735696
"SNP8059","araip.K30076.gnm1.Araip.B08_46901324",18,46901324
"SNP8060","araip.K30076.gnm1.Araip.B08_46904406",18,46904406
"SNP8061","araip.K30076.gnm1.Araip.B08_47161167",18,47161167
"SNP8062","araip.K30076.gnm1.Araip.B08_47253748",18,47253748
"SNP8063","araip.K30076.gnm1.Araip.B08_48134097",18,48134097
"SNP8064","araip.K30076.gnm1.Araip.B08_48479205",18,48479205
"SNP8065","araip.K30076.gnm1.Araip.B08_48638573",18,48638573
"SNP8066","araip.K30076.gnm1.Araip.B08_48908748",18,48908748
"SNP8067","araip.K30076.gnm1.Araip.B08_50257950",18,50257950
"SNP8068","araip.K30076.gnm1.Araip.B08_51074845",18,51074845
"SNP8069","araip.K30076.gnm1.Araip.B08_51178533",18,51178533
"SNP8070","araip.K30076.gnm1.Araip.B08_52489544",18,52489544
"SNP8071","araip.K30076.gnm1.Araip.B08_52508661",18,52508661
"SNP8072","araip.K30076.gnm1.Araip.B08_53965612",18,53965612
"SNP8073","araip.K30076.gnm1.Araip.B08_53994712",18,53994712
"SNP8074","araip.K30076.gnm1.Araip.B08_54218503",18,54218503
"SNP8075","araip.K30076.gnm1.Araip.B08_54304016",18,54304016
"SNP8076","araip.K30076.gnm1.Araip.B08_54775161",18,54775161
"SNP8077","araip.K30076.gnm1.Araip.B08_55226437",18,55226437
"SNP8078","araip.K30076.gnm1.Araip.B08_55532023",18,55532023
"SNP8079","araip.K30076.gnm1.Araip.B08_56311360",18,56311360
"SNP8080","araip.K30076.gnm1.Araip.B08_56376691",18,56376691
"SNP8081","araip.K30076.gnm1.Araip.B08_57731378",18,57731378
"SNP8082","araip.K30076.gnm1.Araip.B08_57731971",18,57731971
"SNP8083","araip.K30076.gnm1.Araip.B08_57786743",18,57786743
"SNP8084","araip.K30076.gnm1.Araip.B08_58460160",18,58460160
"SNP8085","araip.K30076.gnm1.Araip.B08_58460249",18,58460249
"SNP8086","araip.K30076.gnm1.Araip.B08_58555756",18,58555756
"SNP8087","araip.K30076.gnm1.Araip.B08_58829383",18,58829383
"SNP8088","araip.K30076.gnm1.Araip.B08_60093217",18,60093217
"SNP8089","araip.K30076.gnm1.Araip.B08_60576179",18,60576179
"SNP8090","araip.K30076.gnm1.Araip.B08_60577099",18,60577099
"SNP8091","araip.K30076.gnm1.Araip.B08_60998139",18,60998139
"SNP8092","araip.K30076.gnm1.Araip.B08_61415424",18,61415424
"SNP8093","araip.K30076.gnm1.Araip.B08_61442582",18,61442582
"SNP8094","araip.K30076.gnm1.Araip.B08_61444107",18,61444107
"SNP8095","araip.K30076.gnm1.Araip.B08_62667608",18,62667608
"SNP8096","araip.K30076.gnm1.Araip.B08_63043018",18,63043018
"SNP8097","araip.K30076.gnm1.Araip.B08_63149810",18,63149810
"SNP8098","araip.K30076.gnm1.Araip.B08_63677647",18,63677647
"SNP8099","araip.K30076.gnm1.Araip.B08_63685111",18,63685111
"SNP8100","araip.K30076.gnm1.Araip.B08_64013791",18,64013791
"SNP8101","araip.K30076.gnm1.Araip.B08_64393036",18,64393036
"SNP8102","araip.K30076.gnm1.Araip.B08_64462014",18,64462014
"SNP8103","araip.K30076.gnm1.Araip.B08_64467517",18,64467517
"SNP8104","araip.K30076.gnm1.Araip.B08_64605128",18,64605128
"SNP8105","araip.K30076.gnm1.Araip.B08_64657415",18,64657415
"SNP8106","araip.K30076.gnm1.Araip.B08_64658027",18,64658027
"SNP8107","araip.K30076.gnm1.Araip.B08_65134107",18,65134107
"SNP8108","araip.K30076.gnm1.Araip.B08_65150880",18,65150880
"SNP8109","araip.K30076.gnm1.Araip.B08_65163703",18,65163703
"SNP8110","araip.K30076.gnm1.Araip.B08_65194328",18,65194328
"SNP8111","araip.K30076.gnm1.Araip.B08_65563536",18,65563536
"SNP8112","araip.K30076.gnm1.Araip.B08_65564951",18,65564951
"SNP8113","araip.K30076.gnm1.Araip.B08_65928800",18,65928800
"SNP8114","araip.K30076.gnm1.Araip.B08_66346021",18,66346021
"SNP8115","araip.K30076.gnm1.Araip.B08_66552202",18,66552202
"SNP8116","araip.K30076.gnm1.Araip.B08_66636377",18,66636377
"SNP8117","araip.K30076.gnm1.Araip.B08_66859136",18,66859136
"SNP8118","araip.K30076.gnm1.Araip.B08_67116256",18,67116256
"SNP8119","araip.K30076.gnm1.Araip.B08_67141727",18,67141727
"SNP8120","araip.K30076.gnm1.Araip.B08_69871347",18,69871347
"SNP8121","araip.K30076.gnm1.Araip.B08_69906602",18,69906602
"SNP8122","araip.K30076.gnm1.Araip.B08_69983853",18,69983853
"SNP8123","araip.K30076.gnm1.Araip.B08_70335282",18,70335282
"SNP8124","araip.K30076.gnm1.Araip.B08_71598146",18,71598146
"SNP8125","araip.K30076.gnm1.Araip.B08_71803509",18,71803509
"SNP8126","araip.K30076.gnm1.Araip.B08_72080286",18,72080286
"SNP8127","araip.K30076.gnm1.Araip.B08_72907684",18,72907684
"SNP8128","araip.K30076.gnm1.Araip.B08_74407520",18,74407520
"SNP8129","araip.K30076.gnm1.Araip.B08_74640510",18,74640510
"SNP8130","araip.K30076.gnm1.Araip.B08_75405749",18,75405749
"SNP8131","araip.K30076.gnm1.Araip.B08_75908306",18,75908306
"SNP8132","araip.K30076.gnm1.Araip.B08_75909569",18,75909569
"SNP8133","araip.K30076.gnm1.Araip.B08_76108086",18,76108086
"SNP8134","araip.K30076.gnm1.Araip.B08_76311102",18,76311102
"SNP8135","araip.K30076.gnm1.Araip.B08_76480137",18,76480137
"SNP8136","araip.K30076.gnm1.Araip.B08_77291460",18,77291460
"SNP8137","araip.K30076.gnm1.Araip.B08_77391559",18,77391559
"SNP8138","araip.K30076.gnm1.Araip.B08_78307183",18,78307183
"SNP8139","araip.K30076.gnm1.Araip.B08_79106939",18,79106939
"SNP8140","araip.K30076.gnm1.Araip.B08_79132606",18,79132606
"SNP8141","araip.K30076.gnm1.Araip.B08_79833882",18,79833882
"SNP8142","araip.K30076.gnm1.Araip.B08_80072452",18,80072452
"SNP8143","araip.K30076.gnm1.Araip.B08_82139298",18,82139298
"SNP8144","araip.K30076.gnm1.Araip.B08_83638340",18,83638340
"SNP8145","araip.K30076.gnm1.Araip.B08_83641669",18,83641669
"SNP8146","araip.K30076.gnm1.Araip.B08_84595504",18,84595504
"SNP8147","araip.K30076.gnm1.Araip.B08_84623205",18,84623205
"SNP8148","araip.K30076.gnm1.Araip.B08_84623867",18,84623867
"SNP8149","araip.K30076.gnm1.Araip.B08_84731310",18,84731310
"SNP8150","araip.K30076.gnm1.Araip.B08_85107455",18,85107455
"SNP8151","araip.K30076.gnm1.Araip.B08_86519669",18,86519669
"SNP8152","araip.K30076.gnm1.Araip.B08_88082974",18,88082974
"SNP8153","araip.K30076.gnm1.Araip.B08_88164943",18,88164943
"SNP8154","araip.K30076.gnm1.Araip.B08_88281534",18,88281534
"SNP8155","araip.K30076.gnm1.Araip.B08_88374373",18,88374373
"SNP8156","araip.K30076.gnm1.Araip.B08_88908642",18,88908642
"SNP8157","araip.K30076.gnm1.Araip.B08_89184300",18,89184300
"SNP8158","araip.K30076.gnm1.Araip.B08_89289560",18,89289560
"SNP8159","araip.K30076.gnm1.Araip.B08_89386231",18,89386231
"SNP8160","araip.K30076.gnm1.Araip.B08_89523215",18,89523215
"SNP8161","araip.K30076.gnm1.Araip.B08_89687755",18,89687755
"SNP8162","araip.K30076.gnm1.Araip.B08_89814460",18,89814460
"SNP8163","araip.K30076.gnm1.Araip.B08_89814607",18,89814607
"SNP8164","araip.K30076.gnm1.Araip.B08_89814999",18,89814999
"SNP8165","araip.K30076.gnm1.Araip.B08_89817152",18,89817152
"SNP8166","araip.K30076.gnm1.Araip.B08_89841880",18,89841880
"SNP8167","araip.K30076.gnm1.Araip.B08_90057402",18,90057402
"SNP8168","araip.K30076.gnm1.Araip.B08_90057868",18,90057868
"SNP8169","araip.K30076.gnm1.Araip.B08_90125463",18,90125463
"SNP8170","araip.K30076.gnm1.Araip.B08_90151728",18,90151728
"SNP8171","araip.K30076.gnm1.Araip.B08_90569856",18,90569856
"SNP8172","araip.K30076.gnm1.Araip.B08_90742196",18,90742196
"SNP8173","araip.K30076.gnm1.Araip.B08_90742912",18,90742912
"SNP8174","araip.K30076.gnm1.Araip.B08_91513140",18,91513140
"SNP8175","araip.K30076.gnm1.Araip.B08_91584520",18,91584520
"SNP8176","araip.K30076.gnm1.Araip.B08_91633005",18,91633005
"SNP8177","araip.K30076.gnm1.Araip.B08_91762692",18,91762692
"SNP8178","araip.K30076.gnm1.Araip.B08_91789359",18,91789359
"SNP8179","araip.K30076.gnm1.Araip.B08_91953923",18,91953923
"SNP8180","araip.K30076.gnm1.Araip.B08_92068754",18,92068754
"SNP8181","araip.K30076.gnm1.Araip.B08_92069551",18,92069551
"SNP8182","araip.K30076.gnm1.Araip.B08_92092344",18,92092344
"SNP8183","araip.K30076.gnm1.Araip.B08_92106479",18,92106479
"SNP8184","araip.K30076.gnm1.Araip.B08_92419476",18,92419476
"SNP8185","araip.K30076.gnm1.Araip.B08_92424571",18,92424571
"SNP8186","araip.K30076.gnm1.Araip.B08_92503694",18,92503694
"SNP8187","araip.K30076.gnm1.Araip.B08_92530606",18,92530606
"SNP8188","araip.K30076.gnm1.Araip.B08_92531496",18,92531496
"SNP8189","araip.K30076.gnm1.Araip.B08_92716751",18,92716751
"SNP8190","araip.K30076.gnm1.Araip.B08_92720164",18,92720164
"SNP8191","araip.K30076.gnm1.Araip.B08_92743338",18,92743338
"SNP8192","araip.K30076.gnm1.Araip.B08_92751992",18,92751992
"SNP8193","araip.K30076.gnm1.Araip.B08_92917823",18,92917823
"SNP8194","araip.K30076.gnm1.Araip.B08_92919942",18,92919942
"SNP8195","araip.K30076.gnm1.Araip.B08_92929143",18,92929143
"SNP8196","araip.K30076.gnm1.Araip.B08_93445772",18,93445772
"SNP8197","araip.K30076.gnm1.Araip.B08_93700779",18,93700779
"SNP8198","araip.K30076.gnm1.Araip.B08_93799494",18,93799494
"SNP8199","araip.K30076.gnm1.Araip.B08_94070014",18,94070014
"SNP8200","araip.K30076.gnm1.Araip.B08_94906233",18,94906233
"SNP8201","araip.K30076.gnm1.Araip.B08_94911646",18,94911646
"SNP8202","araip.K30076.gnm1.Araip.B08_95854810",18,95854810
"SNP8203","araip.K30076.gnm1.Araip.B08_96010844",18,96010844
"SNP8204","araip.K30076.gnm1.Araip.B08_96048496",18,96048496
"SNP8205","araip.K30076.gnm1.Araip.B08_96294160",18,96294160
"SNP8206","araip.K30076.gnm1.Araip.B08_96353666",18,96353666
"SNP8207","araip.K30076.gnm1.Araip.B08_96376238",18,96376238
"SNP8208","araip.K30076.gnm1.Araip.B08_96376248",18,96376248
"SNP8209","araip.K30076.gnm1.Araip.B08_96400990",18,96400990
"SNP8210","araip.K30076.gnm1.Araip.B08_96779677",18,96779677
"SNP8211","araip.K30076.gnm1.Araip.B08_96965539",18,96965539
"SNP8212","araip.K30076.gnm1.Araip.B08_97410007",18,97410007
"SNP8213","araip.K30076.gnm1.Araip.B08_97437839",18,97437839
"SNP8214","araip.K30076.gnm1.Araip.B08_97749212",18,97749212
"SNP8215","araip.K30076.gnm1.Araip.B08_97753597",18,97753597
"SNP8216","araip.K30076.gnm1.Araip.B08_97805359",18,97805359
"SNP8217","araip.K30076.gnm1.Araip.B08_97954422",18,97954422
"SNP8218","araip.K30076.gnm1.Araip.B08_98144602",18,98144602
"SNP8219","araip.K30076.gnm1.Araip.B08_98156137",18,98156137
"SNP8220","araip.K30076.gnm1.Araip.B08_98161351",18,98161351
"SNP8221","araip.K30076.gnm1.Araip.B08_98162650",18,98162650
"SNP8222","araip.K30076.gnm1.Araip.B08_98163303",18,98163303
"SNP8223","araip.K30076.gnm1.Araip.B08_98217405",18,98217405
"SNP8224","araip.K30076.gnm1.Araip.B08_98365065",18,98365065
"SNP8225","araip.K30076.gnm1.Araip.B08_98419306",18,98419306
"SNP8226","araip.K30076.gnm1.Araip.B08_98423005",18,98423005
"SNP8227","araip.K30076.gnm1.Araip.B08_98425771",18,98425771
"SNP8228","araip.K30076.gnm1.Araip.B08_98669700",18,98669700
"SNP8229","araip.K30076.gnm1.Araip.B08_98689510",18,98689510
"SNP8230","araip.K30076.gnm1.Araip.B08_98749831",18,98749831
"SNP8231","araip.K30076.gnm1.Araip.B08_98873788",18,98873788
"SNP8232","araip.K30076.gnm1.Araip.B08_99008654",18,99008654
"SNP8233","araip.K30076.gnm1.Araip.B08_99649360",18,99649360
"SNP8234","araip.K30076.gnm1.Araip.B08_99785311",18,99785311
"SNP8235","araip.K30076.gnm1.Araip.B08_99856708",18,99856708
"SNP8236","araip.K30076.gnm1.Araip.B08_100118653",18,100118653
"SNP8237","araip.K30076.gnm1.Araip.B08_100140223",18,100140223
"SNP8238","araip.K30076.gnm1.Araip.B08_100146888",18,100146888
"SNP8239","araip.K30076.gnm1.Araip.B08_100479875",18,100479875
"SNP8240","araip.K30076.gnm1.Araip.B08_100591710",18,100591710
"SNP8241","araip.K30076.gnm1.Araip.B08_100594028",18,100594028
"SNP8242","araip.K30076.gnm1.Araip.B08_100946911",18,100946911
"SNP8243","araip.K30076.gnm1.Araip.B08_101335328",18,101335328
"SNP8244","araip.K30076.gnm1.Araip.B08_101379334",18,101379334
"SNP8245","araip.K30076.gnm1.Araip.B08_101392090",18,101392090
"SNP8246","araip.K30076.gnm1.Araip.B08_101447171",18,101447171
"SNP8247","araip.K30076.gnm1.Araip.B08_101547178",18,101547178
"SNP8248","araip.K30076.gnm1.Araip.B08_101659014",18,101659014
"SNP8249","araip.K30076.gnm1.Araip.B08_101858265",18,101858265
"SNP8250","araip.K30076.gnm1.Araip.B08_101906255",18,101906255
"SNP8251","araip.K30076.gnm1.Araip.B08_102103336",18,102103336
"SNP8252","araip.K30076.gnm1.Araip.B08_102315390",18,102315390
"SNP8253","araip.K30076.gnm1.Araip.B08_102507541",18,102507541
"SNP8254","araip.K30076.gnm1.Araip.B08_102544909",18,102544909
"SNP8255","araip.K30076.gnm1.Araip.B08_102550613",18,102550613
"SNP8256","araip.K30076.gnm1.Araip.B08_102567142",18,102567142
"SNP8257","araip.K30076.gnm1.Araip.B08_102613586",18,102613586
"SNP8258","araip.K30076.gnm1.Araip.B08_102830236",18,102830236
"SNP8259","araip.K30076.gnm1.Araip.B08_103025804",18,103025804
"SNP8260","araip.K30076.gnm1.Araip.B08_103157397",18,103157397
"SNP8261","araip.K30076.gnm1.Araip.B08_103188553",18,103188553
"SNP8262","araip.K30076.gnm1.Araip.B08_103193936",18,103193936
"SNP8263","araip.K30076.gnm1.Araip.B08_103194512",18,103194512
"SNP8264","araip.K30076.gnm1.Araip.B08_103242906",18,103242906
"SNP8265","araip.K30076.gnm1.Araip.B08_103243765",18,103243765
"SNP8266","araip.K30076.gnm1.Araip.B08_103255270",18,103255270
"SNP8267","araip.K30076.gnm1.Araip.B08_103258895",18,103258895
"SNP8268","araip.K30076.gnm1.Araip.B08_103271088",18,103271088
"SNP8269","araip.K30076.gnm1.Araip.B08_103633476",18,103633476
"SNP8270","araip.K30076.gnm1.Araip.B08_103830550",18,103830550
"SNP8271","araip.K30076.gnm1.Araip.B08_104324199",18,104324199
"SNP8272","araip.K30076.gnm1.Araip.B08_104368192",18,104368192
"SNP8273","araip.K30076.gnm1.Araip.B08_104457067",18,104457067
"SNP8274","araip.K30076.gnm1.Araip.B08_104905096",18,104905096
"SNP8275","araip.K30076.gnm1.Araip.B08_104920365",18,104920365
"SNP8276","araip.K30076.gnm1.Araip.B08_104922183",18,104922183
"SNP8277","araip.K30076.gnm1.Araip.B08_105062675",18,105062675
"SNP8278","araip.K30076.gnm1.Araip.B08_105291590",18,105291590
"SNP8279","araip.K30076.gnm1.Araip.B08_105304643",18,105304643
"SNP8280","araip.K30076.gnm1.Araip.B08_105306687",18,105306687
"SNP8281","araip.K30076.gnm1.Araip.B08_105315939",18,105315939
"SNP8282","araip.K30076.gnm1.Araip.B08_105317074",18,105317074
"SNP8283","araip.K30076.gnm1.Araip.B08_105474555",18,105474555
"SNP8284","araip.K30076.gnm1.Araip.B08_105478058",18,105478058
"SNP8285","araip.K30076.gnm1.Araip.B08_105502495",18,105502495
"SNP8286","araip.K30076.gnm1.Araip.B08_105532652",18,105532652
"SNP8287","araip.K30076.gnm1.Araip.B08_105554224",18,105554224
"SNP8288","araip.K30076.gnm1.Araip.B08_105617743",18,105617743
"SNP8289","araip.K30076.gnm1.Araip.B08_105670168",18,105670168
"SNP8290","araip.K30076.gnm1.Araip.B08_105747559",18,105747559
"SNP8291","araip.K30076.gnm1.Araip.B08_105754915",18,105754915
"SNP8292","araip.K30076.gnm1.Araip.B08_105781803",18,105781803
"SNP8293","araip.K30076.gnm1.Araip.B08_105937261",18,105937261
"SNP8294","araip.K30076.gnm1.Araip.B08_106037255",18,106037255
"SNP8295","araip.K30076.gnm1.Araip.B08_106104756",18,106104756
"SNP8296","araip.K30076.gnm1.Araip.B08_106136253",18,106136253
"SNP8297","araip.K30076.gnm1.Araip.B08_106146502",18,106146502
"SNP8298","araip.K30076.gnm1.Araip.B08_106271017",18,106271017
"SNP8299","araip.K30076.gnm1.Araip.B08_106271132",18,106271132
"SNP8300","araip.K30076.gnm1.Araip.B08_106274380",18,106274380
"SNP8301","araip.K30076.gnm1.Araip.B08_106274990",18,106274990
"SNP8302","araip.K30076.gnm1.Araip.B08_106275030",18,106275030
"SNP8303","araip.K30076.gnm1.Araip.B08_106275534",18,106275534
"SNP8304","araip.K30076.gnm1.Araip.B08_106321140",18,106321140
"SNP8305","araip.K30076.gnm1.Araip.B08_106409355",18,106409355
"SNP8306","araip.K30076.gnm1.Araip.B08_106467856",18,106467856
"SNP8307","araip.K30076.gnm1.Araip.B08_106808791",18,106808791
"SNP8308","araip.K30076.gnm1.Araip.B08_106811144",18,106811144
"SNP8309","araip.K30076.gnm1.Araip.B08_106885603",18,106885603
"SNP8310","araip.K30076.gnm1.Araip.B08_106886396",18,106886396
"SNP8311","araip.K30076.gnm1.Araip.B08_106888743",18,106888743
"SNP8312","araip.K30076.gnm1.Araip.B08_106893034",18,106893034
"SNP8313","araip.K30076.gnm1.Araip.B08_106956967",18,106956967
"SNP8314","araip.K30076.gnm1.Araip.B08_107121138",18,107121138
"SNP8315","araip.K30076.gnm1.Araip.B08_107210203",18,107210203
"SNP8316","araip.K30076.gnm1.Araip.B08_107301150",18,107301150
"SNP8317","araip.K30076.gnm1.Araip.B08_107499739",18,107499739
"SNP8318","araip.K30076.gnm1.Araip.B08_107665166",18,107665166
"SNP8319","araip.K30076.gnm1.Araip.B08_107675338",18,107675338
"SNP8320","araip.K30076.gnm1.Araip.B08_107697026",18,107697026
"SNP8321","araip.K30076.gnm1.Araip.B08_108077941",18,108077941
"SNP8322","araip.K30076.gnm1.Araip.B08_108317988",18,108317988
"SNP8323","araip.K30076.gnm1.Araip.B08_108677942",18,108677942
"SNP8324","araip.K30076.gnm1.Araip.B08_108957680",18,108957680
"SNP8325","araip.K30076.gnm1.Araip.B08_108958569",18,108958569
"SNP8326","araip.K30076.gnm1.Araip.B08_108958843",18,108958843
"SNP8327","araip.K30076.gnm1.Araip.B08_109002542",18,109002542
"SNP8328","araip.K30076.gnm1.Araip.B08_109015742",18,109015742
"SNP8329","araip.K30076.gnm1.Araip.B08_109126842",18,109126842
"SNP8330","araip.K30076.gnm1.Araip.B08_109132440",18,109132440
"SNP8331","araip.K30076.gnm1.Araip.B08_109609093",18,109609093
"SNP8332","araip.K30076.gnm1.Araip.B08_109755349",18,109755349
"SNP8333","araip.K30076.gnm1.Araip.B08_110068236",18,110068236
"SNP8334","araip.K30076.gnm1.Araip.B08_110109758",18,110109758
"SNP8335","araip.K30076.gnm1.Araip.B08_110126104",18,110126104
"SNP8336","araip.K30076.gnm1.Araip.B08_110269356",18,110269356
"SNP8337","araip.K30076.gnm1.Araip.B08_110459163",18,110459163
"SNP8338","araip.K30076.gnm1.Araip.B08_110509792",18,110509792
"SNP8339","araip.K30076.gnm1.Araip.B08_110549540",18,110549540
"SNP8340","araip.K30076.gnm1.Araip.B08_110550614",18,110550614
"SNP8341","araip.K30076.gnm1.Araip.B08_110560205",18,110560205
"SNP8342","araip.K30076.gnm1.Araip.B08_110604184",18,110604184
"SNP8343","araip.K30076.gnm1.Araip.B08_110623990",18,110623990
"SNP8344","araip.K30076.gnm1.Araip.B08_110624763",18,110624763
"SNP8345","araip.K30076.gnm1.Araip.B08_110670825",18,110670825
"SNP8346","araip.K30076.gnm1.Araip.B08_110784655",18,110784655
"SNP8347","araip.K30076.gnm1.Araip.B08_110878820",18,110878820
"SNP8348","araip.K30076.gnm1.Araip.B08_110955275",18,110955275
"SNP8349","araip.K30076.gnm1.Araip.B08_111289082",18,111289082
"SNP8350","araip.K30076.gnm1.Araip.B08_111308637",18,111308637
"SNP8351","araip.K30076.gnm1.Araip.B08_111377562",18,111377562
"SNP8352","araip.K30076.gnm1.Araip.B08_111574872",18,111574872
"SNP8353","araip.K30076.gnm1.Araip.B08_111877171",18,111877171
"SNP8354","araip.K30076.gnm1.Araip.B08_111900067",18,111900067
"SNP8355","araip.K30076.gnm1.Araip.B08_112078475",18,112078475
"SNP8356","araip.K30076.gnm1.Araip.B08_112259392",18,112259392
"SNP8357","araip.K30076.gnm1.Araip.B08_112346244",18,112346244
"SNP8358","araip.K30076.gnm1.Araip.B08_112356996",18,112356996
"SNP8359","araip.K30076.gnm1.Araip.B08_112396988",18,112396988
"SNP8360","araip.K30076.gnm1.Araip.B08_112403070",18,112403070
"SNP8361","araip.K30076.gnm1.Araip.B08_112930201",18,112930201
"SNP8362","araip.K30076.gnm1.Araip.B08_113033990",18,113033990
"SNP8363","araip.K30076.gnm1.Araip.B08_113372131",18,113372131
"SNP8364","araip.K30076.gnm1.Araip.B08_113601371",18,113601371
"SNP8365","araip.K30076.gnm1.Araip.B08_113743079",18,113743079
"SNP8366","araip.K30076.gnm1.Araip.B08_114027919",18,114027919
"SNP8367","araip.K30076.gnm1.Araip.B08_114075381",18,114075381
"SNP8368","araip.K30076.gnm1.Araip.B08_114194999",18,114194999
"SNP8369","araip.K30076.gnm1.Araip.B08_114322004",18,114322004
"SNP8370","araip.K30076.gnm1.Araip.B08_114379536",18,114379536
"SNP8371","araip.K30076.gnm1.Araip.B08_114413373",18,114413373
"SNP8372","araip.K30076.gnm1.Araip.B08_114426335",18,114426335
"SNP8373","araip.K30076.gnm1.Araip.B08_114467385",18,114467385
"SNP8374","araip.K30076.gnm1.Araip.B08_114708204",18,114708204
"SNP8375","araip.K30076.gnm1.Araip.B08_114819013",18,114819013
"SNP8376","araip.K30076.gnm1.Araip.B08_114839532",18,114839532
"SNP8377","araip.K30076.gnm1.Araip.B08_114963739",18,114963739
"SNP8378","araip.K30076.gnm1.Araip.B08_114984851",18,114984851
"SNP8379","araip.K30076.gnm1.Araip.B08_115027339",18,115027339
"SNP8380","araip.K30076.gnm1.Araip.B08_115145052",18,115145052
"SNP8381","araip.K30076.gnm1.Araip.B08_115473543",18,115473543
"SNP8382","araip.K30076.gnm1.Araip.B08_115619044",18,115619044
"SNP8383","araip.K30076.gnm1.Araip.B08_115867989",18,115867989
"SNP8384","araip.K30076.gnm1.Araip.B08_115914817",18,115914817
"SNP8385","araip.K30076.gnm1.Araip.B08_115951670",18,115951670
"SNP8386","araip.K30076.gnm1.Araip.B08_116001011",18,116001011
"SNP8387","araip.K30076.gnm1.Araip.B08_116203462",18,116203462
"SNP8388","araip.K30076.gnm1.Araip.B08_116213205",18,116213205
"SNP8389","araip.K30076.gnm1.Araip.B08_116283376",18,116283376
"SNP8390","araip.K30076.gnm1.Araip.B08_116579023",18,116579023
"SNP8391","araip.K30076.gnm1.Araip.B08_116748858",18,116748858
"SNP8392","araip.K30076.gnm1.Araip.B08_116879461",18,116879461
"SNP8393","araip.K30076.gnm1.Araip.B08_116889495",18,116889495
"SNP8394","araip.K30076.gnm1.Araip.B08_117245059",18,117245059
"SNP8395","araip.K30076.gnm1.Araip.B08_117286720",18,117286720
"SNP8396","araip.K30076.gnm1.Araip.B08_117330607",18,117330607
"SNP8397","araip.K30076.gnm1.Araip.B08_117448091",18,117448091
"SNP8398","araip.K30076.gnm1.Araip.B08_117477168",18,117477168
"SNP8399","araip.K30076.gnm1.Araip.B08_117585170",18,117585170
"SNP8400","araip.K30076.gnm1.Araip.B08_117687926",18,117687926
"SNP8401","araip.K30076.gnm1.Araip.B08_117714123",18,117714123
"SNP8402","araip.K30076.gnm1.Araip.B08_117810022",18,117810022
"SNP8403","araip.K30076.gnm1.Araip.B08_117812827",18,117812827
"SNP8404","araip.K30076.gnm1.Araip.B08_117912559",18,117912559
"SNP8405","araip.K30076.gnm1.Araip.B08_118012657",18,118012657
"SNP8406","araip.K30076.gnm1.Araip.B08_118050190",18,118050190
"SNP8407","araip.K30076.gnm1.Araip.B08_118062935",18,118062935
"SNP8408","araip.K30076.gnm1.Araip.B08_118063201",18,118063201
"SNP8409","araip.K30076.gnm1.Araip.B08_118242210",18,118242210
"SNP8410","araip.K30076.gnm1.Araip.B08_118487359",18,118487359
"SNP8411","araip.K30076.gnm1.Araip.B08_118501388",18,118501388
"SNP8412","araip.K30076.gnm1.Araip.B08_118649868",18,118649868
"SNP8413","araip.K30076.gnm1.Araip.B08_118790564",18,118790564
"SNP8414","araip.K30076.gnm1.Araip.B08_118890624",18,118890624
"SNP8415","araip.K30076.gnm1.Araip.B08_118952415",18,118952415
"SNP8416","araip.K30076.gnm1.Araip.B08_119146075",18,119146075
"SNP8417","araip.K30076.gnm1.Araip.B08_119198541",18,119198541
"SNP8418","araip.K30076.gnm1.Araip.B08_119381150",18,119381150
"SNP8419","araip.K30076.gnm1.Araip.B08_119420089",18,119420089
"SNP8420","araip.K30076.gnm1.Araip.B08_120100011",18,120100011
"SNP8421","araip.K30076.gnm1.Araip.B08_120101026",18,120101026
"SNP8422","araip.K30076.gnm1.Araip.B08_120179734",18,120179734
"SNP8423","araip.K30076.gnm1.Araip.B08_120216377",18,120216377
"SNP8424","araip.K30076.gnm1.Araip.B08_120230474",18,120230474
"SNP8425","araip.K30076.gnm1.Araip.B08_120257621",18,120257621
"SNP8426","araip.K30076.gnm1.Araip.B08_120270379",18,120270379
"SNP8427","araip.K30076.gnm1.Araip.B08_120394337",18,120394337
"SNP8428","araip.K30076.gnm1.Araip.B08_120406136",18,120406136
"SNP8429","araip.K30076.gnm1.Araip.B08_120604162",18,120604162
"SNP8430","araip.K30076.gnm1.Araip.B08_120874359",18,120874359
"SNP8431","araip.K30076.gnm1.Araip.B08_121167676",18,121167676
"SNP8432","araip.K30076.gnm1.Araip.B08_121290117",18,121290117
"SNP8433","araip.K30076.gnm1.Araip.B08_121293739",18,121293739
"SNP8434","araip.K30076.gnm1.Araip.B08_121539552",18,121539552
"SNP8435","araip.K30076.gnm1.Araip.B08_121541041",18,121541041
"SNP8436","araip.K30076.gnm1.Araip.B08_121541501",18,121541501
"SNP8437","araip.K30076.gnm1.Araip.B08_121657652",18,121657652
"SNP8438","araip.K30076.gnm1.Araip.B08_121751457",18,121751457
"SNP8439","araip.K30076.gnm1.Araip.B08_121783058",18,121783058
"SNP8440","araip.K30076.gnm1.Araip.B08_121820001",18,121820001
"SNP8441","araip.K30076.gnm1.Araip.B08_122019103",18,122019103
"SNP8442","araip.K30076.gnm1.Araip.B08_122042726",18,122042726
"SNP8443","araip.K30076.gnm1.Araip.B08_122074815",18,122074815
"SNP8444","araip.K30076.gnm1.Araip.B08_122185548",18,122185548
"SNP8445","araip.K30076.gnm1.Araip.B08_122403937",18,122403937
"SNP8446","araip.K30076.gnm1.Araip.B08_122470135",18,122470135
"SNP8447","araip.K30076.gnm1.Araip.B08_122489576",18,122489576
"SNP8448","araip.K30076.gnm1.Araip.B08_122514540",18,122514540
"SNP8449","araip.K30076.gnm1.Araip.B08_122555134",18,122555134
"SNP8450","araip.K30076.gnm1.Araip.B08_122555740",18,122555740
"SNP8451","araip.K30076.gnm1.Araip.B08_122988344",18,122988344
"SNP8452","araip.K30076.gnm1.Araip.B08_123037578",18,123037578
"SNP8453","araip.K30076.gnm1.Araip.B08_123175078",18,123175078
"SNP8454","araip.K30076.gnm1.Araip.B08_123186767",18,123186767
"SNP8455","araip.K30076.gnm1.Araip.B08_123311330",18,123311330
"SNP8456","araip.K30076.gnm1.Araip.B08_123368501",18,123368501
"SNP8457","araip.K30076.gnm1.Araip.B08_123455425",18,123455425
"SNP8458","araip.K30076.gnm1.Araip.B08_123479905",18,123479905
"SNP8459","araip.K30076.gnm1.Araip.B08_123621438",18,123621438
"SNP8460","araip.K30076.gnm1.Araip.B08_123690166",18,123690166
"SNP8461","araip.K30076.gnm1.Araip.B08_123690877",18,123690877
"SNP8462","araip.K30076.gnm1.Araip.B08_123805023",18,123805023
"SNP8463","araip.K30076.gnm1.Araip.B08_123807718",18,123807718
"SNP8464","araip.K30076.gnm1.Araip.B08_123822319",18,123822319
"SNP8465","araip.K30076.gnm1.Araip.B08_124005052",18,124005052
"SNP8466","araip.K30076.gnm1.Araip.B08_124240452",18,124240452
"SNP8467","araip.K30076.gnm1.Araip.B08_124249669",18,124249669
"SNP8468","araip.K30076.gnm1.Araip.B08_124284322",18,124284322
"SNP8469","araip.K30076.gnm1.Araip.B08_124285461",18,124285461
"SNP8470","araip.K30076.gnm1.Araip.B08_124287609",18,124287609
"SNP8471","araip.K30076.gnm1.Araip.B08_124438815",18,124438815
"SNP8472","araip.K30076.gnm1.Araip.B08_124444990",18,124444990
"SNP8473","araip.K30076.gnm1.Araip.B08_124607165",18,124607165
"SNP8474","araip.K30076.gnm1.Araip.B08_124777771",18,124777771
"SNP8475","araip.K30076.gnm1.Araip.B08_124840097",18,124840097
"SNP8476","araip.K30076.gnm1.Araip.B08_124919225",18,124919225
"SNP8477","araip.K30076.gnm1.Araip.B08_124954019",18,124954019
"SNP8478","araip.K30076.gnm1.Araip.B08_124962643",18,124962643
"SNP8479","araip.K30076.gnm1.Araip.B08_125030330",18,125030330
"SNP8480","araip.K30076.gnm1.Araip.B08_125086506",18,125086506
"SNP8481","araip.K30076.gnm1.Araip.B08_125130583",18,125130583
"SNP8482","araip.K30076.gnm1.Araip.B08_125234512",18,125234512
"SNP8483","araip.K30076.gnm1.Araip.B08_125262047",18,125262047
"SNP8484","araip.K30076.gnm1.Araip.B08_125505318",18,125505318
"SNP8485","araip.K30076.gnm1.Araip.B08_125552900",18,125552900
"SNP8486","araip.K30076.gnm1.Araip.B08_125671097",18,125671097
"SNP8487","araip.K30076.gnm1.Araip.B08_125831943",18,125831943
"SNP8488","araip.K30076.gnm1.Araip.B08_125831963",18,125831963
"SNP8489","araip.K30076.gnm1.Araip.B08_125894121",18,125894121
"SNP8490","araip.K30076.gnm1.Araip.B08_125965477",18,125965477
"SNP8491","araip.K30076.gnm1.Araip.B08_125966663",18,125966663
"SNP8492","araip.K30076.gnm1.Araip.B08_125972231",18,125972231
"SNP8493","araip.K30076.gnm1.Araip.B08_125989864",18,125989864
"SNP8494","araip.K30076.gnm1.Araip.B08_125991966",18,125991966
"SNP8495","araip.K30076.gnm1.Araip.B08_126099357",18,126099357
"SNP8496","araip.K30076.gnm1.Araip.B08_126192197",18,126192197
"SNP8497","araip.K30076.gnm1.Araip.B08_126554167",18,126554167
"SNP8498","araip.K30076.gnm1.Araip.B08_126593895",18,126593895
"SNP8499","araip.K30076.gnm1.Araip.B08_126640765",18,126640765
"SNP8500","araip.K30076.gnm1.Araip.B08_126660178",18,126660178
"SNP8501","araip.K30076.gnm1.Araip.B08_126668369",18,126668369
"SNP8502","araip.K30076.gnm1.Araip.B08_126684394",18,126684394
"SNP8503","araip.K30076.gnm1.Araip.B08_126786803",18,126786803
"SNP8504","araip.K30076.gnm1.Araip.B08_126843491",18,126843491
"SNP8505","araip.K30076.gnm1.Araip.B08_126865856",18,126865856
"SNP8506","araip.K30076.gnm1.Araip.B08_127120175",18,127120175
"SNP8507","araip.K30076.gnm1.Araip.B08_127130759",18,127130759
"SNP8508","araip.K30076.gnm1.Araip.B08_127142500",18,127142500
"SNP8509","araip.K30076.gnm1.Araip.B08_127177465",18,127177465
"SNP8510","araip.K30076.gnm1.Araip.B08_127267890",18,127267890
"SNP8511","araip.K30076.gnm1.Araip.B08_127304285",18,127304285
"SNP8512","araip.K30076.gnm1.Araip.B08_127321889",18,127321889
"SNP8513","araip.K30076.gnm1.Araip.B08_127344041",18,127344041
"SNP8514","araip.K30076.gnm1.Araip.B08_127823845",18,127823845
"SNP8515","araip.K30076.gnm1.Araip.B08_127891086",18,127891086
"SNP8516","araip.K30076.gnm1.Araip.B08_128054748",18,128054748
"SNP8517","araip.K30076.gnm1.Araip.B08_128127385",18,128127385
"SNP8518","araip.K30076.gnm1.Araip.B08_128130441",18,128130441
"SNP8519","araip.K30076.gnm1.Araip.B08_128142947",18,128142947
"SNP8520","araip.K30076.gnm1.Araip.B08_128161914",18,128161914
"SNP8521","araip.K30076.gnm1.Araip.B08_128176752",18,128176752
"SNP8522","araip.K30076.gnm1.Araip.B08_128266763",18,128266763
"SNP8523","araip.K30076.gnm1.Araip.B08_128314173",18,128314173
"SNP8524","araip.K30076.gnm1.Araip.B08_128389501",18,128389501
"SNP8525","araip.K30076.gnm1.Araip.B08_128560993",18,128560993
"SNP8526","araip.K30076.gnm1.Araip.B08_128826601",18,128826601
"SNP8527","araip.K30076.gnm1.Araip.B08_128843602",18,128843602
"SNP8528","araip.K30076.gnm1.Araip.B08_128890872",18,128890872
"SNP8529","araip.K30076.gnm1.Araip.B08_128909129",18,128909129
"SNP8530","araip.K30076.gnm1.Araip.B08_128909268",18,128909268
"SNP8531","araip.K30076.gnm1.Araip.B08_128965133",18,128965133
"SNP8532","araip.K30076.gnm1.Araip.B08_129005860",18,129005860
"SNP8533","araip.K30076.gnm1.Araip.B08_129102004",18,129102004
"SNP8534","araip.K30076.gnm1.Araip.B08_129199206",18,129199206
"SNP8535","araip.K30076.gnm1.Araip.B08_129311474",18,129311474
"SNP8536","araip.K30076.gnm1.Araip.B08_129323492",18,129323492
"SNP8537","araip.K30076.gnm1.Araip.B08_129379036",18,129379036
"SNP8538","araip.K30076.gnm1.Araip.B08_129487219",18,129487219
"SNP8539","araip.K30076.gnm1.Araip.B08_129540280",18,129540280
"SNP8540","araip.K30076.gnm1.Araip.B08_129558379",18,129558379
"SNP8541","araip.K30076.gnm1.Araip.B09_286944",19,286944
"SNP8542","araip.K30076.gnm1.Araip.B09_675002",19,675002
"SNP8543","araip.K30076.gnm1.Araip.B09_766595",19,766595
"SNP8544","araip.K30076.gnm1.Araip.B09_820430",19,820430
"SNP8545","araip.K30076.gnm1.Araip.B09_937770",19,937770
"SNP8546","araip.K30076.gnm1.Araip.B09_938600",19,938600
"SNP8547","araip.K30076.gnm1.Araip.B09_956949",19,956949
"SNP8548","araip.K30076.gnm1.Araip.B09_982812",19,982812
"SNP8549","araip.K30076.gnm1.Araip.B09_1121266",19,1121266
"SNP8550","araip.K30076.gnm1.Araip.B09_1197723",19,1197723
"SNP8551","araip.K30076.gnm1.Araip.B09_1248560",19,1248560
"SNP8552","araip.K30076.gnm1.Araip.B09_1269074",19,1269074
"SNP8553","araip.K30076.gnm1.Araip.B09_1288873",19,1288873
"SNP8554","araip.K30076.gnm1.Araip.B09_1384163",19,1384163
"SNP8555","araip.K30076.gnm1.Araip.B09_1394776",19,1394776
"SNP8556","araip.K30076.gnm1.Araip.B09_1404687",19,1404687
"SNP8557","araip.K30076.gnm1.Araip.B09_1408953",19,1408953
"SNP8558","araip.K30076.gnm1.Araip.B09_1519585",19,1519585
"SNP8559","araip.K30076.gnm1.Araip.B09_1522958",19,1522958
"SNP8560","araip.K30076.gnm1.Araip.B09_1902158",19,1902158
"SNP8561","araip.K30076.gnm1.Araip.B09_1966917",19,1966917
"SNP8562","araip.K30076.gnm1.Araip.B09_2036451",19,2036451
"SNP8563","araip.K30076.gnm1.Araip.B09_2104500",19,2104500
"SNP8564","araip.K30076.gnm1.Araip.B09_2115207",19,2115207
"SNP8565","araip.K30076.gnm1.Araip.B09_2343453",19,2343453
"SNP8566","araip.K30076.gnm1.Araip.B09_2364873",19,2364873
"SNP8567","araip.K30076.gnm1.Araip.B09_2445419",19,2445419
"SNP8568","araip.K30076.gnm1.Araip.B09_2629938",19,2629938
"SNP8569","araip.K30076.gnm1.Araip.B09_2629940",19,2629940
"SNP8570","araip.K30076.gnm1.Araip.B09_2966167",19,2966167
"SNP8571","araip.K30076.gnm1.Araip.B09_3098893",19,3098893
"SNP8572","araip.K30076.gnm1.Araip.B09_3194751",19,3194751
"SNP8573","araip.K30076.gnm1.Araip.B09_3302580",19,3302580
"SNP8574","araip.K30076.gnm1.Araip.B09_3535864",19,3535864
"SNP8575","araip.K30076.gnm1.Araip.B09_3689908",19,3689908
"SNP8576","araip.K30076.gnm1.Araip.B09_3698507",19,3698507
"SNP8577","araip.K30076.gnm1.Araip.B09_3847590",19,3847590
"SNP8578","araip.K30076.gnm1.Araip.B09_4394438",19,4394438
"SNP8579","araip.K30076.gnm1.Araip.B09_4413702",19,4413702
"SNP8580","araip.K30076.gnm1.Araip.B09_4536600",19,4536600
"SNP8581","araip.K30076.gnm1.Araip.B09_4619500",19,4619500
"SNP8582","araip.K30076.gnm1.Araip.B09_4624873",19,4624873
"SNP8583","araip.K30076.gnm1.Araip.B09_4628942",19,4628942
"SNP8584","araip.K30076.gnm1.Araip.B09_4689058",19,4689058
"SNP8585","araip.K30076.gnm1.Araip.B09_4722481",19,4722481
"SNP8586","araip.K30076.gnm1.Araip.B09_4735972",19,4735972
"SNP8587","araip.K30076.gnm1.Araip.B09_5061074",19,5061074
"SNP8588","araip.K30076.gnm1.Araip.B09_5080013",19,5080013
"SNP8589","araip.K30076.gnm1.Araip.B09_5085113",19,5085113
"SNP8590","araip.K30076.gnm1.Araip.B09_5189475",19,5189475
"SNP8591","araip.K30076.gnm1.Araip.B09_5255367",19,5255367
"SNP8592","araip.K30076.gnm1.Araip.B09_5566905",19,5566905
"SNP8593","araip.K30076.gnm1.Araip.B09_5599451",19,5599451
"SNP8594","araip.K30076.gnm1.Araip.B09_5654763",19,5654763
"SNP8595","araip.K30076.gnm1.Araip.B09_5743986",19,5743986
"SNP8596","araip.K30076.gnm1.Araip.B09_5797154",19,5797154
"SNP8597","araip.K30076.gnm1.Araip.B09_5828096",19,5828096
"SNP8598","araip.K30076.gnm1.Araip.B09_5961282",19,5961282
"SNP8599","araip.K30076.gnm1.Araip.B09_6029124",19,6029124
"SNP8600","araip.K30076.gnm1.Araip.B09_6211744",19,6211744
"SNP8601","araip.K30076.gnm1.Araip.B09_6415165",19,6415165
"SNP8602","araip.K30076.gnm1.Araip.B09_6452106",19,6452106
"SNP8603","araip.K30076.gnm1.Araip.B09_6487149",19,6487149
"SNP8604","araip.K30076.gnm1.Araip.B09_6511599",19,6511599
"SNP8605","araip.K30076.gnm1.Araip.B09_6586017",19,6586017
"SNP8606","araip.K30076.gnm1.Araip.B09_6646851",19,6646851
"SNP8607","araip.K30076.gnm1.Araip.B09_6790419",19,6790419
"SNP8608","araip.K30076.gnm1.Araip.B09_6955520",19,6955520
"SNP8609","araip.K30076.gnm1.Araip.B09_6961062",19,6961062
"SNP8610","araip.K30076.gnm1.Araip.B09_7010736",19,7010736
"SNP8611","araip.K30076.gnm1.Araip.B09_7270906",19,7270906
"SNP8612","araip.K30076.gnm1.Araip.B09_7394464",19,7394464
"SNP8613","araip.K30076.gnm1.Araip.B09_7495640",19,7495640
"SNP8614","araip.K30076.gnm1.Araip.B09_7854673",19,7854673
"SNP8615","araip.K30076.gnm1.Araip.B09_7948274",19,7948274
"SNP8616","araip.K30076.gnm1.Araip.B09_7980192",19,7980192
"SNP8617","araip.K30076.gnm1.Araip.B09_7987206",19,7987206
"SNP8618","araip.K30076.gnm1.Araip.B09_7989408",19,7989408
"SNP8619","araip.K30076.gnm1.Araip.B09_8000276",19,8000276
"SNP8620","araip.K30076.gnm1.Araip.B09_8000310",19,8000310
"SNP8621","araip.K30076.gnm1.Araip.B09_8193949",19,8193949
"SNP8622","araip.K30076.gnm1.Araip.B09_8407980",19,8407980
"SNP8623","araip.K30076.gnm1.Araip.B09_8408566",19,8408566
"SNP8624","araip.K30076.gnm1.Araip.B09_8593235",19,8593235
"SNP8625","araip.K30076.gnm1.Araip.B09_8910356",19,8910356
"SNP8626","araip.K30076.gnm1.Araip.B09_9051850",19,9051850
"SNP8627","araip.K30076.gnm1.Araip.B09_9145577",19,9145577
"SNP8628","araip.K30076.gnm1.Araip.B09_9146491",19,9146491
"SNP8629","araip.K30076.gnm1.Araip.B09_9374882",19,9374882
"SNP8630","araip.K30076.gnm1.Araip.B09_9496312",19,9496312
"SNP8631","araip.K30076.gnm1.Araip.B09_9587962",19,9587962
"SNP8632","araip.K30076.gnm1.Araip.B09_9776423",19,9776423
"SNP8633","araip.K30076.gnm1.Araip.B09_10113434",19,10113434
"SNP8634","araip.K30076.gnm1.Araip.B09_10147019",19,10147019
"SNP8635","araip.K30076.gnm1.Araip.B09_10203689",19,10203689
"SNP8636","araip.K30076.gnm1.Araip.B09_10219908",19,10219908
"SNP8637","araip.K30076.gnm1.Araip.B09_10509117",19,10509117
"SNP8638","araip.K30076.gnm1.Araip.B09_10593187",19,10593187
"SNP8639","araip.K30076.gnm1.Araip.B09_10689285",19,10689285
"SNP8640","araip.K30076.gnm1.Araip.B09_10735224",19,10735224
"SNP8641","araip.K30076.gnm1.Araip.B09_10735371",19,10735371
"SNP8642","araip.K30076.gnm1.Araip.B09_10764711",19,10764711
"SNP8643","araip.K30076.gnm1.Araip.B09_10801176",19,10801176
"SNP8644","araip.K30076.gnm1.Araip.B09_10930606",19,10930606
"SNP8645","araip.K30076.gnm1.Araip.B09_11016521",19,11016521
"SNP8646","araip.K30076.gnm1.Araip.B09_11050240",19,11050240
"SNP8647","araip.K30076.gnm1.Araip.B09_11079568",19,11079568
"SNP8648","araip.K30076.gnm1.Araip.B09_11216899",19,11216899
"SNP8649","araip.K30076.gnm1.Araip.B09_11307954",19,11307954
"SNP8650","araip.K30076.gnm1.Araip.B09_11477865",19,11477865
"SNP8651","araip.K30076.gnm1.Araip.B09_11667494",19,11667494
"SNP8652","araip.K30076.gnm1.Araip.B09_12279083",19,12279083
"SNP8653","araip.K30076.gnm1.Araip.B09_12439573",19,12439573
"SNP8654","araip.K30076.gnm1.Araip.B09_12441889",19,12441889
"SNP8655","araip.K30076.gnm1.Araip.B09_12518764",19,12518764
"SNP8656","araip.K30076.gnm1.Araip.B09_12571709",19,12571709
"SNP8657","araip.K30076.gnm1.Araip.B09_12642604",19,12642604
"SNP8658","araip.K30076.gnm1.Araip.B09_12658004",19,12658004
"SNP8659","araip.K30076.gnm1.Araip.B09_12919730",19,12919730
"SNP8660","araip.K30076.gnm1.Araip.B09_13151882",19,13151882
"SNP8661","araip.K30076.gnm1.Araip.B09_13242455",19,13242455
"SNP8662","araip.K30076.gnm1.Araip.B09_13280390",19,13280390
"SNP8663","araip.K30076.gnm1.Araip.B09_13323947",19,13323947
"SNP8664","araip.K30076.gnm1.Araip.B09_13334367",19,13334367
"SNP8665","araip.K30076.gnm1.Araip.B09_13444854",19,13444854
"SNP8666","araip.K30076.gnm1.Araip.B09_13687958",19,13687958
"SNP8667","araip.K30076.gnm1.Araip.B09_13702079",19,13702079
"SNP8668","araip.K30076.gnm1.Araip.B09_13708701",19,13708701
"SNP8669","araip.K30076.gnm1.Araip.B09_13850529",19,13850529
"SNP8670","araip.K30076.gnm1.Araip.B09_13907685",19,13907685
"SNP8671","araip.K30076.gnm1.Araip.B09_13912333",19,13912333
"SNP8672","araip.K30076.gnm1.Araip.B09_13912968",19,13912968
"SNP8673","araip.K30076.gnm1.Araip.B09_14035568",19,14035568
"SNP8674","araip.K30076.gnm1.Araip.B09_14197823",19,14197823
"SNP8675","araip.K30076.gnm1.Araip.B09_14198288",19,14198288
"SNP8676","araip.K30076.gnm1.Araip.B09_14199396",19,14199396
"SNP8677","araip.K30076.gnm1.Araip.B09_14634928",19,14634928
"SNP8678","araip.K30076.gnm1.Araip.B09_14754621",19,14754621
"SNP8679","araip.K30076.gnm1.Araip.B09_14818494",19,14818494
"SNP8680","araip.K30076.gnm1.Araip.B09_14844154",19,14844154
"SNP8681","araip.K30076.gnm1.Araip.B09_14946426",19,14946426
"SNP8682","araip.K30076.gnm1.Araip.B09_14965161",19,14965161
"SNP8683","araip.K30076.gnm1.Araip.B09_15022638",19,15022638
"SNP8684","araip.K30076.gnm1.Araip.B09_15133195",19,15133195
"SNP8685","araip.K30076.gnm1.Araip.B09_15175656",19,15175656
"SNP8686","araip.K30076.gnm1.Araip.B09_15199292",19,15199292
"SNP8687","araip.K30076.gnm1.Araip.B09_15282053",19,15282053
"SNP8688","araip.K30076.gnm1.Araip.B09_15290052",19,15290052
"SNP8689","araip.K30076.gnm1.Araip.B09_15346994",19,15346994
"SNP8690","araip.K30076.gnm1.Araip.B09_15369573",19,15369573
"SNP8691","araip.K30076.gnm1.Araip.B09_15374549",19,15374549
"SNP8692","araip.K30076.gnm1.Araip.B09_15534036",19,15534036
"SNP8693","araip.K30076.gnm1.Araip.B09_15652522",19,15652522
"SNP8694","araip.K30076.gnm1.Araip.B09_15668373",19,15668373
"SNP8695","araip.K30076.gnm1.Araip.B09_15676572",19,15676572
"SNP8696","araip.K30076.gnm1.Araip.B09_15676712",19,15676712
"SNP8697","araip.K30076.gnm1.Araip.B09_15706573",19,15706573
"SNP8698","araip.K30076.gnm1.Araip.B09_16040604",19,16040604
"SNP8699","araip.K30076.gnm1.Araip.B09_16055205",19,16055205
"SNP8700","araip.K30076.gnm1.Araip.B09_16056278",19,16056278
"SNP8701","araip.K30076.gnm1.Araip.B09_16089845",19,16089845
"SNP8702","araip.K30076.gnm1.Araip.B09_16115600",19,16115600
"SNP8703","araip.K30076.gnm1.Araip.B09_16167500",19,16167500
"SNP8704","araip.K30076.gnm1.Araip.B09_16216003",19,16216003
"SNP8705","araip.K30076.gnm1.Araip.B09_16216619",19,16216619
"SNP8706","araip.K30076.gnm1.Araip.B09_16217001",19,16217001
"SNP8707","araip.K30076.gnm1.Araip.B09_16237557",19,16237557
"SNP8708","araip.K30076.gnm1.Araip.B09_16238235",19,16238235
"SNP8709","araip.K30076.gnm1.Araip.B09_16249906",19,16249906
"SNP8710","araip.K30076.gnm1.Araip.B09_16420250",19,16420250
"SNP8711","araip.K30076.gnm1.Araip.B09_16421365",19,16421365
"SNP8712","araip.K30076.gnm1.Araip.B09_16442099",19,16442099
"SNP8713","araip.K30076.gnm1.Araip.B09_16487288",19,16487288
"SNP8714","araip.K30076.gnm1.Araip.B09_16487738",19,16487738
"SNP8715","araip.K30076.gnm1.Araip.B09_16489374",19,16489374
"SNP8716","araip.K30076.gnm1.Araip.B09_16577156",19,16577156
"SNP8717","araip.K30076.gnm1.Araip.B09_16719713",19,16719713
"SNP8718","araip.K30076.gnm1.Araip.B09_16725910",19,16725910
"SNP8719","araip.K30076.gnm1.Araip.B09_16740698",19,16740698
"SNP8720","araip.K30076.gnm1.Araip.B09_16846260",19,16846260
"SNP8721","araip.K30076.gnm1.Araip.B09_16856457",19,16856457
"SNP8722","araip.K30076.gnm1.Araip.B09_16997351",19,16997351
"SNP8723","araip.K30076.gnm1.Araip.B09_16998270",19,16998270
"SNP8724","araip.K30076.gnm1.Araip.B09_17045316",19,17045316
"SNP8725","araip.K30076.gnm1.Araip.B09_17225859",19,17225859
"SNP8726","araip.K30076.gnm1.Araip.B09_17238780",19,17238780
"SNP8727","araip.K30076.gnm1.Araip.B09_17409283",19,17409283
"SNP8728","araip.K30076.gnm1.Araip.B09_17413618",19,17413618
"SNP8729","araip.K30076.gnm1.Araip.B09_17545605",19,17545605
"SNP8730","araip.K30076.gnm1.Araip.B09_17546199",19,17546199
"SNP8731","araip.K30076.gnm1.Araip.B09_17621120",19,17621120
"SNP8732","araip.K30076.gnm1.Araip.B09_17626202",19,17626202
"SNP8733","araip.K30076.gnm1.Araip.B09_17737660",19,17737660
"SNP8734","araip.K30076.gnm1.Araip.B09_17833751",19,17833751
"SNP8735","araip.K30076.gnm1.Araip.B09_17932266",19,17932266
"SNP8736","araip.K30076.gnm1.Araip.B09_17995674",19,17995674
"SNP8737","araip.K30076.gnm1.Araip.B09_17997756",19,17997756
"SNP8738","araip.K30076.gnm1.Araip.B09_18008727",19,18008727
"SNP8739","araip.K30076.gnm1.Araip.B09_18030354",19,18030354
"SNP8740","araip.K30076.gnm1.Araip.B09_18257542",19,18257542
"SNP8741","araip.K30076.gnm1.Araip.B09_18323876",19,18323876
"SNP8742","araip.K30076.gnm1.Araip.B09_18359068",19,18359068
"SNP8743","araip.K30076.gnm1.Araip.B09_18386171",19,18386171
"SNP8744","araip.K30076.gnm1.Araip.B09_18482880",19,18482880
"SNP8745","araip.K30076.gnm1.Araip.B09_18588406",19,18588406
"SNP8746","araip.K30076.gnm1.Araip.B09_18595871",19,18595871
"SNP8747","araip.K30076.gnm1.Araip.B09_18606359",19,18606359
"SNP8748","araip.K30076.gnm1.Araip.B09_18750579",19,18750579
"SNP8749","araip.K30076.gnm1.Araip.B09_18820865",19,18820865
"SNP8750","araip.K30076.gnm1.Araip.B09_18850892",19,18850892
"SNP8751","araip.K30076.gnm1.Araip.B09_18852101",19,18852101
"SNP8752","araip.K30076.gnm1.Araip.B09_19099204",19,19099204
"SNP8753","araip.K30076.gnm1.Araip.B09_19338139",19,19338139
"SNP8754","araip.K30076.gnm1.Araip.B09_19382838",19,19382838
"SNP8755","araip.K30076.gnm1.Araip.B09_19383459",19,19383459
"SNP8756","araip.K30076.gnm1.Araip.B09_19399259",19,19399259
"SNP8757","araip.K30076.gnm1.Araip.B09_19422512",19,19422512
"SNP8758","araip.K30076.gnm1.Araip.B09_19425414",19,19425414
"SNP8759","araip.K30076.gnm1.Araip.B09_19453993",19,19453993
"SNP8760","araip.K30076.gnm1.Araip.B09_19607810",19,19607810
"SNP8761","araip.K30076.gnm1.Araip.B09_19634797",19,19634797
"SNP8762","araip.K30076.gnm1.Araip.B09_19728293",19,19728293
"SNP8763","araip.K30076.gnm1.Araip.B09_19821731",19,19821731
"SNP8764","araip.K30076.gnm1.Araip.B09_19856290",19,19856290
"SNP8765","araip.K30076.gnm1.Araip.B09_19905761",19,19905761
"SNP8766","araip.K30076.gnm1.Araip.B09_19914780",19,19914780
"SNP8767","araip.K30076.gnm1.Araip.B09_19949423",19,19949423
"SNP8768","araip.K30076.gnm1.Araip.B09_19951109",19,19951109
"SNP8769","araip.K30076.gnm1.Araip.B09_19984988",19,19984988
"SNP8770","araip.K30076.gnm1.Araip.B09_20117432",19,20117432
"SNP8771","araip.K30076.gnm1.Araip.B09_20128062",19,20128062
"SNP8772","araip.K30076.gnm1.Araip.B09_20274297",19,20274297
"SNP8773","araip.K30076.gnm1.Araip.B09_20379522",19,20379522
"SNP8774","araip.K30076.gnm1.Araip.B09_20382959",19,20382959
"SNP8775","araip.K30076.gnm1.Araip.B09_20410357",19,20410357
"SNP8776","araip.K30076.gnm1.Araip.B09_20438599",19,20438599
"SNP8777","araip.K30076.gnm1.Araip.B09_20468869",19,20468869
"SNP8778","araip.K30076.gnm1.Araip.B09_20485120",19,20485120
"SNP8779","araip.K30076.gnm1.Araip.B09_20598327",19,20598327
"SNP8780","araip.K30076.gnm1.Araip.B09_20602035",19,20602035
"SNP8781","araip.K30076.gnm1.Araip.B09_20794761",19,20794761
"SNP8782","araip.K30076.gnm1.Araip.B09_20904359",19,20904359
"SNP8783","araip.K30076.gnm1.Araip.B09_20938307",19,20938307
"SNP8784","araip.K30076.gnm1.Araip.B09_20982645",19,20982645
"SNP8785","araip.K30076.gnm1.Araip.B09_21038031",19,21038031
"SNP8786","araip.K30076.gnm1.Araip.B09_21047895",19,21047895
"SNP8787","araip.K30076.gnm1.Araip.B09_21281280",19,21281280
"SNP8788","araip.K30076.gnm1.Araip.B09_21548085",19,21548085
"SNP8789","araip.K30076.gnm1.Araip.B09_21589261",19,21589261
"SNP8790","araip.K30076.gnm1.Araip.B09_21634234",19,21634234
"SNP8791","araip.K30076.gnm1.Araip.B09_21656335",19,21656335
"SNP8792","araip.K30076.gnm1.Araip.B09_21694781",19,21694781
"SNP8793","araip.K30076.gnm1.Araip.B09_21698584",19,21698584
"SNP8794","araip.K30076.gnm1.Araip.B09_21725711",19,21725711
"SNP8795","araip.K30076.gnm1.Araip.B09_21840344",19,21840344
"SNP8796","araip.K30076.gnm1.Araip.B09_21888403",19,21888403
"SNP8797","araip.K30076.gnm1.Araip.B09_21888442",19,21888442
"SNP8798","araip.K30076.gnm1.Araip.B09_21889134",19,21889134
"SNP8799","araip.K30076.gnm1.Araip.B09_21954257",19,21954257
"SNP8800","araip.K30076.gnm1.Araip.B09_21996682",19,21996682
"SNP8801","araip.K30076.gnm1.Araip.B09_22020823",19,22020823
"SNP8802","araip.K30076.gnm1.Araip.B09_22264901",19,22264901
"SNP8803","araip.K30076.gnm1.Araip.B09_22269056",19,22269056
"SNP8804","araip.K30076.gnm1.Araip.B09_22321426",19,22321426
"SNP8805","araip.K30076.gnm1.Araip.B09_22420299",19,22420299
"SNP8806","araip.K30076.gnm1.Araip.B09_22420833",19,22420833
"SNP8807","araip.K30076.gnm1.Araip.B09_22448880",19,22448880
"SNP8808","araip.K30076.gnm1.Araip.B09_22470416",19,22470416
"SNP8809","araip.K30076.gnm1.Araip.B09_22472026",19,22472026
"SNP8810","araip.K30076.gnm1.Araip.B09_22481492",19,22481492
"SNP8811","araip.K30076.gnm1.Araip.B09_22485068",19,22485068
"SNP8812","araip.K30076.gnm1.Araip.B09_22504616",19,22504616
"SNP8813","araip.K30076.gnm1.Araip.B09_22572200",19,22572200
"SNP8814","araip.K30076.gnm1.Araip.B09_22619696",19,22619696
"SNP8815","araip.K30076.gnm1.Araip.B09_22621151",19,22621151
"SNP8816","araip.K30076.gnm1.Araip.B09_22716885",19,22716885
"SNP8817","araip.K30076.gnm1.Araip.B09_22726807",19,22726807
"SNP8818","araip.K30076.gnm1.Araip.B09_22830206",19,22830206
"SNP8819","araip.K30076.gnm1.Araip.B09_22899057",19,22899057
"SNP8820","araip.K30076.gnm1.Araip.B09_23502814",19,23502814
"SNP8821","araip.K30076.gnm1.Araip.B09_23519510",19,23519510
"SNP8822","araip.K30076.gnm1.Araip.B09_23593322",19,23593322
"SNP8823","araip.K30076.gnm1.Araip.B09_23593673",19,23593673
"SNP8824","araip.K30076.gnm1.Araip.B09_23593690",19,23593690
"SNP8825","araip.K30076.gnm1.Araip.B09_23697892",19,23697892
"SNP8826","araip.K30076.gnm1.Araip.B09_23820896",19,23820896
"SNP8827","araip.K30076.gnm1.Araip.B09_23836642",19,23836642
"SNP8828","araip.K30076.gnm1.Araip.B09_23872097",19,23872097
"SNP8829","araip.K30076.gnm1.Araip.B09_23960907",19,23960907
"SNP8830","araip.K30076.gnm1.Araip.B09_24105336",19,24105336
"SNP8831","araip.K30076.gnm1.Araip.B09_24282363",19,24282363
"SNP8832","araip.K30076.gnm1.Araip.B09_24298498",19,24298498
"SNP8833","araip.K30076.gnm1.Araip.B09_24415822",19,24415822
"SNP8834","araip.K30076.gnm1.Araip.B09_24849655",19,24849655
"SNP8835","araip.K30076.gnm1.Araip.B09_25193354",19,25193354
"SNP8836","araip.K30076.gnm1.Araip.B09_25204171",19,25204171
"SNP8837","araip.K30076.gnm1.Araip.B09_25221600",19,25221600
"SNP8838","araip.K30076.gnm1.Araip.B09_25297836",19,25297836
"SNP8839","araip.K30076.gnm1.Araip.B09_25301106",19,25301106
"SNP8840","araip.K30076.gnm1.Araip.B09_25333146",19,25333146
"SNP8841","araip.K30076.gnm1.Araip.B09_25336875",19,25336875
"SNP8842","araip.K30076.gnm1.Araip.B09_25488361",19,25488361
"SNP8843","araip.K30076.gnm1.Araip.B09_25492042",19,25492042
"SNP8844","araip.K30076.gnm1.Araip.B09_25526305",19,25526305
"SNP8845","araip.K30076.gnm1.Araip.B09_25547926",19,25547926
"SNP8846","araip.K30076.gnm1.Araip.B09_25745332",19,25745332
"SNP8847","araip.K30076.gnm1.Araip.B09_25807597",19,25807597
"SNP8848","araip.K30076.gnm1.Araip.B09_25867549",19,25867549
"SNP8849","araip.K30076.gnm1.Araip.B09_26033595",19,26033595
"SNP8850","araip.K30076.gnm1.Araip.B09_26148551",19,26148551
"SNP8851","araip.K30076.gnm1.Araip.B09_26207513",19,26207513
"SNP8852","araip.K30076.gnm1.Araip.B09_26229677",19,26229677
"SNP8853","araip.K30076.gnm1.Araip.B09_26307124",19,26307124
"SNP8854","araip.K30076.gnm1.Araip.B09_26321850",19,26321850
"SNP8855","araip.K30076.gnm1.Araip.B09_26326426",19,26326426
"SNP8856","araip.K30076.gnm1.Araip.B09_26328868",19,26328868
"SNP8857","araip.K30076.gnm1.Araip.B09_26332300",19,26332300
"SNP8858","araip.K30076.gnm1.Araip.B09_26625250",19,26625250
"SNP8859","araip.K30076.gnm1.Araip.B09_26728176",19,26728176
"SNP8860","araip.K30076.gnm1.Araip.B09_26811261",19,26811261
"SNP8861","araip.K30076.gnm1.Araip.B09_26825451",19,26825451
"SNP8862","araip.K30076.gnm1.Araip.B09_27088891",19,27088891
"SNP8863","araip.K30076.gnm1.Araip.B09_27089080",19,27089080
"SNP8864","araip.K30076.gnm1.Araip.B09_27105671",19,27105671
"SNP8865","araip.K30076.gnm1.Araip.B09_27159148",19,27159148
"SNP8866","araip.K30076.gnm1.Araip.B09_27219023",19,27219023
"SNP8867","araip.K30076.gnm1.Araip.B09_27341995",19,27341995
"SNP8868","araip.K30076.gnm1.Araip.B09_27401802",19,27401802
"SNP8869","araip.K30076.gnm1.Araip.B09_27402898",19,27402898
"SNP8870","araip.K30076.gnm1.Araip.B09_27446871",19,27446871
"SNP8871","araip.K30076.gnm1.Araip.B09_27516489",19,27516489
"SNP8872","araip.K30076.gnm1.Araip.B09_27581493",19,27581493
"SNP8873","araip.K30076.gnm1.Araip.B09_27601803",19,27601803
"SNP8874","araip.K30076.gnm1.Araip.B09_27614363",19,27614363
"SNP8875","araip.K30076.gnm1.Araip.B09_27639081",19,27639081
"SNP8876","araip.K30076.gnm1.Araip.B09_27656659",19,27656659
"SNP8877","araip.K30076.gnm1.Araip.B09_27852924",19,27852924
"SNP8878","araip.K30076.gnm1.Araip.B09_27936266",19,27936266
"SNP8879","araip.K30076.gnm1.Araip.B09_27940344",19,27940344
"SNP8880","araip.K30076.gnm1.Araip.B09_27948368",19,27948368
"SNP8881","araip.K30076.gnm1.Araip.B09_27948702",19,27948702
"SNP8882","araip.K30076.gnm1.Araip.B09_28016578",19,28016578
"SNP8883","araip.K30076.gnm1.Araip.B09_28017021",19,28017021
"SNP8884","araip.K30076.gnm1.Araip.B09_28028660",19,28028660
"SNP8885","araip.K30076.gnm1.Araip.B09_28044488",19,28044488
"SNP8886","araip.K30076.gnm1.Araip.B09_28105108",19,28105108
"SNP8887","araip.K30076.gnm1.Araip.B09_28283460",19,28283460
"SNP8888","araip.K30076.gnm1.Araip.B09_28334973",19,28334973
"SNP8889","araip.K30076.gnm1.Araip.B09_28391900",19,28391900
"SNP8890","araip.K30076.gnm1.Araip.B09_28736648",19,28736648
"SNP8891","araip.K30076.gnm1.Araip.B09_28749571",19,28749571
"SNP8892","araip.K30076.gnm1.Araip.B09_29052742",19,29052742
"SNP8893","araip.K30076.gnm1.Araip.B09_29121409",19,29121409
"SNP8894","araip.K30076.gnm1.Araip.B09_29316068",19,29316068
"SNP8895","araip.K30076.gnm1.Araip.B09_29774515",19,29774515
"SNP8896","araip.K30076.gnm1.Araip.B09_29973478",19,29973478
"SNP8897","araip.K30076.gnm1.Araip.B09_29985356",19,29985356
"SNP8898","araip.K30076.gnm1.Araip.B09_30140809",19,30140809
"SNP8899","araip.K30076.gnm1.Araip.B09_30206990",19,30206990
"SNP8900","araip.K30076.gnm1.Araip.B09_30213656",19,30213656
"SNP8901","araip.K30076.gnm1.Araip.B09_30271418",19,30271418
"SNP8902","araip.K30076.gnm1.Araip.B09_30277173",19,30277173
"SNP8903","araip.K30076.gnm1.Araip.B09_30380402",19,30380402
"SNP8904","araip.K30076.gnm1.Araip.B09_30550178",19,30550178
"SNP8905","araip.K30076.gnm1.Araip.B09_30599411",19,30599411
"SNP8906","araip.K30076.gnm1.Araip.B09_30602247",19,30602247
"SNP8907","araip.K30076.gnm1.Araip.B09_30660020",19,30660020
"SNP8908","araip.K30076.gnm1.Araip.B09_30992431",19,30992431
"SNP8909","araip.K30076.gnm1.Araip.B09_31006396",19,31006396
"SNP8910","araip.K30076.gnm1.Araip.B09_31220932",19,31220932
"SNP8911","araip.K30076.gnm1.Araip.B09_31293188",19,31293188
"SNP8912","araip.K30076.gnm1.Araip.B09_31328716",19,31328716
"SNP8913","araip.K30076.gnm1.Araip.B09_31360046",19,31360046
"SNP8914","araip.K30076.gnm1.Araip.B09_31457480",19,31457480
"SNP8915","araip.K30076.gnm1.Araip.B09_31462776",19,31462776
"SNP8916","araip.K30076.gnm1.Araip.B09_31678842",19,31678842
"SNP8917","araip.K30076.gnm1.Araip.B09_31961137",19,31961137
"SNP8918","araip.K30076.gnm1.Araip.B09_32059519",19,32059519
"SNP8919","araip.K30076.gnm1.Araip.B09_32467198",19,32467198
"SNP8920","araip.K30076.gnm1.Araip.B09_32569820",19,32569820
"SNP8921","araip.K30076.gnm1.Araip.B09_32663437",19,32663437
"SNP8922","araip.K30076.gnm1.Araip.B09_32996192",19,32996192
"SNP8923","araip.K30076.gnm1.Araip.B09_33260063",19,33260063
"SNP8924","araip.K30076.gnm1.Araip.B09_33424922",19,33424922
"SNP8925","araip.K30076.gnm1.Araip.B09_33596880",19,33596880
"SNP8926","araip.K30076.gnm1.Araip.B09_33678827",19,33678827
"SNP8927","araip.K30076.gnm1.Araip.B09_33726757",19,33726757
"SNP8928","araip.K30076.gnm1.Araip.B09_33755448",19,33755448
"SNP8929","araip.K30076.gnm1.Araip.B09_33798605",19,33798605
"SNP8930","araip.K30076.gnm1.Araip.B09_33813693",19,33813693
"SNP8931","araip.K30076.gnm1.Araip.B09_33827245",19,33827245
"SNP8932","araip.K30076.gnm1.Araip.B09_33830390",19,33830390
"SNP8933","araip.K30076.gnm1.Araip.B09_33844714",19,33844714
"SNP8934","araip.K30076.gnm1.Araip.B09_34053003",19,34053003
"SNP8935","araip.K30076.gnm1.Araip.B09_34602679",19,34602679
"SNP8936","araip.K30076.gnm1.Araip.B09_34604191",19,34604191
"SNP8937","araip.K30076.gnm1.Araip.B09_34604870",19,34604870
"SNP8938","araip.K30076.gnm1.Araip.B09_34622262",19,34622262
"SNP8939","araip.K30076.gnm1.Araip.B09_34670831",19,34670831
"SNP8940","araip.K30076.gnm1.Araip.B09_34674964",19,34674964
"SNP8941","araip.K30076.gnm1.Araip.B09_34759134",19,34759134
"SNP8942","araip.K30076.gnm1.Araip.B09_34764445",19,34764445
"SNP8943","araip.K30076.gnm1.Araip.B09_34765063",19,34765063
"SNP8944","araip.K30076.gnm1.Araip.B09_34794310",19,34794310
"SNP8945","araip.K30076.gnm1.Araip.B09_34794464",19,34794464
"SNP8946","araip.K30076.gnm1.Araip.B09_35290337",19,35290337
"SNP8947","araip.K30076.gnm1.Araip.B09_35308419",19,35308419
"SNP8948","araip.K30076.gnm1.Araip.B09_35320343",19,35320343
"SNP8949","araip.K30076.gnm1.Araip.B09_35767700",19,35767700
"SNP8950","araip.K30076.gnm1.Araip.B09_35904903",19,35904903
"SNP8951","araip.K30076.gnm1.Araip.B09_36090392",19,36090392
"SNP8952","araip.K30076.gnm1.Araip.B09_36147458",19,36147458
"SNP8953","araip.K30076.gnm1.Araip.B09_36425111",19,36425111
"SNP8954","araip.K30076.gnm1.Araip.B09_36724846",19,36724846
"SNP8955","araip.K30076.gnm1.Araip.B09_36748701",19,36748701
"SNP8956","araip.K30076.gnm1.Araip.B09_36907296",19,36907296
"SNP8957","araip.K30076.gnm1.Araip.B09_36995120",19,36995120
"SNP8958","araip.K30076.gnm1.Araip.B09_36997045",19,36997045
"SNP8959","araip.K30076.gnm1.Araip.B09_37071798",19,37071798
"SNP8960","araip.K30076.gnm1.Araip.B09_37133451",19,37133451
"SNP8961","araip.K30076.gnm1.Araip.B09_37260777",19,37260777
"SNP8962","araip.K30076.gnm1.Araip.B09_37261596",19,37261596
"SNP8963","araip.K30076.gnm1.Araip.B09_37285764",19,37285764
"SNP8964","araip.K30076.gnm1.Araip.B09_37319820",19,37319820
"SNP8965","araip.K30076.gnm1.Araip.B09_37351303",19,37351303
"SNP8966","araip.K30076.gnm1.Araip.B09_37807154",19,37807154
"SNP8967","araip.K30076.gnm1.Araip.B09_38203524",19,38203524
"SNP8968","araip.K30076.gnm1.Araip.B09_38642209",19,38642209
"SNP8969","araip.K30076.gnm1.Araip.B09_38669623",19,38669623
"SNP8970","araip.K30076.gnm1.Araip.B09_38729284",19,38729284
"SNP8971","araip.K30076.gnm1.Araip.B09_38738935",19,38738935
"SNP8972","araip.K30076.gnm1.Araip.B09_38829376",19,38829376
"SNP8973","araip.K30076.gnm1.Araip.B09_38973158",19,38973158
"SNP8974","araip.K30076.gnm1.Araip.B09_39039706",19,39039706
"SNP8975","araip.K30076.gnm1.Araip.B09_39119911",19,39119911
"SNP8976","araip.K30076.gnm1.Araip.B09_39134672",19,39134672
"SNP8977","araip.K30076.gnm1.Araip.B09_39154298",19,39154298
"SNP8978","araip.K30076.gnm1.Araip.B09_39426638",19,39426638
"SNP8979","araip.K30076.gnm1.Araip.B09_39652114",19,39652114
"SNP8980","araip.K30076.gnm1.Araip.B09_39859390",19,39859390
"SNP8981","araip.K30076.gnm1.Araip.B09_39859395",19,39859395
"SNP8982","araip.K30076.gnm1.Araip.B09_40167055",19,40167055
"SNP8983","araip.K30076.gnm1.Araip.B09_40209864",19,40209864
"SNP8984","araip.K30076.gnm1.Araip.B09_40246626",19,40246626
"SNP8985","araip.K30076.gnm1.Araip.B09_40372853",19,40372853
"SNP8986","araip.K30076.gnm1.Araip.B09_40373703",19,40373703
"SNP8987","araip.K30076.gnm1.Araip.B09_40381104",19,40381104
"SNP8988","araip.K30076.gnm1.Araip.B09_40381353",19,40381353
"SNP8989","araip.K30076.gnm1.Araip.B09_40558778",19,40558778
"SNP8990","araip.K30076.gnm1.Araip.B09_40559260",19,40559260
"SNP8991","araip.K30076.gnm1.Araip.B09_40649702",19,40649702
"SNP8992","araip.K30076.gnm1.Araip.B09_41291477",19,41291477
"SNP8993","araip.K30076.gnm1.Araip.B09_41291576",19,41291576
"SNP8994","araip.K30076.gnm1.Araip.B09_41291836",19,41291836
"SNP8995","araip.K30076.gnm1.Araip.B09_41291921",19,41291921
"SNP8996","araip.K30076.gnm1.Araip.B09_41312068",19,41312068
"SNP8997","araip.K30076.gnm1.Araip.B09_41393158",19,41393158
"SNP8998","araip.K30076.gnm1.Araip.B09_41550247",19,41550247
"SNP8999","araip.K30076.gnm1.Araip.B09_41678895",19,41678895
"SNP9000","araip.K30076.gnm1.Araip.B09_41747624",19,41747624
"SNP9001","araip.K30076.gnm1.Araip.B09_41864644",19,41864644
"SNP9002","araip.K30076.gnm1.Araip.B09_41870579",19,41870579
"SNP9003","araip.K30076.gnm1.Araip.B09_41894859",19,41894859
"SNP9004","araip.K30076.gnm1.Araip.B09_41919197",19,41919197
"SNP9005","araip.K30076.gnm1.Araip.B09_42086775",19,42086775
"SNP9006","araip.K30076.gnm1.Araip.B09_42114169",19,42114169
"SNP9007","araip.K30076.gnm1.Araip.B09_42244869",19,42244869
"SNP9008","araip.K30076.gnm1.Araip.B09_42487565",19,42487565
"SNP9009","araip.K30076.gnm1.Araip.B09_42487943",19,42487943
"SNP9010","araip.K30076.gnm1.Araip.B09_42498253",19,42498253
"SNP9011","araip.K30076.gnm1.Araip.B09_42710924",19,42710924
"SNP9012","araip.K30076.gnm1.Araip.B09_42712797",19,42712797
"SNP9013","araip.K30076.gnm1.Araip.B09_42806155",19,42806155
"SNP9014","araip.K30076.gnm1.Araip.B09_43483361",19,43483361
"SNP9015","araip.K30076.gnm1.Araip.B09_43522339",19,43522339
"SNP9016","araip.K30076.gnm1.Araip.B09_43573718",19,43573718
"SNP9017","araip.K30076.gnm1.Araip.B09_43780598",19,43780598
"SNP9018","araip.K30076.gnm1.Araip.B09_43999135",19,43999135
"SNP9019","araip.K30076.gnm1.Araip.B09_44007168",19,44007168
"SNP9020","araip.K30076.gnm1.Araip.B09_44017042",19,44017042
"SNP9021","araip.K30076.gnm1.Araip.B09_44243381",19,44243381
"SNP9022","araip.K30076.gnm1.Araip.B09_44252503",19,44252503
"SNP9023","araip.K30076.gnm1.Araip.B09_44275198",19,44275198
"SNP9024","araip.K30076.gnm1.Araip.B09_44278865",19,44278865
"SNP9025","araip.K30076.gnm1.Araip.B09_44600895",19,44600895
"SNP9026","araip.K30076.gnm1.Araip.B09_45229253",19,45229253
"SNP9027","araip.K30076.gnm1.Araip.B09_45271982",19,45271982
"SNP9028","araip.K30076.gnm1.Araip.B09_45424642",19,45424642
"SNP9029","araip.K30076.gnm1.Araip.B09_45425499",19,45425499
"SNP9030","araip.K30076.gnm1.Araip.B09_45706102",19,45706102
"SNP9031","araip.K30076.gnm1.Araip.B09_46454910",19,46454910
"SNP9032","araip.K30076.gnm1.Araip.B09_46477152",19,46477152
"SNP9033","araip.K30076.gnm1.Araip.B09_46524468",19,46524468
"SNP9034","araip.K30076.gnm1.Araip.B09_46533440",19,46533440
"SNP9035","araip.K30076.gnm1.Araip.B09_46534794",19,46534794
"SNP9036","araip.K30076.gnm1.Araip.B09_46672134",19,46672134
"SNP9037","araip.K30076.gnm1.Araip.B09_47452096",19,47452096
"SNP9038","araip.K30076.gnm1.Araip.B09_48427721",19,48427721
"SNP9039","araip.K30076.gnm1.Araip.B09_48665895",19,48665895
"SNP9040","araip.K30076.gnm1.Araip.B09_48701645",19,48701645
"SNP9041","araip.K30076.gnm1.Araip.B09_48779450",19,48779450
"SNP9042","araip.K30076.gnm1.Araip.B09_49155139",19,49155139
"SNP9043","araip.K30076.gnm1.Araip.B09_49225661",19,49225661
"SNP9044","araip.K30076.gnm1.Araip.B09_49228341",19,49228341
"SNP9045","araip.K30076.gnm1.Araip.B09_49303295",19,49303295
"SNP9046","araip.K30076.gnm1.Araip.B09_49516994",19,49516994
"SNP9047","araip.K30076.gnm1.Araip.B09_49626113",19,49626113
"SNP9048","araip.K30076.gnm1.Araip.B09_49853056",19,49853056
"SNP9049","araip.K30076.gnm1.Araip.B09_49862187",19,49862187
"SNP9050","araip.K30076.gnm1.Araip.B09_49871998",19,49871998
"SNP9051","araip.K30076.gnm1.Araip.B09_49885184",19,49885184
"SNP9052","araip.K30076.gnm1.Araip.B09_49918052",19,49918052
"SNP9053","araip.K30076.gnm1.Araip.B09_49929660",19,49929660
"SNP9054","araip.K30076.gnm1.Araip.B09_50026744",19,50026744
"SNP9055","araip.K30076.gnm1.Araip.B09_50666499",19,50666499
"SNP9056","araip.K30076.gnm1.Araip.B09_50792945",19,50792945
"SNP9057","araip.K30076.gnm1.Araip.B09_50806457",19,50806457
"SNP9058","araip.K30076.gnm1.Araip.B09_50876315",19,50876315
"SNP9059","araip.K30076.gnm1.Araip.B09_50906473",19,50906473
"SNP9060","araip.K30076.gnm1.Araip.B09_51056595",19,51056595
"SNP9061","araip.K30076.gnm1.Araip.B09_51868157",19,51868157
"SNP9062","araip.K30076.gnm1.Araip.B09_51873511",19,51873511
"SNP9063","araip.K30076.gnm1.Araip.B09_51887793",19,51887793
"SNP9064","araip.K30076.gnm1.Araip.B09_51906591",19,51906591
"SNP9065","araip.K30076.gnm1.Araip.B09_51908577",19,51908577
"SNP9066","araip.K30076.gnm1.Araip.B09_52102099",19,52102099
"SNP9067","araip.K30076.gnm1.Araip.B09_52149711",19,52149711
"SNP9068","araip.K30076.gnm1.Araip.B09_52271933",19,52271933
"SNP9069","araip.K30076.gnm1.Araip.B09_52665240",19,52665240
"SNP9070","araip.K30076.gnm1.Araip.B09_53690151",19,53690151
"SNP9071","araip.K30076.gnm1.Araip.B09_53904571",19,53904571
"SNP9072","araip.K30076.gnm1.Araip.B09_54318282",19,54318282
"SNP9073","araip.K30076.gnm1.Araip.B09_54431240",19,54431240
"SNP9074","araip.K30076.gnm1.Araip.B09_54524680",19,54524680
"SNP9075","araip.K30076.gnm1.Araip.B09_54621633",19,54621633
"SNP9076","araip.K30076.gnm1.Araip.B09_54623913",19,54623913
"SNP9077","araip.K30076.gnm1.Araip.B09_54714174",19,54714174
"SNP9078","araip.K30076.gnm1.Araip.B09_55040598",19,55040598
"SNP9079","araip.K30076.gnm1.Araip.B09_55259514",19,55259514
"SNP9080","araip.K30076.gnm1.Araip.B09_55407656",19,55407656
"SNP9081","araip.K30076.gnm1.Araip.B09_56316634",19,56316634
"SNP9082","araip.K30076.gnm1.Araip.B09_56647955",19,56647955
"SNP9083","araip.K30076.gnm1.Araip.B09_56819860",19,56819860
"SNP9084","araip.K30076.gnm1.Araip.B09_56827394",19,56827394
"SNP9085","araip.K30076.gnm1.Araip.B09_57125979",19,57125979
"SNP9086","araip.K30076.gnm1.Araip.B09_57207627",19,57207627
"SNP9087","araip.K30076.gnm1.Araip.B09_57212076",19,57212076
"SNP9088","araip.K30076.gnm1.Araip.B09_57226088",19,57226088
"SNP9089","araip.K30076.gnm1.Araip.B09_57402933",19,57402933
"SNP9090","araip.K30076.gnm1.Araip.B09_57581036",19,57581036
"SNP9091","araip.K30076.gnm1.Araip.B09_57818194",19,57818194
"SNP9092","araip.K30076.gnm1.Araip.B09_58056715",19,58056715
"SNP9093","araip.K30076.gnm1.Araip.B09_58234907",19,58234907
"SNP9094","araip.K30076.gnm1.Araip.B09_58585458",19,58585458
"SNP9095","araip.K30076.gnm1.Araip.B09_59694413",19,59694413
"SNP9096","araip.K30076.gnm1.Araip.B09_60908916",19,60908916
"SNP9097","araip.K30076.gnm1.Araip.B09_61194487",19,61194487
"SNP9098","araip.K30076.gnm1.Araip.B09_61655789",19,61655789
"SNP9099","araip.K30076.gnm1.Araip.B09_62567529",19,62567529
"SNP9100","araip.K30076.gnm1.Araip.B09_63556577",19,63556577
"SNP9101","araip.K30076.gnm1.Araip.B09_65090628",19,65090628
"SNP9102","araip.K30076.gnm1.Araip.B09_65424103",19,65424103
"SNP9103","araip.K30076.gnm1.Araip.B09_66939714",19,66939714
"SNP9104","araip.K30076.gnm1.Araip.B09_67473593",19,67473593
"SNP9105","araip.K30076.gnm1.Araip.B09_70221497",19,70221497
"SNP9106","araip.K30076.gnm1.Araip.B09_70749080",19,70749080
"SNP9107","araip.K30076.gnm1.Araip.B09_70889439",19,70889439
"SNP9108","araip.K30076.gnm1.Araip.B09_70954442",19,70954442
"SNP9109","araip.K30076.gnm1.Araip.B09_71169996",19,71169996
"SNP9110","araip.K30076.gnm1.Araip.B09_71580086",19,71580086
"SNP9111","araip.K30076.gnm1.Araip.B09_71837148",19,71837148
"SNP9112","araip.K30076.gnm1.Araip.B09_71878314",19,71878314
"SNP9113","araip.K30076.gnm1.Araip.B09_72018716",19,72018716
"SNP9114","araip.K30076.gnm1.Araip.B09_72056843",19,72056843
"SNP9115","araip.K30076.gnm1.Araip.B09_72062501",19,72062501
"SNP9116","araip.K30076.gnm1.Araip.B09_72064207",19,72064207
"SNP9117","araip.K30076.gnm1.Araip.B09_72091870",19,72091870
"SNP9118","araip.K30076.gnm1.Araip.B09_72562442",19,72562442
"SNP9119","araip.K30076.gnm1.Araip.B09_73023889",19,73023889
"SNP9120","araip.K30076.gnm1.Araip.B09_73387483",19,73387483
"SNP9121","araip.K30076.gnm1.Araip.B09_73696188",19,73696188
"SNP9122","araip.K30076.gnm1.Araip.B09_73700726",19,73700726
"SNP9123","araip.K30076.gnm1.Araip.B09_73864065",19,73864065
"SNP9124","araip.K30076.gnm1.Araip.B09_73917527",19,73917527
"SNP9125","araip.K30076.gnm1.Araip.B09_74529361",19,74529361
"SNP9126","araip.K30076.gnm1.Araip.B09_74559509",19,74559509
"SNP9127","araip.K30076.gnm1.Araip.B09_75923761",19,75923761
"SNP9128","araip.K30076.gnm1.Araip.B09_75924646",19,75924646
"SNP9129","araip.K30076.gnm1.Araip.B09_75924935",19,75924935
"SNP9130","araip.K30076.gnm1.Araip.B09_76100265",19,76100265
"SNP9131","araip.K30076.gnm1.Araip.B09_76122277",19,76122277
"SNP9132","araip.K30076.gnm1.Araip.B09_76303570",19,76303570
"SNP9133","araip.K30076.gnm1.Araip.B09_76734200",19,76734200
"SNP9134","araip.K30076.gnm1.Araip.B09_77168964",19,77168964
"SNP9135","araip.K30076.gnm1.Araip.B09_77869162",19,77869162
"SNP9136","araip.K30076.gnm1.Araip.B09_78128891",19,78128891
"SNP9137","araip.K30076.gnm1.Araip.B09_78444808",19,78444808
"SNP9138","araip.K30076.gnm1.Araip.B09_78524191",19,78524191
"SNP9139","araip.K30076.gnm1.Araip.B09_79079986",19,79079986
"SNP9140","araip.K30076.gnm1.Araip.B09_79232224",19,79232224
"SNP9141","araip.K30076.gnm1.Araip.B09_79271009",19,79271009
"SNP9142","araip.K30076.gnm1.Araip.B09_79872153",19,79872153
"SNP9143","araip.K30076.gnm1.Araip.B09_79935601",19,79935601
"SNP9144","araip.K30076.gnm1.Araip.B09_79944122",19,79944122
"SNP9145","araip.K30076.gnm1.Araip.B09_79947783",19,79947783
"SNP9146","araip.K30076.gnm1.Araip.B09_80271276",19,80271276
"SNP9147","araip.K30076.gnm1.Araip.B09_80706151",19,80706151
"SNP9148","araip.K30076.gnm1.Araip.B09_80771904",19,80771904
"SNP9149","araip.K30076.gnm1.Araip.B09_80897713",19,80897713
"SNP9150","araip.K30076.gnm1.Araip.B09_81279499",19,81279499
"SNP9151","araip.K30076.gnm1.Araip.B09_81543784",19,81543784
"SNP9152","araip.K30076.gnm1.Araip.B09_81615951",19,81615951
"SNP9153","araip.K30076.gnm1.Araip.B09_81745412",19,81745412
"SNP9154","araip.K30076.gnm1.Araip.B09_81886099",19,81886099
"SNP9155","araip.K30076.gnm1.Araip.B09_83096824",19,83096824
"SNP9156","araip.K30076.gnm1.Araip.B09_83109236",19,83109236
"SNP9157","araip.K30076.gnm1.Araip.B09_83110182",19,83110182
"SNP9158","araip.K30076.gnm1.Araip.B09_83115081",19,83115081
"SNP9159","araip.K30076.gnm1.Araip.B09_83759727",19,83759727
"SNP9160","araip.K30076.gnm1.Araip.B09_83811606",19,83811606
"SNP9161","araip.K30076.gnm1.Araip.B09_83831198",19,83831198
"SNP9162","araip.K30076.gnm1.Araip.B09_84154221",19,84154221
"SNP9163","araip.K30076.gnm1.Araip.B09_84563778",19,84563778
"SNP9164","araip.K30076.gnm1.Araip.B09_84574468",19,84574468
"SNP9165","araip.K30076.gnm1.Araip.B09_84585067",19,84585067
"SNP9166","araip.K30076.gnm1.Araip.B09_84856922",19,84856922
"SNP9167","araip.K30076.gnm1.Araip.B09_85058928",19,85058928
"SNP9168","araip.K30076.gnm1.Araip.B09_85159271",19,85159271
"SNP9169","araip.K30076.gnm1.Araip.B09_85296437",19,85296437
"SNP9170","araip.K30076.gnm1.Araip.B09_85337116",19,85337116
"SNP9171","araip.K30076.gnm1.Araip.B09_86200529",19,86200529
"SNP9172","araip.K30076.gnm1.Araip.B09_87810677",19,87810677
"SNP9173","araip.K30076.gnm1.Araip.B09_87848548",19,87848548
"SNP9174","araip.K30076.gnm1.Araip.B09_87876521",19,87876521
"SNP9175","araip.K30076.gnm1.Araip.B09_87938739",19,87938739
"SNP9176","araip.K30076.gnm1.Araip.B09_88312353",19,88312353
"SNP9177","araip.K30076.gnm1.Araip.B09_88843698",19,88843698
"SNP9178","araip.K30076.gnm1.Araip.B09_88853461",19,88853461
"SNP9179","araip.K30076.gnm1.Araip.B09_88913026",19,88913026
"SNP9180","araip.K30076.gnm1.Araip.B09_89694978",19,89694978
"SNP9181","araip.K30076.gnm1.Araip.B09_89947935",19,89947935
"SNP9182","araip.K30076.gnm1.Araip.B09_90105795",19,90105795
"SNP9183","araip.K30076.gnm1.Araip.B09_90693454",19,90693454
"SNP9184","araip.K30076.gnm1.Araip.B09_90796240",19,90796240
"SNP9185","araip.K30076.gnm1.Araip.B09_90817710",19,90817710
"SNP9186","araip.K30076.gnm1.Araip.B09_91031237",19,91031237
"SNP9187","araip.K30076.gnm1.Araip.B09_91265831",19,91265831
"SNP9188","araip.K30076.gnm1.Araip.B09_91715828",19,91715828
"SNP9189","araip.K30076.gnm1.Araip.B09_91890795",19,91890795
"SNP9190","araip.K30076.gnm1.Araip.B09_91919082",19,91919082
"SNP9191","araip.K30076.gnm1.Araip.B09_92488478",19,92488478
"SNP9192","araip.K30076.gnm1.Araip.B09_93092417",19,93092417
"SNP9193","araip.K30076.gnm1.Araip.B09_93650220",19,93650220
"SNP9194","araip.K30076.gnm1.Araip.B09_93714786",19,93714786
"SNP9195","araip.K30076.gnm1.Araip.B09_94117298",19,94117298
"SNP9196","araip.K30076.gnm1.Araip.B09_94514055",19,94514055
"SNP9197","araip.K30076.gnm1.Araip.B09_94672920",19,94672920
"SNP9198","araip.K30076.gnm1.Araip.B09_94799212",19,94799212
"SNP9199","araip.K30076.gnm1.Araip.B09_94805957",19,94805957
"SNP9200","araip.K30076.gnm1.Araip.B09_95100908",19,95100908
"SNP9201","araip.K30076.gnm1.Araip.B09_95101792",19,95101792
"SNP9202","araip.K30076.gnm1.Araip.B09_95158737",19,95158737
"SNP9203","araip.K30076.gnm1.Araip.B09_95201540",19,95201540
"SNP9204","araip.K30076.gnm1.Araip.B09_95295967",19,95295967
"SNP9205","araip.K30076.gnm1.Araip.B09_95380662",19,95380662
"SNP9206","araip.K30076.gnm1.Araip.B09_96148716",19,96148716
"SNP9207","araip.K30076.gnm1.Araip.B09_96157589",19,96157589
"SNP9208","araip.K30076.gnm1.Araip.B09_96834851",19,96834851
"SNP9209","araip.K30076.gnm1.Araip.B09_97022938",19,97022938
"SNP9210","araip.K30076.gnm1.Araip.B09_97172354",19,97172354
"SNP9211","araip.K30076.gnm1.Araip.B09_97982184",19,97982184
"SNP9212","araip.K30076.gnm1.Araip.B09_97989468",19,97989468
"SNP9213","araip.K30076.gnm1.Araip.B09_98000242",19,98000242
"SNP9214","araip.K30076.gnm1.Araip.B09_98004829",19,98004829
"SNP9215","araip.K30076.gnm1.Araip.B09_98013137",19,98013137
"SNP9216","araip.K30076.gnm1.Araip.B09_98586127",19,98586127
"SNP9217","araip.K30076.gnm1.Araip.B09_98801729",19,98801729
"SNP9218","araip.K30076.gnm1.Araip.B09_98838212",19,98838212
"SNP9219","araip.K30076.gnm1.Araip.B09_98864235",19,98864235
"SNP9220","araip.K30076.gnm1.Araip.B09_98986886",19,98986886
"SNP9221","araip.K30076.gnm1.Araip.B09_99124224",19,99124224
"SNP9222","araip.K30076.gnm1.Araip.B09_99144972",19,99144972
"SNP9223","araip.K30076.gnm1.Araip.B09_99285975",19,99285975
"SNP9224","araip.K30076.gnm1.Araip.B09_99292270",19,99292270
"SNP9225","araip.K30076.gnm1.Araip.B09_99419452",19,99419452
"SNP9226","araip.K30076.gnm1.Araip.B09_99435586",19,99435586
"SNP9227","araip.K30076.gnm1.Araip.B09_100255454",19,100255454
"SNP9228","araip.K30076.gnm1.Araip.B09_100388836",19,100388836
"SNP9229","araip.K30076.gnm1.Araip.B09_100419209",19,100419209
"SNP9230","araip.K30076.gnm1.Araip.B09_101395140",19,101395140
"SNP9231","araip.K30076.gnm1.Araip.B09_101476319",19,101476319
"SNP9232","araip.K30076.gnm1.Araip.B09_101607488",19,101607488
"SNP9233","araip.K30076.gnm1.Araip.B09_101701658",19,101701658
"SNP9234","araip.K30076.gnm1.Araip.B09_101919526",19,101919526
"SNP9235","araip.K30076.gnm1.Araip.B09_102414504",19,102414504
"SNP9236","araip.K30076.gnm1.Araip.B09_102535347",19,102535347
"SNP9237","araip.K30076.gnm1.Araip.B09_102555418",19,102555418
"SNP9238","araip.K30076.gnm1.Araip.B09_102919389",19,102919389
"SNP9239","araip.K30076.gnm1.Araip.B09_103042257",19,103042257
"SNP9240","araip.K30076.gnm1.Araip.B09_103071953",19,103071953
"SNP9241","araip.K30076.gnm1.Araip.B09_103105712",19,103105712
"SNP9242","araip.K30076.gnm1.Araip.B09_103500409",19,103500409
"SNP9243","araip.K30076.gnm1.Araip.B09_103622951",19,103622951
"SNP9244","araip.K30076.gnm1.Araip.B09_103661546",19,103661546
"SNP9245","araip.K30076.gnm1.Araip.B09_103774930",19,103774930
"SNP9246","araip.K30076.gnm1.Araip.B09_103903763",19,103903763
"SNP9247","araip.K30076.gnm1.Araip.B09_103932849",19,103932849
"SNP9248","araip.K30076.gnm1.Araip.B09_104146215",19,104146215
"SNP9249","araip.K30076.gnm1.Araip.B09_104692925",19,104692925
"SNP9250","araip.K30076.gnm1.Araip.B09_104758329",19,104758329
"SNP9251","araip.K30076.gnm1.Araip.B09_104800263",19,104800263
"SNP9252","araip.K30076.gnm1.Araip.B09_104963724",19,104963724
"SNP9253","araip.K30076.gnm1.Araip.B09_105143766",19,105143766
"SNP9254","araip.K30076.gnm1.Araip.B09_105200232",19,105200232
"SNP9255","araip.K30076.gnm1.Araip.B09_105301369",19,105301369
"SNP9256","araip.K30076.gnm1.Araip.B09_105315673",19,105315673
"SNP9257","araip.K30076.gnm1.Araip.B09_105315992",19,105315992
"SNP9258","araip.K30076.gnm1.Araip.B09_105573687",19,105573687
"SNP9259","araip.K30076.gnm1.Araip.B09_105678398",19,105678398
"SNP9260","araip.K30076.gnm1.Araip.B09_105708794",19,105708794
"SNP9261","araip.K30076.gnm1.Araip.B09_105848774",19,105848774
"SNP9262","araip.K30076.gnm1.Araip.B09_105848892",19,105848892
"SNP9263","araip.K30076.gnm1.Araip.B09_105872368",19,105872368
"SNP9264","araip.K30076.gnm1.Araip.B09_105875408",19,105875408
"SNP9265","araip.K30076.gnm1.Araip.B09_105910182",19,105910182
"SNP9266","araip.K30076.gnm1.Araip.B09_105917210",19,105917210
"SNP9267","araip.K30076.gnm1.Araip.B09_105989821",19,105989821
"SNP9268","araip.K30076.gnm1.Araip.B09_106084622",19,106084622
"SNP9269","araip.K30076.gnm1.Araip.B09_106118827",19,106118827
"SNP9270","araip.K30076.gnm1.Araip.B09_106169464",19,106169464
"SNP9271","araip.K30076.gnm1.Araip.B09_106251254",19,106251254
"SNP9272","araip.K30076.gnm1.Araip.B09_106395367",19,106395367
"SNP9273","araip.K30076.gnm1.Araip.B09_107225815",19,107225815
"SNP9274","araip.K30076.gnm1.Araip.B09_107229918",19,107229918
"SNP9275","araip.K30076.gnm1.Araip.B09_107265659",19,107265659
"SNP9276","araip.K30076.gnm1.Araip.B09_107265907",19,107265907
"SNP9277","araip.K30076.gnm1.Araip.B09_107266222",19,107266222
"SNP9278","araip.K30076.gnm1.Araip.B09_107306080",19,107306080
"SNP9279","araip.K30076.gnm1.Araip.B09_107333646",19,107333646
"SNP9280","araip.K30076.gnm1.Araip.B09_107658119",19,107658119
"SNP9281","araip.K30076.gnm1.Araip.B09_107953759",19,107953759
"SNP9282","araip.K30076.gnm1.Araip.B09_108047444",19,108047444
"SNP9283","araip.K30076.gnm1.Araip.B09_108117880",19,108117880
"SNP9284","araip.K30076.gnm1.Araip.B09_108132453",19,108132453
"SNP9285","araip.K30076.gnm1.Araip.B09_108132628",19,108132628
"SNP9286","araip.K30076.gnm1.Araip.B09_108132972",19,108132972
"SNP9287","araip.K30076.gnm1.Araip.B09_108180255",19,108180255
"SNP9288","araip.K30076.gnm1.Araip.B09_108286865",19,108286865
"SNP9289","araip.K30076.gnm1.Araip.B09_108379856",19,108379856
"SNP9290","araip.K30076.gnm1.Araip.B09_108665150",19,108665150
"SNP9291","araip.K30076.gnm1.Araip.B09_108676789",19,108676789
"SNP9292","araip.K30076.gnm1.Araip.B09_108733666",19,108733666
"SNP9293","araip.K30076.gnm1.Araip.B09_108757556",19,108757556
"SNP9294","araip.K30076.gnm1.Araip.B09_108762458",19,108762458
"SNP9295","araip.K30076.gnm1.Araip.B09_108765003",19,108765003
"SNP9296","araip.K30076.gnm1.Araip.B09_108810493",19,108810493
"SNP9297","araip.K30076.gnm1.Araip.B09_109089374",19,109089374
"SNP9298","araip.K30076.gnm1.Araip.B09_109789276",19,109789276
"SNP9299","araip.K30076.gnm1.Araip.B09_109791309",19,109791309
"SNP9300","araip.K30076.gnm1.Araip.B09_109919309",19,109919309
"SNP9301","araip.K30076.gnm1.Araip.B09_109920623",19,109920623
"SNP9302","araip.K30076.gnm1.Araip.B09_109925635",19,109925635
"SNP9303","araip.K30076.gnm1.Araip.B09_110100101",19,110100101
"SNP9304","araip.K30076.gnm1.Araip.B09_110550751",19,110550751
"SNP9305","araip.K30076.gnm1.Araip.B09_110981250",19,110981250
"SNP9306","araip.K30076.gnm1.Araip.B09_111025570",19,111025570
"SNP9307","araip.K30076.gnm1.Araip.B09_111145107",19,111145107
"SNP9308","araip.K30076.gnm1.Araip.B09_111280216",19,111280216
"SNP9309","araip.K30076.gnm1.Araip.B09_111358133",19,111358133
"SNP9310","araip.K30076.gnm1.Araip.B09_111617928",19,111617928
"SNP9311","araip.K30076.gnm1.Araip.B09_111651044",19,111651044
"SNP9312","araip.K30076.gnm1.Araip.B09_111726057",19,111726057
"SNP9313","araip.K30076.gnm1.Araip.B09_111864774",19,111864774
"SNP9314","araip.K30076.gnm1.Araip.B09_111928769",19,111928769
"SNP9315","araip.K30076.gnm1.Araip.B09_111934632",19,111934632
"SNP9316","araip.K30076.gnm1.Araip.B09_111939480",19,111939480
"SNP9317","araip.K30076.gnm1.Araip.B09_112177353",19,112177353
"SNP9318","araip.K30076.gnm1.Araip.B09_112253394",19,112253394
"SNP9319","araip.K30076.gnm1.Araip.B09_112314677",19,112314677
"SNP9320","araip.K30076.gnm1.Araip.B09_112315081",19,112315081
"SNP9321","araip.K30076.gnm1.Araip.B09_112315871",19,112315871
"SNP9322","araip.K30076.gnm1.Araip.B09_112328266",19,112328266
"SNP9323","araip.K30076.gnm1.Araip.B09_112361945",19,112361945
"SNP9324","araip.K30076.gnm1.Araip.B09_112362364",19,112362364
"SNP9325","araip.K30076.gnm1.Araip.B09_112363497",19,112363497
"SNP9326","araip.K30076.gnm1.Araip.B09_112462443",19,112462443
"SNP9327","araip.K30076.gnm1.Araip.B09_112656083",19,112656083
"SNP9328","araip.K30076.gnm1.Araip.B09_112794719",19,112794719
"SNP9329","araip.K30076.gnm1.Araip.B09_112816214",19,112816214
"SNP9330","araip.K30076.gnm1.Araip.B09_112910382",19,112910382
"SNP9331","araip.K30076.gnm1.Araip.B09_112957868",19,112957868
"SNP9332","araip.K30076.gnm1.Araip.B09_112957962",19,112957962
"SNP9333","araip.K30076.gnm1.Araip.B09_113180611",19,113180611
"SNP9334","araip.K30076.gnm1.Araip.B09_113184266",19,113184266
"SNP9335","araip.K30076.gnm1.Araip.B09_113363255",19,113363255
"SNP9336","araip.K30076.gnm1.Araip.B09_113955827",19,113955827
"SNP9337","araip.K30076.gnm1.Araip.B09_113958480",19,113958480
"SNP9338","araip.K30076.gnm1.Araip.B09_113996885",19,113996885
"SNP9339","araip.K30076.gnm1.Araip.B09_114053192",19,114053192
"SNP9340","araip.K30076.gnm1.Araip.B09_114117157",19,114117157
"SNP9341","araip.K30076.gnm1.Araip.B09_114248057",19,114248057
"SNP9342","araip.K30076.gnm1.Araip.B09_114459054",19,114459054
"SNP9343","araip.K30076.gnm1.Araip.B09_114459460",19,114459460
"SNP9344","araip.K30076.gnm1.Araip.B09_114538491",19,114538491
"SNP9345","araip.K30076.gnm1.Araip.B09_114568297",19,114568297
"SNP9346","araip.K30076.gnm1.Araip.B09_114589481",19,114589481
"SNP9347","araip.K30076.gnm1.Araip.B09_114637589",19,114637589
"SNP9348","araip.K30076.gnm1.Araip.B09_114696318",19,114696318
"SNP9349","araip.K30076.gnm1.Araip.B09_114700521",19,114700521
"SNP9350","araip.K30076.gnm1.Araip.B09_114993420",19,114993420
"SNP9351","araip.K30076.gnm1.Araip.B09_115057129",19,115057129
"SNP9352","araip.K30076.gnm1.Araip.B09_115312168",19,115312168
"SNP9353","araip.K30076.gnm1.Araip.B09_115334950",19,115334950
"SNP9354","araip.K30076.gnm1.Araip.B09_115443858",19,115443858
"SNP9355","araip.K30076.gnm1.Araip.B09_115565138",19,115565138
"SNP9356","araip.K30076.gnm1.Araip.B09_115763451",19,115763451
"SNP9357","araip.K30076.gnm1.Araip.B09_115900140",19,115900140
"SNP9358","araip.K30076.gnm1.Araip.B09_115908414",19,115908414
"SNP9359","araip.K30076.gnm1.Araip.B09_116034198",19,116034198
"SNP9360","araip.K30076.gnm1.Araip.B09_116180957",19,116180957
"SNP9361","araip.K30076.gnm1.Araip.B09_116235508",19,116235508
"SNP9362","araip.K30076.gnm1.Araip.B09_116448237",19,116448237
"SNP9363","araip.K30076.gnm1.Araip.B09_116504991",19,116504991
"SNP9364","araip.K30076.gnm1.Araip.B09_116741036",19,116741036
"SNP9365","araip.K30076.gnm1.Araip.B09_116892911",19,116892911
"SNP9366","araip.K30076.gnm1.Araip.B09_116927316",19,116927316
"SNP9367","araip.K30076.gnm1.Araip.B09_117045720",19,117045720
"SNP9368","araip.K30076.gnm1.Araip.B09_117129611",19,117129611
"SNP9369","araip.K30076.gnm1.Araip.B09_117129899",19,117129899
"SNP9370","araip.K30076.gnm1.Araip.B09_117279355",19,117279355
"SNP9371","araip.K30076.gnm1.Araip.B09_117333642",19,117333642
"SNP9372","araip.K30076.gnm1.Araip.B09_117495660",19,117495660
"SNP9373","araip.K30076.gnm1.Araip.B09_117497008",19,117497008
"SNP9374","araip.K30076.gnm1.Araip.B09_117546144",19,117546144
"SNP9375","araip.K30076.gnm1.Araip.B09_117678630",19,117678630
"SNP9376","araip.K30076.gnm1.Araip.B09_117696946",19,117696946
"SNP9377","araip.K30076.gnm1.Araip.B09_117740092",19,117740092
"SNP9378","araip.K30076.gnm1.Araip.B09_118193367",19,118193367
"SNP9379","araip.K30076.gnm1.Araip.B09_118194577",19,118194577
"SNP9380","araip.K30076.gnm1.Araip.B09_118209231",19,118209231
"SNP9381","araip.K30076.gnm1.Araip.B09_118730823",19,118730823
"SNP9382","araip.K30076.gnm1.Araip.B09_118776287",19,118776287
"SNP9383","araip.K30076.gnm1.Araip.B09_118876937",19,118876937
"SNP9384","araip.K30076.gnm1.Araip.B09_118926680",19,118926680
"SNP9385","araip.K30076.gnm1.Araip.B09_118958021",19,118958021
"SNP9386","araip.K30076.gnm1.Araip.B09_118979287",19,118979287
"SNP9387","araip.K30076.gnm1.Araip.B09_118990048",19,118990048
"SNP9388","araip.K30076.gnm1.Araip.B09_119072752",19,119072752
"SNP9389","araip.K30076.gnm1.Araip.B09_119073825",19,119073825
"SNP9390","araip.K30076.gnm1.Araip.B09_119124138",19,119124138
"SNP9391","araip.K30076.gnm1.Araip.B09_119556559",19,119556559
"SNP9392","araip.K30076.gnm1.Araip.B09_119575586",19,119575586
"SNP9393","araip.K30076.gnm1.Araip.B09_119736035",19,119736035
"SNP9394","araip.K30076.gnm1.Araip.B09_119737294",19,119737294
"SNP9395","araip.K30076.gnm1.Araip.B09_119775552",19,119775552
"SNP9396","araip.K30076.gnm1.Araip.B09_119800472",19,119800472
"SNP9397","araip.K30076.gnm1.Araip.B09_119800751",19,119800751
"SNP9398","araip.K30076.gnm1.Araip.B09_119805740",19,119805740
"SNP9399","araip.K30076.gnm1.Araip.B09_119806390",19,119806390
"SNP9400","araip.K30076.gnm1.Araip.B09_120196007",19,120196007
"SNP9401","araip.K30076.gnm1.Araip.B09_120374183",19,120374183
"SNP9402","araip.K30076.gnm1.Araip.B09_120390502",19,120390502
"SNP9403","araip.K30076.gnm1.Araip.B09_120390797",19,120390797
"SNP9404","araip.K30076.gnm1.Araip.B09_120413134",19,120413134
"SNP9405","araip.K30076.gnm1.Araip.B09_120670610",19,120670610
"SNP9406","araip.K30076.gnm1.Araip.B09_120713638",19,120713638
"SNP9407","araip.K30076.gnm1.Araip.B09_120788162",19,120788162
"SNP9408","araip.K30076.gnm1.Araip.B09_120944737",19,120944737
"SNP9409","araip.K30076.gnm1.Araip.B09_120965700",19,120965700
"SNP9410","araip.K30076.gnm1.Araip.B09_121050744",19,121050744
"SNP9411","araip.K30076.gnm1.Araip.B09_121061428",19,121061428
"SNP9412","araip.K30076.gnm1.Araip.B09_121186461",19,121186461
"SNP9413","araip.K30076.gnm1.Araip.B09_121362381",19,121362381
"SNP9414","araip.K30076.gnm1.Araip.B09_121527517",19,121527517
"SNP9415","araip.K30076.gnm1.Araip.B09_121573634",19,121573634
"SNP9416","araip.K30076.gnm1.Araip.B09_121635646",19,121635646
"SNP9417","araip.K30076.gnm1.Araip.B09_121785151",19,121785151
"SNP9418","araip.K30076.gnm1.Araip.B09_121790779",19,121790779
"SNP9419","araip.K30076.gnm1.Araip.B09_121791316",19,121791316
"SNP9420","araip.K30076.gnm1.Araip.B09_121807729",19,121807729
"SNP9421","araip.K30076.gnm1.Araip.B09_121968005",19,121968005
"SNP9422","araip.K30076.gnm1.Araip.B09_122026851",19,122026851
"SNP9423","araip.K30076.gnm1.Araip.B09_122034002",19,122034002
"SNP9424","araip.K30076.gnm1.Araip.B09_122176628",19,122176628
"SNP9425","araip.K30076.gnm1.Araip.B09_122195790",19,122195790
"SNP9426","araip.K30076.gnm1.Araip.B09_122195861",19,122195861
"SNP9427","araip.K30076.gnm1.Araip.B09_122197703",19,122197703
"SNP9428","araip.K30076.gnm1.Araip.B09_122232850",19,122232850
"SNP9429","araip.K30076.gnm1.Araip.B09_122390434",19,122390434
"SNP9430","araip.K30076.gnm1.Araip.B09_122411599",19,122411599
"SNP9431","araip.K30076.gnm1.Araip.B09_122479162",19,122479162
"SNP9432","araip.K30076.gnm1.Araip.B09_122560340",19,122560340
"SNP9433","araip.K30076.gnm1.Araip.B09_122754396",19,122754396
"SNP9434","araip.K30076.gnm1.Araip.B09_122778034",19,122778034
"SNP9435","araip.K30076.gnm1.Araip.B09_122778192",19,122778192
"SNP9436","araip.K30076.gnm1.Araip.B09_122815913",19,122815913
"SNP9437","araip.K30076.gnm1.Araip.B09_122816689",19,122816689
"SNP9438","araip.K30076.gnm1.Araip.B09_122821476",19,122821476
"SNP9439","araip.K30076.gnm1.Araip.B09_122822482",19,122822482
"SNP9440","araip.K30076.gnm1.Araip.B09_122830275",19,122830275
"SNP9441","araip.K30076.gnm1.Araip.B09_123068966",19,123068966
"SNP9442","araip.K30076.gnm1.Araip.B09_123069160",19,123069160
"SNP9443","araip.K30076.gnm1.Araip.B09_123069197",19,123069197
"SNP9444","araip.K30076.gnm1.Araip.B09_123226591",19,123226591
"SNP9445","araip.K30076.gnm1.Araip.B09_123248881",19,123248881
"SNP9446","araip.K30076.gnm1.Araip.B09_123340238",19,123340238
"SNP9447","araip.K30076.gnm1.Araip.B09_123349801",19,123349801
"SNP9448","araip.K30076.gnm1.Araip.B09_123462718",19,123462718
"SNP9449","araip.K30076.gnm1.Araip.B09_123465632",19,123465632
"SNP9450","araip.K30076.gnm1.Araip.B09_123550070",19,123550070
"SNP9451","araip.K30076.gnm1.Araip.B09_123871032",19,123871032
"SNP9452","araip.K30076.gnm1.Araip.B09_123957020",19,123957020
"SNP9453","araip.K30076.gnm1.Araip.B09_123971668",19,123971668
"SNP9454","araip.K30076.gnm1.Araip.B09_124085336",19,124085336
"SNP9455","araip.K30076.gnm1.Araip.B09_124850138",19,124850138
"SNP9456","araip.K30076.gnm1.Araip.B09_124854742",19,124854742
"SNP9457","araip.K30076.gnm1.Araip.B09_124855391",19,124855391
"SNP9458","araip.K30076.gnm1.Araip.B09_124910087",19,124910087
"SNP9459","araip.K30076.gnm1.Araip.B09_124910624",19,124910624
"SNP9460","araip.K30076.gnm1.Araip.B09_124924287",19,124924287
"SNP9461","araip.K30076.gnm1.Araip.B09_124950338",19,124950338
"SNP9462","araip.K30076.gnm1.Araip.B09_125095242",19,125095242
"SNP9463","araip.K30076.gnm1.Araip.B09_125111124",19,125111124
"SNP9464","araip.K30076.gnm1.Araip.B09_125152131",19,125152131
"SNP9465","araip.K30076.gnm1.Araip.B09_125166162",19,125166162
"SNP9466","araip.K30076.gnm1.Araip.B09_125207634",19,125207634
"SNP9467","araip.K30076.gnm1.Araip.B09_125295425",19,125295425
"SNP9468","araip.K30076.gnm1.Araip.B09_125354906",19,125354906
"SNP9469","araip.K30076.gnm1.Araip.B09_125356554",19,125356554
"SNP9470","araip.K30076.gnm1.Araip.B09_125390691",19,125390691
"SNP9471","araip.K30076.gnm1.Araip.B09_125395376",19,125395376
"SNP9472","araip.K30076.gnm1.Araip.B09_125565189",19,125565189
"SNP9473","araip.K30076.gnm1.Araip.B09_125757608",19,125757608
"SNP9474","araip.K30076.gnm1.Araip.B09_125776790",19,125776790
"SNP9475","araip.K30076.gnm1.Araip.B09_126274892",19,126274892
"SNP9476","araip.K30076.gnm1.Araip.B09_126276631",19,126276631
"SNP9477","araip.K30076.gnm1.Araip.B09_126296685",19,126296685
"SNP9478","araip.K30076.gnm1.Araip.B09_126345765",19,126345765
"SNP9479","araip.K30076.gnm1.Araip.B09_126346510",19,126346510
"SNP9480","araip.K30076.gnm1.Araip.B09_126349612",19,126349612
"SNP9481","araip.K30076.gnm1.Araip.B09_126350801",19,126350801
"SNP9482","araip.K30076.gnm1.Araip.B09_126358106",19,126358106
"SNP9483","araip.K30076.gnm1.Araip.B09_126361705",19,126361705
"SNP9484","araip.K30076.gnm1.Araip.B09_126389966",19,126389966
"SNP9485","araip.K30076.gnm1.Araip.B09_126485475",19,126485475
"SNP9486","araip.K30076.gnm1.Araip.B09_126922145",19,126922145
"SNP9487","araip.K30076.gnm1.Araip.B09_126946028",19,126946028
"SNP9488","araip.K30076.gnm1.Araip.B09_126996989",19,126996989
"SNP9489","araip.K30076.gnm1.Araip.B09_126997597",19,126997597
"SNP9490","araip.K30076.gnm1.Araip.B09_127087126",19,127087126
"SNP9491","araip.K30076.gnm1.Araip.B09_127114304",19,127114304
"SNP9492","araip.K30076.gnm1.Araip.B09_127125014",19,127125014
"SNP9493","araip.K30076.gnm1.Araip.B09_127154255",19,127154255
"SNP9494","araip.K30076.gnm1.Araip.B09_127397516",19,127397516
"SNP9495","araip.K30076.gnm1.Araip.B09_127450746",19,127450746
"SNP9496","araip.K30076.gnm1.Araip.B09_127451751",19,127451751
"SNP9497","araip.K30076.gnm1.Araip.B09_127501158",19,127501158
"SNP9498","araip.K30076.gnm1.Araip.B09_127505752",19,127505752
"SNP9499","araip.K30076.gnm1.Araip.B09_127506683",19,127506683
"SNP9500","araip.K30076.gnm1.Araip.B09_127509507",19,127509507
"SNP9501","araip.K30076.gnm1.Araip.B09_127680014",19,127680014
"SNP9502","araip.K30076.gnm1.Araip.B09_127686446",19,127686446
"SNP9503","araip.K30076.gnm1.Araip.B09_127697925",19,127697925
"SNP9504","araip.K30076.gnm1.Araip.B09_127715159",19,127715159
"SNP9505","araip.K30076.gnm1.Araip.B09_127721394",19,127721394
"SNP9506","araip.K30076.gnm1.Araip.B09_127856087",19,127856087
"SNP9507","araip.K30076.gnm1.Araip.B09_127890155",19,127890155
"SNP9508","araip.K30076.gnm1.Araip.B09_127903511",19,127903511
"SNP9509","araip.K30076.gnm1.Araip.B09_128027896",19,128027896
"SNP9510","araip.K30076.gnm1.Araip.B09_128147218",19,128147218
"SNP9511","araip.K30076.gnm1.Araip.B09_128255886",19,128255886
"SNP9512","araip.K30076.gnm1.Araip.B09_128338499",19,128338499
"SNP9513","araip.K30076.gnm1.Araip.B09_128424758",19,128424758
"SNP9514","araip.K30076.gnm1.Araip.B09_128425147",19,128425147
"SNP9515","araip.K30076.gnm1.Araip.B09_128489290",19,128489290
"SNP9516","araip.K30076.gnm1.Araip.B09_128492350",19,128492350
"SNP9517","araip.K30076.gnm1.Araip.B09_128492629",19,128492629
"SNP9518","araip.K30076.gnm1.Araip.B09_128553324",19,128553324
"SNP9519","araip.K30076.gnm1.Araip.B09_129094029",19,129094029
"SNP9520","araip.K30076.gnm1.Araip.B09_129269017",19,129269017
"SNP9521","araip.K30076.gnm1.Araip.B09_129443886",19,129443886
"SNP9522","araip.K30076.gnm1.Araip.B09_129474014",19,129474014
"SNP9523","araip.K30076.gnm1.Araip.B09_129505641",19,129505641
"SNP9524","araip.K30076.gnm1.Araip.B09_129563365",19,129563365
"SNP9525","araip.K30076.gnm1.Araip.B09_129648881",19,129648881
"SNP9526","araip.K30076.gnm1.Araip.B09_129718463",19,129718463
"SNP9527","araip.K30076.gnm1.Araip.B09_129722816",19,129722816
"SNP9528","araip.K30076.gnm1.Araip.B09_129848706",19,129848706
"SNP9529","araip.K30076.gnm1.Araip.B09_129864627",19,129864627
"SNP9530","araip.K30076.gnm1.Araip.B09_129868455",19,129868455
"SNP9531","araip.K30076.gnm1.Araip.B09_129935973",19,129935973
"SNP9532","araip.K30076.gnm1.Araip.B09_129965462",19,129965462
"SNP9533","araip.K30076.gnm1.Araip.B09_129979583",19,129979583
"SNP9534","araip.K30076.gnm1.Araip.B09_129981642",19,129981642
"SNP9535","araip.K30076.gnm1.Araip.B09_130092542",19,130092542
"SNP9536","araip.K30076.gnm1.Araip.B09_130103547",19,130103547
"SNP9537","araip.K30076.gnm1.Araip.B09_130300340",19,130300340
"SNP9538","araip.K30076.gnm1.Araip.B09_130326274",19,130326274
"SNP9539","araip.K30076.gnm1.Araip.B09_130441428",19,130441428
"SNP9540","araip.K30076.gnm1.Araip.B09_130751466",19,130751466
"SNP9541","araip.K30076.gnm1.Araip.B09_131123247",19,131123247
"SNP9542","araip.K30076.gnm1.Araip.B09_131182920",19,131182920
"SNP9543","araip.K30076.gnm1.Araip.B09_131183897",19,131183897
"SNP9544","araip.K30076.gnm1.Araip.B09_131185894",19,131185894
"SNP9545","araip.K30076.gnm1.Araip.B09_131187409",19,131187409
"SNP9546","araip.K30076.gnm1.Araip.B09_131210379",19,131210379
"SNP9547","araip.K30076.gnm1.Araip.B09_131370090",19,131370090
"SNP9548","araip.K30076.gnm1.Araip.B09_131670685",19,131670685
"SNP9549","araip.K30076.gnm1.Araip.B09_131865261",19,131865261
"SNP9550","araip.K30076.gnm1.Araip.B09_131873837",19,131873837
"SNP9551","araip.K30076.gnm1.Araip.B09_131908540",19,131908540
"SNP9552","araip.K30076.gnm1.Araip.B09_132091417",19,132091417
"SNP9553","araip.K30076.gnm1.Araip.B09_132164709",19,132164709
"SNP9554","araip.K30076.gnm1.Araip.B09_132165412",19,132165412
"SNP9555","araip.K30076.gnm1.Araip.B09_132186801",19,132186801
"SNP9556","araip.K30076.gnm1.Araip.B09_132225231",19,132225231
"SNP9557","araip.K30076.gnm1.Araip.B09_132265994",19,132265994
"SNP9558","araip.K30076.gnm1.Araip.B09_132347047",19,132347047
"SNP9559","araip.K30076.gnm1.Araip.B09_132540923",19,132540923
"SNP9560","araip.K30076.gnm1.Araip.B09_132675721",19,132675721
"SNP9561","araip.K30076.gnm1.Araip.B09_132696824",19,132696824
"SNP9562","araip.K30076.gnm1.Araip.B09_132923579",19,132923579
"SNP9563","araip.K30076.gnm1.Araip.B09_132934116",19,132934116
"SNP9564","araip.K30076.gnm1.Araip.B09_132941110",19,132941110
"SNP9565","araip.K30076.gnm1.Araip.B09_132987320",19,132987320
"SNP9566","araip.K30076.gnm1.Araip.B09_132992811",19,132992811
"SNP9567","araip.K30076.gnm1.Araip.B09_133159461",19,133159461
"SNP9568","araip.K30076.gnm1.Araip.B09_133376678",19,133376678
"SNP9569","araip.K30076.gnm1.Araip.B09_133615583",19,133615583
"SNP9570","araip.K30076.gnm1.Araip.B09_134081431",19,134081431
"SNP9571","araip.K30076.gnm1.Araip.B09_134111632",19,134111632
"SNP9572","araip.K30076.gnm1.Araip.B09_134510155",19,134510155
"SNP9573","araip.K30076.gnm1.Araip.B09_134671311",19,134671311
"SNP9574","araip.K30076.gnm1.Araip.B09_134849752",19,134849752
"SNP9575","araip.K30076.gnm1.Araip.B09_135080498",19,135080498
"SNP9576","araip.K30076.gnm1.Araip.B09_135167790",19,135167790
"SNP9577","araip.K30076.gnm1.Araip.B09_135168143",19,135168143
"SNP9578","araip.K30076.gnm1.Araip.B09_135253373",19,135253373
"SNP9579","araip.K30076.gnm1.Araip.B09_135474028",19,135474028
"SNP9580","araip.K30076.gnm1.Araip.B09_135680282",19,135680282
"SNP9581","araip.K30076.gnm1.Araip.B09_135684325",19,135684325
"SNP9582","araip.K30076.gnm1.Araip.B09_135737676",19,135737676
"SNP9583","araip.K30076.gnm1.Araip.B09_135766318",19,135766318
"SNP9584","araip.K30076.gnm1.Araip.B09_135794630",19,135794630
"SNP9585","araip.K30076.gnm1.Araip.B09_135795325",19,135795325
"SNP9586","araip.K30076.gnm1.Araip.B09_135798539",19,135798539
"SNP9587","araip.K30076.gnm1.Araip.B09_135860155",19,135860155
"SNP9588","araip.K30076.gnm1.Araip.B09_135874315",19,135874315
"SNP9589","araip.K30076.gnm1.Araip.B09_135887524",19,135887524
"SNP9590","araip.K30076.gnm1.Araip.B09_136069368",19,136069368
"SNP9591","araip.K30076.gnm1.Araip.B09_136087244",19,136087244
"SNP9592","araip.K30076.gnm1.Araip.B09_136094371",19,136094371
"SNP9593","araip.K30076.gnm1.Araip.B09_136177470",19,136177470
"SNP9594","araip.K30076.gnm1.Araip.B09_136249162",19,136249162
"SNP9595","araip.K30076.gnm1.Araip.B09_136255283",19,136255283
"SNP9596","araip.K30076.gnm1.Araip.B09_136302355",19,136302355
"SNP9597","araip.K30076.gnm1.Araip.B09_136490883",19,136490883
"SNP9598","araip.K30076.gnm1.Araip.B09_136526801",19,136526801
"SNP9599","araip.K30076.gnm1.Araip.B09_136587613",19,136587613
"SNP9600","araip.K30076.gnm1.Araip.B09_136589889",19,136589889
"SNP9601","araip.K30076.gnm1.Araip.B09_136592188",19,136592188
"SNP9602","araip.K30076.gnm1.Araip.B09_136677032",19,136677032
"SNP9603","araip.K30076.gnm1.Araip.B09_136677419",19,136677419
"SNP9604","araip.K30076.gnm1.Araip.B09_136688014",19,136688014
"SNP9605","araip.K30076.gnm1.Araip.B09_136944491",19,136944491
"SNP9606","araip.K30076.gnm1.Araip.B09_137042119",19,137042119
"SNP9607","araip.K30076.gnm1.Araip.B09_137061357",19,137061357
"SNP9608","araip.K30076.gnm1.Araip.B09_137080723",19,137080723
"SNP9609","araip.K30076.gnm1.Araip.B09_137203793",19,137203793
"SNP9610","araip.K30076.gnm1.Araip.B09_137254700",19,137254700
"SNP9611","araip.K30076.gnm1.Araip.B09_137277068",19,137277068
"SNP9612","araip.K30076.gnm1.Araip.B09_137424919",19,137424919
"SNP9613","araip.K30076.gnm1.Araip.B09_137439492",19,137439492
"SNP9614","araip.K30076.gnm1.Araip.B09_137509222",19,137509222
"SNP9615","araip.K30076.gnm1.Araip.B09_137554615",19,137554615
"SNP9616","araip.K30076.gnm1.Araip.B09_137611188",19,137611188
"SNP9617","araip.K30076.gnm1.Araip.B09_137611226",19,137611226
"SNP9618","araip.K30076.gnm1.Araip.B09_137612611",19,137612611
"SNP9619","araip.K30076.gnm1.Araip.B09_137665621",19,137665621
"SNP9620","araip.K30076.gnm1.Araip.B09_137687647",19,137687647
"SNP9621","araip.K30076.gnm1.Araip.B09_137800207",19,137800207
"SNP9622","araip.K30076.gnm1.Araip.B09_137844276",19,137844276
"SNP9623","araip.K30076.gnm1.Araip.B09_137875148",19,137875148
"SNP9624","araip.K30076.gnm1.Araip.B09_137875221",19,137875221
"SNP9625","araip.K30076.gnm1.Araip.B09_138007102",19,138007102
"SNP9626","araip.K30076.gnm1.Araip.B09_138012213",19,138012213
"SNP9627","araip.K30076.gnm1.Araip.B09_138013078",19,138013078
"SNP9628","araip.K30076.gnm1.Araip.B09_138064320",19,138064320
"SNP9629","araip.K30076.gnm1.Araip.B09_138126687",19,138126687
"SNP9630","araip.K30076.gnm1.Araip.B09_138369396",19,138369396
"SNP9631","araip.K30076.gnm1.Araip.B09_138374149",19,138374149
"SNP9632","araip.K30076.gnm1.Araip.B09_138375246",19,138375246
"SNP9633","araip.K30076.gnm1.Araip.B09_138403406",19,138403406
"SNP9634","araip.K30076.gnm1.Araip.B09_138464910",19,138464910
"SNP9635","araip.K30076.gnm1.Araip.B09_138466570",19,138466570
"SNP9636","araip.K30076.gnm1.Araip.B09_138466658",19,138466658
"SNP9637","araip.K30076.gnm1.Araip.B09_138477304",19,138477304
"SNP9638","araip.K30076.gnm1.Araip.B09_138633844",19,138633844
"SNP9639","araip.K30076.gnm1.Araip.B09_138635577",19,138635577
"SNP9640","araip.K30076.gnm1.Araip.B09_138683008",19,138683008
"SNP9641","araip.K30076.gnm1.Araip.B09_138708853",19,138708853
"SNP9642","araip.K30076.gnm1.Araip.B09_138776607",19,138776607
"SNP9643","araip.K30076.gnm1.Araip.B09_138821984",19,138821984
"SNP9644","araip.K30076.gnm1.Araip.B09_138853763",19,138853763
"SNP9645","araip.K30076.gnm1.Araip.B09_138926649",19,138926649
"SNP9646","araip.K30076.gnm1.Araip.B09_138928277",19,138928277
"SNP9647","araip.K30076.gnm1.Araip.B09_138929713",19,138929713
"SNP9648","araip.K30076.gnm1.Araip.B09_138929722",19,138929722
"SNP9649","araip.K30076.gnm1.Araip.B09_138944259",19,138944259
"SNP9650","araip.K30076.gnm1.Araip.B09_139030301",19,139030301
"SNP9651","araip.K30076.gnm1.Araip.B09_139031313",19,139031313
"SNP9652","araip.K30076.gnm1.Araip.B09_139037211",19,139037211
"SNP9653","araip.K30076.gnm1.Araip.B09_139055101",19,139055101
"SNP9654","araip.K30076.gnm1.Araip.B09_139056215",19,139056215
"SNP9655","araip.K30076.gnm1.Araip.B09_139056216",19,139056216
"SNP9656","araip.K30076.gnm1.Araip.B09_139059668",19,139059668
"SNP9657","araip.K30076.gnm1.Araip.B09_139159061",19,139159061
"SNP9658","araip.K30076.gnm1.Araip.B09_139159088",19,139159088
"SNP9659","araip.K30076.gnm1.Araip.B09_139387471",19,139387471
"SNP9660","araip.K30076.gnm1.Araip.B09_139554463",19,139554463
"SNP9661","araip.K30076.gnm1.Araip.B09_139594610",19,139594610
"SNP9662","araip.K30076.gnm1.Araip.B09_139676153",19,139676153
"SNP9663","araip.K30076.gnm1.Araip.B09_139843901",19,139843901
"SNP9664","araip.K30076.gnm1.Araip.B09_139844069",19,139844069
"SNP9665","araip.K30076.gnm1.Araip.B09_139993735",19,139993735
"SNP9666","araip.K30076.gnm1.Araip.B09_140050079",19,140050079
"SNP9667","araip.K30076.gnm1.Araip.B09_140134002",19,140134002
"SNP9668","araip.K30076.gnm1.Araip.B09_140200701",19,140200701
"SNP9669","araip.K30076.gnm1.Araip.B09_140239470",19,140239470
"SNP9670","araip.K30076.gnm1.Araip.B09_140303516",19,140303516
"SNP9671","araip.K30076.gnm1.Araip.B09_140304535",19,140304535
"SNP9672","araip.K30076.gnm1.Araip.B09_140316824",19,140316824
"SNP9673","araip.K30076.gnm1.Araip.B09_140367247",19,140367247
"SNP9674","araip.K30076.gnm1.Araip.B09_140367300",19,140367300
"SNP9675","araip.K30076.gnm1.Araip.B09_140373057",19,140373057
"SNP9676","araip.K30076.gnm1.Araip.B09_140408755",19,140408755
"SNP9677","araip.K30076.gnm1.Araip.B09_140426399",19,140426399
"SNP9678","araip.K30076.gnm1.Araip.B09_140440702",19,140440702
"SNP9679","araip.K30076.gnm1.Araip.B09_140517873",19,140517873
"SNP9680","araip.K30076.gnm1.Araip.B09_140543849",19,140543849
"SNP9681","araip.K30076.gnm1.Araip.B09_140577365",19,140577365
"SNP9682","araip.K30076.gnm1.Araip.B09_140650929",19,140650929
"SNP9683","araip.K30076.gnm1.Araip.B09_140772298",19,140772298
"SNP9684","araip.K30076.gnm1.Araip.B09_140822701",19,140822701
"SNP9685","araip.K30076.gnm1.Araip.B09_140910315",19,140910315
"SNP9686","araip.K30076.gnm1.Araip.B09_140942803",19,140942803
"SNP9687","araip.K30076.gnm1.Araip.B09_140986466",19,140986466
"SNP9688","araip.K30076.gnm1.Araip.B09_141075121",19,141075121
"SNP9689","araip.K30076.gnm1.Araip.B09_141089676",19,141089676
"SNP9690","araip.K30076.gnm1.Araip.B09_141089709",19,141089709
"SNP9691","araip.K30076.gnm1.Araip.B09_141180492",19,141180492
"SNP9692","araip.K30076.gnm1.Araip.B09_141366022",19,141366022
"SNP9693","araip.K30076.gnm1.Araip.B09_141702300",19,141702300
"SNP9694","araip.K30076.gnm1.Araip.B09_141755002",19,141755002
"SNP9695","araip.K30076.gnm1.Araip.B09_141771643",19,141771643
"SNP9696","araip.K30076.gnm1.Araip.B09_142126050",19,142126050
"SNP9697","araip.K30076.gnm1.Araip.B09_142204286",19,142204286
"SNP9698","araip.K30076.gnm1.Araip.B09_142255565",19,142255565
"SNP9699","araip.K30076.gnm1.Araip.B09_142274212",19,142274212
"SNP9700","araip.K30076.gnm1.Araip.B09_142395397",19,142395397
"SNP9701","araip.K30076.gnm1.Araip.B09_142532345",19,142532345
"SNP9702","araip.K30076.gnm1.Araip.B09_142602848",19,142602848
"SNP9703","araip.K30076.gnm1.Araip.B09_142745829",19,142745829
"SNP9704","araip.K30076.gnm1.Araip.B09_142896005",19,142896005
"SNP9705","araip.K30076.gnm1.Araip.B09_142913474",19,142913474
"SNP9706","araip.K30076.gnm1.Araip.B09_142918080",19,142918080
"SNP9707","araip.K30076.gnm1.Araip.B09_142925429",19,142925429
"SNP9708","araip.K30076.gnm1.Araip.B09_142933915",19,142933915
"SNP9709","araip.K30076.gnm1.Araip.B09_143037725",19,143037725
"SNP9710","araip.K30076.gnm1.Araip.B09_143049727",19,143049727
"SNP9711","araip.K30076.gnm1.Araip.B09_143105873",19,143105873
"SNP9712","araip.K30076.gnm1.Araip.B09_143217495",19,143217495
"SNP9713","araip.K30076.gnm1.Araip.B09_143219105",19,143219105
"SNP9714","araip.K30076.gnm1.Araip.B09_143316165",19,143316165
"SNP9715","araip.K30076.gnm1.Araip.B09_143317193",19,143317193
"SNP9716","araip.K30076.gnm1.Araip.B09_143317553",19,143317553
"SNP9717","araip.K30076.gnm1.Araip.B09_143324937",19,143324937
"SNP9718","araip.K30076.gnm1.Araip.B09_143327266",19,143327266
"SNP9719","araip.K30076.gnm1.Araip.B09_143373107",19,143373107
"SNP9720","araip.K30076.gnm1.Araip.B09_143379619",19,143379619
"SNP9721","araip.K30076.gnm1.Araip.B09_143425113",19,143425113
"SNP9722","araip.K30076.gnm1.Araip.B09_143481686",19,143481686
"SNP9723","araip.K30076.gnm1.Araip.B09_143554366",19,143554366
"SNP9724","araip.K30076.gnm1.Araip.B09_143630931",19,143630931
"SNP9725","araip.K30076.gnm1.Araip.B09_143697079",19,143697079
"SNP9726","araip.K30076.gnm1.Araip.B09_143697276",19,143697276
"SNP9727","araip.K30076.gnm1.Araip.B09_143697837",19,143697837
"SNP9728","araip.K30076.gnm1.Araip.B09_143697894",19,143697894
"SNP9729","araip.K30076.gnm1.Araip.B09_143699154",19,143699154
"SNP9730","araip.K30076.gnm1.Araip.B09_143700124",19,143700124
"SNP9731","araip.K30076.gnm1.Araip.B09_143719026",19,143719026
"SNP9732","araip.K30076.gnm1.Araip.B09_143733154",19,143733154
"SNP9733","araip.K30076.gnm1.Araip.B09_143735842",19,143735842
"SNP9734","araip.K30076.gnm1.Araip.B09_143767171",19,143767171
"SNP9735","araip.K30076.gnm1.Araip.B09_143783013",19,143783013
"SNP9736","araip.K30076.gnm1.Araip.B09_143791920",19,143791920
"SNP9737","araip.K30076.gnm1.Araip.B09_143793847",19,143793847
"SNP9738","araip.K30076.gnm1.Araip.B09_143844446",19,143844446
"SNP9739","araip.K30076.gnm1.Araip.B09_143855842",19,143855842
"SNP9740","araip.K30076.gnm1.Araip.B09_143922284",19,143922284
"SNP9741","araip.K30076.gnm1.Araip.B09_144125576",19,144125576
"SNP9742","araip.K30076.gnm1.Araip.B09_144204009",19,144204009
"SNP9743","araip.K30076.gnm1.Araip.B09_144292488",19,144292488
"SNP9744","araip.K30076.gnm1.Araip.B09_144312990",19,144312990
"SNP9745","araip.K30076.gnm1.Araip.B09_144374212",19,144374212
"SNP9746","araip.K30076.gnm1.Araip.B09_144552548",19,144552548
"SNP9747","araip.K30076.gnm1.Araip.B09_144553326",19,144553326
"SNP9748","araip.K30076.gnm1.Araip.B09_144554087",19,144554087
"SNP9749","araip.K30076.gnm1.Araip.B09_144593594",19,144593594
"SNP9750","araip.K30076.gnm1.Araip.B09_144609075",19,144609075
"SNP9751","araip.K30076.gnm1.Araip.B09_144672462",19,144672462
"SNP9752","araip.K30076.gnm1.Araip.B09_144697308",19,144697308
"SNP9753","araip.K30076.gnm1.Araip.B09_144737031",19,144737031
"SNP9754","araip.K30076.gnm1.Araip.B09_144743134",19,144743134
"SNP9755","araip.K30076.gnm1.Araip.B09_144821844",19,144821844
"SNP9756","araip.K30076.gnm1.Araip.B09_144862500",19,144862500
"SNP9757","araip.K30076.gnm1.Araip.B09_144978140",19,144978140
"SNP9758","araip.K30076.gnm1.Araip.B09_145000323",19,145000323
"SNP9759","araip.K30076.gnm1.Araip.B09_145003960",19,145003960
"SNP9760","araip.K30076.gnm1.Araip.B09_145041727",19,145041727
"SNP9761","araip.K30076.gnm1.Araip.B09_145059742",19,145059742
"SNP9762","araip.K30076.gnm1.Araip.B09_145069267",19,145069267
"SNP9763","araip.K30076.gnm1.Araip.B09_145171594",19,145171594
"SNP9764","araip.K30076.gnm1.Araip.B09_145408177",19,145408177
"SNP9765","araip.K30076.gnm1.Araip.B09_145441097",19,145441097
"SNP9766","araip.K30076.gnm1.Araip.B09_145612278",19,145612278
"SNP9767","araip.K30076.gnm1.Araip.B09_145861466",19,145861466
"SNP9768","araip.K30076.gnm1.Araip.B09_145906039",19,145906039
"SNP9769","araip.K30076.gnm1.Araip.B09_145934538",19,145934538
"SNP9770","araip.K30076.gnm1.Araip.B09_146039824",19,146039824
"SNP9771","araip.K30076.gnm1.Araip.B09_146057784",19,146057784
"SNP9772","araip.K30076.gnm1.Araip.B09_146103006",19,146103006
"SNP9773","araip.K30076.gnm1.Araip.B09_146178122",19,146178122
"SNP9774","araip.K30076.gnm1.Araip.B09_146195900",19,146195900
"SNP9775","araip.K30076.gnm1.Araip.B09_146260283",19,146260283
"SNP9776","araip.K30076.gnm1.Araip.B09_146448322",19,146448322
"SNP9777","araip.K30076.gnm1.Araip.B09_146511510",19,146511510
"SNP9778","araip.K30076.gnm1.Araip.B09_146524505",19,146524505
"SNP9779","araip.K30076.gnm1.Araip.B09_146613556",19,146613556
"SNP9780","araip.K30076.gnm1.Araip.B09_146676792",19,146676792
"SNP9781","araip.K30076.gnm1.Araip.B09_146722696",19,146722696
"SNP9782","araip.K30076.gnm1.Araip.B09_146767562",19,146767562
"SNP9783","araip.K30076.gnm1.Araip.B09_146789767",19,146789767
"SNP9784","araip.K30076.gnm1.Araip.B09_146824215",19,146824215
"SNP9785","araip.K30076.gnm1.Araip.B09_146828839",19,146828839
"SNP9786","araip.K30076.gnm1.Araip.B09_146875855",19,146875855
"SNP9787","araip.K30076.gnm1.Araip.B09_146876684",19,146876684
"SNP9788","araip.K30076.gnm1.Araip.B09_147063990",19,147063990
"SNP9789","araip.K30076.gnm1.Araip.B10_227655",20,227655
"SNP9790","araip.K30076.gnm1.Araip.B10_227908",20,227908
"SNP9791","araip.K30076.gnm1.Araip.B10_288981",20,288981
"SNP9792","araip.K30076.gnm1.Araip.B10_315858",20,315858
"SNP9793","araip.K30076.gnm1.Araip.B10_317811",20,317811
"SNP9794","araip.K30076.gnm1.Araip.B10_413229",20,413229
"SNP9795","araip.K30076.gnm1.Araip.B10_461999",20,461999
"SNP9796","araip.K30076.gnm1.Araip.B10_491258",20,491258
"SNP9797","araip.K30076.gnm1.Araip.B10_575676",20,575676
"SNP9798","araip.K30076.gnm1.Araip.B10_600140",20,600140
"SNP9799","araip.K30076.gnm1.Araip.B10_604891",20,604891
"SNP9800","araip.K30076.gnm1.Araip.B10_703070",20,703070
"SNP9801","araip.K30076.gnm1.Araip.B10_764392",20,764392
"SNP9802","araip.K30076.gnm1.Araip.B10_871392",20,871392
"SNP9803","araip.K30076.gnm1.Araip.B10_881276",20,881276
"SNP9804","araip.K30076.gnm1.Araip.B10_951057",20,951057
"SNP9805","araip.K30076.gnm1.Araip.B10_976226",20,976226
"SNP9806","araip.K30076.gnm1.Araip.B10_1027412",20,1027412
"SNP9807","araip.K30076.gnm1.Araip.B10_1131145",20,1131145
"SNP9808","araip.K30076.gnm1.Araip.B10_1143503",20,1143503
"SNP9809","araip.K30076.gnm1.Araip.B10_1393807",20,1393807
"SNP9810","araip.K30076.gnm1.Araip.B10_1452808",20,1452808
"SNP9811","araip.K30076.gnm1.Araip.B10_1610179",20,1610179
"SNP9812","araip.K30076.gnm1.Araip.B10_1640448",20,1640448
"SNP9813","araip.K30076.gnm1.Araip.B10_1841267",20,1841267
"SNP9814","araip.K30076.gnm1.Araip.B10_1859590",20,1859590
"SNP9815","araip.K30076.gnm1.Araip.B10_1930535",20,1930535
"SNP9816","araip.K30076.gnm1.Araip.B10_2110189",20,2110189
"SNP9817","araip.K30076.gnm1.Araip.B10_2860926",20,2860926
"SNP9818","araip.K30076.gnm1.Araip.B10_2985263",20,2985263
"SNP9819","araip.K30076.gnm1.Araip.B10_2989333",20,2989333
"SNP9820","araip.K30076.gnm1.Araip.B10_3031536",20,3031536
"SNP9821","araip.K30076.gnm1.Araip.B10_3099337",20,3099337
"SNP9822","araip.K30076.gnm1.Araip.B10_3107522",20,3107522
"SNP9823","araip.K30076.gnm1.Araip.B10_3286473",20,3286473
"SNP9824","araip.K30076.gnm1.Araip.B10_3392113",20,3392113
"SNP9825","araip.K30076.gnm1.Araip.B10_3413213",20,3413213
"SNP9826","araip.K30076.gnm1.Araip.B10_3475985",20,3475985
"SNP9827","araip.K30076.gnm1.Araip.B10_3546441",20,3546441
"SNP9828","araip.K30076.gnm1.Araip.B10_3550489",20,3550489
"SNP9829","araip.K30076.gnm1.Araip.B10_3551737",20,3551737
"SNP9830","araip.K30076.gnm1.Araip.B10_3617317",20,3617317
"SNP9831","araip.K30076.gnm1.Araip.B10_3661295",20,3661295
"SNP9832","araip.K30076.gnm1.Araip.B10_3775833",20,3775833
"SNP9833","araip.K30076.gnm1.Araip.B10_3793139",20,3793139
"SNP9834","araip.K30076.gnm1.Araip.B10_3799219",20,3799219
"SNP9835","araip.K30076.gnm1.Araip.B10_3818996",20,3818996
"SNP9836","araip.K30076.gnm1.Araip.B10_4003836",20,4003836
"SNP9837","araip.K30076.gnm1.Araip.B10_4028387",20,4028387
"SNP9838","araip.K30076.gnm1.Araip.B10_4294508",20,4294508
"SNP9839","araip.K30076.gnm1.Araip.B10_4301628",20,4301628
"SNP9840","araip.K30076.gnm1.Araip.B10_4335438",20,4335438
"SNP9841","araip.K30076.gnm1.Araip.B10_4339811",20,4339811
"SNP9842","araip.K30076.gnm1.Araip.B10_4390529",20,4390529
"SNP9843","araip.K30076.gnm1.Araip.B10_4412590",20,4412590
"SNP9844","araip.K30076.gnm1.Araip.B10_4479635",20,4479635
"SNP9845","araip.K30076.gnm1.Araip.B10_4649581",20,4649581
"SNP9846","araip.K30076.gnm1.Araip.B10_4835712",20,4835712
"SNP9847","araip.K30076.gnm1.Araip.B10_4891997",20,4891997
"SNP9848","araip.K30076.gnm1.Araip.B10_4946993",20,4946993
"SNP9849","araip.K30076.gnm1.Araip.B10_4957250",20,4957250
"SNP9850","araip.K30076.gnm1.Araip.B10_5129682",20,5129682
"SNP9851","araip.K30076.gnm1.Araip.B10_5444947",20,5444947
"SNP9852","araip.K30076.gnm1.Araip.B10_5653094",20,5653094
"SNP9853","araip.K30076.gnm1.Araip.B10_5685345",20,5685345
"SNP9854","araip.K30076.gnm1.Araip.B10_5721673",20,5721673
"SNP9855","araip.K30076.gnm1.Araip.B10_5741936",20,5741936
"SNP9856","araip.K30076.gnm1.Araip.B10_5797544",20,5797544
"SNP9857","araip.K30076.gnm1.Araip.B10_5945132",20,5945132
"SNP9858","araip.K30076.gnm1.Araip.B10_5991902",20,5991902
"SNP9859","araip.K30076.gnm1.Araip.B10_6021974",20,6021974
"SNP9860","araip.K30076.gnm1.Araip.B10_6029528",20,6029528
"SNP9861","araip.K30076.gnm1.Araip.B10_6288434",20,6288434
"SNP9862","araip.K30076.gnm1.Araip.B10_6288633",20,6288633
"SNP9863","araip.K30076.gnm1.Araip.B10_6377824",20,6377824
"SNP9864","araip.K30076.gnm1.Araip.B10_6469563",20,6469563
"SNP9865","araip.K30076.gnm1.Araip.B10_6512875",20,6512875
"SNP9866","araip.K30076.gnm1.Araip.B10_6892820",20,6892820
"SNP9867","araip.K30076.gnm1.Araip.B10_7003204",20,7003204
"SNP9868","araip.K30076.gnm1.Araip.B10_7003712",20,7003712
"SNP9869","araip.K30076.gnm1.Araip.B10_7052534",20,7052534
"SNP9870","araip.K30076.gnm1.Araip.B10_7240989",20,7240989
"SNP9871","araip.K30076.gnm1.Araip.B10_7241446",20,7241446
"SNP9872","araip.K30076.gnm1.Araip.B10_7473526",20,7473526
"SNP9873","araip.K30076.gnm1.Araip.B10_7633341",20,7633341
"SNP9874","araip.K30076.gnm1.Araip.B10_7719548",20,7719548
"SNP9875","araip.K30076.gnm1.Araip.B10_8060685",20,8060685
"SNP9876","araip.K30076.gnm1.Araip.B10_8111280",20,8111280
"SNP9877","araip.K30076.gnm1.Araip.B10_8143599",20,8143599
"SNP9878","araip.K30076.gnm1.Araip.B10_8150784",20,8150784
"SNP9879","araip.K30076.gnm1.Araip.B10_8295217",20,8295217
"SNP9880","araip.K30076.gnm1.Araip.B10_8320517",20,8320517
"SNP9881","araip.K30076.gnm1.Araip.B10_8365266",20,8365266
"SNP9882","araip.K30076.gnm1.Araip.B10_8452305",20,8452305
"SNP9883","araip.K30076.gnm1.Araip.B10_8486728",20,8486728
"SNP9884","araip.K30076.gnm1.Araip.B10_8721814",20,8721814
"SNP9885","araip.K30076.gnm1.Araip.B10_8756547",20,8756547
"SNP9886","araip.K30076.gnm1.Araip.B10_8757567",20,8757567
"SNP9887","araip.K30076.gnm1.Araip.B10_8761398",20,8761398
"SNP9888","araip.K30076.gnm1.Araip.B10_8793292",20,8793292
"SNP9889","araip.K30076.gnm1.Araip.B10_8817954",20,8817954
"SNP9890","araip.K30076.gnm1.Araip.B10_8989752",20,8989752
"SNP9891","araip.K30076.gnm1.Araip.B10_9003441",20,9003441
"SNP9892","araip.K30076.gnm1.Araip.B10_9003527",20,9003527
"SNP9893","araip.K30076.gnm1.Araip.B10_9107539",20,9107539
"SNP9894","araip.K30076.gnm1.Araip.B10_9281210",20,9281210
"SNP9895","araip.K30076.gnm1.Araip.B10_9281248",20,9281248
"SNP9896","araip.K30076.gnm1.Araip.B10_9281469",20,9281469
"SNP9897","araip.K30076.gnm1.Araip.B10_9281804",20,9281804
"SNP9898","araip.K30076.gnm1.Araip.B10_9640726",20,9640726
"SNP9899","araip.K30076.gnm1.Araip.B10_9796789",20,9796789
"SNP9900","araip.K30076.gnm1.Araip.B10_9960231",20,9960231
"SNP9901","araip.K30076.gnm1.Araip.B10_10054830",20,10054830
"SNP9902","araip.K30076.gnm1.Araip.B10_10054864",20,10054864
"SNP9903","araip.K30076.gnm1.Araip.B10_10054933",20,10054933
"SNP9904","araip.K30076.gnm1.Araip.B10_10100636",20,10100636
"SNP9905","araip.K30076.gnm1.Araip.B10_10340251",20,10340251
"SNP9906","araip.K30076.gnm1.Araip.B10_10674946",20,10674946
"SNP9907","araip.K30076.gnm1.Araip.B10_10695081",20,10695081
"SNP9908","araip.K30076.gnm1.Araip.B10_10701413",20,10701413
"SNP9909","araip.K30076.gnm1.Araip.B10_10963057",20,10963057
"SNP9910","araip.K30076.gnm1.Araip.B10_11001513",20,11001513
"SNP9911","araip.K30076.gnm1.Araip.B10_11024913",20,11024913
"SNP9912","araip.K30076.gnm1.Araip.B10_11222431",20,11222431
"SNP9913","araip.K30076.gnm1.Araip.B10_11224819",20,11224819
"SNP9914","araip.K30076.gnm1.Araip.B10_11282226",20,11282226
"SNP9915","araip.K30076.gnm1.Araip.B10_11404004",20,11404004
"SNP9916","araip.K30076.gnm1.Araip.B10_11413449",20,11413449
"SNP9917","araip.K30076.gnm1.Araip.B10_11433466",20,11433466
"SNP9918","araip.K30076.gnm1.Araip.B10_11518339",20,11518339
"SNP9919","araip.K30076.gnm1.Araip.B10_11716192",20,11716192
"SNP9920","araip.K30076.gnm1.Araip.B10_11736692",20,11736692
"SNP9921","araip.K30076.gnm1.Araip.B10_11815011",20,11815011
"SNP9922","araip.K30076.gnm1.Araip.B10_11837785",20,11837785
"SNP9923","araip.K30076.gnm1.Araip.B10_11855093",20,11855093
"SNP9924","araip.K30076.gnm1.Araip.B10_11916097",20,11916097
"SNP9925","araip.K30076.gnm1.Araip.B10_11927143",20,11927143
"SNP9926","araip.K30076.gnm1.Araip.B10_11942188",20,11942188
"SNP9927","araip.K30076.gnm1.Araip.B10_11949489",20,11949489
"SNP9928","araip.K30076.gnm1.Araip.B10_11960833",20,11960833
"SNP9929","araip.K30076.gnm1.Araip.B10_12020811",20,12020811
"SNP9930","araip.K30076.gnm1.Araip.B10_12137817",20,12137817
"SNP9931","araip.K30076.gnm1.Araip.B10_12139196",20,12139196
"SNP9932","araip.K30076.gnm1.Araip.B10_12680679",20,12680679
"SNP9933","araip.K30076.gnm1.Araip.B10_12803338",20,12803338
"SNP9934","araip.K30076.gnm1.Araip.B10_12822991",20,12822991
"SNP9935","araip.K30076.gnm1.Araip.B10_12842286",20,12842286
"SNP9936","araip.K30076.gnm1.Araip.B10_12888686",20,12888686
"SNP9937","araip.K30076.gnm1.Araip.B10_12891052",20,12891052
"SNP9938","araip.K30076.gnm1.Araip.B10_12891867",20,12891867
"SNP9939","araip.K30076.gnm1.Araip.B10_13071261",20,13071261
"SNP9940","araip.K30076.gnm1.Araip.B10_13247736",20,13247736
"SNP9941","araip.K30076.gnm1.Araip.B10_13514779",20,13514779
"SNP9942","araip.K30076.gnm1.Araip.B10_13525237",20,13525237
"SNP9943","araip.K30076.gnm1.Araip.B10_13556833",20,13556833
"SNP9944","araip.K30076.gnm1.Araip.B10_13614689",20,13614689
"SNP9945","araip.K30076.gnm1.Araip.B10_13619744",20,13619744
"SNP9946","araip.K30076.gnm1.Araip.B10_13627392",20,13627392
"SNP9947","araip.K30076.gnm1.Araip.B10_13706194",20,13706194
"SNP9948","araip.K30076.gnm1.Araip.B10_13847554",20,13847554
"SNP9949","araip.K30076.gnm1.Araip.B10_13934321",20,13934321
"SNP9950","araip.K30076.gnm1.Araip.B10_14005710",20,14005710
"SNP9951","araip.K30076.gnm1.Araip.B10_14103992",20,14103992
"SNP9952","araip.K30076.gnm1.Araip.B10_14130059",20,14130059
"SNP9953","araip.K30076.gnm1.Araip.B10_14151223",20,14151223
"SNP9954","araip.K30076.gnm1.Araip.B10_14218138",20,14218138
"SNP9955","araip.K30076.gnm1.Araip.B10_14352839",20,14352839
"SNP9956","araip.K30076.gnm1.Araip.B10_14370824",20,14370824
"SNP9957","araip.K30076.gnm1.Araip.B10_14409355",20,14409355
"SNP9958","araip.K30076.gnm1.Araip.B10_14630738",20,14630738
"SNP9959","araip.K30076.gnm1.Araip.B10_14706568",20,14706568
"SNP9960","araip.K30076.gnm1.Araip.B10_14727118",20,14727118
"SNP9961","araip.K30076.gnm1.Araip.B10_14815236",20,14815236
"SNP9962","araip.K30076.gnm1.Araip.B10_14931883",20,14931883
"SNP9963","araip.K30076.gnm1.Araip.B10_14949423",20,14949423
"SNP9964","araip.K30076.gnm1.Araip.B10_14954598",20,14954598
"SNP9965","araip.K30076.gnm1.Araip.B10_15060722",20,15060722
"SNP9966","araip.K30076.gnm1.Araip.B10_15236575",20,15236575
"SNP9967","araip.K30076.gnm1.Araip.B10_15392122",20,15392122
"SNP9968","araip.K30076.gnm1.Araip.B10_15397808",20,15397808
"SNP9969","araip.K30076.gnm1.Araip.B10_15422110",20,15422110
"SNP9970","araip.K30076.gnm1.Araip.B10_15422442",20,15422442
"SNP9971","araip.K30076.gnm1.Araip.B10_15432510",20,15432510
"SNP9972","araip.K30076.gnm1.Araip.B10_15452718",20,15452718
"SNP9973","araip.K30076.gnm1.Araip.B10_15454470",20,15454470
"SNP9974","araip.K30076.gnm1.Araip.B10_15566734",20,15566734
"SNP9975","araip.K30076.gnm1.Araip.B10_15759048",20,15759048
"SNP9976","araip.K30076.gnm1.Araip.B10_15854167",20,15854167
"SNP9977","araip.K30076.gnm1.Araip.B10_15961729",20,15961729
"SNP9978","araip.K30076.gnm1.Araip.B10_16128019",20,16128019
"SNP9979","araip.K30076.gnm1.Araip.B10_16253635",20,16253635
"SNP9980","araip.K30076.gnm1.Araip.B10_16596924",20,16596924
"SNP9981","araip.K30076.gnm1.Araip.B10_16599914",20,16599914
"SNP9982","araip.K30076.gnm1.Araip.B10_16602763",20,16602763
"SNP9983","araip.K30076.gnm1.Araip.B10_16616057",20,16616057
"SNP9984","araip.K30076.gnm1.Araip.B10_16625144",20,16625144
"SNP9985","araip.K30076.gnm1.Araip.B10_16679392",20,16679392
"SNP9986","araip.K30076.gnm1.Araip.B10_17061918",20,17061918
"SNP9987","araip.K30076.gnm1.Araip.B10_17132604",20,17132604
"SNP9988","araip.K30076.gnm1.Araip.B10_17144791",20,17144791
"SNP9989","araip.K30076.gnm1.Araip.B10_17226494",20,17226494
"SNP9990","araip.K30076.gnm1.Araip.B10_17238930",20,17238930
"SNP9991","araip.K30076.gnm1.Araip.B10_17366208",20,17366208
"SNP9992","araip.K30076.gnm1.Araip.B10_17367332",20,17367332
"SNP9993","araip.K30076.gnm1.Araip.B10_17393655",20,17393655
"SNP9994","araip.K30076.gnm1.Araip.B10_17407621",20,17407621
"SNP9995","araip.K30076.gnm1.Araip.B10_17428939",20,17428939
"SNP9996","araip.K30076.gnm1.Araip.B10_17428974",20,17428974
"SNP9997","araip.K30076.gnm1.Araip.B10_17463065",20,17463065
"SNP9998","araip.K30076.gnm1.Araip.B10_17463232",20,17463232
"SNP9999","araip.K30076.gnm1.Araip.B10_17463364",20,17463364
"SNP10000","araip.K30076.gnm1.Araip.B10_17518909",20,17518909
"SNP10001","araip.K30076.gnm1.Araip.B10_17525653",20,17525653
"SNP10002","araip.K30076.gnm1.Araip.B10_17531258",20,17531258
"SNP10003","araip.K30076.gnm1.Araip.B10_17570332",20,17570332
"SNP10004","araip.K30076.gnm1.Araip.B10_17622313",20,17622313
"SNP10005","araip.K30076.gnm1.Araip.B10_17654307",20,17654307
"SNP10006","araip.K30076.gnm1.Araip.B10_17654526",20,17654526
"SNP10007","araip.K30076.gnm1.Araip.B10_17770273",20,17770273
"SNP10008","araip.K30076.gnm1.Araip.B10_17771755",20,17771755
"SNP10009","araip.K30076.gnm1.Araip.B10_17887438",20,17887438
"SNP10010","araip.K30076.gnm1.Araip.B10_18075741",20,18075741
"SNP10011","araip.K30076.gnm1.Araip.B10_18077773",20,18077773
"SNP10012","araip.K30076.gnm1.Araip.B10_18106423",20,18106423
"SNP10013","araip.K30076.gnm1.Araip.B10_18116908",20,18116908
"SNP10014","araip.K30076.gnm1.Araip.B10_18148120",20,18148120
"SNP10015","araip.K30076.gnm1.Araip.B10_18256661",20,18256661
"SNP10016","araip.K30076.gnm1.Araip.B10_18322854",20,18322854
"SNP10017","araip.K30076.gnm1.Araip.B10_18402377",20,18402377
"SNP10018","araip.K30076.gnm1.Araip.B10_18480116",20,18480116
"SNP10019","araip.K30076.gnm1.Araip.B10_18591183",20,18591183
"SNP10020","araip.K30076.gnm1.Araip.B10_18656208",20,18656208
"SNP10021","araip.K30076.gnm1.Araip.B10_18796469",20,18796469
"SNP10022","araip.K30076.gnm1.Araip.B10_18835770",20,18835770
"SNP10023","araip.K30076.gnm1.Araip.B10_18987501",20,18987501
"SNP10024","araip.K30076.gnm1.Araip.B10_18987656",20,18987656
"SNP10025","araip.K30076.gnm1.Araip.B10_18988673",20,18988673
"SNP10026","araip.K30076.gnm1.Araip.B10_19047354",20,19047354
"SNP10027","araip.K30076.gnm1.Araip.B10_19112268",20,19112268
"SNP10028","araip.K30076.gnm1.Araip.B10_19219944",20,19219944
"SNP10029","araip.K30076.gnm1.Araip.B10_19222202",20,19222202
"SNP10030","araip.K30076.gnm1.Araip.B10_19227038",20,19227038
"SNP10031","araip.K30076.gnm1.Araip.B10_19228522",20,19228522
"SNP10032","araip.K30076.gnm1.Araip.B10_19346108",20,19346108
"SNP10033","araip.K30076.gnm1.Araip.B10_19605819",20,19605819
"SNP10034","araip.K30076.gnm1.Araip.B10_19655674",20,19655674
"SNP10035","araip.K30076.gnm1.Araip.B10_19663894",20,19663894
"SNP10036","araip.K30076.gnm1.Araip.B10_19936113",20,19936113
"SNP10037","araip.K30076.gnm1.Araip.B10_20014189",20,20014189
"SNP10038","araip.K30076.gnm1.Araip.B10_20022580",20,20022580
"SNP10039","araip.K30076.gnm1.Araip.B10_20032145",20,20032145
"SNP10040","araip.K30076.gnm1.Araip.B10_20073461",20,20073461
"SNP10041","araip.K30076.gnm1.Araip.B10_20486484",20,20486484
"SNP10042","araip.K30076.gnm1.Araip.B10_20515442",20,20515442
"SNP10043","araip.K30076.gnm1.Araip.B10_20591267",20,20591267
"SNP10044","araip.K30076.gnm1.Araip.B10_20642619",20,20642619
"SNP10045","araip.K30076.gnm1.Araip.B10_20739599",20,20739599
"SNP10046","araip.K30076.gnm1.Araip.B10_21054312",20,21054312
"SNP10047","araip.K30076.gnm1.Araip.B10_21235436",20,21235436
"SNP10048","araip.K30076.gnm1.Araip.B10_21511960",20,21511960
"SNP10049","araip.K30076.gnm1.Araip.B10_21518548",20,21518548
"SNP10050","araip.K30076.gnm1.Araip.B10_21767974",20,21767974
"SNP10051","araip.K30076.gnm1.Araip.B10_21902073",20,21902073
"SNP10052","araip.K30076.gnm1.Araip.B10_21965008",20,21965008
"SNP10053","araip.K30076.gnm1.Araip.B10_22055750",20,22055750
"SNP10054","araip.K30076.gnm1.Araip.B10_22060262",20,22060262
"SNP10055","araip.K30076.gnm1.Araip.B10_22136500",20,22136500
"SNP10056","araip.K30076.gnm1.Araip.B10_22152025",20,22152025
"SNP10057","araip.K30076.gnm1.Araip.B10_22237270",20,22237270
"SNP10058","araip.K30076.gnm1.Araip.B10_22356263",20,22356263
"SNP10059","araip.K30076.gnm1.Araip.B10_22361891",20,22361891
"SNP10060","araip.K30076.gnm1.Araip.B10_22444962",20,22444962
"SNP10061","araip.K30076.gnm1.Araip.B10_22455533",20,22455533
"SNP10062","araip.K30076.gnm1.Araip.B10_22509177",20,22509177
"SNP10063","araip.K30076.gnm1.Araip.B10_22531621",20,22531621
"SNP10064","araip.K30076.gnm1.Araip.B10_22546600",20,22546600
"SNP10065","araip.K30076.gnm1.Araip.B10_22561681",20,22561681
"SNP10066","araip.K30076.gnm1.Araip.B10_22566462",20,22566462
"SNP10067","araip.K30076.gnm1.Araip.B10_22615618",20,22615618
"SNP10068","araip.K30076.gnm1.Araip.B10_22617228",20,22617228
"SNP10069","araip.K30076.gnm1.Araip.B10_22626184",20,22626184
"SNP10070","araip.K30076.gnm1.Araip.B10_22671074",20,22671074
"SNP10071","araip.K30076.gnm1.Araip.B10_22683462",20,22683462
"SNP10072","araip.K30076.gnm1.Araip.B10_22812094",20,22812094
"SNP10073","araip.K30076.gnm1.Araip.B10_23435848",20,23435848
"SNP10074","araip.K30076.gnm1.Araip.B10_23490698",20,23490698
"SNP10075","araip.K30076.gnm1.Araip.B10_23502895",20,23502895
"SNP10076","araip.K30076.gnm1.Araip.B10_23503052",20,23503052
"SNP10077","araip.K30076.gnm1.Araip.B10_23554514",20,23554514
"SNP10078","araip.K30076.gnm1.Araip.B10_23620879",20,23620879
"SNP10079","araip.K30076.gnm1.Araip.B10_23622439",20,23622439
"SNP10080","araip.K30076.gnm1.Araip.B10_23624247",20,23624247
"SNP10081","araip.K30076.gnm1.Araip.B10_23858560",20,23858560
"SNP10082","araip.K30076.gnm1.Araip.B10_23859426",20,23859426
"SNP10083","araip.K30076.gnm1.Araip.B10_23861488",20,23861488
"SNP10084","araip.K30076.gnm1.Araip.B10_23866032",20,23866032
"SNP10085","araip.K30076.gnm1.Araip.B10_23867199",20,23867199
"SNP10086","araip.K30076.gnm1.Araip.B10_23886797",20,23886797
"SNP10087","araip.K30076.gnm1.Araip.B10_24001100",20,24001100
"SNP10088","araip.K30076.gnm1.Araip.B10_24107901",20,24107901
"SNP10089","araip.K30076.gnm1.Araip.B10_24204217",20,24204217
"SNP10090","araip.K30076.gnm1.Araip.B10_24223965",20,24223965
"SNP10091","araip.K30076.gnm1.Araip.B10_24352995",20,24352995
"SNP10092","araip.K30076.gnm1.Araip.B10_24396769",20,24396769
"SNP10093","araip.K30076.gnm1.Araip.B10_24397256",20,24397256
"SNP10094","araip.K30076.gnm1.Araip.B10_24416358",20,24416358
"SNP10095","araip.K30076.gnm1.Araip.B10_24419229",20,24419229
"SNP10096","araip.K30076.gnm1.Araip.B10_24424552",20,24424552
"SNP10097","araip.K30076.gnm1.Araip.B10_24470815",20,24470815
"SNP10098","araip.K30076.gnm1.Araip.B10_24485305",20,24485305
"SNP10099","araip.K30076.gnm1.Araip.B10_24486109",20,24486109
"SNP10100","araip.K30076.gnm1.Araip.B10_24545456",20,24545456
"SNP10101","araip.K30076.gnm1.Araip.B10_24644819",20,24644819
"SNP10102","araip.K30076.gnm1.Araip.B10_24664237",20,24664237
"SNP10103","araip.K30076.gnm1.Araip.B10_24664937",20,24664937
"SNP10104","araip.K30076.gnm1.Araip.B10_24816329",20,24816329
"SNP10105","araip.K30076.gnm1.Araip.B10_24837375",20,24837375
"SNP10106","araip.K30076.gnm1.Araip.B10_25216328",20,25216328
"SNP10107","araip.K30076.gnm1.Araip.B10_25384986",20,25384986
"SNP10108","araip.K30076.gnm1.Araip.B10_25534916",20,25534916
"SNP10109","araip.K30076.gnm1.Araip.B10_25614025",20,25614025
"SNP10110","araip.K30076.gnm1.Araip.B10_25850660",20,25850660
"SNP10111","araip.K30076.gnm1.Araip.B10_26037194",20,26037194
"SNP10112","araip.K30076.gnm1.Araip.B10_26236280",20,26236280
"SNP10113","araip.K30076.gnm1.Araip.B10_26533801",20,26533801
"SNP10114","araip.K30076.gnm1.Araip.B10_26556349",20,26556349
"SNP10115","araip.K30076.gnm1.Araip.B10_26604370",20,26604370
"SNP10116","araip.K30076.gnm1.Araip.B10_26635688",20,26635688
"SNP10117","araip.K30076.gnm1.Araip.B10_26702173",20,26702173
"SNP10118","araip.K30076.gnm1.Araip.B10_26703076",20,26703076
"SNP10119","araip.K30076.gnm1.Araip.B10_26703743",20,26703743
"SNP10120","araip.K30076.gnm1.Araip.B10_26821879",20,26821879
"SNP10121","araip.K30076.gnm1.Araip.B10_26823329",20,26823329
"SNP10122","araip.K30076.gnm1.Araip.B10_26846195",20,26846195
"SNP10123","araip.K30076.gnm1.Araip.B10_26850556",20,26850556
"SNP10124","araip.K30076.gnm1.Araip.B10_27127891",20,27127891
"SNP10125","araip.K30076.gnm1.Araip.B10_27178096",20,27178096
"SNP10126","araip.K30076.gnm1.Araip.B10_27767707",20,27767707
"SNP10127","araip.K30076.gnm1.Araip.B10_27768787",20,27768787
"SNP10128","araip.K30076.gnm1.Araip.B10_27779269",20,27779269
"SNP10129","araip.K30076.gnm1.Araip.B10_28093650",20,28093650
"SNP10130","araip.K30076.gnm1.Araip.B10_28093660",20,28093660
"SNP10131","araip.K30076.gnm1.Araip.B10_28112750",20,28112750
"SNP10132","araip.K30076.gnm1.Araip.B10_28113879",20,28113879
"SNP10133","araip.K30076.gnm1.Araip.B10_28219844",20,28219844
"SNP10134","araip.K30076.gnm1.Araip.B10_28356771",20,28356771
"SNP10135","araip.K30076.gnm1.Araip.B10_28559598",20,28559598
"SNP10136","araip.K30076.gnm1.Araip.B10_28559864",20,28559864
"SNP10137","araip.K30076.gnm1.Araip.B10_28590255",20,28590255
"SNP10138","araip.K30076.gnm1.Araip.B10_28615758",20,28615758
"SNP10139","araip.K30076.gnm1.Araip.B10_28636518",20,28636518
"SNP10140","araip.K30076.gnm1.Araip.B10_28727914",20,28727914
"SNP10141","araip.K30076.gnm1.Araip.B10_29098734",20,29098734
"SNP10142","araip.K30076.gnm1.Araip.B10_29099440",20,29099440
"SNP10143","araip.K30076.gnm1.Araip.B10_29227495",20,29227495
"SNP10144","araip.K30076.gnm1.Araip.B10_29251817",20,29251817
"SNP10145","araip.K30076.gnm1.Araip.B10_29252857",20,29252857
"SNP10146","araip.K30076.gnm1.Araip.B10_29257332",20,29257332
"SNP10147","araip.K30076.gnm1.Araip.B10_29257902",20,29257902
"SNP10148","araip.K30076.gnm1.Araip.B10_29260593",20,29260593
"SNP10149","araip.K30076.gnm1.Araip.B10_29288736",20,29288736
"SNP10150","araip.K30076.gnm1.Araip.B10_29342443",20,29342443
"SNP10151","araip.K30076.gnm1.Araip.B10_29381322",20,29381322
"SNP10152","araip.K30076.gnm1.Araip.B10_29383277",20,29383277
"SNP10153","araip.K30076.gnm1.Araip.B10_29494510",20,29494510
"SNP10154","araip.K30076.gnm1.Araip.B10_29511704",20,29511704
"SNP10155","araip.K30076.gnm1.Araip.B10_29529101",20,29529101
"SNP10156","araip.K30076.gnm1.Araip.B10_29530654",20,29530654
"SNP10157","araip.K30076.gnm1.Araip.B10_29531231",20,29531231
"SNP10158","araip.K30076.gnm1.Araip.B10_29531576",20,29531576
"SNP10159","araip.K30076.gnm1.Araip.B10_29601961",20,29601961
"SNP10160","araip.K30076.gnm1.Araip.B10_30386622",20,30386622
"SNP10161","araip.K30076.gnm1.Araip.B10_30392814",20,30392814
"SNP10162","araip.K30076.gnm1.Araip.B10_30578665",20,30578665
"SNP10163","araip.K30076.gnm1.Araip.B10_30580643",20,30580643
"SNP10164","araip.K30076.gnm1.Araip.B10_30797781",20,30797781
"SNP10165","araip.K30076.gnm1.Araip.B10_30798872",20,30798872
"SNP10166","araip.K30076.gnm1.Araip.B10_30804946",20,30804946
"SNP10167","araip.K30076.gnm1.Araip.B10_30805101",20,30805101
"SNP10168","araip.K30076.gnm1.Araip.B10_30808410",20,30808410
"SNP10169","araip.K30076.gnm1.Araip.B10_30821733",20,30821733
"SNP10170","araip.K30076.gnm1.Araip.B10_30878797",20,30878797
"SNP10171","araip.K30076.gnm1.Araip.B10_31203920",20,31203920
"SNP10172","araip.K30076.gnm1.Araip.B10_31203927",20,31203927
"SNP10173","araip.K30076.gnm1.Araip.B10_31228669",20,31228669
"SNP10174","araip.K30076.gnm1.Araip.B10_31243190",20,31243190
"SNP10175","araip.K30076.gnm1.Araip.B10_31259264",20,31259264
"SNP10176","araip.K30076.gnm1.Araip.B10_31259468",20,31259468
"SNP10177","araip.K30076.gnm1.Araip.B10_31266100",20,31266100
"SNP10178","araip.K30076.gnm1.Araip.B10_31268245",20,31268245
"SNP10179","araip.K30076.gnm1.Araip.B10_32057873",20,32057873
"SNP10180","araip.K30076.gnm1.Araip.B10_32228751",20,32228751
"SNP10181","araip.K30076.gnm1.Araip.B10_32304569",20,32304569
"SNP10182","araip.K30076.gnm1.Araip.B10_32535529",20,32535529
"SNP10183","araip.K30076.gnm1.Araip.B10_32535597",20,32535597
"SNP10184","araip.K30076.gnm1.Araip.B10_32545188",20,32545188
"SNP10185","araip.K30076.gnm1.Araip.B10_32767694",20,32767694
"SNP10186","araip.K30076.gnm1.Araip.B10_32810070",20,32810070
"SNP10187","araip.K30076.gnm1.Araip.B10_32885702",20,32885702
"SNP10188","araip.K30076.gnm1.Araip.B10_33124099",20,33124099
"SNP10189","araip.K30076.gnm1.Araip.B10_33276630",20,33276630
"SNP10190","araip.K30076.gnm1.Araip.B10_33278608",20,33278608
"SNP10191","araip.K30076.gnm1.Araip.B10_33381505",20,33381505
"SNP10192","araip.K30076.gnm1.Araip.B10_33385621",20,33385621
"SNP10193","araip.K30076.gnm1.Araip.B10_33846233",20,33846233
"SNP10194","araip.K30076.gnm1.Araip.B10_34497703",20,34497703
"SNP10195","araip.K30076.gnm1.Araip.B10_34534257",20,34534257
"SNP10196","araip.K30076.gnm1.Araip.B10_35189192",20,35189192
"SNP10197","araip.K30076.gnm1.Araip.B10_35246033",20,35246033
"SNP10198","araip.K30076.gnm1.Araip.B10_35443692",20,35443692
"SNP10199","araip.K30076.gnm1.Araip.B10_35867723",20,35867723
"SNP10200","araip.K30076.gnm1.Araip.B10_35885001",20,35885001
"SNP10201","araip.K30076.gnm1.Araip.B10_35885347",20,35885347
"SNP10202","araip.K30076.gnm1.Araip.B10_36165714",20,36165714
"SNP10203","araip.K30076.gnm1.Araip.B10_36168269",20,36168269
"SNP10204","araip.K30076.gnm1.Araip.B10_36197991",20,36197991
"SNP10205","araip.K30076.gnm1.Araip.B10_36202987",20,36202987
"SNP10206","araip.K30076.gnm1.Araip.B10_36555186",20,36555186
"SNP10207","araip.K30076.gnm1.Araip.B10_36753717",20,36753717
"SNP10208","araip.K30076.gnm1.Araip.B10_37238142",20,37238142
"SNP10209","araip.K30076.gnm1.Araip.B10_37246872",20,37246872
"SNP10210","araip.K30076.gnm1.Araip.B10_37247170",20,37247170
"SNP10211","araip.K30076.gnm1.Araip.B10_37301655",20,37301655
"SNP10212","araip.K30076.gnm1.Araip.B10_37360788",20,37360788
"SNP10213","araip.K30076.gnm1.Araip.B10_37360809",20,37360809
"SNP10214","araip.K30076.gnm1.Araip.B10_37402849",20,37402849
"SNP10215","araip.K30076.gnm1.Araip.B10_37519617",20,37519617
"SNP10216","araip.K30076.gnm1.Araip.B10_37529186",20,37529186
"SNP10217","araip.K30076.gnm1.Araip.B10_37534894",20,37534894
"SNP10218","araip.K30076.gnm1.Araip.B10_37614942",20,37614942
"SNP10219","araip.K30076.gnm1.Araip.B10_37618455",20,37618455
"SNP10220","araip.K30076.gnm1.Araip.B10_37725796",20,37725796
"SNP10221","araip.K30076.gnm1.Araip.B10_37731356",20,37731356
"SNP10222","araip.K30076.gnm1.Araip.B10_37881206",20,37881206
"SNP10223","araip.K30076.gnm1.Araip.B10_37883724",20,37883724
"SNP10224","araip.K30076.gnm1.Araip.B10_38031240",20,38031240
"SNP10225","araip.K30076.gnm1.Araip.B10_38048095",20,38048095
"SNP10226","araip.K30076.gnm1.Araip.B10_38530347",20,38530347
"SNP10227","araip.K30076.gnm1.Araip.B10_38647089",20,38647089
"SNP10228","araip.K30076.gnm1.Araip.B10_38730988",20,38730988
"SNP10229","araip.K30076.gnm1.Araip.B10_38924508",20,38924508
"SNP10230","araip.K30076.gnm1.Araip.B10_39003207",20,39003207
"SNP10231","araip.K30076.gnm1.Araip.B10_39226345",20,39226345
"SNP10232","araip.K30076.gnm1.Araip.B10_39304466",20,39304466
"SNP10233","araip.K30076.gnm1.Araip.B10_39327006",20,39327006
"SNP10234","araip.K30076.gnm1.Araip.B10_39333939",20,39333939
"SNP10235","araip.K30076.gnm1.Araip.B10_39386087",20,39386087
"SNP10236","araip.K30076.gnm1.Araip.B10_39389450",20,39389450
"SNP10237","araip.K30076.gnm1.Araip.B10_39521086",20,39521086
"SNP10238","araip.K30076.gnm1.Araip.B10_39595648",20,39595648
"SNP10239","araip.K30076.gnm1.Araip.B10_39657700",20,39657700
"SNP10240","araip.K30076.gnm1.Araip.B10_39813112",20,39813112
"SNP10241","araip.K30076.gnm1.Araip.B10_39984788",20,39984788
"SNP10242","araip.K30076.gnm1.Araip.B10_39992622",20,39992622
"SNP10243","araip.K30076.gnm1.Araip.B10_40188986",20,40188986
"SNP10244","araip.K30076.gnm1.Araip.B10_40601250",20,40601250
"SNP10245","araip.K30076.gnm1.Araip.B10_41620928",20,41620928
"SNP10246","araip.K30076.gnm1.Araip.B10_42054065",20,42054065
"SNP10247","araip.K30076.gnm1.Araip.B10_42111609",20,42111609
"SNP10248","araip.K30076.gnm1.Araip.B10_42757471",20,42757471
"SNP10249","araip.K30076.gnm1.Araip.B10_42941686",20,42941686
"SNP10250","araip.K30076.gnm1.Araip.B10_43304002",20,43304002
"SNP10251","araip.K30076.gnm1.Araip.B10_43866345",20,43866345
"SNP10252","araip.K30076.gnm1.Araip.B10_44230662",20,44230662
"SNP10253","araip.K30076.gnm1.Araip.B10_44244313",20,44244313
"SNP10254","araip.K30076.gnm1.Araip.B10_44936733",20,44936733
"SNP10255","araip.K30076.gnm1.Araip.B10_45074600",20,45074600
"SNP10256","araip.K30076.gnm1.Araip.B10_45495877",20,45495877
"SNP10257","araip.K30076.gnm1.Araip.B10_45514693",20,45514693
"SNP10258","araip.K30076.gnm1.Araip.B10_46065312",20,46065312
"SNP10259","araip.K30076.gnm1.Araip.B10_46517062",20,46517062
"SNP10260","araip.K30076.gnm1.Araip.B10_47537505",20,47537505
"SNP10261","araip.K30076.gnm1.Araip.B10_47561992",20,47561992
"SNP10262","araip.K30076.gnm1.Araip.B10_47563154",20,47563154
"SNP10263","araip.K30076.gnm1.Araip.B10_47728145",20,47728145
"SNP10264","araip.K30076.gnm1.Araip.B10_47756074",20,47756074
"SNP10265","araip.K30076.gnm1.Araip.B10_47757413",20,47757413
"SNP10266","araip.K30076.gnm1.Araip.B10_48194098",20,48194098
"SNP10267","araip.K30076.gnm1.Araip.B10_48713157",20,48713157
"SNP10268","araip.K30076.gnm1.Araip.B10_48729302",20,48729302
"SNP10269","araip.K30076.gnm1.Araip.B10_49127843",20,49127843
"SNP10270","araip.K30076.gnm1.Araip.B10_49417511",20,49417511
"SNP10271","araip.K30076.gnm1.Araip.B10_50897585",20,50897585
"SNP10272","araip.K30076.gnm1.Araip.B10_51831972",20,51831972
"SNP10273","araip.K30076.gnm1.Araip.B10_52101886",20,52101886
"SNP10274","araip.K30076.gnm1.Araip.B10_53036722",20,53036722
"SNP10275","araip.K30076.gnm1.Araip.B10_53037082",20,53037082
"SNP10276","araip.K30076.gnm1.Araip.B10_53037149",20,53037149
"SNP10277","araip.K30076.gnm1.Araip.B10_53037387",20,53037387
"SNP10278","araip.K30076.gnm1.Araip.B10_53038882",20,53038882
"SNP10279","araip.K30076.gnm1.Araip.B10_53461482",20,53461482
"SNP10280","araip.K30076.gnm1.Araip.B10_53505978",20,53505978
"SNP10281","araip.K30076.gnm1.Araip.B10_53563783",20,53563783
"SNP10282","araip.K30076.gnm1.Araip.B10_53567565",20,53567565
"SNP10283","araip.K30076.gnm1.Araip.B10_53790724",20,53790724
"SNP10284","araip.K30076.gnm1.Araip.B10_53799189",20,53799189
"SNP10285","araip.K30076.gnm1.Araip.B10_53856272",20,53856272
"SNP10286","araip.K30076.gnm1.Araip.B10_53902493",20,53902493
"SNP10287","araip.K30076.gnm1.Araip.B10_53930620",20,53930620
"SNP10288","araip.K30076.gnm1.Araip.B10_54026717",20,54026717
"SNP10289","araip.K30076.gnm1.Araip.B10_54732114",20,54732114
"SNP10290","araip.K30076.gnm1.Araip.B10_54837697",20,54837697
"SNP10291","araip.K30076.gnm1.Araip.B10_55018487",20,55018487
"SNP10292","araip.K30076.gnm1.Araip.B10_55102062",20,55102062
"SNP10293","araip.K30076.gnm1.Araip.B10_55645619",20,55645619
"SNP10294","araip.K30076.gnm1.Araip.B10_56373090",20,56373090
"SNP10295","araip.K30076.gnm1.Araip.B10_56373609",20,56373609
"SNP10296","araip.K30076.gnm1.Araip.B10_57036162",20,57036162
"SNP10297","araip.K30076.gnm1.Araip.B10_57042229",20,57042229
"SNP10298","araip.K30076.gnm1.Araip.B10_57251334",20,57251334
"SNP10299","araip.K30076.gnm1.Araip.B10_57330114",20,57330114
"SNP10300","araip.K30076.gnm1.Araip.B10_57503244",20,57503244
"SNP10301","araip.K30076.gnm1.Araip.B10_58307686",20,58307686
"SNP10302","araip.K30076.gnm1.Araip.B10_58362726",20,58362726
"SNP10303","araip.K30076.gnm1.Araip.B10_58366163",20,58366163
"SNP10304","araip.K30076.gnm1.Araip.B10_58366365",20,58366365
"SNP10305","araip.K30076.gnm1.Araip.B10_59597491",20,59597491
"SNP10306","araip.K30076.gnm1.Araip.B10_60675107",20,60675107
"SNP10307","araip.K30076.gnm1.Araip.B10_63225528",20,63225528
"SNP10308","araip.K30076.gnm1.Araip.B10_63225633",20,63225633
"SNP10309","araip.K30076.gnm1.Araip.B10_63288619",20,63288619
"SNP10310","araip.K30076.gnm1.Araip.B10_63370739",20,63370739
"SNP10311","araip.K30076.gnm1.Araip.B10_63459572",20,63459572
"SNP10312","araip.K30076.gnm1.Araip.B10_65263935",20,65263935
"SNP10313","araip.K30076.gnm1.Araip.B10_66768283",20,66768283
"SNP10314","araip.K30076.gnm1.Araip.B10_67826402",20,67826402
"SNP10315","araip.K30076.gnm1.Araip.B10_70755539",20,70755539
"SNP10316","araip.K30076.gnm1.Araip.B10_71215454",20,71215454
"SNP10317","araip.K30076.gnm1.Araip.B10_72557777",20,72557777
"SNP10318","araip.K30076.gnm1.Araip.B10_73696615",20,73696615
"SNP10319","araip.K30076.gnm1.Araip.B10_74067661",20,74067661
"SNP10320","araip.K30076.gnm1.Araip.B10_75011113",20,75011113
"SNP10321","araip.K30076.gnm1.Araip.B10_75063610",20,75063610
"SNP10322","araip.K30076.gnm1.Araip.B10_77317505",20,77317505
"SNP10323","araip.K30076.gnm1.Araip.B10_79192529",20,79192529
"SNP10324","araip.K30076.gnm1.Araip.B10_83095744",20,83095744
"SNP10325","araip.K30076.gnm1.Araip.B10_83345287",20,83345287
"SNP10326","araip.K30076.gnm1.Araip.B10_84197579",20,84197579
"SNP10327","araip.K30076.gnm1.Araip.B10_84286627",20,84286627
"SNP10328","araip.K30076.gnm1.Araip.B10_84294420",20,84294420
"SNP10329","araip.K30076.gnm1.Araip.B10_84492045",20,84492045
"SNP10330","araip.K30076.gnm1.Araip.B10_84771785",20,84771785
"SNP10331","araip.K30076.gnm1.Araip.B10_84777906",20,84777906
"SNP10332","araip.K30076.gnm1.Araip.B10_85325859",20,85325859
"SNP10333","araip.K30076.gnm1.Araip.B10_85428281",20,85428281
"SNP10334","araip.K30076.gnm1.Araip.B10_85442699",20,85442699
"SNP10335","araip.K30076.gnm1.Araip.B10_85485513",20,85485513
"SNP10336","araip.K30076.gnm1.Araip.B10_85526706",20,85526706
"SNP10337","araip.K30076.gnm1.Araip.B10_86624323",20,86624323
"SNP10338","araip.K30076.gnm1.Araip.B10_86740105",20,86740105
"SNP10339","araip.K30076.gnm1.Araip.B10_86894726",20,86894726
"SNP10340","araip.K30076.gnm1.Araip.B10_87075455",20,87075455
"SNP10341","araip.K30076.gnm1.Araip.B10_88180090",20,88180090
"SNP10342","araip.K30076.gnm1.Araip.B10_88945497",20,88945497
"SNP10343","araip.K30076.gnm1.Araip.B10_88965006",20,88965006
"SNP10344","araip.K30076.gnm1.Araip.B10_88965257",20,88965257
"SNP10345","araip.K30076.gnm1.Araip.B10_88976959",20,88976959
"SNP10346","araip.K30076.gnm1.Araip.B10_89015523",20,89015523
"SNP10347","araip.K30076.gnm1.Araip.B10_89049397",20,89049397
"SNP10348","araip.K30076.gnm1.Araip.B10_89615533",20,89615533
"SNP10349","araip.K30076.gnm1.Araip.B10_89618677",20,89618677
"SNP10350","araip.K30076.gnm1.Araip.B10_89688200",20,89688200
"SNP10351","araip.K30076.gnm1.Araip.B10_90232302",20,90232302
"SNP10352","araip.K30076.gnm1.Araip.B10_90234175",20,90234175
"SNP10353","araip.K30076.gnm1.Araip.B10_91058751",20,91058751
"SNP10354","araip.K30076.gnm1.Araip.B10_93164842",20,93164842
"SNP10355","araip.K30076.gnm1.Araip.B10_93343274",20,93343274
"SNP10356","araip.K30076.gnm1.Araip.B10_93388560",20,93388560
"SNP10357","araip.K30076.gnm1.Araip.B10_93390025",20,93390025
"SNP10358","araip.K30076.gnm1.Araip.B10_93585284",20,93585284
"SNP10359","araip.K30076.gnm1.Araip.B10_93585343",20,93585343
"SNP10360","araip.K30076.gnm1.Araip.B10_93592435",20,93592435
"SNP10361","araip.K30076.gnm1.Araip.B10_93644810",20,93644810
"SNP10362","araip.K30076.gnm1.Araip.B10_93966093",20,93966093
"SNP10363","araip.K30076.gnm1.Araip.B10_94875006",20,94875006
"SNP10364","araip.K30076.gnm1.Araip.B10_95081846",20,95081846
"SNP10365","araip.K30076.gnm1.Araip.B10_95291081",20,95291081
"SNP10366","araip.K30076.gnm1.Araip.B10_95454428",20,95454428
"SNP10367","araip.K30076.gnm1.Araip.B10_95630739",20,95630739
"SNP10368","araip.K30076.gnm1.Araip.B10_95631437",20,95631437
"SNP10369","araip.K30076.gnm1.Araip.B10_95678755",20,95678755
"SNP10370","araip.K30076.gnm1.Araip.B10_95714482",20,95714482
"SNP10371","araip.K30076.gnm1.Araip.B10_95999180",20,95999180
"SNP10372","araip.K30076.gnm1.Araip.B10_95999409",20,95999409
"SNP10373","araip.K30076.gnm1.Araip.B10_96102826",20,96102826
"SNP10374","araip.K30076.gnm1.Araip.B10_96104139",20,96104139
"SNP10375","araip.K30076.gnm1.Araip.B10_96699003",20,96699003
"SNP10376","araip.K30076.gnm1.Araip.B10_97946333",20,97946333
"SNP10377","araip.K30076.gnm1.Araip.B10_97947672",20,97947672
"SNP10378","araip.K30076.gnm1.Araip.B10_98001445",20,98001445
"SNP10379","araip.K30076.gnm1.Araip.B10_98012592",20,98012592
"SNP10380","araip.K30076.gnm1.Araip.B10_98014179",20,98014179
"SNP10381","araip.K30076.gnm1.Araip.B10_98111486",20,98111486
"SNP10382","araip.K30076.gnm1.Araip.B10_98222925",20,98222925
"SNP10383","araip.K30076.gnm1.Araip.B10_98345169",20,98345169
"SNP10384","araip.K30076.gnm1.Araip.B10_98415403",20,98415403
"SNP10385","araip.K30076.gnm1.Araip.B10_98493902",20,98493902
"SNP10386","araip.K30076.gnm1.Araip.B10_98591598",20,98591598
"SNP10387","araip.K30076.gnm1.Araip.B10_98899843",20,98899843
"SNP10388","araip.K30076.gnm1.Araip.B10_99179515",20,99179515
"SNP10389","araip.K30076.gnm1.Araip.B10_99180379",20,99180379
"SNP10390","araip.K30076.gnm1.Araip.B10_99261753",20,99261753
"SNP10391","araip.K30076.gnm1.Araip.B10_99286256",20,99286256
"SNP10392","araip.K30076.gnm1.Araip.B10_99288162",20,99288162
"SNP10393","araip.K30076.gnm1.Araip.B10_99321132",20,99321132
"SNP10394","araip.K30076.gnm1.Araip.B10_99337994",20,99337994
"SNP10395","araip.K30076.gnm1.Araip.B10_99364159",20,99364159
"SNP10396","araip.K30076.gnm1.Araip.B10_99405254",20,99405254
"SNP10397","araip.K30076.gnm1.Araip.B10_99405255",20,99405255
"SNP10398","araip.K30076.gnm1.Araip.B10_100142417",20,100142417
"SNP10399","araip.K30076.gnm1.Araip.B10_100177219",20,100177219
"SNP10400","araip.K30076.gnm1.Araip.B10_100212241",20,100212241
"SNP10401","araip.K30076.gnm1.Araip.B10_100214440",20,100214440
"SNP10402","araip.K30076.gnm1.Araip.B10_100247170",20,100247170
"SNP10403","araip.K30076.gnm1.Araip.B10_100540432",20,100540432
"SNP10404","araip.K30076.gnm1.Araip.B10_100607493",20,100607493
"SNP10405","araip.K30076.gnm1.Araip.B10_100670731",20,100670731
"SNP10406","araip.K30076.gnm1.Araip.B10_101036826",20,101036826
"SNP10407","araip.K30076.gnm1.Araip.B10_101322073",20,101322073
"SNP10408","araip.K30076.gnm1.Araip.B10_101477976",20,101477976
"SNP10409","araip.K30076.gnm1.Araip.B10_101527061",20,101527061
"SNP10410","araip.K30076.gnm1.Araip.B10_101748565",20,101748565
"SNP10411","araip.K30076.gnm1.Araip.B10_101749221",20,101749221
"SNP10412","araip.K30076.gnm1.Araip.B10_101871371",20,101871371
"SNP10413","araip.K30076.gnm1.Araip.B10_101890815",20,101890815
"SNP10414","araip.K30076.gnm1.Araip.B10_102068314",20,102068314
"SNP10415","araip.K30076.gnm1.Araip.B10_102144045",20,102144045
"SNP10416","araip.K30076.gnm1.Araip.B10_102145407",20,102145407
"SNP10417","araip.K30076.gnm1.Araip.B10_102149563",20,102149563
"SNP10418","araip.K30076.gnm1.Araip.B10_102226965",20,102226965
"SNP10419","araip.K30076.gnm1.Araip.B10_102286282",20,102286282
"SNP10420","araip.K30076.gnm1.Araip.B10_102338795",20,102338795
"SNP10421","araip.K30076.gnm1.Araip.B10_102394066",20,102394066
"SNP10422","araip.K30076.gnm1.Araip.B10_102479241",20,102479241
"SNP10423","araip.K30076.gnm1.Araip.B10_102484375",20,102484375
"SNP10424","araip.K30076.gnm1.Araip.B10_102518289",20,102518289
"SNP10425","araip.K30076.gnm1.Araip.B10_102556027",20,102556027
"SNP10426","araip.K30076.gnm1.Araip.B10_102595174",20,102595174
"SNP10427","araip.K30076.gnm1.Araip.B10_102847093",20,102847093
"SNP10428","araip.K30076.gnm1.Araip.B10_103068869",20,103068869
"SNP10429","araip.K30076.gnm1.Araip.B10_103279482",20,103279482
"SNP10430","araip.K30076.gnm1.Araip.B10_103485334",20,103485334
"SNP10431","araip.K30076.gnm1.Araip.B10_103487111",20,103487111
"SNP10432","araip.K30076.gnm1.Araip.B10_103487554",20,103487554
"SNP10433","araip.K30076.gnm1.Araip.B10_103518532",20,103518532
"SNP10434","araip.K30076.gnm1.Araip.B10_103608617",20,103608617
"SNP10435","araip.K30076.gnm1.Araip.B10_103610991",20,103610991
"SNP10436","araip.K30076.gnm1.Araip.B10_103611093",20,103611093
"SNP10437","araip.K30076.gnm1.Araip.B10_103613998",20,103613998
"SNP10438","araip.K30076.gnm1.Araip.B10_103678106",20,103678106
"SNP10439","araip.K30076.gnm1.Araip.B10_103728395",20,103728395
"SNP10440","araip.K30076.gnm1.Araip.B10_103852531",20,103852531
"SNP10441","araip.K30076.gnm1.Araip.B10_103892155",20,103892155
"SNP10442","araip.K30076.gnm1.Araip.B10_103989389",20,103989389
"SNP10443","araip.K30076.gnm1.Araip.B10_104067157",20,104067157
"SNP10444","araip.K30076.gnm1.Araip.B10_104067660",20,104067660
"SNP10445","araip.K30076.gnm1.Araip.B10_104070927",20,104070927
"SNP10446","araip.K30076.gnm1.Araip.B10_104213196",20,104213196
"SNP10447","araip.K30076.gnm1.Araip.B10_104214716",20,104214716
"SNP10448","araip.K30076.gnm1.Araip.B10_104524095",20,104524095
"SNP10449","araip.K30076.gnm1.Araip.B10_104567124",20,104567124
"SNP10450","araip.K30076.gnm1.Araip.B10_104573099",20,104573099
"SNP10451","araip.K30076.gnm1.Araip.B10_104574259",20,104574259
"SNP10452","araip.K30076.gnm1.Araip.B10_104579149",20,104579149
"SNP10453","araip.K30076.gnm1.Araip.B10_104583828",20,104583828
"SNP10454","araip.K30076.gnm1.Araip.B10_104630507",20,104630507
"SNP10455","araip.K30076.gnm1.Araip.B10_104640404",20,104640404
"SNP10456","araip.K30076.gnm1.Araip.B10_104642381",20,104642381
"SNP10457","araip.K30076.gnm1.Araip.B10_104806405",20,104806405
"SNP10458","araip.K30076.gnm1.Araip.B10_104809807",20,104809807
"SNP10459","araip.K30076.gnm1.Araip.B10_104810039",20,104810039
"SNP10460","araip.K30076.gnm1.Araip.B10_104814770",20,104814770
"SNP10461","araip.K30076.gnm1.Araip.B10_104815040",20,104815040
"SNP10462","araip.K30076.gnm1.Araip.B10_104817135",20,104817135
"SNP10463","araip.K30076.gnm1.Araip.B10_105185173",20,105185173
"SNP10464","araip.K30076.gnm1.Araip.B10_105233413",20,105233413
"SNP10465","araip.K30076.gnm1.Araip.B10_105288114",20,105288114
"SNP10466","araip.K30076.gnm1.Araip.B10_105295215",20,105295215
"SNP10467","araip.K30076.gnm1.Araip.B10_105389894",20,105389894
"SNP10468","araip.K30076.gnm1.Araip.B10_105442124",20,105442124
"SNP10469","araip.K30076.gnm1.Araip.B10_105672122",20,105672122
"SNP10470","araip.K30076.gnm1.Araip.B10_105747500",20,105747500
"SNP10471","araip.K30076.gnm1.Araip.B10_105777894",20,105777894
"SNP10472","araip.K30076.gnm1.Araip.B10_105785039",20,105785039
"SNP10473","araip.K30076.gnm1.Araip.B10_105865862",20,105865862
"SNP10474","araip.K30076.gnm1.Araip.B10_105942831",20,105942831
"SNP10475","araip.K30076.gnm1.Araip.B10_106292220",20,106292220
"SNP10476","araip.K30076.gnm1.Araip.B10_106303191",20,106303191
"SNP10477","araip.K30076.gnm1.Araip.B10_106306202",20,106306202
"SNP10478","araip.K30076.gnm1.Araip.B10_106311851",20,106311851
"SNP10479","araip.K30076.gnm1.Araip.B10_106385938",20,106385938
"SNP10480","araip.K30076.gnm1.Araip.B10_106396227",20,106396227
"SNP10481","araip.K30076.gnm1.Araip.B10_106448015",20,106448015
"SNP10482","araip.K30076.gnm1.Araip.B10_106652418",20,106652418
"SNP10483","araip.K30076.gnm1.Araip.B10_106699977",20,106699977
"SNP10484","araip.K30076.gnm1.Araip.B10_106918614",20,106918614
"SNP10485","araip.K30076.gnm1.Araip.B10_107113226",20,107113226
"SNP10486","araip.K30076.gnm1.Araip.B10_107481490",20,107481490
"SNP10487","araip.K30076.gnm1.Araip.B10_107502398",20,107502398
"SNP10488","araip.K30076.gnm1.Araip.B10_107503240",20,107503240
"SNP10489","araip.K30076.gnm1.Araip.B10_107866180",20,107866180
"SNP10490","araip.K30076.gnm1.Araip.B10_107867259",20,107867259
"SNP10491","araip.K30076.gnm1.Araip.B10_107892215",20,107892215
"SNP10492","araip.K30076.gnm1.Araip.B10_108120327",20,108120327
"SNP10493","araip.K30076.gnm1.Araip.B10_108122959",20,108122959
"SNP10494","araip.K30076.gnm1.Araip.B10_108314413",20,108314413
"SNP10495","araip.K30076.gnm1.Araip.B10_108532901",20,108532901
"SNP10496","araip.K30076.gnm1.Araip.B10_108617952",20,108617952
"SNP10497","araip.K30076.gnm1.Araip.B10_108714201",20,108714201
"SNP10498","araip.K30076.gnm1.Araip.B10_108760750",20,108760750
"SNP10499","araip.K30076.gnm1.Araip.B10_108972652",20,108972652
"SNP10500","araip.K30076.gnm1.Araip.B10_109121372",20,109121372
"SNP10501","araip.K30076.gnm1.Araip.B10_109217365",20,109217365
"SNP10502","araip.K30076.gnm1.Araip.B10_109217512",20,109217512
"SNP10503","araip.K30076.gnm1.Araip.B10_109217777",20,109217777
"SNP10504","araip.K30076.gnm1.Araip.B10_109233152",20,109233152
"SNP10505","araip.K30076.gnm1.Araip.B10_109234867",20,109234867
"SNP10506","araip.K30076.gnm1.Araip.B10_109382533",20,109382533
"SNP10507","araip.K30076.gnm1.Araip.B10_109417581",20,109417581
"SNP10508","araip.K30076.gnm1.Araip.B10_109455188",20,109455188
"SNP10509","araip.K30076.gnm1.Araip.B10_109488824",20,109488824
"SNP10510","araip.K30076.gnm1.Araip.B10_109491122",20,109491122
"SNP10511","araip.K30076.gnm1.Araip.B10_109601895",20,109601895
"SNP10512","araip.K30076.gnm1.Araip.B10_109604319",20,109604319
"SNP10513","araip.K30076.gnm1.Araip.B10_109610892",20,109610892
"SNP10514","araip.K30076.gnm1.Araip.B10_109718451",20,109718451
"SNP10515","araip.K30076.gnm1.Araip.B10_109838567",20,109838567
"SNP10516","araip.K30076.gnm1.Araip.B10_109899148",20,109899148
"SNP10517","araip.K30076.gnm1.Araip.B10_110095644",20,110095644
"SNP10518","araip.K30076.gnm1.Araip.B10_110185846",20,110185846
"SNP10519","araip.K30076.gnm1.Araip.B10_110263083",20,110263083
"SNP10520","araip.K30076.gnm1.Araip.B10_110263210",20,110263210
"SNP10521","araip.K30076.gnm1.Araip.B10_110310251",20,110310251
"SNP10522","araip.K30076.gnm1.Araip.B10_110330051",20,110330051
"SNP10523","araip.K30076.gnm1.Araip.B10_110373945",20,110373945
"SNP10524","araip.K30076.gnm1.Araip.B10_110377092",20,110377092
"SNP10525","araip.K30076.gnm1.Araip.B10_110409985",20,110409985
"SNP10526","araip.K30076.gnm1.Araip.B10_110415099",20,110415099
"SNP10527","araip.K30076.gnm1.Araip.B10_110415139",20,110415139
"SNP10528","araip.K30076.gnm1.Araip.B10_110416582",20,110416582
"SNP10529","araip.K30076.gnm1.Araip.B10_110611564",20,110611564
"SNP10530","araip.K30076.gnm1.Araip.B10_110633372",20,110633372
"SNP10531","araip.K30076.gnm1.Araip.B10_110644736",20,110644736
"SNP10532","araip.K30076.gnm1.Araip.B10_110666159",20,110666159
"SNP10533","araip.K30076.gnm1.Araip.B10_110673150",20,110673150
"SNP10534","araip.K30076.gnm1.Araip.B10_110674709",20,110674709
"SNP10535","araip.K30076.gnm1.Araip.B10_110746828",20,110746828
"SNP10536","araip.K30076.gnm1.Araip.B10_111032571",20,111032571
"SNP10537","araip.K30076.gnm1.Araip.B10_111038632",20,111038632
"SNP10538","araip.K30076.gnm1.Araip.B10_111087213",20,111087213
"SNP10539","araip.K30076.gnm1.Araip.B10_111090160",20,111090160
"SNP10540","araip.K30076.gnm1.Araip.B10_111100533",20,111100533
"SNP10541","araip.K30076.gnm1.Araip.B10_111103979",20,111103979
"SNP10542","araip.K30076.gnm1.Araip.B10_111118026",20,111118026
"SNP10543","araip.K30076.gnm1.Araip.B10_111193003",20,111193003
"SNP10544","araip.K30076.gnm1.Araip.B10_111281691",20,111281691
"SNP10545","araip.K30076.gnm1.Araip.B10_111329372",20,111329372
"SNP10546","araip.K30076.gnm1.Araip.B10_111357517",20,111357517
"SNP10547","araip.K30076.gnm1.Araip.B10_111545730",20,111545730
"SNP10548","araip.K30076.gnm1.Araip.B10_111547961",20,111547961
"SNP10549","araip.K30076.gnm1.Araip.B10_111566288",20,111566288
"SNP10550","araip.K30076.gnm1.Araip.B10_111638998",20,111638998
"SNP10551","araip.K30076.gnm1.Araip.B10_111661207",20,111661207
"SNP10552","araip.K30076.gnm1.Araip.B10_111722221",20,111722221
"SNP10553","araip.K30076.gnm1.Araip.B10_111761539",20,111761539
"SNP10554","araip.K30076.gnm1.Araip.B10_111763203",20,111763203
"SNP10555","araip.K30076.gnm1.Araip.B10_111779220",20,111779220
"SNP10556","araip.K30076.gnm1.Araip.B10_111786336",20,111786336
"SNP10557","araip.K30076.gnm1.Araip.B10_111933889",20,111933889
"SNP10558","araip.K30076.gnm1.Araip.B10_112210738",20,112210738
"SNP10559","araip.K30076.gnm1.Araip.B10_112250913",20,112250913
"SNP10560","araip.K30076.gnm1.Araip.B10_112327636",20,112327636
"SNP10561","araip.K30076.gnm1.Araip.B10_112984826",20,112984826
"SNP10562","araip.K30076.gnm1.Araip.B10_112985124",20,112985124
"SNP10563","araip.K30076.gnm1.Araip.B10_112986447",20,112986447
"SNP10564","araip.K30076.gnm1.Araip.B10_113006839",20,113006839
"SNP10565","araip.K30076.gnm1.Araip.B10_113129887",20,113129887
"SNP10566","araip.K30076.gnm1.Araip.B10_113136688",20,113136688
"SNP10567","araip.K30076.gnm1.Araip.B10_113173635",20,113173635
"SNP10568","araip.K30076.gnm1.Araip.B10_113181818",20,113181818
"SNP10569","araip.K30076.gnm1.Araip.B10_113188162",20,113188162
"SNP10570","araip.K30076.gnm1.Araip.B10_113229481",20,113229481
"SNP10571","araip.K30076.gnm1.Araip.B10_113299043",20,113299043
"SNP10572","araip.K30076.gnm1.Araip.B10_113308856",20,113308856
"SNP10573","araip.K30076.gnm1.Araip.B10_113385692",20,113385692
"SNP10574","araip.K30076.gnm1.Araip.B10_113581733",20,113581733
"SNP10575","araip.K30076.gnm1.Araip.B10_113584807",20,113584807
"SNP10576","araip.K30076.gnm1.Araip.B10_113924921",20,113924921
"SNP10577","araip.K30076.gnm1.Araip.B10_114106756",20,114106756
"SNP10578","araip.K30076.gnm1.Araip.B10_114339490",20,114339490
"SNP10579","araip.K30076.gnm1.Araip.B10_114352791",20,114352791
"SNP10580","araip.K30076.gnm1.Araip.B10_114509053",20,114509053
"SNP10581","araip.K30076.gnm1.Araip.B10_114568039",20,114568039
"SNP10582","araip.K30076.gnm1.Araip.B10_114568424",20,114568424
"SNP10583","araip.K30076.gnm1.Araip.B10_115063700",20,115063700
"SNP10584","araip.K30076.gnm1.Araip.B10_115170600",20,115170600
"SNP10585","araip.K30076.gnm1.Araip.B10_115373136",20,115373136
"SNP10586","araip.K30076.gnm1.Araip.B10_115445665",20,115445665
"SNP10587","araip.K30076.gnm1.Araip.B10_115446648",20,115446648
"SNP10588","araip.K30076.gnm1.Araip.B10_115591913",20,115591913
"SNP10589","araip.K30076.gnm1.Araip.B10_115601025",20,115601025
"SNP10590","araip.K30076.gnm1.Araip.B10_115730891",20,115730891
"SNP10591","araip.K30076.gnm1.Araip.B10_115751641",20,115751641
"SNP10592","araip.K30076.gnm1.Araip.B10_115774398",20,115774398
"SNP10593","araip.K30076.gnm1.Araip.B10_115846090",20,115846090
"SNP10594","araip.K30076.gnm1.Araip.B10_115867916",20,115867916
"SNP10595","araip.K30076.gnm1.Araip.B10_115959957",20,115959957
"SNP10596","araip.K30076.gnm1.Araip.B10_116226862",20,116226862
"SNP10597","araip.K30076.gnm1.Araip.B10_116385427",20,116385427
"SNP10598","araip.K30076.gnm1.Araip.B10_116395569",20,116395569
"SNP10599","araip.K30076.gnm1.Araip.B10_116411026",20,116411026
"SNP10600","araip.K30076.gnm1.Araip.B10_116480403",20,116480403
"SNP10601","araip.K30076.gnm1.Araip.B10_116659037",20,116659037
"SNP10602","araip.K30076.gnm1.Araip.B10_116786325",20,116786325
"SNP10603","araip.K30076.gnm1.Araip.B10_117008487",20,117008487
"SNP10604","araip.K30076.gnm1.Araip.B10_117237523",20,117237523
"SNP10605","araip.K30076.gnm1.Araip.B10_117258882",20,117258882
"SNP10606","araip.K30076.gnm1.Araip.B10_117336033",20,117336033
"SNP10607","araip.K30076.gnm1.Araip.B10_117449741",20,117449741
"SNP10608","araip.K30076.gnm1.Araip.B10_117485542",20,117485542
"SNP10609","araip.K30076.gnm1.Araip.B10_117486029",20,117486029
"SNP10610","araip.K30076.gnm1.Araip.B10_117486799",20,117486799
"SNP10611","araip.K30076.gnm1.Araip.B10_117487051",20,117487051
"SNP10612","araip.K30076.gnm1.Araip.B10_117582337",20,117582337
"SNP10613","araip.K30076.gnm1.Araip.B10_117638230",20,117638230
"SNP10614","araip.K30076.gnm1.Araip.B10_117665081",20,117665081
"SNP10615","araip.K30076.gnm1.Araip.B10_117699215",20,117699215
"SNP10616","araip.K30076.gnm1.Araip.B10_117864294",20,117864294
"SNP10617","araip.K30076.gnm1.Araip.B10_117894509",20,117894509
"SNP10618","araip.K30076.gnm1.Araip.B10_117901834",20,117901834
"SNP10619","araip.K30076.gnm1.Araip.B10_117911988",20,117911988
"SNP10620","araip.K30076.gnm1.Araip.B10_117985701",20,117985701
"SNP10621","araip.K30076.gnm1.Araip.B10_118092890",20,118092890
"SNP10622","araip.K30076.gnm1.Araip.B10_118179751",20,118179751
"SNP10623","araip.K30076.gnm1.Araip.B10_118319764",20,118319764
"SNP10624","araip.K30076.gnm1.Araip.B10_118383097",20,118383097
"SNP10625","araip.K30076.gnm1.Araip.B10_118407417",20,118407417
"SNP10626","araip.K30076.gnm1.Araip.B10_118658369",20,118658369
"SNP10627","araip.K30076.gnm1.Araip.B10_118660007",20,118660007
"SNP10628","araip.K30076.gnm1.Araip.B10_118663816",20,118663816
"SNP10629","araip.K30076.gnm1.Araip.B10_118664527",20,118664527
"SNP10630","araip.K30076.gnm1.Araip.B10_118670144",20,118670144
"SNP10631","araip.K30076.gnm1.Araip.B10_118670251",20,118670251
"SNP10632","araip.K30076.gnm1.Araip.B10_118757830",20,118757830
"SNP10633","araip.K30076.gnm1.Araip.B10_118779112",20,118779112
"SNP10634","araip.K30076.gnm1.Araip.B10_118954533",20,118954533
"SNP10635","araip.K30076.gnm1.Araip.B10_119264173",20,119264173
"SNP10636","araip.K30076.gnm1.Araip.B10_119390982",20,119390982
"SNP10637","araip.K30076.gnm1.Araip.B10_119785084",20,119785084
"SNP10638","araip.K30076.gnm1.Araip.B10_119790279",20,119790279
"SNP10639","araip.K30076.gnm1.Araip.B10_119790764",20,119790764
"SNP10640","araip.K30076.gnm1.Araip.B10_119832283",20,119832283
"SNP10641","araip.K30076.gnm1.Araip.B10_119888339",20,119888339
"SNP10642","araip.K30076.gnm1.Araip.B10_119907218",20,119907218
"SNP10643","araip.K30076.gnm1.Araip.B10_120053059",20,120053059
"SNP10644","araip.K30076.gnm1.Araip.B10_120108874",20,120108874
"SNP10645","araip.K30076.gnm1.Araip.B10_120120752",20,120120752
"SNP10646","araip.K30076.gnm1.Araip.B10_120152092",20,120152092
"SNP10647","araip.K30076.gnm1.Araip.B10_120152356",20,120152356
"SNP10648","araip.K30076.gnm1.Araip.B10_120214136",20,120214136
"SNP10649","araip.K30076.gnm1.Araip.B10_120404580",20,120404580
"SNP10650","araip.K30076.gnm1.Araip.B10_120518291",20,120518291
"SNP10651","araip.K30076.gnm1.Araip.B10_120544102",20,120544102
"SNP10652","araip.K30076.gnm1.Araip.B10_120562026",20,120562026
"SNP10653","araip.K30076.gnm1.Araip.B10_120584274",20,120584274
"SNP10654","araip.K30076.gnm1.Araip.B10_120587421",20,120587421
"SNP10655","araip.K30076.gnm1.Araip.B10_120612240",20,120612240
"SNP10656","araip.K30076.gnm1.Araip.B10_120632670",20,120632670
"SNP10657","araip.K30076.gnm1.Araip.B10_120758916",20,120758916
"SNP10658","araip.K30076.gnm1.Araip.B10_120761810",20,120761810
"SNP10659","araip.K30076.gnm1.Araip.B10_120772301",20,120772301
"SNP10660","araip.K30076.gnm1.Araip.B10_120775294",20,120775294
"SNP10661","araip.K30076.gnm1.Araip.B10_120818568",20,120818568
"SNP10662","araip.K30076.gnm1.Araip.B10_121168936",20,121168936
"SNP10663","araip.K30076.gnm1.Araip.B10_121283209",20,121283209
"SNP10664","araip.K30076.gnm1.Araip.B10_121402090",20,121402090
"SNP10665","araip.K30076.gnm1.Araip.B10_121402159",20,121402159
"SNP10666","araip.K30076.gnm1.Araip.B10_121402400",20,121402400
"SNP10667","araip.K30076.gnm1.Araip.B10_121537205",20,121537205
"SNP10668","araip.K30076.gnm1.Araip.B10_121702609",20,121702609
"SNP10669","araip.K30076.gnm1.Araip.B10_121949032",20,121949032
"SNP10670","araip.K30076.gnm1.Araip.B10_121949278",20,121949278
"SNP10671","araip.K30076.gnm1.Araip.B10_122673241",20,122673241
"SNP10672","araip.K30076.gnm1.Araip.B10_122801700",20,122801700
"SNP10673","araip.K30076.gnm1.Araip.B10_122880281",20,122880281
"SNP10674","araip.K30076.gnm1.Araip.B10_122893984",20,122893984
"SNP10675","araip.K30076.gnm1.Araip.B10_123110042",20,123110042
"SNP10676","araip.K30076.gnm1.Araip.B10_123110925",20,123110925
"SNP10677","araip.K30076.gnm1.Araip.B10_123137513",20,123137513
"SNP10678","araip.K30076.gnm1.Araip.B10_123138043",20,123138043
"SNP10679","araip.K30076.gnm1.Araip.B10_123142366",20,123142366
"SNP10680","araip.K30076.gnm1.Araip.B10_123151126",20,123151126
"SNP10681","araip.K30076.gnm1.Araip.B10_123210189",20,123210189
"SNP10682","araip.K30076.gnm1.Araip.B10_123210492",20,123210492
"SNP10683","araip.K30076.gnm1.Araip.B10_123210518",20,123210518
"SNP10684","araip.K30076.gnm1.Araip.B10_123210633",20,123210633
"SNP10685","araip.K30076.gnm1.Araip.B10_123210638",20,123210638
"SNP10686","araip.K30076.gnm1.Araip.B10_123210937",20,123210937
"SNP10687","araip.K30076.gnm1.Araip.B10_123211103",20,123211103
"SNP10688","araip.K30076.gnm1.Araip.B10_123211116",20,123211116
"SNP10689","araip.K30076.gnm1.Araip.B10_123211142",20,123211142
"SNP10690","araip.K30076.gnm1.Araip.B10_123211292",20,123211292
"SNP10691","araip.K30076.gnm1.Araip.B10_123211488",20,123211488
"SNP10692","araip.K30076.gnm1.Araip.B10_123211549",20,123211549
"SNP10693","araip.K30076.gnm1.Araip.B10_123211564",20,123211564
"SNP10694","araip.K30076.gnm1.Araip.B10_123211729",20,123211729
"SNP10695","araip.K30076.gnm1.Araip.B10_123212688",20,123212688
"SNP10696","araip.K30076.gnm1.Araip.B10_123294669",20,123294669
"SNP10697","araip.K30076.gnm1.Araip.B10_123331816",20,123331816
"SNP10698","araip.K30076.gnm1.Araip.B10_123332251",20,123332251
"SNP10699","araip.K30076.gnm1.Araip.B10_123404568",20,123404568
"SNP10700","araip.K30076.gnm1.Araip.B10_123492401",20,123492401
"SNP10701","araip.K30076.gnm1.Araip.B10_123606294",20,123606294
"SNP10702","araip.K30076.gnm1.Araip.B10_123630858",20,123630858
"SNP10703","araip.K30076.gnm1.Araip.B10_123827341",20,123827341
"SNP10704","araip.K30076.gnm1.Araip.B10_123937937",20,123937937
"SNP10705","araip.K30076.gnm1.Araip.B10_124287465",20,124287465
"SNP10706","araip.K30076.gnm1.Araip.B10_124471916",20,124471916
"SNP10707","araip.K30076.gnm1.Araip.B10_124480696",20,124480696
"SNP10708","araip.K30076.gnm1.Araip.B10_124480889",20,124480889
"SNP10709","araip.K30076.gnm1.Araip.B10_124483001",20,124483001
"SNP10710","araip.K30076.gnm1.Araip.B10_124727625",20,124727625
"SNP10711","araip.K30076.gnm1.Araip.B10_124729038",20,124729038
"SNP10712","araip.K30076.gnm1.Araip.B10_124735914",20,124735914
"SNP10713","araip.K30076.gnm1.Araip.B10_124891232",20,124891232
"SNP10714","araip.K30076.gnm1.Araip.B10_124893402",20,124893402
"SNP10715","araip.K30076.gnm1.Araip.B10_124953119",20,124953119
"SNP10716","araip.K30076.gnm1.Araip.B10_125119724",20,125119724
"SNP10717","araip.K30076.gnm1.Araip.B10_125159854",20,125159854
"SNP10718","araip.K30076.gnm1.Araip.B10_125162432",20,125162432
"SNP10719","araip.K30076.gnm1.Araip.B10_125171060",20,125171060
"SNP10720","araip.K30076.gnm1.Araip.B10_125350346",20,125350346
"SNP10721","araip.K30076.gnm1.Araip.B10_125513320",20,125513320
"SNP10722","araip.K30076.gnm1.Araip.B10_125526115",20,125526115
"SNP10723","araip.K30076.gnm1.Araip.B10_125678367",20,125678367
"SNP10724","araip.K30076.gnm1.Araip.B10_125747291",20,125747291
"SNP10725","araip.K30076.gnm1.Araip.B10_125795109",20,125795109
"SNP10726","araip.K30076.gnm1.Araip.B10_125854814",20,125854814
"SNP10727","araip.K30076.gnm1.Araip.B10_125898458",20,125898458
"SNP10728","araip.K30076.gnm1.Araip.B10_125921662",20,125921662
"SNP10729","araip.K30076.gnm1.Araip.B10_125934010",20,125934010
"SNP10730","araip.K30076.gnm1.Araip.B10_125968906",20,125968906
"SNP10731","araip.K30076.gnm1.Araip.B10_126120076",20,126120076
"SNP10732","araip.K30076.gnm1.Araip.B10_126166995",20,126166995
"SNP10733","araip.K30076.gnm1.Araip.B10_126395511",20,126395511
"SNP10734","araip.K30076.gnm1.Araip.B10_126509004",20,126509004
"SNP10735","araip.K30076.gnm1.Araip.B10_126543885",20,126543885
"SNP10736","araip.K30076.gnm1.Araip.B10_127108018",20,127108018
"SNP10737","araip.K30076.gnm1.Araip.B10_127616318",20,127616318
"SNP10738","araip.K30076.gnm1.Araip.B10_128036650",20,128036650
"SNP10739","araip.K30076.gnm1.Araip.B10_128094475",20,128094475
"SNP10740","araip.K30076.gnm1.Araip.B10_128206395",20,128206395
"SNP10741","araip.K30076.gnm1.Araip.B10_128317474",20,128317474
"SNP10742","araip.K30076.gnm1.Araip.B10_128370570",20,128370570
"SNP10743","araip.K30076.gnm1.Araip.B10_128371936",20,128371936
"SNP10744","araip.K30076.gnm1.Araip.B10_128437683",20,128437683
"SNP10745","araip.K30076.gnm1.Araip.B10_128461788",20,128461788
"SNP10746","araip.K30076.gnm1.Araip.B10_128533362",20,128533362
"SNP10747","araip.K30076.gnm1.Araip.B10_128660667",20,128660667
"SNP10748","araip.K30076.gnm1.Araip.B10_129004269",20,129004269
"SNP10749","araip.K30076.gnm1.Araip.B10_129086572",20,129086572
"SNP10750","araip.K30076.gnm1.Araip.B10_129136837",20,129136837
"SNP10751","araip.K30076.gnm1.Araip.B10_129138793",20,129138793
"SNP10752","araip.K30076.gnm1.Araip.B10_129143383",20,129143383
"SNP10753","araip.K30076.gnm1.Araip.B10_129191094",20,129191094
"SNP10754","araip.K30076.gnm1.Araip.B10_129270384",20,129270384
"SNP10755","araip.K30076.gnm1.Araip.B10_129306483",20,129306483
"SNP10756","araip.K30076.gnm1.Araip.B10_129314022",20,129314022
"SNP10757","araip.K30076.gnm1.Araip.B10_129436594",20,129436594
"SNP10758","araip.K30076.gnm1.Araip.B10_129610211",20,129610211
"SNP10759","araip.K30076.gnm1.Araip.B10_129610691",20,129610691
"SNP10760","araip.K30076.gnm1.Araip.B10_129614098",20,129614098
"SNP10761","araip.K30076.gnm1.Araip.B10_129614780",20,129614780
"SNP10762","araip.K30076.gnm1.Araip.B10_129616131",20,129616131
"SNP10763","araip.K30076.gnm1.Araip.B10_129616147",20,129616147
"SNP10764","araip.K30076.gnm1.Araip.B10_129644412",20,129644412
"SNP10765","araip.K30076.gnm1.Araip.B10_129776714",20,129776714
"SNP10766","araip.K30076.gnm1.Araip.B10_129798794",20,129798794
"SNP10767","araip.K30076.gnm1.Araip.B10_129930580",20,129930580
"SNP10768","araip.K30076.gnm1.Araip.B10_129970260",20,129970260
"SNP10769","araip.K30076.gnm1.Araip.B10_130028305",20,130028305
"SNP10770","araip.K30076.gnm1.Araip.B10_130112725",20,130112725
"SNP10771","araip.K30076.gnm1.Araip.B10_130117925",20,130117925
"SNP10772","araip.K30076.gnm1.Araip.B10_130323667",20,130323667
"SNP10773","araip.K30076.gnm1.Araip.B10_130395503",20,130395503
"SNP10774","araip.K30076.gnm1.Araip.B10_130407610",20,130407610
"SNP10775","araip.K30076.gnm1.Araip.B10_130429136",20,130429136
"SNP10776","araip.K30076.gnm1.Araip.B10_130442589",20,130442589
"SNP10777","araip.K30076.gnm1.Araip.B10_130499850",20,130499850
"SNP10778","araip.K30076.gnm1.Araip.B10_130688295",20,130688295
"SNP10779","araip.K30076.gnm1.Araip.B10_130911030",20,130911030
"SNP10780","araip.K30076.gnm1.Araip.B10_130959212",20,130959212
"SNP10781","araip.K30076.gnm1.Araip.B10_130959299",20,130959299
"SNP10782","araip.K30076.gnm1.Araip.B10_130959417",20,130959417
"SNP10783","araip.K30076.gnm1.Araip.B10_131275028",20,131275028
"SNP10784","araip.K30076.gnm1.Araip.B10_131320811",20,131320811
"SNP10785","araip.K30076.gnm1.Araip.B10_131395056",20,131395056
"SNP10786","araip.K30076.gnm1.Araip.B10_131420073",20,131420073
"SNP10787","araip.K30076.gnm1.Araip.B10_131571730",20,131571730
"SNP10788","araip.K30076.gnm1.Araip.B10_131615508",20,131615508
"SNP10789","araip.K30076.gnm1.Araip.B10_131642667",20,131642667
"SNP10790","araip.K30076.gnm1.Araip.B10_131717870",20,131717870
"SNP10791","araip.K30076.gnm1.Araip.B10_131739089",20,131739089
"SNP10792","araip.K30076.gnm1.Araip.B10_131898221",20,131898221
"SNP10793","araip.K30076.gnm1.Araip.B10_132120239",20,132120239
"SNP10794","araip.K30076.gnm1.Araip.B10_132221077",20,132221077
"SNP10795","araip.K30076.gnm1.Araip.B10_132349739",20,132349739
"SNP10796","araip.K30076.gnm1.Araip.B10_132380941",20,132380941
"SNP10797","araip.K30076.gnm1.Araip.B10_132392321",20,132392321
"SNP10798","araip.K30076.gnm1.Araip.B10_132393904",20,132393904
"SNP10799","araip.K30076.gnm1.Araip.B10_132507271",20,132507271
"SNP10800","araip.K30076.gnm1.Araip.B10_132556254",20,132556254
"SNP10801","araip.K30076.gnm1.Araip.B10_132623961",20,132623961
"SNP10802","araip.K30076.gnm1.Araip.B10_132731040",20,132731040
"SNP10803","araip.K30076.gnm1.Araip.B10_133120520",20,133120520
"SNP10804","araip.K30076.gnm1.Araip.B10_133182382",20,133182382
"SNP10805","araip.K30076.gnm1.Araip.B10_133314913",20,133314913
"SNP10806","araip.K30076.gnm1.Araip.B10_133482484",20,133482484
"SNP10807","araip.K30076.gnm1.Araip.B10_133583744",20,133583744
"SNP10808","araip.K30076.gnm1.Araip.B10_133862605",20,133862605
"SNP10809","araip.K30076.gnm1.Araip.B10_133902798",20,133902798
"SNP10810","araip.K30076.gnm1.Araip.B10_133954862",20,133954862
"SNP10811","araip.K30076.gnm1.Araip.B10_133998794",20,133998794
"SNP10812","araip.K30076.gnm1.Araip.B10_134053567",20,134053567
"SNP10813","araip.K30076.gnm1.Araip.B10_134076339",20,134076339
"SNP10814","araip.K30076.gnm1.Araip.B10_134104510",20,134104510
"SNP10815","araip.K30076.gnm1.Araip.B10_134122690",20,134122690
"SNP10816","araip.K30076.gnm1.Araip.B10_134122783",20,134122783
"SNP10817","araip.K30076.gnm1.Araip.B10_134173885",20,134173885
"SNP10818","araip.K30076.gnm1.Araip.B10_134196076",20,134196076
"SNP10819","araip.K30076.gnm1.Araip.B10_134205762",20,134205762
"SNP10820","araip.K30076.gnm1.Araip.B10_134231983",20,134231983
"SNP10821","araip.K30076.gnm1.Araip.B10_134465194",20,134465194
"SNP10822","araip.K30076.gnm1.Araip.B10_134475257",20,134475257
"SNP10823","araip.K30076.gnm1.Araip.B10_134486600",20,134486600
"SNP10824","araip.K30076.gnm1.Araip.B10_134518867",20,134518867
"SNP10825","araip.K30076.gnm1.Araip.B10_134527466",20,134527466
"SNP10826","araip.K30076.gnm1.Araip.B10_134529351",20,134529351
"SNP10827","araip.K30076.gnm1.Araip.B10_134570214",20,134570214
"SNP10828","araip.K30076.gnm1.Araip.B10_134574036",20,134574036
"SNP10829","araip.K30076.gnm1.Araip.B10_134576604",20,134576604
"SNP10830","araip.K30076.gnm1.Araip.B10_134634720",20,134634720
"SNP10831","araip.K30076.gnm1.Araip.B10_134659128",20,134659128
"SNP10832","araip.K30076.gnm1.Araip.B10_134800591",20,134800591
"SNP10833","araip.K30076.gnm1.Araip.B10_134860571",20,134860571
"SNP10834","araip.K30076.gnm1.Araip.B10_134884605",20,134884605
"SNP10835","araip.K30076.gnm1.Araip.B10_134914334",20,134914334
"SNP10836","araip.K30076.gnm1.Araip.B10_135057159",20,135057159
"SNP10837","araip.K30076.gnm1.Araip.B10_135196866",20,135196866
"SNP10838","araip.K30076.gnm1.Araip.B10_135601577",20,135601577
"SNP10839","araip.K30076.gnm1.Araip.B10_135646764",20,135646764
"SNP10840","araip.K30076.gnm1.Araip.B10_135679089",20,135679089
"SNP10841","araip.K30076.gnm1.Araip.B10_135713446",20,135713446
"SNP10842","araip.K30076.gnm1.Araip.B10_135812988",20,135812988
"SNP10843","araip.K30076.gnm1.Araip.B10_135814459",20,135814459
"SNP10844","araip.K30076.gnm1.Araip.B10_135814751",20,135814751
"SNP10845","araip.K30076.gnm1.Araip.B10_135815224",20,135815224
"SNP10846","araip.K30076.gnm1.Araip.B10_135815781",20,135815781
"SNP10847","araip.K30076.gnm1.Araip.B10_135817231",20,135817231
"SNP10848","araip.K30076.gnm1.Araip.B10_135921470",20,135921470
"SNP10849","araip.K30076.gnm1.Araip.B10_136006437",20,136006437
