SNP,Chromosome,Position,DF,t Value,std Error,effect
SNP1,1,141824,NA,NA,NA,0.998623132075833
SNP2,1,231463,NA,NA,NA,0.998623132075833
SNP3,1,304818,NA,NA,NA,0.998623132075833
SNP4,1,413869,NA,NA,NA,0.998623132075833
SNP5,1,428282,NA,NA,NA,0.994026668934478
SNP6,1,632779,NA,NA,NA,0.994026668934478
SNP7,1,802712,NA,NA,NA,0.998623132075833
SNP8,1,854553,NA,NA,NA,0.998623132075833
SNP9,1,973501,NA,NA,NA,0.96101256609096
SNP10,1,973613,NA,NA,NA,0.96101256609096
SNP11,1,977371,NA,NA,NA,0.998623132075833
SNP12,1,982636,NA,NA,NA,0.96101256609096
SNP13,1,1144591,NA,NA,NA,0.994026668934478
SNP14,1,1288889,NA,NA,NA,0.998623132075833
SNP15,1,1292153,NA,NA,NA,0.998623132075833
SNP16,1,1354731,NA,NA,NA,0.998623132075833
SNP17,1,1381834,NA,NA,NA,0.998623132075833
SNP18,1,1385296,NA,NA,NA,0.998623132075833
SNP19,1,1397540,NA,NA,NA,0.998623132075833
SNP20,1,1398141,NA,NA,NA,0.998623132075833
SNP21,1,1455124,NA,NA,NA,0.998623132075833
SNP22,1,1580925,NA,NA,NA,0.998623132075833
SNP23,1,2020611,NA,NA,NA,0.998623132075833
SNP24,1,2155794,NA,NA,NA,0.998623132075833
SNP25,1,2309315,NA,NA,NA,0.998623132075833
SNP26,1,2479559,NA,NA,NA,0.96101256609096
SNP27,1,2505978,NA,NA,NA,0.998623132075833
SNP28,1,2506243,NA,NA,NA,0.998623132075833
SNP29,1,2522883,NA,NA,NA,0.998623132075833
SNP30,1,2853888,NA,NA,NA,0.998623132075833
SNP31,1,2911166,NA,NA,NA,0.983465069927344
SNP32,1,2945788,NA,NA,NA,0.998623132075833
SNP33,1,3080736,NA,NA,NA,0.994026668934478
SNP34,1,3288213,NA,NA,NA,0.998623132075833
SNP35,1,3621885,NA,NA,NA,0.998623132075833
SNP36,1,3681958,NA,NA,NA,0.998623132075833
SNP37,1,3696555,NA,NA,NA,0.998623132075833
SNP38,1,3910739,NA,NA,NA,0.998623132075833
SNP39,1,4318849,NA,NA,NA,0.983465069927344
SNP40,1,4551523,NA,NA,NA,0.998623132075833
SNP41,1,4679934,NA,NA,NA,0.998623132075833
SNP42,1,4694371,NA,NA,NA,0.998623132075833
SNP43,1,4705643,NA,NA,NA,0.994026668934478
SNP44,1,4935275,NA,NA,NA,0.998623132075833
SNP45,1,5026510,NA,NA,NA,0.998623132075833
SNP46,1,5029705,NA,NA,NA,0.998623132075833
SNP47,1,5280778,NA,NA,NA,0.998623132075833
SNP48,1,5467241,NA,NA,NA,0.998623132075833
SNP49,1,5519198,NA,NA,NA,0.998623132075833
SNP50,1,5546450,NA,NA,NA,0.998623132075833
SNP51,1,5551522,NA,NA,NA,0.998623132075833
SNP52,1,5590479,NA,NA,NA,0.998623132075833
SNP53,1,5676938,NA,NA,NA,0.998623132075833
SNP54,1,5778940,NA,NA,NA,0.998623132075833
SNP55,1,5940154,NA,NA,NA,0.998623132075833
SNP56,1,5994046,NA,NA,NA,0.998623132075833
SNP57,1,6096023,NA,NA,NA,0.998623132075833
SNP58,1,6160715,NA,NA,NA,0.998623132075833
SNP59,1,6224739,NA,NA,NA,0.994026668934478
SNP60,1,6270201,NA,NA,NA,0.882219185321112
SNP61,1,6411481,NA,NA,NA,0.998623132075833
SNP62,1,6416091,NA,NA,NA,0.998623132075833
SNP63,1,6435332,NA,NA,NA,0.998623132075833
SNP64,1,6578545,NA,NA,NA,0.998623132075833
SNP65,1,6651576,NA,NA,NA,0.998623132075833
SNP66,1,6651882,NA,NA,NA,0.998623132075833
SNP67,1,6717776,NA,NA,NA,0.96101256609096
SNP68,1,7062568,NA,NA,NA,0.998623132075833
SNP69,1,7124014,NA,NA,NA,0.998623132075833
SNP70,1,7180725,NA,NA,NA,0.998623132075833
SNP71,1,7723905,NA,NA,NA,0.998623132075833
SNP72,1,7744336,NA,NA,NA,0.998623132075833
SNP73,1,7744519,NA,NA,NA,0.998623132075833
SNP74,1,7963714,NA,NA,NA,0.998623132075833
SNP75,1,8031345,NA,NA,NA,0.994026668934478
SNP76,1,8031488,NA,NA,NA,0.96101256609096
SNP77,1,8279119,NA,NA,NA,0.998623132075833
SNP78,1,8339791,NA,NA,NA,0.998623132075833
SNP79,1,8711785,NA,NA,NA,0.998623132075833
SNP80,1,8784510,NA,NA,NA,0.998623132075833
SNP81,1,8785306,NA,NA,NA,0.998623132075833
SNP82,1,8785634,NA,NA,NA,0.998623132075833
SNP83,1,8931446,NA,NA,NA,0.998623132075833
SNP84,1,8948207,NA,NA,NA,0.998623132075833
SNP85,1,8975321,NA,NA,NA,0.998623132075833
SNP86,1,9058351,NA,NA,NA,0.998623132075833
SNP87,1,9133818,NA,NA,NA,0.998623132075833
SNP88,1,9154456,NA,NA,NA,0.998623132075833
SNP89,1,9278945,NA,NA,NA,0.998623132075833
SNP90,1,9280567,NA,NA,NA,0.998623132075833
SNP91,1,9530252,NA,NA,NA,0.998623132075833
SNP92,1,9873427,NA,NA,NA,0.994026668934478
SNP93,1,9976971,NA,NA,NA,0.994026668934478
SNP94,1,10136663,NA,NA,NA,0.998623132075833
SNP95,1,10148347,NA,NA,NA,0.998623132075833
SNP96,1,10154147,NA,NA,NA,0.998623132075833
SNP97,1,10262104,NA,NA,NA,0.994026668934478
SNP98,1,10291850,NA,NA,NA,0.998623132075833
SNP99,1,10354945,NA,NA,NA,0.998623132075833
SNP100,1,10372889,NA,NA,NA,0.998623132075833
SNP101,1,10407381,NA,NA,NA,0.994026668934478
SNP102,1,10747882,NA,NA,NA,0.998623132075833
SNP103,1,10848707,NA,NA,NA,0.998623132075833
SNP104,1,10932483,NA,NA,NA,0.796467738819195
SNP105,1,11111185,NA,NA,NA,0.998623132075833
SNP106,1,11382044,NA,NA,NA,0.998623132075833
SNP107,1,11453791,NA,NA,NA,0.998623132075833
SNP108,1,11454191,NA,NA,NA,0.994026668934478
SNP109,1,11564411,NA,NA,NA,0.960687188327977
SNP110,1,11801402,NA,NA,NA,0.994026668934478
SNP111,1,12102269,NA,NA,NA,0.998623132075833
SNP112,1,12280654,NA,NA,NA,0.998623132075833
SNP113,1,12293632,NA,NA,NA,0.994026668934478
SNP114,1,12471832,NA,NA,NA,0.983465069927344
SNP115,1,12498853,NA,NA,NA,0.998623132075833
SNP116,1,12547859,NA,NA,NA,0.998623132075833
SNP117,1,12574626,NA,NA,NA,0.988114017523584
SNP118,1,12602634,NA,NA,NA,0.998623132075833
SNP119,1,12817434,NA,NA,NA,0.998623132075833
SNP120,1,12817435,NA,NA,NA,0.998623132075833
SNP121,1,12822715,NA,NA,NA,0.998623132075833
SNP122,1,13354363,NA,NA,NA,0.998623132075833
SNP123,1,13542988,NA,NA,NA,0.53030075597061
SNP124,1,13631452,NA,NA,NA,0.998623132075833
SNP125,1,13865912,NA,NA,NA,0.998623132075833
SNP126,1,13968472,NA,NA,NA,0.998623132075833
SNP127,1,14283139,NA,NA,NA,0.998623132075833
SNP128,1,14793463,NA,NA,NA,0.998623132075833
SNP129,1,14928340,NA,NA,NA,0.994026668934478
SNP130,1,15046894,NA,NA,NA,0.998623132075833
SNP131,1,15127085,NA,NA,NA,0.998623132075833
SNP132,1,15132376,NA,NA,NA,0.998623132075833
SNP133,1,15144161,NA,NA,NA,0.998623132075833
SNP134,1,15151824,NA,NA,NA,0.891439593290415
SNP135,1,15155065,NA,NA,NA,0.998623132075833
SNP136,1,15217148,NA,NA,NA,0.957720023675892
SNP137,1,15267403,NA,NA,NA,0.998623132075833
SNP138,1,15269381,NA,NA,NA,0.998623132075833
SNP139,1,15620439,NA,NA,NA,0.998623132075833
SNP140,1,15799056,NA,NA,NA,0.998623132075833
SNP141,1,15974007,NA,NA,NA,0.994026668934478
SNP142,1,15998109,NA,NA,NA,0.994026668934478
SNP143,1,16599638,NA,NA,NA,0.998623132075833
SNP144,1,16932704,NA,NA,NA,0.998623132075833
SNP145,1,16982054,NA,NA,NA,0.998623132075833
SNP146,1,17409859,NA,NA,NA,0.998623132075833
SNP147,1,17595873,NA,NA,NA,0.994026668934478
SNP148,1,17735793,NA,NA,NA,0.998623132075833
SNP149,1,17736392,NA,NA,NA,0.998623132075833
SNP150,1,17849343,NA,NA,NA,0.96101256609096
SNP151,1,17922884,NA,NA,NA,0.998623132075833
SNP152,1,18236281,NA,NA,NA,0.998623132075833
SNP153,1,18240212,NA,NA,NA,0.994026668934478
SNP154,1,18338848,NA,NA,NA,0.998623132075833
SNP155,1,18389173,NA,NA,NA,0.994026668934478
SNP156,1,18565081,NA,NA,NA,0.96101256609096
SNP157,1,18584789,NA,NA,NA,0.994026668934478
SNP158,1,18601681,NA,NA,NA,0.998623132075833
SNP159,1,18826737,NA,NA,NA,0.998623132075833
SNP160,1,19213348,NA,NA,NA,0.998623132075833
SNP161,1,19268903,NA,NA,NA,0.998623132075833
SNP162,1,19399376,NA,NA,NA,0.994026668934478
SNP163,1,19557979,NA,NA,NA,0.998623132075833
SNP164,1,19558988,NA,NA,NA,0.998623132075833
SNP165,1,19708999,NA,NA,NA,0.994026668934478
SNP166,1,19827331,NA,NA,NA,0.998623132075833
SNP167,1,20000619,NA,NA,NA,0.998623132075833
SNP168,1,20289633,NA,NA,NA,0.998623132075833
SNP169,1,20314115,NA,NA,NA,0.998623132075833
SNP170,1,20495122,NA,NA,NA,0.994026668934478
SNP171,1,20618607,NA,NA,NA,0.998623132075833
SNP172,1,20701452,NA,NA,NA,0.998623132075833
SNP173,1,20708320,NA,NA,NA,0.998623132075833
SNP174,1,20804976,NA,NA,NA,0.96101256609096
SNP175,1,20900385,NA,NA,NA,0.998623132075833
SNP176,1,20911691,NA,NA,NA,0.998623132075833
SNP177,1,20985236,NA,NA,NA,0.998623132075833
SNP178,1,21223976,NA,NA,NA,0.998623132075833
SNP179,1,21227165,NA,NA,NA,0.96101256609096
SNP180,1,21289892,NA,NA,NA,0.61238892569374
SNP181,1,21505982,NA,NA,NA,0.998623132075833
SNP182,1,21625809,NA,NA,NA,0.998623132075833
SNP183,1,21632784,NA,NA,NA,0.998623132075833
SNP184,1,21670709,NA,NA,NA,0.994026668934478
SNP185,1,21696839,NA,NA,NA,0.998623132075833
SNP186,1,21756507,NA,NA,NA,0.942327571263328
SNP187,1,22126331,NA,NA,NA,0.796467738819195
SNP188,1,22207855,NA,NA,NA,0.998623132075833
SNP189,1,22273645,NA,NA,NA,0.998623132075833
SNP190,1,22337174,NA,NA,NA,0.998623132075833
SNP191,1,22610118,NA,NA,NA,0.882219185321112
SNP192,1,23072055,NA,NA,NA,0.998623132075833
SNP193,1,23191592,NA,NA,NA,0.998623132075833
SNP194,1,23399796,NA,NA,NA,0.998623132075833
SNP195,1,23773090,NA,NA,NA,0.942327571263328
SNP196,1,23933791,NA,NA,NA,0.942327571263328
SNP197,1,24548549,NA,NA,NA,0.994026668934478
SNP198,1,24612914,NA,NA,NA,0.96101256609096
SNP199,1,25204253,NA,NA,NA,0.66846746326533
SNP200,1,25347666,NA,NA,NA,0.998623132075833
SNP201,1,25435602,NA,NA,NA,0.998623132075833
SNP202,1,25905492,NA,NA,NA,0.998623132075833
SNP203,1,25998722,NA,NA,NA,0.998623132075833
SNP204,1,25998993,NA,NA,NA,0.998623132075833
SNP205,1,25998994,NA,NA,NA,0.998623132075833
SNP206,1,26162449,NA,NA,NA,0.994026668934478
SNP207,1,26389068,NA,NA,NA,0.998623132075833
SNP208,1,26390810,NA,NA,NA,0.998623132075833
SNP209,1,26502315,NA,NA,NA,0.998623132075833
SNP210,1,26512151,NA,NA,NA,0.994026668934478
SNP211,1,26573758,NA,NA,NA,0.610417969968178
SNP212,1,27031419,NA,NA,NA,0.610417969968178
SNP213,1,27224705,NA,NA,NA,0.610417969968178
SNP214,1,27229920,NA,NA,NA,0.61238892569374
SNP215,1,27232157,NA,NA,NA,0.994026668934478
SNP216,1,27312264,NA,NA,NA,0.994026668934478
SNP217,1,27369470,NA,NA,NA,0.998623132075833
SNP218,1,27370401,NA,NA,NA,0.998623132075833
SNP219,1,27639773,NA,NA,NA,0.994026668934478
SNP220,1,27711106,NA,NA,NA,0.998623132075833
SNP221,1,27791891,NA,NA,NA,0.994026668934478
SNP222,1,28005704,NA,NA,NA,0.998623132075833
SNP223,1,28118088,NA,NA,NA,0.994026668934478
SNP224,1,28283911,NA,NA,NA,0.994026668934478
SNP225,1,28292830,NA,NA,NA,0.998623132075833
SNP226,1,28333071,NA,NA,NA,0.998623132075833
SNP227,1,28440901,NA,NA,NA,0.998623132075833
SNP228,1,28616973,NA,NA,NA,0.269110578996608
SNP229,1,28695734,NA,NA,NA,0.610417969968178
SNP230,1,28933088,NA,NA,NA,0.96101256609096
SNP231,1,29240617,NA,NA,NA,0.998623132075833
SNP232,1,29257405,NA,NA,NA,0.998623132075833
SNP233,1,29396951,NA,NA,NA,0.994026668934478
SNP234,1,29553572,NA,NA,NA,0.796467738819195
SNP235,1,29571342,NA,NA,NA,0.796467738819195
SNP236,1,29714758,NA,NA,NA,0.994026668934478
SNP237,1,29728513,NA,NA,NA,0.998623132075833
SNP238,1,29757221,NA,NA,NA,0.705682889673021
SNP239,1,29816831,NA,NA,NA,0.994026668934478
SNP240,1,30033406,NA,NA,NA,0.994026668934478
SNP241,1,30248055,NA,NA,NA,0.882219185321112
SNP242,1,32081203,NA,NA,NA,0.994026668934478
SNP243,1,32153120,NA,NA,NA,0.994026668934478
SNP244,1,32171188,NA,NA,NA,0.942327571263328
SNP245,1,32361130,NA,NA,NA,0.998623132075833
SNP246,1,32482815,NA,NA,NA,0.994026668934478
SNP247,1,32555769,NA,NA,NA,0.994026668934478
SNP248,1,32590443,NA,NA,NA,0.998623132075833
SNP249,1,32696762,NA,NA,NA,0.994026668934478
SNP250,1,32891475,NA,NA,NA,0.998623132075833
SNP251,1,33104110,NA,NA,NA,0.994026668934478
SNP252,1,33104840,NA,NA,NA,0.998623132075833
SNP253,1,33292991,NA,NA,NA,0.998623132075833
SNP254,1,33509918,NA,NA,NA,0.998623132075833
SNP255,1,33675157,NA,NA,NA,0.998623132075833
SNP256,1,33967670,NA,NA,NA,0.994026668934478
SNP257,1,34776750,NA,NA,NA,0.998623132075833
SNP258,1,34843910,NA,NA,NA,0.998623132075833
SNP259,1,35000009,NA,NA,NA,0.998623132075833
SNP260,1,35195298,NA,NA,NA,0.942327571263328
SNP261,1,35225647,NA,NA,NA,0.998623132075833
SNP262,1,35527433,NA,NA,NA,0.994026668934478
SNP263,1,36418733,NA,NA,NA,0.998623132075833
SNP264,1,36739682,NA,NA,NA,0.994026668934478
SNP265,1,36767825,NA,NA,NA,0.998623132075833
SNP266,1,36989156,NA,NA,NA,0.998623132075833
SNP267,1,37083951,NA,NA,NA,0.998623132075833
SNP268,1,37179648,NA,NA,NA,0.998623132075833
SNP269,1,37209849,NA,NA,NA,0.998623132075833
SNP270,1,37213760,NA,NA,NA,0.998623132075833
SNP271,1,37436705,NA,NA,NA,0.998623132075833
SNP272,1,37626815,NA,NA,NA,0.998623132075833
SNP273,1,37733683,NA,NA,NA,0.994026668934478
SNP274,1,38129883,NA,NA,NA,0.998623132075833
SNP275,1,38167073,NA,NA,NA,0.998623132075833
SNP276,1,38581395,NA,NA,NA,0.942327571263328
SNP277,1,38597320,NA,NA,NA,0.998623132075833
SNP278,1,39277927,NA,NA,NA,0.998623132075833
SNP279,1,39374715,NA,NA,NA,0.998623132075833
SNP280,1,39374716,NA,NA,NA,0.994026668934478
SNP281,1,39613101,NA,NA,NA,0.826713666149968
SNP282,1,40119113,NA,NA,NA,0.998623132075833
SNP283,1,40172884,NA,NA,NA,0.994026668934478
SNP284,1,40560706,NA,NA,NA,0.998623132075833
SNP285,1,40887247,NA,NA,NA,0.983465069927344
SNP286,1,41201464,NA,NA,NA,0.890904038044374
SNP287,1,41263992,NA,NA,NA,0.942327571263328
SNP288,1,41459155,NA,NA,NA,0.998623132075833
SNP289,1,41471750,NA,NA,NA,0.998623132075833
SNP290,1,41509824,NA,NA,NA,0.998623132075833
SNP291,1,41533940,NA,NA,NA,0.998623132075833
SNP292,1,41607764,NA,NA,NA,0.998623132075833
SNP293,1,42690300,NA,NA,NA,0.998623132075833
SNP294,1,42888047,NA,NA,NA,0.998623132075833
SNP295,1,42895691,NA,NA,NA,0.998623132075833
SNP296,1,42911160,NA,NA,NA,0.998623132075833
SNP297,1,42924847,NA,NA,NA,0.998623132075833
SNP298,1,43211604,NA,NA,NA,0.994026668934478
SNP299,1,43349403,NA,NA,NA,0.994026668934478
SNP300,1,43431169,NA,NA,NA,0.994026668934478
SNP301,1,43668002,NA,NA,NA,0.998623132075833
SNP302,1,43687195,NA,NA,NA,0.994026668934478
SNP303,1,43803627,NA,NA,NA,0.998623132075833
SNP304,1,43891049,NA,NA,NA,0.998623132075833
SNP305,1,43935781,NA,NA,NA,0.994026668934478
SNP306,1,44024285,NA,NA,NA,0.998623132075833
SNP307,1,44080272,NA,NA,NA,0.998623132075833
SNP308,1,44097040,NA,NA,NA,0.994026668934478
SNP309,1,44226226,NA,NA,NA,0.525912271620801
SNP310,1,44292611,NA,NA,NA,0.686794690336149
SNP311,1,44326237,NA,NA,NA,0.998623132075833
SNP312,1,44635912,NA,NA,NA,0.998623132075833
SNP313,1,44801593,NA,NA,NA,0.61238892569374
SNP314,1,44814929,NA,NA,NA,0.994026668934478
SNP315,1,44863415,NA,NA,NA,0.998623132075833
SNP316,1,44959133,NA,NA,NA,0.96101256609096
SNP317,1,45098024,NA,NA,NA,0.998623132075833
SNP318,1,45375580,NA,NA,NA,0.998623132075833
SNP319,1,45391383,NA,NA,NA,0.998623132075833
SNP320,1,45564446,NA,NA,NA,0.994026668934478
SNP321,1,45623573,NA,NA,NA,0.998623132075833
SNP322,1,45819923,NA,NA,NA,0.994026668934478
SNP323,1,45863744,NA,NA,NA,0.994026668934478
SNP324,1,47082634,NA,NA,NA,0.994026668934478
SNP325,1,47350807,NA,NA,NA,0.942327571263328
SNP326,1,47469070,NA,NA,NA,0.994026668934478
SNP327,1,47619665,NA,NA,NA,0.994026668934478
SNP328,1,47815824,NA,NA,NA,0.994026668934478
SNP329,1,48021636,NA,NA,NA,0.994026668934478
SNP330,1,48028440,NA,NA,NA,0.998623132075833
SNP331,1,48152427,NA,NA,NA,0.942327571263328
SNP332,1,48170337,NA,NA,NA,0.998623132075833
SNP333,1,48255746,NA,NA,NA,0.998623132075833
SNP334,1,48257420,NA,NA,NA,0.994026668934478
SNP335,1,48341967,NA,NA,NA,0.998623132075833
SNP336,1,48485284,NA,NA,NA,0.994026668934478
SNP337,1,48582196,NA,NA,NA,0.96101256609096
SNP338,1,48800324,NA,NA,NA,0.998623132075833
SNP339,1,48883032,NA,NA,NA,0.994026668934478
SNP340,1,50024773,NA,NA,NA,0.998623132075833
SNP341,1,50101903,NA,NA,NA,0.942327571263328
SNP342,1,50103721,NA,NA,NA,0.994026668934478
SNP343,1,50120788,NA,NA,NA,0.942327571263328
SNP344,1,50530941,NA,NA,NA,0.994026668934478
SNP345,1,50531995,NA,NA,NA,0.998623132075833
SNP346,1,50550939,NA,NA,NA,0.994026668934478
SNP347,1,50806662,NA,NA,NA,0.994026668934478
SNP348,1,50818179,NA,NA,NA,0.998623132075833
SNP349,1,50904677,NA,NA,NA,0.998623132075833
SNP350,1,51000857,NA,NA,NA,0.998623132075833
SNP351,1,51315586,NA,NA,NA,0.998623132075833
SNP352,1,51477561,NA,NA,NA,0.994026668934478
SNP353,1,51499774,NA,NA,NA,0.994026668934478
SNP354,1,51895782,NA,NA,NA,0.942327571263328
SNP355,1,51902384,NA,NA,NA,0.994026668934478
SNP356,1,52177334,NA,NA,NA,0.994026668934478
SNP357,1,52259565,NA,NA,NA,0.994026668934478
SNP358,1,52259975,NA,NA,NA,0.610417969968178
SNP359,1,52378574,NA,NA,NA,0.994026668934478
SNP360,1,52605263,NA,NA,NA,0.61238892569374
SNP361,1,52607529,NA,NA,NA,0.998623132075833
SNP362,1,52835981,NA,NA,NA,0.998623132075833
SNP363,1,52840753,NA,NA,NA,0.998623132075833
SNP364,1,53488728,NA,NA,NA,0.998623132075833
SNP365,1,53950595,NA,NA,NA,0.994026668934478
SNP366,1,54319458,NA,NA,NA,0.994026668934478
SNP367,1,54911337,NA,NA,NA,0.96101256609096
SNP368,1,55417720,NA,NA,NA,0.61238892569374
SNP369,1,55579471,NA,NA,NA,0.994026668934478
SNP370,1,55587729,NA,NA,NA,0.994026668934478
SNP371,1,55868680,NA,NA,NA,0.998623132075833
SNP372,1,56012488,NA,NA,NA,0.994026668934478
SNP373,1,56516224,NA,NA,NA,0.994026668934478
SNP374,1,56525103,NA,NA,NA,0.994026668934478
SNP375,1,56979122,NA,NA,NA,0.998623132075833
SNP376,1,57117658,NA,NA,NA,0.998623132075833
SNP377,1,57353259,NA,NA,NA,0.882219185321112
SNP378,1,57665572,NA,NA,NA,0.998623132075833
SNP379,1,57813437,NA,NA,NA,0.882219185321112
SNP380,1,57814617,NA,NA,NA,0.998623132075833
SNP381,1,57987828,NA,NA,NA,0.994026668934478
SNP382,1,58124311,NA,NA,NA,0.994026668934478
SNP383,1,58233302,NA,NA,NA,0.994026668934478
SNP384,1,58301395,NA,NA,NA,0.998623132075833
SNP385,1,59371580,NA,NA,NA,0.994026668934478
SNP386,1,59373546,NA,NA,NA,0.994026668934478
SNP387,1,60233509,NA,NA,NA,0.994026668934478
SNP388,1,60239405,NA,NA,NA,0.882219185321112
SNP389,1,60251338,NA,NA,NA,0.96101256609096
SNP390,1,60260750,NA,NA,NA,0.998623132075833
SNP391,1,60400529,NA,NA,NA,0.994026668934478
SNP392,1,60900390,NA,NA,NA,0.994026668934478
SNP393,1,61350768,NA,NA,NA,0.994026668934478
SNP394,1,61439156,NA,NA,NA,0.994026668934478
SNP395,1,61560298,NA,NA,NA,0.994026668934478
SNP396,1,62566362,NA,NA,NA,0.994026668934478
SNP397,1,62697405,NA,NA,NA,0.994026668934478
SNP398,1,62711198,NA,NA,NA,0.994026668934478
SNP399,1,62711794,NA,NA,NA,0.994026668934478
SNP400,1,62713100,NA,NA,NA,0.998623132075833
SNP401,1,62713620,NA,NA,NA,0.994026668934478
SNP402,1,62825155,NA,NA,NA,0.994026668934478
SNP403,1,63857783,NA,NA,NA,0.994026668934478
SNP404,1,64662307,NA,NA,NA,0.998623132075833
SNP405,1,64758939,NA,NA,NA,0.994026668934478
SNP406,1,65323204,NA,NA,NA,0.998623132075833
SNP407,1,65326494,NA,NA,NA,0.998623132075833
SNP408,1,65326520,NA,NA,NA,0.998623132075833
SNP409,1,65424740,NA,NA,NA,0.998623132075833
SNP410,1,65497502,NA,NA,NA,0.994026668934478
SNP411,1,65776301,NA,NA,NA,0.96101256609096
SNP412,1,66213064,NA,NA,NA,0.61238892569374
SNP413,1,66458123,NA,NA,NA,0.994026668934478
SNP414,1,66541935,NA,NA,NA,0.994026668934478
SNP415,1,66547730,NA,NA,NA,0.96101256609096
SNP416,1,66552104,NA,NA,NA,0.61238892569374
SNP417,1,66663382,NA,NA,NA,0.998623132075833
SNP418,1,66941527,NA,NA,NA,0.994026668934478
SNP419,1,68206873,NA,NA,NA,0.998623132075833
SNP420,1,68711134,NA,NA,NA,0.994026668934478
SNP421,1,68819136,NA,NA,NA,0.994026668934478
SNP422,1,69067490,NA,NA,NA,0.998623132075833
SNP423,1,69139210,NA,NA,NA,0.61238892569374
SNP424,1,69524629,NA,NA,NA,0.998623132075833
SNP425,1,69532595,NA,NA,NA,0.994026668934478
SNP426,1,69609838,NA,NA,NA,0.957871254745978
SNP427,1,69775876,NA,NA,NA,0.994026668934478
SNP428,1,69796464,NA,NA,NA,0.882219185321112
SNP429,1,69856669,NA,NA,NA,0.882219185321112
SNP430,1,69877213,NA,NA,NA,0.994026668934478
SNP431,1,70253543,NA,NA,NA,0.882219185321112
SNP432,1,70277370,NA,NA,NA,0.994026668934478
SNP433,1,70452968,NA,NA,NA,0.998623132075833
SNP434,1,70821138,NA,NA,NA,0.994026668934478
SNP435,1,71044994,NA,NA,NA,0.994026668934478
SNP436,1,71058923,NA,NA,NA,0.960687188327977
SNP437,1,71591946,NA,NA,NA,0.998623132075833
SNP438,1,71592299,NA,NA,NA,0.998623132075833
SNP439,1,71793736,NA,NA,NA,0.994026668934478
SNP440,1,72077483,NA,NA,NA,0.994026668934478
SNP441,1,72082052,NA,NA,NA,0.799269132138692
SNP442,1,72093984,NA,NA,NA,0.994026668934478
SNP443,1,72138183,NA,NA,NA,0.994026668934478
SNP444,1,72193954,NA,NA,NA,0.994026668934478
SNP445,1,72280075,NA,NA,NA,0.994026668934478
SNP446,1,72305155,NA,NA,NA,0.994026668934478
SNP447,1,72353453,NA,NA,NA,0.994026668934478
SNP448,1,72364970,NA,NA,NA,0.994026668934478
SNP449,1,72435379,NA,NA,NA,0.998623132075833
SNP450,1,72647170,NA,NA,NA,0.998623132075833
SNP451,1,72705059,NA,NA,NA,0.998623132075833
SNP452,1,72804185,NA,NA,NA,0.998623132075833
SNP453,1,72989234,NA,NA,NA,0.998623132075833
SNP454,1,73237240,NA,NA,NA,0.998623132075833
SNP455,1,73237503,NA,NA,NA,0.998623132075833
SNP456,1,73244356,NA,NA,NA,0.994026668934478
SNP457,1,73543885,NA,NA,NA,0.994026668934478
SNP458,1,73640355,NA,NA,NA,0.799269132138692
SNP459,1,73677670,NA,NA,NA,0.998623132075833
SNP460,1,73791828,NA,NA,NA,0.998623132075833
SNP461,1,74104466,NA,NA,NA,0.998623132075833
SNP462,1,74105404,NA,NA,NA,0.998623132075833
SNP463,1,74498534,NA,NA,NA,0.994026668934478
SNP464,1,75056104,NA,NA,NA,0.994026668934478
SNP465,1,75079858,NA,NA,NA,0.998623132075833
SNP466,1,75205871,NA,NA,NA,0.994026668934478
SNP467,1,75415588,NA,NA,NA,0.998623132075833
SNP468,1,75415600,NA,NA,NA,0.998623132075833
SNP469,1,75415612,NA,NA,NA,0.998623132075833
SNP470,1,75415626,NA,NA,NA,0.998623132075833
SNP471,1,75415761,NA,NA,NA,0.998623132075833
SNP472,1,75416135,NA,NA,NA,0.998623132075833
SNP473,1,75416139,NA,NA,NA,0.998623132075833
SNP474,1,75636764,NA,NA,NA,0.998623132075833
SNP475,1,75823182,NA,NA,NA,0.994026668934478
SNP476,1,76032642,NA,NA,NA,0.998623132075833
SNP477,1,76166975,NA,NA,NA,0.994026668934478
SNP478,1,76293547,NA,NA,NA,0.994026668934478
SNP479,1,76366163,NA,NA,NA,0.994026668934478
SNP480,1,76546727,NA,NA,NA,0.998623132075833
SNP481,1,76713643,NA,NA,NA,0.998623132075833
SNP482,1,76808737,NA,NA,NA,0.994026668934478
SNP483,1,76831747,NA,NA,NA,0.998623132075833
SNP484,1,77471160,NA,NA,NA,0.994026668934478
SNP485,1,77900866,NA,NA,NA,0.998623132075833
SNP486,1,78680496,NA,NA,NA,0.882219185321112
SNP487,1,79281806,NA,NA,NA,0.998623132075833
SNP488,1,79643420,NA,NA,NA,0.994026668934478
SNP489,1,79667353,NA,NA,NA,0.998623132075833
SNP490,1,79670168,NA,NA,NA,0.994026668934478
SNP491,1,79676601,NA,NA,NA,0.998623132075833
SNP492,1,80719008,NA,NA,NA,0.998623132075833
SNP493,1,80734385,NA,NA,NA,0.994026668934478
SNP494,1,81277957,NA,NA,NA,0.882219185321112
SNP495,1,81419609,NA,NA,NA,0.994026668934478
SNP496,1,81478933,NA,NA,NA,0.998623132075833
SNP497,1,81811278,NA,NA,NA,0.998623132075833
SNP498,1,82429701,NA,NA,NA,0.994026668934478
SNP499,1,82680865,NA,NA,NA,0.998623132075833
SNP500,1,82790879,NA,NA,NA,0.61238892569374
SNP501,1,82874814,NA,NA,NA,0.96101256609096
SNP502,1,82955508,NA,NA,NA,0.998623132075833
SNP503,1,83280529,NA,NA,NA,0.998623132075833
SNP504,1,83281512,NA,NA,NA,0.998623132075833
SNP505,1,83282849,NA,NA,NA,0.994026668934478
SNP506,1,83284346,NA,NA,NA,0.994026668934478
SNP507,1,83382436,NA,NA,NA,0.994026668934478
SNP508,1,83574916,NA,NA,NA,0.994026668934478
SNP509,1,83580857,NA,NA,NA,0.994026668934478
SNP510,1,83741141,NA,NA,NA,0.994026668934478
SNP511,1,83762715,NA,NA,NA,0.998623132075833
SNP512,1,83952089,NA,NA,NA,0.994026668934478
SNP513,1,83952598,NA,NA,NA,0.994026668934478
SNP514,1,84358254,NA,NA,NA,0.998623132075833
SNP515,1,85195951,NA,NA,NA,0.998623132075833
SNP516,1,85376768,NA,NA,NA,0.983694183538905
SNP517,1,85421522,NA,NA,NA,0.998623132075833
SNP518,1,85530824,NA,NA,NA,0.994026668934478
SNP519,1,85661967,NA,NA,NA,0.998623132075833
SNP520,1,87187940,NA,NA,NA,0.998623132075833
SNP521,1,87316516,NA,NA,NA,0.113642530978559
SNP522,1,87810780,NA,NA,NA,0.998623132075833
SNP523,1,87812605,NA,NA,NA,0.998623132075833
SNP524,1,87874835,NA,NA,NA,0.998623132075833
SNP525,1,87875372,NA,NA,NA,0.998623132075833
SNP526,1,88193855,NA,NA,NA,0.998623132075833
SNP527,1,88310073,NA,NA,NA,0.960687188327977
SNP528,1,89318205,NA,NA,NA,0.998623132075833
SNP529,1,89579761,NA,NA,NA,0.998623132075833
SNP530,1,89581099,NA,NA,NA,0.994026668934478
SNP531,1,89581789,NA,NA,NA,0.96101256609096
SNP532,1,89596002,NA,NA,NA,0.998623132075833
SNP533,1,89680568,NA,NA,NA,0.998623132075833
SNP534,1,89692241,NA,NA,NA,0.96101256609096
SNP535,1,90233128,NA,NA,NA,0.998623132075833
SNP536,1,90233190,NA,NA,NA,0.998623132075833
SNP537,1,90321778,NA,NA,NA,0.998623132075833
SNP538,1,90363316,NA,NA,NA,0.998623132075833
SNP539,1,90376026,NA,NA,NA,0.998623132075833
SNP540,1,90386065,NA,NA,NA,0.998623132075833
SNP541,1,90401984,NA,NA,NA,0.998623132075833
SNP542,1,90650398,NA,NA,NA,0.998623132075833
SNP543,1,90785589,NA,NA,NA,0.994026668934478
SNP544,1,91331114,NA,NA,NA,0.994026668934478
SNP545,1,91356999,NA,NA,NA,0.998623132075833
SNP546,1,91414269,NA,NA,NA,0.998623132075833
SNP547,1,91566173,NA,NA,NA,0.983465069927344
SNP548,1,91786514,NA,NA,NA,0.998623132075833
SNP549,1,91804893,NA,NA,NA,0.994026668934478
SNP550,1,91813687,NA,NA,NA,0.994026668934478
SNP551,1,91823539,NA,NA,NA,0.994026668934478
SNP552,1,91849923,NA,NA,NA,0.998623132075833
SNP553,1,91856601,NA,NA,NA,0.957720023675892
SNP554,1,91923795,NA,NA,NA,0.998623132075833
SNP555,1,91929030,NA,NA,NA,0.998623132075833
SNP556,1,91968180,NA,NA,NA,0.994026668934478
SNP557,1,91974173,NA,NA,NA,0.998623132075833
SNP558,1,91983531,NA,NA,NA,0.998623132075833
SNP559,1,92136289,NA,NA,NA,0.994026668934478
SNP560,1,92214445,NA,NA,NA,0.994026668934478
SNP561,1,92242189,NA,NA,NA,0.998623132075833
SNP562,1,92244488,NA,NA,NA,0.998623132075833
SNP563,1,92256647,NA,NA,NA,0.998623132075833
SNP564,1,92631272,NA,NA,NA,0.185255503582289
SNP565,1,92792817,NA,NA,NA,0.998623132075833
SNP566,1,92932295,NA,NA,NA,0.998623132075833
SNP567,1,93040067,NA,NA,NA,0.998623132075833
SNP568,1,93101047,NA,NA,NA,0.994026668934478
SNP569,1,93176138,NA,NA,NA,0.994026668934478
SNP570,1,93367839,NA,NA,NA,0.994026668934478
SNP571,1,93485214,NA,NA,NA,0.994026668934478
SNP572,1,93576611,NA,NA,NA,0.994026668934478
SNP573,1,93583307,NA,NA,NA,0.994026668934478
SNP574,1,93627407,NA,NA,NA,0.998623132075833
SNP575,1,93760093,NA,NA,NA,0.998623132075833
SNP576,1,93762906,NA,NA,NA,0.998623132075833
SNP577,1,93780097,NA,NA,NA,0.994026668934478
SNP578,1,93816361,NA,NA,NA,0.998623132075833
SNP579,1,93923488,NA,NA,NA,0.998623132075833
SNP580,1,94142785,NA,NA,NA,0.977104919160526
SNP581,1,94163829,NA,NA,NA,0.998623132075833
SNP582,1,94219986,NA,NA,NA,0.998623132075833
SNP583,1,94227506,NA,NA,NA,0.998623132075833
SNP584,1,94289415,NA,NA,NA,0.994026668934478
SNP585,1,94535260,NA,NA,NA,0.998623132075833
SNP586,1,94587573,NA,NA,NA,0.998623132075833
SNP587,1,94866555,NA,NA,NA,0.998623132075833
SNP588,1,94867106,NA,NA,NA,0.998623132075833
SNP589,1,94988809,NA,NA,NA,0.998623132075833
SNP590,1,95083257,NA,NA,NA,0.998623132075833
SNP591,1,95348665,NA,NA,NA,0.117239740693708
SNP592,1,95395139,NA,NA,NA,0.998623132075833
SNP593,1,95588086,NA,NA,NA,0.998623132075833
SNP594,1,95624440,NA,NA,NA,0.96101256609096
SNP595,1,95668523,NA,NA,NA,0.998623132075833
SNP596,1,95678117,NA,NA,NA,0.998623132075833
SNP597,1,96067100,NA,NA,NA,0.998623132075833
SNP598,1,96219280,NA,NA,NA,0.998623132075833
SNP599,1,96228430,NA,NA,NA,0.998623132075833
SNP600,1,96315245,NA,NA,NA,0.998623132075833
SNP601,1,96372759,NA,NA,NA,0.998623132075833
SNP602,1,96556402,NA,NA,NA,0.998623132075833
SNP603,1,96715595,NA,NA,NA,0.935841723504551
SNP604,1,96824758,NA,NA,NA,0.998623132075833
SNP605,1,96848733,NA,NA,NA,0.998623132075833
SNP606,1,96982501,NA,NA,NA,0.998623132075833
SNP607,1,97019461,NA,NA,NA,0.994026668934478
SNP608,1,97052647,NA,NA,NA,0.998623132075833
SNP609,1,97071514,NA,NA,NA,0.998623132075833
SNP610,1,97088423,NA,NA,NA,0.994026668934478
SNP611,1,97214176,NA,NA,NA,0.994026668934478
SNP612,1,97275043,NA,NA,NA,0.998623132075833
SNP613,1,97335760,NA,NA,NA,0.998623132075833
SNP614,1,97342707,NA,NA,NA,0.96101256609096
SNP615,1,97434173,NA,NA,NA,0.998623132075833
SNP616,1,97488180,NA,NA,NA,0.998623132075833
SNP617,1,97600495,NA,NA,NA,0.96101256609096
SNP618,1,97759280,NA,NA,NA,0.998623132075833
SNP619,1,98098193,NA,NA,NA,0.998623132075833
SNP620,1,98128383,NA,NA,NA,0.999440240047304
SNP621,1,98423265,NA,NA,NA,0.998623132075833
SNP622,1,98756341,NA,NA,NA,0.998623132075833
SNP623,1,98825403,NA,NA,NA,0.998623132075833
SNP624,1,98827500,NA,NA,NA,0.998623132075833
SNP625,1,99187357,NA,NA,NA,0.998623132075833
SNP626,1,99286437,NA,NA,NA,0.998623132075833
SNP627,1,99343292,NA,NA,NA,0.376742479760116
SNP628,1,99416946,NA,NA,NA,0.994026668934478
SNP629,1,99425911,NA,NA,NA,0.998623132075833
SNP630,1,99515453,NA,NA,NA,0.998623132075833
SNP631,1,99527079,NA,NA,NA,0.998623132075833
SNP632,1,99940909,NA,NA,NA,0.998623132075833
SNP633,1,99985645,NA,NA,NA,0.998623132075833
SNP634,1,100136074,NA,NA,NA,0.998623132075833
SNP635,1,100291833,NA,NA,NA,0.998623132075833
SNP636,1,100409049,NA,NA,NA,0.998623132075833
SNP637,1,100421849,NA,NA,NA,0.998623132075833
SNP638,1,100424873,NA,NA,NA,0.998623132075833
SNP639,1,100466865,NA,NA,NA,0.998623132075833
SNP640,1,100917698,NA,NA,NA,0.998623132075833
SNP641,1,100963470,NA,NA,NA,0.998623132075833
SNP642,1,101033367,NA,NA,NA,0.412568666725635
SNP643,1,101050929,NA,NA,NA,0.33643709436175
SNP644,1,101167285,NA,NA,NA,0.998623132075833
SNP645,1,101300460,NA,NA,NA,0.998623132075833
SNP646,1,101304096,NA,NA,NA,0.998623132075833
SNP647,1,101370991,NA,NA,NA,0.998623132075833
SNP648,1,101563373,NA,NA,NA,0.998623132075833
SNP649,1,101685663,NA,NA,NA,0.998623132075833
SNP650,1,101795369,NA,NA,NA,0.998623132075833
SNP651,1,102025122,NA,NA,NA,0.998623132075833
SNP652,1,102371643,NA,NA,NA,0.994026668934478
SNP653,1,102627425,NA,NA,NA,0.998623132075833
SNP654,1,102674864,NA,NA,NA,0.998623132075833
SNP655,1,102733556,NA,NA,NA,0.998623132075833
SNP656,1,102942776,NA,NA,NA,0.998623132075833
SNP657,1,103104641,NA,NA,NA,0.998623132075833
SNP658,1,104070151,NA,NA,NA,0.998623132075833
SNP659,1,104200953,NA,NA,NA,0.998623132075833
SNP660,1,104296643,NA,NA,NA,0.998623132075833
SNP661,1,104355404,NA,NA,NA,0.998623132075833
SNP662,1,104432577,NA,NA,NA,0.998623132075833
SNP663,1,104459918,NA,NA,NA,0.998623132075833
SNP664,1,104509769,NA,NA,NA,0.998623132075833
SNP665,1,104723083,NA,NA,NA,0.998623132075833
SNP666,1,104800931,NA,NA,NA,0.998623132075833
SNP667,1,104859700,NA,NA,NA,0.998623132075833
SNP668,1,104994690,NA,NA,NA,0.998623132075833
SNP669,1,105122401,NA,NA,NA,0.998623132075833
SNP670,1,105275791,NA,NA,NA,0.998623132075833
SNP671,1,105508824,NA,NA,NA,0.998623132075833
SNP672,1,105510363,NA,NA,NA,0.994026668934478
SNP673,1,105517555,NA,NA,NA,0.998623132075833
SNP674,1,105529846,NA,NA,NA,0.994026668934478
SNP675,1,105820969,NA,NA,NA,0.998623132075833
SNP676,1,105872160,NA,NA,NA,0.998623132075833
SNP677,1,105900135,NA,NA,NA,0.994026668934478
SNP678,1,106001415,NA,NA,NA,0.998623132075833
SNP679,1,106097712,NA,NA,NA,0.998623132075833
SNP680,1,106250675,NA,NA,NA,0.998623132075833
SNP681,1,106317826,NA,NA,NA,0.998623132075833
SNP682,1,106326460,NA,NA,NA,0.998623132075833
SNP683,1,106352235,NA,NA,NA,0.998623132075833
SNP684,1,106370118,NA,NA,NA,0.998623132075833
SNP685,1,106545200,NA,NA,NA,0.998623132075833
SNP686,2,200437,NA,NA,NA,0.998623132075833
SNP687,2,436838,NA,NA,NA,0.998623132075833
SNP688,2,453115,NA,NA,NA,0.998623132075833
SNP689,2,453216,NA,NA,NA,0.998623132075833
SNP690,2,453265,NA,NA,NA,0.998623132075833
SNP691,2,497336,NA,NA,NA,0.998623132075833
SNP692,2,526865,NA,NA,NA,0.998623132075833
SNP693,2,636001,NA,NA,NA,0.998623132075833
SNP694,2,662725,NA,NA,NA,0.994026668934478
SNP695,2,679641,NA,NA,NA,0.998623132075833
SNP696,2,683051,NA,NA,NA,0.998856163447371
SNP697,2,804530,NA,NA,NA,0.998623132075833
SNP698,2,914517,NA,NA,NA,0.998623132075833
SNP699,2,964025,NA,NA,NA,0.998623132075833
SNP700,2,1237474,NA,NA,NA,0.998623132075833
SNP701,2,1463018,NA,NA,NA,0.998623132075833
SNP702,2,1695987,NA,NA,NA,0.998623132075833
SNP703,2,1737846,NA,NA,NA,0.473872453728082
SNP704,2,1744377,NA,NA,NA,0.998623132075833
SNP705,2,1853410,NA,NA,NA,0.998623132075833
SNP706,2,2574076,NA,NA,NA,0.998623132075833
SNP707,2,2574390,NA,NA,NA,0.998623132075833
SNP708,2,2595116,NA,NA,NA,0.998623132075833
SNP709,2,2658782,NA,NA,NA,0.998623132075833
SNP710,2,2907720,NA,NA,NA,0.998623132075833
SNP711,2,2922527,NA,NA,NA,0.998623132075833
SNP712,2,2925276,NA,NA,NA,0.998623132075833
SNP713,2,2937660,NA,NA,NA,0.998623132075833
SNP714,2,2938182,NA,NA,NA,0.998623132075833
SNP715,2,2938187,NA,NA,NA,0.998623132075833
SNP716,2,2938528,NA,NA,NA,0.998623132075833
SNP717,2,2939572,NA,NA,NA,0.998623132075833
SNP718,2,2943342,NA,NA,NA,0.998623132075833
SNP719,2,2960089,NA,NA,NA,0.998623132075833
SNP720,2,2960953,NA,NA,NA,0.998623132075833
SNP721,2,3043751,NA,NA,NA,0.998623132075833
SNP722,2,3052140,NA,NA,NA,0.957720023675892
SNP723,2,3779701,NA,NA,NA,0.998623132075833
SNP724,2,3785710,NA,NA,NA,0.998623132075833
SNP725,2,3957726,NA,NA,NA,0.998623132075833
SNP726,2,4433444,NA,NA,NA,0.998623132075833
SNP727,2,4438402,NA,NA,NA,0.994026668934478
SNP728,2,4630421,NA,NA,NA,0.998623132075833
SNP729,2,4713794,NA,NA,NA,0.241124167329682
SNP730,2,4944093,NA,NA,NA,0.998623132075833
SNP731,2,4945573,NA,NA,NA,0.998623132075833
SNP732,2,5549297,NA,NA,NA,0.998623132075833
SNP733,2,5555432,NA,NA,NA,0.998623132075833
SNP734,2,5598001,NA,NA,NA,0.998623132075833
SNP735,2,5830273,NA,NA,NA,0.998623132075833
SNP736,2,6003198,NA,NA,NA,0.998623132075833
SNP737,2,6304926,NA,NA,NA,0.994026668934478
SNP738,2,6344117,NA,NA,NA,0.994026668934478
SNP739,2,6371459,NA,NA,NA,0.998623132075833
SNP740,2,6371470,NA,NA,NA,0.998623132075833
SNP741,2,6392300,NA,NA,NA,0.96101256609096
SNP742,2,6394704,NA,NA,NA,0.96101256609096
SNP743,2,6592885,NA,NA,NA,0.998623132075833
SNP744,2,7058750,NA,NA,NA,0.998623132075833
SNP745,2,7366310,NA,NA,NA,0.998623132075833
SNP746,2,7789082,NA,NA,NA,0.96101256609096
SNP747,2,7805075,NA,NA,NA,0.882219185321112
SNP748,2,8368745,NA,NA,NA,0.998623132075833
SNP749,2,8459056,NA,NA,NA,0.998623132075833
SNP750,2,8460190,NA,NA,NA,0.998623132075833
SNP751,2,8512696,NA,NA,NA,0.994026668934478
SNP752,2,8579653,NA,NA,NA,0.998623132075833
SNP753,2,8655548,NA,NA,NA,0.882219185321112
SNP754,2,8801757,NA,NA,NA,0.998623132075833
SNP755,2,8985536,NA,NA,NA,0.960687188327977
SNP756,2,9034925,NA,NA,NA,0.994026668934478
SNP757,2,9764665,NA,NA,NA,0.957720023675892
SNP758,2,9864867,NA,NA,NA,0.96101256609096
SNP759,2,9878156,NA,NA,NA,0.998623132075833
SNP760,2,10049638,NA,NA,NA,0.994026668934478
SNP761,2,10407544,NA,NA,NA,0.96101256609096
SNP762,2,10557576,NA,NA,NA,0.998623132075833
SNP763,2,10583246,NA,NA,NA,0.994026668934478
SNP764,2,10827201,NA,NA,NA,0.994026668934478
SNP765,2,11111749,NA,NA,NA,0.998623132075833
SNP766,2,11162717,NA,NA,NA,0.998623132075833
SNP767,2,11429908,NA,NA,NA,0.998623132075833
SNP768,2,11549364,NA,NA,NA,0.994026668934478
SNP769,2,12426118,NA,NA,NA,0.994026668934478
SNP770,2,12548919,NA,NA,NA,0.998623132075833
SNP771,2,12554482,NA,NA,NA,0.994026668934478
SNP772,2,12888097,NA,NA,NA,0.994026668934478
SNP773,2,12945169,NA,NA,NA,0.998623132075833
SNP774,2,13116319,NA,NA,NA,0.998623132075833
SNP775,2,13302673,NA,NA,NA,0.998623132075833
SNP776,2,13453101,NA,NA,NA,0.998623132075833
SNP777,2,13514873,NA,NA,NA,0.998623132075833
SNP778,2,13515471,NA,NA,NA,0.998623132075833
SNP779,2,13546810,NA,NA,NA,0.998623132075833
SNP780,2,13644317,NA,NA,NA,0.998623132075833
SNP781,2,13654100,NA,NA,NA,0.998623132075833
SNP782,2,13677636,NA,NA,NA,0.998623132075833
SNP783,2,13935817,NA,NA,NA,0.998623132075833
SNP784,2,14304903,NA,NA,NA,0.998623132075833
SNP785,2,14384684,NA,NA,NA,0.882219185321112
SNP786,2,14455549,NA,NA,NA,0.998623132075833
SNP787,2,14498188,NA,NA,NA,0.998623132075833
SNP788,2,14765986,NA,NA,NA,0.998623132075833
SNP789,2,14766826,NA,NA,NA,0.998623132075833
SNP790,2,14774842,NA,NA,NA,0.998623132075833
SNP791,2,14827809,NA,NA,NA,0.998623132075833
SNP792,2,14870241,NA,NA,NA,0.998623132075833
SNP793,2,14941400,NA,NA,NA,0.998623132075833
SNP794,2,14941431,NA,NA,NA,0.998623132075833
SNP795,2,14941451,NA,NA,NA,0.998623132075833
SNP796,2,14953428,NA,NA,NA,0.998623132075833
SNP797,2,16287488,NA,NA,NA,0.998623132075833
SNP798,2,16559101,NA,NA,NA,0.998623132075833
SNP799,2,16562264,NA,NA,NA,0.998623132075833
SNP800,2,16911379,NA,NA,NA,0.998623132075833
SNP801,2,17000916,NA,NA,NA,0.998623132075833
SNP802,2,17277852,NA,NA,NA,0.994026668934478
SNP803,2,17361614,NA,NA,NA,0.998623132075833
SNP804,2,17734794,NA,NA,NA,0.998623132075833
SNP805,2,17827853,NA,NA,NA,0.998623132075833
SNP806,2,18101508,NA,NA,NA,0.998623132075833
SNP807,2,18232457,NA,NA,NA,0.994026668934478
SNP808,2,19682430,NA,NA,NA,0.994026668934478
SNP809,2,19747234,NA,NA,NA,0.994026668934478
SNP810,2,19763058,NA,NA,NA,0.994026668934478
SNP811,2,19769264,NA,NA,NA,0.994026668934478
SNP812,2,19823847,NA,NA,NA,0.998623132075833
SNP813,2,19997790,NA,NA,NA,0.998623132075833
SNP814,2,20132970,NA,NA,NA,0.998623132075833
SNP815,2,20587240,NA,NA,NA,0.994026668934478
SNP816,2,22104150,NA,NA,NA,0.998623132075833
SNP817,2,22270182,NA,NA,NA,0.994026668934478
SNP818,2,22275624,NA,NA,NA,0.998623132075833
SNP819,2,22422522,NA,NA,NA,0.994026668934478
SNP820,2,22662900,NA,NA,NA,0.882219185321112
SNP821,2,22662927,NA,NA,NA,0.96101256609096
SNP822,2,22732056,NA,NA,NA,0.994026668934478
SNP823,2,22734457,NA,NA,NA,0.994026668934478
SNP824,2,22955632,NA,NA,NA,0.998623132075833
SNP825,2,23576855,NA,NA,NA,0.998623132075833
SNP826,2,23753122,NA,NA,NA,0.994026668934478
SNP827,2,24345357,NA,NA,NA,0.994026668934478
SNP828,2,24455602,NA,NA,NA,0.994026668934478
SNP829,2,25150321,NA,NA,NA,0.998623132075833
SNP830,2,25456182,NA,NA,NA,0.998623132075833
SNP831,2,25563655,NA,NA,NA,0.998623132075833
SNP832,2,25627498,NA,NA,NA,0.994026668934478
SNP833,2,26699530,NA,NA,NA,0.998623132075833
SNP834,2,26715530,NA,NA,NA,0.998623132075833
SNP835,2,26754261,NA,NA,NA,0.994026668934478
SNP836,2,27326206,NA,NA,NA,0.994026668934478
SNP837,2,28100361,NA,NA,NA,0.998623132075833
SNP838,2,28574603,NA,NA,NA,0.994026668934478
SNP839,2,28886522,NA,NA,NA,0.998623132075833
SNP840,2,29498343,NA,NA,NA,0.998623132075833
SNP841,2,29635825,NA,NA,NA,0.882219185321112
SNP842,2,29637584,NA,NA,NA,0.998623132075833
SNP843,2,29874036,NA,NA,NA,0.994026668934478
SNP844,2,30105980,NA,NA,NA,0.994026668934478
SNP845,2,30373351,NA,NA,NA,0.994026668934478
SNP846,2,30403589,NA,NA,NA,0.994026668934478
SNP847,2,31930135,NA,NA,NA,0.998623132075833
SNP848,2,32380991,NA,NA,NA,0.998623132075833
SNP849,2,32572604,NA,NA,NA,0.994026668934478
SNP850,2,34389356,NA,NA,NA,0.994026668934478
SNP851,2,34506863,NA,NA,NA,0.994026668934478
SNP852,2,35079956,NA,NA,NA,0.994026668934478
SNP853,2,35395019,NA,NA,NA,0.994026668934478
SNP854,2,35508508,NA,NA,NA,0.998623132075833
SNP855,2,35976979,NA,NA,NA,0.998623132075833
SNP856,2,36402575,NA,NA,NA,0.998623132075833
SNP857,2,36422853,NA,NA,NA,0.998623132075833
SNP858,2,36598719,NA,NA,NA,0.998623132075833
SNP859,2,37610599,NA,NA,NA,0.998623132075833
SNP860,2,38320573,NA,NA,NA,0.998623132075833
SNP861,2,38454560,NA,NA,NA,0.882219185321112
SNP862,2,38805182,NA,NA,NA,0.998623132075833
SNP863,2,39246808,NA,NA,NA,0.96101256609096
SNP864,2,40761413,NA,NA,NA,0.994026668934478
SNP865,2,41025389,NA,NA,NA,0.998623132075833
SNP866,2,41171516,NA,NA,NA,0.994026668934478
SNP867,2,41558492,NA,NA,NA,0.998623132075833
SNP868,2,41674308,NA,NA,NA,0.994026668934478
SNP869,2,41819079,NA,NA,NA,0.998623132075833
SNP870,2,42620403,NA,NA,NA,0.994026668934478
SNP871,2,42691149,NA,NA,NA,0.96101256609096
SNP872,2,43155268,NA,NA,NA,0.998623132075833
SNP873,2,43490654,NA,NA,NA,0.998623132075833
SNP874,2,43505622,NA,NA,NA,0.998623132075833
SNP875,2,43512928,NA,NA,NA,0.994026668934478
SNP876,2,43648781,NA,NA,NA,0.998623132075833
SNP877,2,43740509,NA,NA,NA,0.998623132075833
SNP878,2,43783041,NA,NA,NA,0.994026668934478
SNP879,2,44206343,NA,NA,NA,0.994026668934478
SNP880,2,45214066,NA,NA,NA,0.998623132075833
SNP881,2,45336076,NA,NA,NA,0.998623132075833
SNP882,2,47175737,NA,NA,NA,0.998623132075833
SNP883,2,47263798,NA,NA,NA,0.998623132075833
SNP884,2,48018610,NA,NA,NA,0.998623132075833
SNP885,2,48177249,NA,NA,NA,0.998623132075833
SNP886,2,48427701,NA,NA,NA,0.998623132075833
SNP887,2,49462409,NA,NA,NA,0.998623132075833
SNP888,2,50280978,NA,NA,NA,0.998623132075833
SNP889,2,50958911,NA,NA,NA,0.998623132075833
SNP890,2,51026268,NA,NA,NA,0.796467738819195
SNP891,2,51109017,NA,NA,NA,0.994026668934478
SNP892,2,51213525,NA,NA,NA,0.998623132075833
SNP893,2,51464394,NA,NA,NA,0.998623132075833
SNP894,2,51643074,NA,NA,NA,0.998623132075833
SNP895,2,52083754,NA,NA,NA,0.994026668934478
SNP896,2,52118991,NA,NA,NA,0.998623132075833
SNP897,2,52244797,NA,NA,NA,0.998623132075833
SNP898,2,53366955,NA,NA,NA,0.998623132075833
SNP899,2,53470163,NA,NA,NA,0.998623132075833
SNP900,2,53684978,NA,NA,NA,0.994026668934478
SNP901,2,53866360,NA,NA,NA,0.998623132075833
SNP902,2,53873602,NA,NA,NA,0.994026668934478
SNP903,2,53887364,NA,NA,NA,0.998623132075833
SNP904,2,54218907,NA,NA,NA,0.882219185321112
SNP905,2,54223421,NA,NA,NA,0.998623132075833
SNP906,2,54392732,NA,NA,NA,0.998623132075833
SNP907,2,54438707,NA,NA,NA,0.994026668934478
SNP908,2,54442585,NA,NA,NA,0.998623132075833
SNP909,2,54958311,NA,NA,NA,0.998623132075833
SNP910,2,55345790,NA,NA,NA,0.994026668934478
SNP911,2,55360598,NA,NA,NA,0.998623132075833
SNP912,2,55806802,NA,NA,NA,0.998623132075833
SNP913,2,56249385,NA,NA,NA,0.998623132075833
SNP914,2,56400137,NA,NA,NA,0.998623132075833
SNP915,2,56409272,NA,NA,NA,0.998623132075833
SNP916,2,56634086,NA,NA,NA,0.998623132075833
SNP917,2,56668988,NA,NA,NA,0.994026668934478
SNP918,2,56960652,NA,NA,NA,0.998623132075833
SNP919,2,57775421,NA,NA,NA,0.998623132075833
SNP920,2,59075367,NA,NA,NA,0.998623132075833
SNP921,2,59161341,NA,NA,NA,0.994026668934478
SNP922,2,59637081,NA,NA,NA,0.998623132075833
SNP923,2,59713248,NA,NA,NA,0.994026668934478
SNP924,2,59977964,NA,NA,NA,0.998623132075833
SNP925,2,60562458,NA,NA,NA,0.998623132075833
SNP926,2,60834644,NA,NA,NA,0.998623132075833
SNP927,2,61355579,NA,NA,NA,0.994026668934478
SNP928,2,61468603,NA,NA,NA,0.998623132075833
SNP929,2,61624488,NA,NA,NA,0.998623132075833
SNP930,2,61811601,NA,NA,NA,0.998623132075833
SNP931,2,61829502,NA,NA,NA,0.998623132075833
SNP932,2,62103293,NA,NA,NA,0.998623132075833
SNP933,2,62447099,NA,NA,NA,0.998623132075833
SNP934,2,62714889,NA,NA,NA,0.994026668934478
SNP935,2,62997119,NA,NA,NA,0.994026668934478
SNP936,2,62999980,NA,NA,NA,0.994026668934478
SNP937,2,63049361,NA,NA,NA,0.998623132075833
SNP938,2,63240832,NA,NA,NA,0.994026668934478
SNP939,2,63510660,NA,NA,NA,0.994026668934478
SNP940,2,63685161,NA,NA,NA,0.994026668934478
SNP941,2,63793170,NA,NA,NA,0.998623132075833
SNP942,2,63972747,NA,NA,NA,0.994026668934478
SNP943,2,64099097,NA,NA,NA,0.994026668934478
SNP944,2,64186304,NA,NA,NA,0.998623132075833
SNP945,2,64277035,NA,NA,NA,0.998623132075833
SNP946,2,64513017,NA,NA,NA,0.882219185321112
SNP947,2,64742992,NA,NA,NA,0.994026668934478
SNP948,2,65511176,NA,NA,NA,0.994026668934478
SNP949,2,66798537,NA,NA,NA,0.994026668934478
SNP950,2,66882951,NA,NA,NA,0.994026668934478
SNP951,2,67200459,NA,NA,NA,0.994026668934478
SNP952,2,67227495,NA,NA,NA,0.994026668934478
SNP953,2,67418417,NA,NA,NA,0.97882240829845
SNP954,2,67418874,NA,NA,NA,0.998623132075833
SNP955,2,68124519,NA,NA,NA,0.994026668934478
SNP956,2,68288594,NA,NA,NA,0.998623132075833
SNP957,2,68533071,NA,NA,NA,0.983465069927344
SNP958,2,68542813,NA,NA,NA,0.994026668934478
SNP959,2,68589570,NA,NA,NA,0.994026668934478
SNP960,2,68682743,NA,NA,NA,0.983465069927344
SNP961,2,69329032,NA,NA,NA,0.998623132075833
SNP962,2,69436804,NA,NA,NA,0.994026668934478
SNP963,2,69504296,NA,NA,NA,0.998623132075833
SNP964,2,69522218,NA,NA,NA,0.998623132075833
SNP965,2,69842968,NA,NA,NA,0.998623132075833
SNP966,2,71077832,NA,NA,NA,0.994026668934478
SNP967,2,71087873,NA,NA,NA,0.998623132075833
SNP968,2,71088076,NA,NA,NA,0.994026668934478
SNP969,2,71194746,NA,NA,NA,0.998623132075833
SNP970,2,71665867,NA,NA,NA,0.994026668934478
SNP971,2,71973661,NA,NA,NA,0.66846746326533
SNP972,2,72194830,NA,NA,NA,0.994026668934478
SNP973,2,72593384,NA,NA,NA,0.994026668934478
SNP974,2,72665201,NA,NA,NA,0.994026668934478
SNP975,2,72677741,NA,NA,NA,0.994026668934478
SNP976,2,72921033,NA,NA,NA,0.994026668934478
SNP977,2,72956177,NA,NA,NA,0.994026668934478
SNP978,2,73248516,NA,NA,NA,0.998623132075833
SNP979,2,73397327,NA,NA,NA,0.994026668934478
SNP980,2,73420354,NA,NA,NA,0.994026668934478
SNP981,2,73436894,NA,NA,NA,0.998623132075833
SNP982,2,73494886,NA,NA,NA,0.998623132075833
SNP983,2,73501078,NA,NA,NA,0.994026668934478
SNP984,2,73779428,NA,NA,NA,0.998623132075833
SNP985,2,74134664,NA,NA,NA,0.994026668934478
SNP986,2,74429690,NA,NA,NA,0.994026668934478
SNP987,2,74833506,NA,NA,NA,0.994026668934478
SNP988,2,74898044,NA,NA,NA,0.998623132075833
SNP989,2,75200266,NA,NA,NA,0.998623132075833
SNP990,2,75363454,NA,NA,NA,0.998623132075833
SNP991,2,75874770,NA,NA,NA,0.998623132075833
SNP992,2,76040912,NA,NA,NA,0.998623132075833
SNP993,2,76275147,NA,NA,NA,0.998623132075833
SNP994,2,76412482,NA,NA,NA,0.994026668934478
SNP995,2,76430803,NA,NA,NA,0.998623132075833
SNP996,2,76599376,NA,NA,NA,0.998623132075833
SNP997,2,76693077,NA,NA,NA,0.998623132075833
SNP998,2,76736888,NA,NA,NA,0.998623132075833
SNP999,2,77274746,NA,NA,NA,0.998623132075833
SNP1000,2,77279897,NA,NA,NA,0.994026668934478
SNP1001,2,77576540,NA,NA,NA,0.998623132075833
SNP1002,2,77690026,NA,NA,NA,0.998623132075833
SNP1003,2,78190623,NA,NA,NA,0.998623132075833
SNP1004,2,78190624,NA,NA,NA,0.998623132075833
SNP1005,2,78281907,NA,NA,NA,0.998623132075833
SNP1006,2,78284413,NA,NA,NA,0.998623132075833
SNP1007,2,78928006,NA,NA,NA,0.998623132075833
SNP1008,2,79027979,NA,NA,NA,0.994026668934478
SNP1009,2,79176747,NA,NA,NA,0.994026668934478
SNP1010,2,79177139,NA,NA,NA,0.994026668934478
SNP1011,2,79177172,NA,NA,NA,0.994026668934478
SNP1012,2,79177198,NA,NA,NA,0.994026668934478
SNP1013,2,79180102,NA,NA,NA,0.998623132075833
SNP1014,2,79180884,NA,NA,NA,0.994026668934478
SNP1015,2,79194257,NA,NA,NA,0.994026668934478
SNP1016,2,79194268,NA,NA,NA,0.998623132075833
SNP1017,2,79762953,NA,NA,NA,0.998623132075833
SNP1018,2,80367821,NA,NA,NA,0.998623132075833
SNP1019,2,80412772,NA,NA,NA,0.998623132075833
SNP1020,2,80416409,NA,NA,NA,0.998623132075833
SNP1021,2,80484062,NA,NA,NA,0.998623132075833
SNP1022,2,80605311,NA,NA,NA,0.998623132075833
SNP1023,2,80696431,NA,NA,NA,0.998623132075833
SNP1024,2,80718870,NA,NA,NA,0.998623132075833
SNP1025,2,80856036,NA,NA,NA,0.998623132075833
SNP1026,2,80997636,NA,NA,NA,0.998623132075833
SNP1027,2,80998845,NA,NA,NA,0.998623132075833
SNP1028,2,81581622,NA,NA,NA,0.998623132075833
SNP1029,2,81742852,NA,NA,NA,0.998623132075833
SNP1030,2,81783059,NA,NA,NA,0.994026668934478
SNP1031,2,81783405,NA,NA,NA,0.994026668934478
SNP1032,2,81819390,NA,NA,NA,0.998623132075833
SNP1033,2,82296035,NA,NA,NA,0.998623132075833
SNP1034,2,82582447,NA,NA,NA,0.96101256609096
SNP1035,2,82582556,NA,NA,NA,0.96101256609096
SNP1036,2,82582613,NA,NA,NA,0.888373264722305
SNP1037,2,82590975,NA,NA,NA,0.994026668934478
SNP1038,2,82590986,NA,NA,NA,0.994026668934478
SNP1039,2,82591021,NA,NA,NA,0.994026668934478
SNP1040,2,82591044,NA,NA,NA,0.994026668934478
SNP1041,2,82591150,NA,NA,NA,0.994026668934478
SNP1042,2,82591664,NA,NA,NA,0.998623132075833
SNP1043,2,82695462,NA,NA,NA,0.998623132075833
SNP1044,2,83089349,NA,NA,NA,0.994026668934478
SNP1045,2,83209766,NA,NA,NA,0.998623132075833
SNP1046,2,83231010,NA,NA,NA,0.96101256609096
SNP1047,2,83330837,NA,NA,NA,0.998623132075833
SNP1048,2,83362070,NA,NA,NA,0.998623132075833
SNP1049,2,83706977,NA,NA,NA,0.96101256609096
SNP1050,2,83967742,NA,NA,NA,0.998623132075833
SNP1051,2,83969379,NA,NA,NA,0.998623132075833
SNP1052,2,84336404,NA,NA,NA,0.998623132075833
SNP1053,2,84413610,NA,NA,NA,0.998623132075833
SNP1054,2,84458649,NA,NA,NA,0.998623132075833
SNP1055,2,84474112,NA,NA,NA,0.998623132075833
SNP1056,2,84510300,NA,NA,NA,0.998623132075833
SNP1057,2,84715407,NA,NA,NA,0.998623132075833
SNP1058,2,85138235,NA,NA,NA,0.998623132075833
SNP1059,2,85158079,NA,NA,NA,0.998623132075833
SNP1060,2,85502519,NA,NA,NA,0.998623132075833
SNP1061,2,85527306,NA,NA,NA,0.998623132075833
SNP1062,2,85744929,NA,NA,NA,0.998623132075833
SNP1063,2,85839496,NA,NA,NA,0.998623132075833
SNP1064,2,85968856,NA,NA,NA,0.998623132075833
SNP1065,2,86069667,NA,NA,NA,0.998623132075833
SNP1066,2,86249251,NA,NA,NA,0.998623132075833
SNP1067,2,86312125,NA,NA,NA,0.998623132075833
SNP1068,2,86343809,NA,NA,NA,0.998623132075833
SNP1069,2,86368905,NA,NA,NA,0.96101256609096
SNP1070,2,86392033,NA,NA,NA,0.998623132075833
SNP1071,2,86400525,NA,NA,NA,0.96101256609096
SNP1072,2,86664898,NA,NA,NA,0.998623132075833
SNP1073,2,86767061,NA,NA,NA,0.998623132075833
SNP1074,2,86895095,NA,NA,NA,0.998623132075833
SNP1075,2,86899860,NA,NA,NA,0.998623132075833
SNP1076,2,87289734,NA,NA,NA,0.998623132075833
SNP1077,2,87751852,NA,NA,NA,0.998623132075833
SNP1078,2,87922082,NA,NA,NA,0.994026668934478
SNP1079,2,87922237,NA,NA,NA,0.998623132075833
SNP1080,2,87946942,NA,NA,NA,0.998623132075833
SNP1081,2,88071729,NA,NA,NA,0.96101256609096
SNP1082,2,88588260,NA,NA,NA,0.96101256609096
SNP1083,2,88589791,NA,NA,NA,0.994026668934478
SNP1084,2,88592577,NA,NA,NA,0.994026668934478
SNP1085,2,88872869,NA,NA,NA,0.998623132075833
SNP1086,2,88924681,NA,NA,NA,0.998623132075833
SNP1087,2,89078850,NA,NA,NA,0.994026668934478
SNP1088,2,89172745,NA,NA,NA,0.998623132075833
SNP1089,2,89568648,NA,NA,NA,0.998623132075833
SNP1090,2,90493356,NA,NA,NA,0.994026668934478
SNP1091,2,90649254,NA,NA,NA,0.994026668934478
SNP1092,2,91075199,NA,NA,NA,0.994026668934478
SNP1093,2,91576979,NA,NA,NA,0.998623132075833
SNP1094,2,91577007,NA,NA,NA,0.998623132075833
SNP1095,2,91591037,NA,NA,NA,0.998623132075833
SNP1096,2,91655615,NA,NA,NA,0.998623132075833
SNP1097,2,91661020,NA,NA,NA,0.998623132075833
SNP1098,2,91665668,NA,NA,NA,0.998623132075833
SNP1099,2,91666148,NA,NA,NA,0.998623132075833
SNP1100,2,91667152,NA,NA,NA,0.998623132075833
SNP1101,2,91710531,NA,NA,NA,0.998623132075833
SNP1102,2,91904703,NA,NA,NA,0.998623132075833
SNP1103,2,91904824,NA,NA,NA,0.998623132075833
SNP1104,2,92068589,NA,NA,NA,0.998623132075833
SNP1105,2,92194198,NA,NA,NA,0.998623132075833
SNP1106,2,92259164,NA,NA,NA,0.998623132075833
SNP1107,2,92566325,NA,NA,NA,0.998623132075833
SNP1108,2,93305721,NA,NA,NA,0.998623132075833
SNP1109,2,93528862,NA,NA,NA,0.998623132075833
SNP1110,2,93537350,NA,NA,NA,0.998623132075833
SNP1111,2,93648223,NA,NA,NA,0.998623132075833
SNP1112,3,517297,NA,NA,NA,0.998623132075833
SNP1113,3,618443,NA,NA,NA,0.998623132075833
SNP1114,3,763125,NA,NA,NA,0.994026668934478
SNP1115,3,1008880,NA,NA,NA,0.998623132075833
SNP1116,3,1150348,NA,NA,NA,0.96101256609096
SNP1117,3,1619320,NA,NA,NA,0.998623132075833
SNP1118,3,1699691,NA,NA,NA,0.998623132075833
SNP1119,3,1916393,NA,NA,NA,0.998623132075833
SNP1120,3,1920049,NA,NA,NA,0.998623132075833
SNP1121,3,1929954,NA,NA,NA,0.96101256609096
SNP1122,3,1930125,NA,NA,NA,0.96101256609096
SNP1123,3,1946179,NA,NA,NA,0.998623132075833
SNP1124,3,2044020,NA,NA,NA,0.998623132075833
SNP1125,3,2107761,NA,NA,NA,0.998623132075833
SNP1126,3,2264508,NA,NA,NA,0.998623132075833
SNP1127,3,2284461,NA,NA,NA,0.998623132075833
SNP1128,3,2366129,NA,NA,NA,0.998623132075833
SNP1129,3,2534625,NA,NA,NA,0.998623132075833
SNP1130,3,2716389,NA,NA,NA,0.998623132075833
SNP1131,3,2745836,NA,NA,NA,0.998623132075833
SNP1132,3,2814162,NA,NA,NA,0.882219185321112
SNP1133,3,2907406,NA,NA,NA,0.998623132075833
SNP1134,3,3092196,NA,NA,NA,0.998623132075833
SNP1135,3,3171382,NA,NA,NA,0.998623132075833
SNP1136,3,3183461,NA,NA,NA,0.994026668934478
SNP1137,3,3294578,NA,NA,NA,0.998623132075833
SNP1138,3,3438001,NA,NA,NA,0.998623132075833
SNP1139,3,3676240,NA,NA,NA,0.998623132075833
SNP1140,3,3699790,NA,NA,NA,0.998623132075833
SNP1141,3,3766783,NA,NA,NA,0.998623132075833
SNP1142,3,3856113,NA,NA,NA,0.998623132075833
SNP1143,3,3894174,NA,NA,NA,0.998623132075833
SNP1144,3,3943743,NA,NA,NA,0.998623132075833
SNP1145,3,3960320,NA,NA,NA,0.998623132075833
SNP1146,3,4482337,NA,NA,NA,0.998623132075833
SNP1147,3,4836360,NA,NA,NA,0.998623132075833
SNP1148,3,4917282,NA,NA,NA,0.998623132075833
SNP1149,3,5258381,NA,NA,NA,0.998623132075833
SNP1150,3,5669055,NA,NA,NA,0.998623132075833
SNP1151,3,5808285,NA,NA,NA,0.998623132075833
SNP1152,3,6776945,NA,NA,NA,0.998623132075833
SNP1153,3,6799481,NA,NA,NA,0.998623132075833
SNP1154,3,6904950,NA,NA,NA,0.998623132075833
SNP1155,3,7025219,NA,NA,NA,0.998623132075833
SNP1156,3,7025228,NA,NA,NA,0.998623132075833
SNP1157,3,7030270,NA,NA,NA,0.998623132075833
SNP1158,3,7558733,NA,NA,NA,0.998623132075833
SNP1159,3,8261864,NA,NA,NA,0.998623132075833
SNP1160,3,8262912,NA,NA,NA,0.998623132075833
SNP1161,3,8338612,NA,NA,NA,0.994026668934478
SNP1162,3,8549457,NA,NA,NA,0.998623132075833
SNP1163,3,9768295,NA,NA,NA,0.998623132075833
SNP1164,3,9849650,NA,NA,NA,0.998623132075833
SNP1165,3,10098390,NA,NA,NA,0.998623132075833
SNP1166,3,10101165,NA,NA,NA,0.998623132075833
SNP1167,3,10181264,NA,NA,NA,0.998623132075833
SNP1168,3,10588321,NA,NA,NA,0.998623132075833
SNP1169,3,10668909,NA,NA,NA,0.998623132075833
SNP1170,3,10942275,NA,NA,NA,0.994026668934478
SNP1171,3,11839526,NA,NA,NA,0.998623132075833
SNP1172,3,12319999,NA,NA,NA,0.998623132075833
SNP1173,3,12333571,NA,NA,NA,0.998623132075833
SNP1174,3,12343500,NA,NA,NA,0.998623132075833
SNP1175,3,12653017,NA,NA,NA,0.998623132075833
SNP1176,3,12720684,NA,NA,NA,0.998623132075833
SNP1177,3,12802483,NA,NA,NA,0.998623132075833
SNP1178,3,13008018,NA,NA,NA,0.998623132075833
SNP1179,3,13095741,NA,NA,NA,0.998623132075833
SNP1180,3,13133357,NA,NA,NA,0.998623132075833
SNP1181,3,13161236,NA,NA,NA,0.998623132075833
SNP1182,3,13176984,NA,NA,NA,0.998623132075833
SNP1183,3,13414476,NA,NA,NA,0.998623132075833
SNP1184,3,14034529,NA,NA,NA,0.96101256609096
SNP1185,3,14091817,NA,NA,NA,0.994026668934478
SNP1186,3,14478233,NA,NA,NA,0.998623132075833
SNP1187,3,14544376,NA,NA,NA,0.998623132075833
SNP1188,3,14986841,NA,NA,NA,0.994026668934478
SNP1189,3,15685730,NA,NA,NA,0.998623132075833
SNP1190,3,15771013,NA,NA,NA,0.998623132075833
SNP1191,3,15934939,NA,NA,NA,0.998623132075833
SNP1192,3,16183807,NA,NA,NA,0.998623132075833
SNP1193,3,16185290,NA,NA,NA,0.998623132075833
SNP1194,3,16185344,NA,NA,NA,0.994026668934478
SNP1195,3,16185359,NA,NA,NA,0.998623132075833
SNP1196,3,16209012,NA,NA,NA,0.994026668934478
SNP1197,3,16333919,NA,NA,NA,0.994026668934478
SNP1198,3,16334240,NA,NA,NA,0.994026668934478
SNP1199,3,16334351,NA,NA,NA,0.994026668934478
SNP1200,3,16334371,NA,NA,NA,0.994026668934478
SNP1201,3,16334924,NA,NA,NA,0.994026668934478
SNP1202,3,16335071,NA,NA,NA,0.994026668934478
SNP1203,3,16335094,NA,NA,NA,0.994026668934478
SNP1204,3,16335153,NA,NA,NA,0.994026668934478
SNP1205,3,16691385,NA,NA,NA,0.998623132075833
SNP1206,3,16811525,NA,NA,NA,0.998623132075833
SNP1207,3,16832251,NA,NA,NA,0.998623132075833
SNP1208,3,17028604,NA,NA,NA,0.998623132075833
SNP1209,3,17076434,NA,NA,NA,0.998623132075833
SNP1210,3,17393678,NA,NA,NA,0.998623132075833
SNP1211,3,17622085,NA,NA,NA,0.998623132075833
SNP1212,3,18115581,NA,NA,NA,0.994026668934478
SNP1213,3,19267237,NA,NA,NA,0.998623132075833
SNP1214,3,19364047,NA,NA,NA,0.998623132075833
SNP1215,3,19512921,NA,NA,NA,0.998623132075833
SNP1216,3,19550112,NA,NA,NA,0.998623132075833
SNP1217,3,19567840,NA,NA,NA,0.998623132075833
SNP1218,3,19806393,NA,NA,NA,0.998623132075833
SNP1219,3,20316959,NA,NA,NA,0.998623132075833
SNP1220,3,20365262,NA,NA,NA,0.998623132075833
SNP1221,3,20689492,NA,NA,NA,0.998623132075833
SNP1222,3,20948757,NA,NA,NA,0.998623132075833
SNP1223,3,21204671,NA,NA,NA,0.998623132075833
SNP1224,3,21382109,NA,NA,NA,0.998623132075833
SNP1225,3,21749555,NA,NA,NA,0.998623132075833
SNP1226,3,21926299,NA,NA,NA,0.998623132075833
SNP1227,3,22045992,NA,NA,NA,0.994026668934478
SNP1228,3,22149275,NA,NA,NA,0.998623132075833
SNP1229,3,22377219,NA,NA,NA,0.998623132075833
SNP1230,3,22441345,NA,NA,NA,0.998623132075833
SNP1231,3,22607584,NA,NA,NA,0.998623132075833
SNP1232,3,22818820,NA,NA,NA,0.998623132075833
SNP1233,3,22947365,NA,NA,NA,0.994026668934478
SNP1234,3,23221862,NA,NA,NA,0.998623132075833
SNP1235,3,23309726,NA,NA,NA,0.994026668934478
SNP1236,3,23458700,NA,NA,NA,0.998623132075833
SNP1237,3,23481513,NA,NA,NA,0.998623132075833
SNP1238,3,23560346,NA,NA,NA,0.994026668934478
SNP1239,3,23956243,NA,NA,NA,0.998623132075833
SNP1240,3,24005156,NA,NA,NA,0.998623132075833
SNP1241,3,24237406,NA,NA,NA,0.998623132075833
SNP1242,3,24647788,NA,NA,NA,0.994026668934478
SNP1243,3,24752153,NA,NA,NA,0.998623132075833
SNP1244,3,24795417,NA,NA,NA,0.998623132075833
SNP1245,3,24870896,NA,NA,NA,0.994026668934478
SNP1246,3,24878194,NA,NA,NA,0.998623132075833
SNP1247,3,24922416,NA,NA,NA,0.998623132075833
SNP1248,3,24950313,NA,NA,NA,0.957720023675892
SNP1249,3,25145833,NA,NA,NA,0.998623132075833
SNP1250,3,25161497,NA,NA,NA,0.994026668934478
SNP1251,3,25164098,NA,NA,NA,0.994026668934478
SNP1252,3,25165865,NA,NA,NA,0.998623132075833
SNP1253,3,25350127,NA,NA,NA,0.998623132075833
SNP1254,3,25350974,NA,NA,NA,0.998623132075833
SNP1255,3,25474208,NA,NA,NA,0.998623132075833
SNP1256,3,25504096,NA,NA,NA,0.998623132075833
SNP1257,3,25575459,NA,NA,NA,0.998623132075833
SNP1258,3,25660051,NA,NA,NA,0.998623132075833
SNP1259,3,25746948,NA,NA,NA,0.998623132075833
SNP1260,3,25961373,NA,NA,NA,0.998623132075833
SNP1261,3,26043204,NA,NA,NA,0.998623132075833
SNP1262,3,26046622,NA,NA,NA,0.998623132075833
SNP1263,3,26146349,NA,NA,NA,0.998623132075833
SNP1264,3,26173224,NA,NA,NA,0.998623132075833
SNP1265,3,26485203,NA,NA,NA,0.998623132075833
SNP1266,3,26642253,NA,NA,NA,0.998623132075833
SNP1267,3,26745089,NA,NA,NA,0.998623132075833
SNP1268,3,26753608,NA,NA,NA,0.998623132075833
SNP1269,3,26823106,NA,NA,NA,0.994026668934478
SNP1270,3,27340435,NA,NA,NA,0.998623132075833
SNP1271,3,27828167,NA,NA,NA,0.998623132075833
SNP1272,3,28101038,NA,NA,NA,0.998623132075833
SNP1273,3,28122954,NA,NA,NA,0.994026668934478
SNP1274,3,28137683,NA,NA,NA,0.998623132075833
SNP1275,3,29151557,NA,NA,NA,0.998623132075833
SNP1276,3,29204558,NA,NA,NA,0.998623132075833
SNP1277,3,29380310,NA,NA,NA,0.998623132075833
SNP1278,3,29722463,NA,NA,NA,0.998623132075833
SNP1279,3,29799381,NA,NA,NA,0.998623132075833
SNP1280,3,29965011,NA,NA,NA,0.998623132075833
SNP1281,3,30147428,NA,NA,NA,0.994026668934478
SNP1282,3,30256234,NA,NA,NA,0.998623132075833
SNP1283,3,30269547,NA,NA,NA,0.998623132075833
SNP1284,3,30423001,NA,NA,NA,0.998623132075833
SNP1285,3,30565512,NA,NA,NA,0.998623132075833
SNP1286,3,30661155,NA,NA,NA,0.998856163447371
SNP1287,3,30923591,NA,NA,NA,0.994026668934478
SNP1288,3,31320871,NA,NA,NA,0.994026668934478
SNP1289,3,31373100,NA,NA,NA,0.998623132075833
SNP1290,3,31474861,NA,NA,NA,0.998623132075833
SNP1291,3,32267174,NA,NA,NA,0.998623132075833
SNP1292,3,32290418,NA,NA,NA,0.998623132075833
SNP1293,3,32351711,NA,NA,NA,0.998623132075833
SNP1294,3,32458874,NA,NA,NA,0.998623132075833
SNP1295,3,32582649,NA,NA,NA,0.994026668934478
SNP1296,3,32707563,NA,NA,NA,0.994026668934478
SNP1297,3,33443071,NA,NA,NA,0.998623132075833
SNP1298,3,33458326,NA,NA,NA,0.998623132075833
SNP1299,3,33951759,NA,NA,NA,0.994026668934478
SNP1300,3,34012289,NA,NA,NA,0.983465069927344
SNP1301,3,34015719,NA,NA,NA,0.998623132075833
SNP1302,3,34041809,NA,NA,NA,0.998623132075833
SNP1303,3,34205699,NA,NA,NA,0.994026668934478
SNP1304,3,34533047,NA,NA,NA,0.998623132075833
SNP1305,3,35145516,NA,NA,NA,0.998623132075833
SNP1306,3,35182968,NA,NA,NA,0.998623132075833
SNP1307,3,35183365,NA,NA,NA,0.998623132075833
SNP1308,3,35184075,NA,NA,NA,0.998623132075833
SNP1309,3,35184847,NA,NA,NA,0.998623132075833
SNP1310,3,35185549,NA,NA,NA,0.998623132075833
SNP1311,3,35564645,NA,NA,NA,0.994026668934478
SNP1312,3,35662153,NA,NA,NA,0.998623132075833
SNP1313,3,35676126,NA,NA,NA,0.998623132075833
SNP1314,3,35680031,NA,NA,NA,0.998623132075833
SNP1315,3,35919633,NA,NA,NA,0.998623132075833
SNP1316,3,35997407,NA,NA,NA,0.998623132075833
SNP1317,3,36054789,NA,NA,NA,0.998623132075833
SNP1318,3,36842556,NA,NA,NA,0.998623132075833
SNP1319,3,37003056,NA,NA,NA,0.998623132075833
SNP1320,3,37164226,NA,NA,NA,0.998623132075833
SNP1321,3,37183027,NA,NA,NA,0.998623132075833
SNP1322,3,37185098,NA,NA,NA,0.998623132075833
SNP1323,3,37455718,NA,NA,NA,0.998623132075833
SNP1324,3,37550812,NA,NA,NA,0.998623132075833
SNP1325,3,37939797,NA,NA,NA,0.998623132075833
SNP1326,3,37962923,NA,NA,NA,0.998623132075833
SNP1327,3,38248391,NA,NA,NA,0.998623132075833
SNP1328,3,38259800,NA,NA,NA,0.998623132075833
SNP1329,3,38801105,NA,NA,NA,0.998623132075833
SNP1330,3,39198585,NA,NA,NA,0.998623132075833
SNP1331,3,39355010,NA,NA,NA,0.998623132075833
SNP1332,3,39378162,NA,NA,NA,0.998623132075833
SNP1333,3,39432562,NA,NA,NA,0.998623132075833
SNP1334,3,39596314,NA,NA,NA,0.998623132075833
SNP1335,3,39651083,NA,NA,NA,0.998623132075833
SNP1336,3,39666985,NA,NA,NA,0.998623132075833
SNP1337,3,39849355,NA,NA,NA,0.998623132075833
SNP1338,3,39977414,NA,NA,NA,0.998623132075833
SNP1339,3,40011892,NA,NA,NA,0.998623132075833
SNP1340,3,40016082,NA,NA,NA,0.998623132075833
SNP1341,3,40117273,NA,NA,NA,0.998623132075833
SNP1342,3,40242026,NA,NA,NA,0.998623132075833
SNP1343,3,40407911,NA,NA,NA,0.998623132075833
SNP1344,3,40440398,NA,NA,NA,0.998623132075833
SNP1345,3,40477730,NA,NA,NA,0.998623132075833
SNP1346,3,40578228,NA,NA,NA,0.998623132075833
SNP1347,3,41144687,NA,NA,NA,0.96101256609096
SNP1348,3,41176779,NA,NA,NA,0.998623132075833
SNP1349,3,41255541,NA,NA,NA,0.998623132075833
SNP1350,3,41602734,NA,NA,NA,0.998623132075833
SNP1351,3,42095356,NA,NA,NA,0.998623132075833
SNP1352,3,42179377,NA,NA,NA,0.998623132075833
SNP1353,3,42237844,NA,NA,NA,0.998623132075833
SNP1354,3,42618206,NA,NA,NA,0.998623132075833
SNP1355,3,42785336,NA,NA,NA,0.998623132075833
SNP1356,3,43664456,NA,NA,NA,0.998623132075833
SNP1357,3,44338539,NA,NA,NA,0.998623132075833
SNP1358,3,45109078,NA,NA,NA,0.998623132075833
SNP1359,3,45550701,NA,NA,NA,0.998623132075833
SNP1360,3,46483720,NA,NA,NA,0.998623132075833
SNP1361,3,47971911,NA,NA,NA,0.998623132075833
SNP1362,3,48551390,NA,NA,NA,0.998623132075833
SNP1363,3,48669478,NA,NA,NA,0.998623132075833
SNP1364,3,49351859,NA,NA,NA,0.998623132075833
SNP1365,3,49756083,NA,NA,NA,0.998623132075833
SNP1366,3,49785307,NA,NA,NA,0.998623132075833
SNP1367,3,49794246,NA,NA,NA,0.994026668934478
SNP1368,3,59881495,NA,NA,NA,0.994026668934478
SNP1369,3,60489177,NA,NA,NA,0.994026668934478
SNP1370,3,61245654,NA,NA,NA,0.796467738819195
SNP1371,3,62621053,NA,NA,NA,0.998623132075833
SNP1372,3,63395646,NA,NA,NA,0.998623132075833
SNP1373,3,64446661,NA,NA,NA,0.994026668934478
SNP1374,3,64448873,NA,NA,NA,0.96101256609096
SNP1375,3,64448902,NA,NA,NA,0.994026668934478
SNP1376,3,64670665,NA,NA,NA,0.998623132075833
SNP1377,3,66593793,NA,NA,NA,0.998623132075833
SNP1378,3,66932647,NA,NA,NA,0.998623132075833
SNP1379,3,67141648,NA,NA,NA,0.998623132075833
SNP1380,3,67998145,NA,NA,NA,0.998623132075833
SNP1381,3,68752851,NA,NA,NA,0.998623132075833
SNP1382,3,68829001,NA,NA,NA,0.998623132075833
SNP1383,3,68838803,NA,NA,NA,0.998623132075833
SNP1384,3,70950186,NA,NA,NA,0.998623132075833
SNP1385,3,71288348,NA,NA,NA,0.998623132075833
SNP1386,3,71593560,NA,NA,NA,0.998623132075833
SNP1387,3,71608019,NA,NA,NA,0.998623132075833
SNP1388,3,73141523,NA,NA,NA,0.994026668934478
SNP1389,3,73484804,NA,NA,NA,0.998623132075833
SNP1390,3,73911714,NA,NA,NA,0.998623132075833
SNP1391,3,74920482,NA,NA,NA,0.998623132075833
SNP1392,3,75122243,NA,NA,NA,0.998623132075833
SNP1393,3,76337096,NA,NA,NA,0.998623132075833
SNP1394,3,76370544,NA,NA,NA,0.998623132075833
SNP1395,3,76469034,NA,NA,NA,0.998623132075833
SNP1396,3,76469583,NA,NA,NA,0.998623132075833
SNP1397,3,78945540,NA,NA,NA,0.998623132075833
SNP1398,3,79812842,NA,NA,NA,0.998623132075833
SNP1399,3,80271261,NA,NA,NA,0.998623132075833
SNP1400,3,81083258,NA,NA,NA,0.998623132075833
SNP1401,3,81151732,NA,NA,NA,0.998623132075833
SNP1402,3,81512793,NA,NA,NA,0.998623132075833
SNP1403,3,81765821,NA,NA,NA,0.998623132075833
SNP1404,3,82070259,NA,NA,NA,0.998623132075833
SNP1405,3,82075889,NA,NA,NA,0.998623132075833
SNP1406,3,82441067,NA,NA,NA,0.998623132075833
SNP1407,3,83277769,NA,NA,NA,0.998623132075833
SNP1408,3,83515444,NA,NA,NA,0.998623132075833
SNP1409,3,83639278,NA,NA,NA,0.998623132075833
SNP1410,3,85646533,NA,NA,NA,0.998623132075833
SNP1411,3,87268939,NA,NA,NA,0.882219185321112
SNP1412,3,87876532,NA,NA,NA,0.998623132075833
SNP1413,3,89841707,NA,NA,NA,0.998623132075833
SNP1414,3,90445884,NA,NA,NA,0.998623132075833
SNP1415,3,90830184,NA,NA,NA,0.96101256609096
SNP1416,3,90867414,NA,NA,NA,0.995474970264988
SNP1417,3,90874307,NA,NA,NA,0.96101256609096
SNP1418,3,91169987,NA,NA,NA,0.998623132075833
SNP1419,3,93613064,NA,NA,NA,0.998623132075833
SNP1420,3,93614348,NA,NA,NA,0.998623132075833
SNP1421,3,93954783,NA,NA,NA,0.998623132075833
SNP1422,3,94610050,NA,NA,NA,0.998623132075833
SNP1423,3,94647060,NA,NA,NA,0.96101256609096
SNP1424,3,96117572,NA,NA,NA,0.998623132075833
SNP1425,3,96282521,NA,NA,NA,0.998623132075833
SNP1426,3,96472908,NA,NA,NA,0.998623132075833
SNP1427,3,97301392,NA,NA,NA,0.998623132075833
SNP1428,3,97772932,NA,NA,NA,0.998623132075833
SNP1429,3,97952889,NA,NA,NA,0.998623132075833
SNP1430,3,98555291,NA,NA,NA,0.998623132075833
SNP1431,3,99862008,NA,NA,NA,0.998623132075833
SNP1432,3,99994285,NA,NA,NA,0.998623132075833
SNP1433,3,100113633,NA,NA,NA,0.998623132075833
SNP1434,3,100875870,NA,NA,NA,0.998623132075833
SNP1435,3,101286221,NA,NA,NA,0.998623132075833
SNP1436,3,101765218,NA,NA,NA,0.998623132075833
SNP1437,3,101928405,NA,NA,NA,0.998623132075833
SNP1438,3,103298801,NA,NA,NA,0.998623132075833
SNP1439,3,103487206,NA,NA,NA,0.998623132075833
SNP1440,3,103510093,NA,NA,NA,0.998623132075833
SNP1441,3,103545448,NA,NA,NA,0.998623132075833
SNP1442,3,103805811,NA,NA,NA,0.998623132075833
SNP1443,3,104547411,NA,NA,NA,0.994026668934478
SNP1444,3,104897608,NA,NA,NA,0.998623132075833
SNP1445,3,105043602,NA,NA,NA,0.998623132075833
SNP1446,3,105608296,NA,NA,NA,0.998623132075833
SNP1447,3,105875529,NA,NA,NA,0.998623132075833
SNP1448,3,105912355,NA,NA,NA,0.82176143200529
SNP1449,3,106087445,NA,NA,NA,0.998623132075833
SNP1450,3,106336855,NA,NA,NA,0.998623132075833
SNP1451,3,106338595,NA,NA,NA,0.998623132075833
SNP1452,3,106772017,NA,NA,NA,0.998623132075833
SNP1453,3,106888039,NA,NA,NA,0.998623132075833
SNP1454,3,106948006,NA,NA,NA,0.994026668934478
SNP1455,3,107596037,NA,NA,NA,0.998623132075833
SNP1456,3,107652451,NA,NA,NA,0.998623132075833
SNP1457,3,107725365,NA,NA,NA,0.998623132075833
SNP1458,3,107754379,NA,NA,NA,0.998623132075833
SNP1459,3,107871075,NA,NA,NA,0.998623132075833
SNP1460,3,107893045,NA,NA,NA,0.998623132075833
SNP1461,3,107970504,NA,NA,NA,0.998623132075833
SNP1462,3,108243400,NA,NA,NA,0.998623132075833
SNP1463,3,108303634,NA,NA,NA,0.998623132075833
SNP1464,3,108913899,NA,NA,NA,0.998623132075833
SNP1465,3,108970605,NA,NA,NA,0.998623132075833
SNP1466,3,109112230,NA,NA,NA,0.998623132075833
SNP1467,3,109121377,NA,NA,NA,0.998623132075833
SNP1468,3,109125866,NA,NA,NA,0.998623132075833
SNP1469,3,109167754,NA,NA,NA,0.998623132075833
SNP1470,3,109718216,NA,NA,NA,0.998623132075833
SNP1471,3,109722120,NA,NA,NA,0.998623132075833
SNP1472,3,110398296,NA,NA,NA,0.998623132075833
SNP1473,3,110680989,NA,NA,NA,0.998623132075833
SNP1474,3,110768894,NA,NA,NA,0.998623132075833
SNP1475,3,110772121,NA,NA,NA,0.998623132075833
SNP1476,3,110850153,NA,NA,NA,0.998623132075833
SNP1477,3,110853974,NA,NA,NA,0.998623132075833
SNP1478,3,110860202,NA,NA,NA,0.998623132075833
SNP1479,3,111286594,NA,NA,NA,0.998623132075833
SNP1480,3,112201978,NA,NA,NA,0.998623132075833
SNP1481,3,112507933,NA,NA,NA,0.998623132075833
SNP1482,3,112856983,NA,NA,NA,0.96101256609096
SNP1483,3,112857026,NA,NA,NA,0.96101256609096
SNP1484,3,112857145,NA,NA,NA,0.96101256609096
SNP1485,3,112857438,NA,NA,NA,0.994026668934478
SNP1486,3,112857443,NA,NA,NA,0.96101256609096
SNP1487,3,113014060,NA,NA,NA,0.998623132075833
SNP1488,3,113791417,NA,NA,NA,0.998623132075833
SNP1489,3,113907313,NA,NA,NA,0.998623132075833
SNP1490,3,113909432,NA,NA,NA,0.998623132075833
SNP1491,3,113909476,NA,NA,NA,0.998623132075833
SNP1492,3,114076339,NA,NA,NA,0.998623132075833
SNP1493,3,114447106,NA,NA,NA,0.994026668934478
SNP1494,3,114701315,NA,NA,NA,0.998623132075833
SNP1495,3,115286118,NA,NA,NA,0.998623132075833
SNP1496,3,115529644,NA,NA,NA,0.998623132075833
SNP1497,3,115530645,NA,NA,NA,0.998623132075833
SNP1498,3,116113020,NA,NA,NA,0.998623132075833
SNP1499,3,116139795,NA,NA,NA,0.998623132075833
SNP1500,3,116475085,NA,NA,NA,0.998623132075833
SNP1501,3,116516878,NA,NA,NA,0.998623132075833
SNP1502,3,116746717,NA,NA,NA,0.960687188327977
SNP1503,3,117320353,NA,NA,NA,0.998623132075833
SNP1504,3,117474760,NA,NA,NA,0.998623132075833
SNP1505,3,117664188,NA,NA,NA,0.998623132075833
SNP1506,3,117918805,NA,NA,NA,0.994026668934478
SNP1507,3,118212397,NA,NA,NA,0.998623132075833
SNP1508,3,118219313,NA,NA,NA,0.998623132075833
SNP1509,3,118257901,NA,NA,NA,0.998623132075833
SNP1510,3,118426797,NA,NA,NA,0.998623132075833
SNP1511,3,118446096,NA,NA,NA,0.998623132075833
SNP1512,3,118847253,NA,NA,NA,0.998623132075833
SNP1513,3,119171304,NA,NA,NA,0.998623132075833
SNP1514,3,119344311,NA,NA,NA,0.994026668934478
SNP1515,3,119465517,NA,NA,NA,0.998623132075833
SNP1516,3,119564950,NA,NA,NA,0.998623132075833
SNP1517,3,119837042,NA,NA,NA,0.998623132075833
SNP1518,3,120391553,NA,NA,NA,0.998623132075833
SNP1519,3,120461530,NA,NA,NA,0.994026668934478
SNP1520,3,120523672,NA,NA,NA,0.998623132075833
SNP1521,3,120654651,NA,NA,NA,0.998623132075833
SNP1522,3,120779244,NA,NA,NA,0.998623132075833
SNP1523,3,120813311,NA,NA,NA,0.96101256609096
SNP1524,3,121196554,NA,NA,NA,0.998623132075833
SNP1525,3,121210017,NA,NA,NA,0.998623132075833
SNP1526,3,121215289,NA,NA,NA,0.998623132075833
SNP1527,3,121816921,NA,NA,NA,0.96101256609096
SNP1528,3,121855087,NA,NA,NA,0.998623132075833
SNP1529,3,121855573,NA,NA,NA,0.998623132075833
SNP1530,3,122142985,NA,NA,NA,0.998623132075833
SNP1531,3,122604290,NA,NA,NA,0.998623132075833
SNP1532,3,122862309,NA,NA,NA,0.998623132075833
SNP1533,3,123007478,NA,NA,NA,0.998623132075833
SNP1534,3,123183805,NA,NA,NA,0.998623132075833
SNP1535,3,123211178,NA,NA,NA,0.96101256609096
SNP1536,3,123608573,NA,NA,NA,0.998623132075833
SNP1537,3,124142847,NA,NA,NA,0.96101256609096
SNP1538,3,124475815,NA,NA,NA,0.998623132075833
SNP1539,3,124706141,NA,NA,NA,0.994026668934478
SNP1540,3,125101730,NA,NA,NA,0.998623132075833
SNP1541,3,125102749,NA,NA,NA,0.998623132075833
SNP1542,3,125224880,NA,NA,NA,0.998623132075833
SNP1543,3,125249906,NA,NA,NA,0.998623132075833
SNP1544,3,125288206,NA,NA,NA,0.994026668934478
SNP1545,3,125433897,NA,NA,NA,0.998623132075833
SNP1546,3,125544130,NA,NA,NA,0.994026668934478
SNP1547,3,125707802,NA,NA,NA,0.998623132075833
SNP1548,3,125751728,NA,NA,NA,0.998623132075833
SNP1549,3,126001846,NA,NA,NA,0.998623132075833
SNP1550,3,126004521,NA,NA,NA,0.998623132075833
SNP1551,3,126470766,NA,NA,NA,0.998623132075833
SNP1552,3,126502172,NA,NA,NA,0.998623132075833
SNP1553,3,126506544,NA,NA,NA,0.998623132075833
SNP1554,3,126966149,NA,NA,NA,0.998623132075833
SNP1555,3,127051408,NA,NA,NA,0.998623132075833
SNP1556,3,127159284,NA,NA,NA,0.998623132075833
SNP1557,3,127594166,NA,NA,NA,0.998623132075833
SNP1558,3,127852303,NA,NA,NA,0.994026668934478
SNP1559,3,128082473,NA,NA,NA,0.998623132075833
SNP1560,3,128136346,NA,NA,NA,0.998623132075833
SNP1561,3,128202363,NA,NA,NA,0.998623132075833
SNP1562,3,128214861,NA,NA,NA,0.998623132075833
SNP1563,3,128328312,NA,NA,NA,0.998623132075833
SNP1564,3,128328611,NA,NA,NA,0.998623132075833
SNP1565,3,128405598,NA,NA,NA,0.998623132075833
SNP1566,3,128485212,NA,NA,NA,0.998623132075833
SNP1567,3,128629547,NA,NA,NA,0.998623132075833
SNP1568,3,128737567,NA,NA,NA,0.998623132075833
SNP1569,3,128818048,NA,NA,NA,0.998623132075833
SNP1570,3,128854189,NA,NA,NA,0.998623132075833
SNP1571,3,129148934,NA,NA,NA,0.994026668934478
SNP1572,3,129169386,NA,NA,NA,0.998623132075833
SNP1573,3,129258187,NA,NA,NA,0.96101256609096
SNP1574,3,129284228,NA,NA,NA,0.998623132075833
SNP1575,3,129886542,NA,NA,NA,0.998623132075833
SNP1576,3,130320638,NA,NA,NA,0.998623132075833
SNP1577,3,130559150,NA,NA,NA,0.998623132075833
SNP1578,3,130610498,NA,NA,NA,0.994026668934478
SNP1579,3,130779759,NA,NA,NA,0.998623132075833
SNP1580,3,130885295,NA,NA,NA,0.998623132075833
SNP1581,3,131068291,NA,NA,NA,0.998623132075833
SNP1582,3,131165050,NA,NA,NA,0.998623132075833
SNP1583,3,131260373,NA,NA,NA,0.998623132075833
SNP1584,3,131524784,NA,NA,NA,0.998623132075833
SNP1585,3,131527922,NA,NA,NA,0.998623132075833
SNP1586,3,131953819,NA,NA,NA,0.988192245584086
SNP1587,3,131990973,NA,NA,NA,0.998623132075833
SNP1588,3,132193572,NA,NA,NA,0.998623132075833
SNP1589,3,132207113,NA,NA,NA,0.998623132075833
SNP1590,3,132214702,NA,NA,NA,0.998623132075833
SNP1591,3,132392476,NA,NA,NA,0.998623132075833
SNP1592,3,132423318,NA,NA,NA,0.998623132075833
SNP1593,3,132428930,NA,NA,NA,0.998623132075833
SNP1594,3,132497096,NA,NA,NA,0.998623132075833
SNP1595,3,132498702,NA,NA,NA,0.998623132075833
SNP1596,3,132543591,NA,NA,NA,0.994026668934478
SNP1597,3,132595635,NA,NA,NA,0.998623132075833
SNP1598,3,132600478,NA,NA,NA,0.998623132075833
SNP1599,3,132674191,NA,NA,NA,0.994026668934478
SNP1600,3,132794661,NA,NA,NA,0.998623132075833
SNP1601,3,132878378,NA,NA,NA,0.998623132075833
SNP1602,3,132893738,NA,NA,NA,0.998623132075833
SNP1603,3,132894171,NA,NA,NA,0.998623132075833
SNP1604,3,133080281,NA,NA,NA,0.998623132075833
SNP1605,3,133107297,NA,NA,NA,0.998623132075833
SNP1606,3,133246226,NA,NA,NA,0.998623132075833
SNP1607,3,133268724,NA,NA,NA,0.999096426430513
SNP1608,3,133663265,NA,NA,NA,0.998623132075833
SNP1609,3,133768963,NA,NA,NA,0.998623132075833
SNP1610,3,133806029,NA,NA,NA,0.998623132075833
SNP1611,3,133969275,NA,NA,NA,0.998623132075833
SNP1612,3,134006304,NA,NA,NA,0.998623132075833
SNP1613,3,134085909,NA,NA,NA,0.998623132075833
SNP1614,3,134091310,NA,NA,NA,0.998623132075833
SNP1615,3,134393508,NA,NA,NA,0.998623132075833
SNP1616,3,134464112,NA,NA,NA,0.998623132075833
SNP1617,3,134464932,NA,NA,NA,0.998623132075833
SNP1618,3,134465142,NA,NA,NA,0.998623132075833
SNP1619,3,134513642,NA,NA,NA,0.998623132075833
SNP1620,3,134516298,NA,NA,NA,0.994026668934478
SNP1621,3,134659717,NA,NA,NA,0.998623132075833
SNP1622,3,134894015,NA,NA,NA,0.998623132075833
SNP1623,4,382828,NA,NA,NA,0.998623132075833
SNP1624,4,757763,NA,NA,NA,0.998623132075833
SNP1625,4,1354882,NA,NA,NA,0.998623132075833
SNP1626,4,1456504,NA,NA,NA,0.998623132075833
SNP1627,4,1573577,NA,NA,NA,0.998623132075833
SNP1628,4,1656177,NA,NA,NA,0.998623132075833
SNP1629,4,1794071,NA,NA,NA,0.998623132075833
SNP1630,4,2058623,NA,NA,NA,0.998623132075833
SNP1631,4,2330972,NA,NA,NA,0.998623132075833
SNP1632,4,2355665,NA,NA,NA,0.998623132075833
SNP1633,4,2540668,NA,NA,NA,0.998623132075833
SNP1634,4,2554416,NA,NA,NA,0.998623132075833
SNP1635,4,2934143,NA,NA,NA,0.998623132075833
SNP1636,4,2938326,NA,NA,NA,0.994026668934478
SNP1637,4,2961628,NA,NA,NA,0.998623132075833
SNP1638,4,3303548,NA,NA,NA,0.317309880830284
SNP1639,4,3438807,NA,NA,NA,0.998623132075833
SNP1640,4,3582051,NA,NA,NA,0.998623132075833
SNP1641,4,3653567,NA,NA,NA,0.960687188327977
SNP1642,4,3730701,NA,NA,NA,0.994026668934478
SNP1643,4,4260861,NA,NA,NA,0.996762217817296
SNP1644,4,4320760,NA,NA,NA,0.998623132075833
SNP1645,4,4507325,NA,NA,NA,0.998623132075833
SNP1646,4,4519432,NA,NA,NA,0.998623132075833
SNP1647,4,4534017,NA,NA,NA,0.998623132075833
SNP1648,4,4902080,NA,NA,NA,0.998623132075833
SNP1649,4,5092556,NA,NA,NA,0.998623132075833
SNP1650,4,5211307,NA,NA,NA,0.998623132075833
SNP1651,4,5811310,NA,NA,NA,0.998623132075833
SNP1652,4,5919978,NA,NA,NA,0.998623132075833
SNP1653,4,6029070,NA,NA,NA,0.998623132075833
SNP1654,4,6513274,NA,NA,NA,0.998623132075833
SNP1655,4,6616164,NA,NA,NA,0.994026668934478
SNP1656,4,6645276,NA,NA,NA,0.998623132075833
SNP1657,4,6870939,NA,NA,NA,0.998623132075833
SNP1658,4,7366031,NA,NA,NA,0.968678106009788
SNP1659,4,7428123,NA,NA,NA,0.891439593290415
SNP1660,4,8538408,NA,NA,NA,0.882219185321112
SNP1661,4,9703732,NA,NA,NA,0.998623132075833
SNP1662,4,9819028,NA,NA,NA,0.998623132075833
SNP1663,4,9819069,NA,NA,NA,0.998623132075833
SNP1664,4,9820420,NA,NA,NA,0.998623132075833
SNP1665,4,9842373,NA,NA,NA,0.998623132075833
SNP1666,4,11255437,NA,NA,NA,0.998623132075833
SNP1667,4,11265452,NA,NA,NA,0.998623132075833
SNP1668,4,11265560,NA,NA,NA,0.998623132075833
SNP1669,4,11389005,NA,NA,NA,0.994026668934478
SNP1670,4,11390172,NA,NA,NA,0.998623132075833
SNP1671,4,11471009,NA,NA,NA,0.998623132075833
SNP1672,4,11518150,NA,NA,NA,0.998623132075833
SNP1673,4,11519148,NA,NA,NA,0.998623132075833
SNP1674,4,12047905,NA,NA,NA,0.998623132075833
SNP1675,4,12354820,NA,NA,NA,0.998623132075833
SNP1676,4,12456964,NA,NA,NA,0.998623132075833
SNP1677,4,12669988,NA,NA,NA,0.998623132075833
SNP1678,4,13247124,NA,NA,NA,0.994026668934478
SNP1679,4,13544930,NA,NA,NA,0.998623132075833
SNP1680,4,13607505,NA,NA,NA,0.998623132075833
SNP1681,4,13638809,NA,NA,NA,0.998623132075833
SNP1682,4,13911912,NA,NA,NA,0.998623132075833
SNP1683,4,14313896,NA,NA,NA,0.998623132075833
SNP1684,4,14717087,NA,NA,NA,0.998623132075833
SNP1685,4,14831532,NA,NA,NA,0.998623132075833
SNP1686,4,15283419,NA,NA,NA,0.998623132075833
SNP1687,4,15448554,NA,NA,NA,0.998623132075833
SNP1688,4,15533403,NA,NA,NA,0.998623132075833
SNP1689,4,16149204,NA,NA,NA,0.998623132075833
SNP1690,4,16970480,NA,NA,NA,0.998623132075833
SNP1691,4,17317727,NA,NA,NA,0.998623132075833
SNP1692,4,17647146,NA,NA,NA,0.998623132075833
SNP1693,4,17816162,NA,NA,NA,0.998623132075833
SNP1694,4,18388427,NA,NA,NA,0.998623132075833
SNP1695,4,18450776,NA,NA,NA,0.998623132075833
SNP1696,4,18515848,NA,NA,NA,0.998623132075833
SNP1697,4,19187160,NA,NA,NA,0.998623132075833
SNP1698,4,19409022,NA,NA,NA,0.998623132075833
SNP1699,4,19486591,NA,NA,NA,0.412568666725635
SNP1700,4,19493781,NA,NA,NA,0.998623132075833
SNP1701,4,19496544,NA,NA,NA,0.998623132075833
SNP1702,4,19587421,NA,NA,NA,0.998623132075833
SNP1703,4,19949355,NA,NA,NA,0.998623132075833
SNP1704,4,20028258,NA,NA,NA,0.998623132075833
SNP1705,4,20050505,NA,NA,NA,0.998623132075833
SNP1706,4,20130699,NA,NA,NA,0.998623132075833
SNP1707,4,20186772,NA,NA,NA,0.882219185321112
SNP1708,4,20549392,NA,NA,NA,0.960687188327977
SNP1709,4,20555637,NA,NA,NA,0.96101256609096
SNP1710,4,20804226,NA,NA,NA,0.998623132075833
SNP1711,4,20886466,NA,NA,NA,0.998623132075833
SNP1712,4,20886535,NA,NA,NA,0.998623132075833
SNP1713,4,21030919,NA,NA,NA,0.998623132075833
SNP1714,4,21300678,NA,NA,NA,0.998623132075833
SNP1715,4,21323123,NA,NA,NA,0.998623132075833
SNP1716,4,22349412,NA,NA,NA,0.998623132075833
SNP1717,4,23929426,NA,NA,NA,0.998623132075833
SNP1718,4,25121675,NA,NA,NA,0.998623132075833
SNP1719,4,25285240,NA,NA,NA,0.998623132075833
SNP1720,4,26161927,NA,NA,NA,0.994026668934478
SNP1721,4,26703078,NA,NA,NA,0.998623132075833
SNP1722,4,27220270,NA,NA,NA,0.96101256609096
SNP1723,4,27334026,NA,NA,NA,0.473872453728082
SNP1724,4,28035250,NA,NA,NA,0.998623132075833
SNP1725,4,28127243,NA,NA,NA,0.998623132075833
SNP1726,4,28582103,NA,NA,NA,0.998623132075833
SNP1727,4,28851333,NA,NA,NA,0.610417969968178
SNP1728,4,28873182,NA,NA,NA,0.994026668934478
SNP1729,4,29183214,NA,NA,NA,0.994026668934478
SNP1730,4,29267392,NA,NA,NA,0.509724779586776
SNP1731,4,30009238,NA,NA,NA,0.994026668934478
SNP1732,4,31818404,NA,NA,NA,0.994026668934478
SNP1733,4,31941845,NA,NA,NA,0.998623132075833
SNP1734,4,32161004,NA,NA,NA,0.998623132075833
SNP1735,4,32183771,NA,NA,NA,0.998623132075833
SNP1736,4,32983735,NA,NA,NA,0.998623132075833
SNP1737,4,32984534,NA,NA,NA,0.998623132075833
SNP1738,4,33241643,NA,NA,NA,0.998623132075833
SNP1739,4,33608076,NA,NA,NA,0.998623132075833
SNP1740,4,34079632,NA,NA,NA,0.998623132075833
SNP1741,4,34149427,NA,NA,NA,0.994026668934478
SNP1742,4,34325299,NA,NA,NA,0.998623132075833
SNP1743,4,34901336,NA,NA,NA,0.998623132075833
SNP1744,4,35108199,NA,NA,NA,0.998623132075833
SNP1745,4,35733408,NA,NA,NA,0.998623132075833
SNP1746,4,35751105,NA,NA,NA,0.994026668934478
SNP1747,4,36604031,NA,NA,NA,0.998623132075833
SNP1748,4,36624371,NA,NA,NA,0.994026668934478
SNP1749,4,36908087,NA,NA,NA,0.998623132075833
SNP1750,4,36947307,NA,NA,NA,0.998623132075833
SNP1751,4,36967796,NA,NA,NA,0.998623132075833
SNP1752,4,37786160,NA,NA,NA,0.998623132075833
SNP1753,4,38036135,NA,NA,NA,0.998623132075833
SNP1754,4,38039961,NA,NA,NA,0.998623132075833
SNP1755,4,38047338,NA,NA,NA,0.994026668934478
SNP1756,4,39970368,NA,NA,NA,0.994026668934478
SNP1757,4,40135413,NA,NA,NA,0.998623132075833
SNP1758,4,40151261,NA,NA,NA,0.998623132075833
SNP1759,4,40314895,NA,NA,NA,0.998623132075833
SNP1760,4,40982318,NA,NA,NA,0.998623132075833
SNP1761,4,42039934,NA,NA,NA,0.96101256609096
SNP1762,4,42241124,NA,NA,NA,0.998623132075833
SNP1763,4,43672731,NA,NA,NA,0.96101256609096
SNP1764,4,43910599,NA,NA,NA,0.998623132075833
SNP1765,4,43911398,NA,NA,NA,0.998623132075833
SNP1766,4,43912490,NA,NA,NA,0.998623132075833
SNP1767,4,43912886,NA,NA,NA,0.998623132075833
SNP1768,4,45017796,NA,NA,NA,0.998623132075833
SNP1769,4,45029632,NA,NA,NA,0.998623132075833
SNP1770,4,45144364,NA,NA,NA,0.509724779586776
SNP1771,4,45712411,NA,NA,NA,0.809415079272586
SNP1772,4,45867183,NA,NA,NA,0.994026668934478
SNP1773,4,46729794,NA,NA,NA,0.994026668934478
SNP1774,4,49241185,NA,NA,NA,0.998623132075833
SNP1775,4,49310411,NA,NA,NA,0.998623132075833
SNP1776,4,49498287,NA,NA,NA,0.994026668934478
SNP1777,4,51671047,NA,NA,NA,0.998623132075833
SNP1778,4,52256008,NA,NA,NA,0.998623132075833
SNP1779,4,53108353,NA,NA,NA,0.998623132075833
SNP1780,4,54511902,NA,NA,NA,0.994026668934478
SNP1781,4,56556856,NA,NA,NA,0.994026668934478
SNP1782,4,56986323,NA,NA,NA,0.33643709436175
SNP1783,4,57187859,NA,NA,NA,0.994026668934478
SNP1784,4,57189105,NA,NA,NA,0.998623132075833
SNP1785,4,57578689,NA,NA,NA,0.994026668934478
SNP1786,4,61744669,NA,NA,NA,0.998623132075833
SNP1787,4,62149675,NA,NA,NA,0.994026668934478
SNP1788,4,62654130,NA,NA,NA,0.998623132075833
SNP1789,4,64601945,NA,NA,NA,0.994026668934478
SNP1790,4,65776229,NA,NA,NA,0.998623132075833
SNP1791,4,65804117,NA,NA,NA,0.994026668934478
SNP1792,4,66735638,NA,NA,NA,0.882219185321112
SNP1793,4,66735649,NA,NA,NA,0.882219185321112
SNP1794,4,66737037,NA,NA,NA,0.882219185321112
SNP1795,4,66738573,NA,NA,NA,0.660802078960573
SNP1796,4,67161790,NA,NA,NA,0.998623132075833
SNP1797,4,67656170,NA,NA,NA,0.998623132075833
SNP1798,4,68523882,NA,NA,NA,0.998623132075833
SNP1799,4,68633760,NA,NA,NA,0.998623132075833
SNP1800,4,69311317,NA,NA,NA,0.998623132075833
SNP1801,4,69628468,NA,NA,NA,0.998623132075833
SNP1802,4,70295209,NA,NA,NA,0.998623132075833
SNP1803,4,70435647,NA,NA,NA,0.998623132075833
SNP1804,4,70766836,NA,NA,NA,0.998623132075833
SNP1805,4,70768411,NA,NA,NA,0.998623132075833
SNP1806,4,71424511,NA,NA,NA,0.998623132075833
SNP1807,4,71667882,NA,NA,NA,0.998623132075833
SNP1808,4,73195812,NA,NA,NA,0.994026668934478
SNP1809,4,73344517,NA,NA,NA,0.998623132075833
SNP1810,4,73585852,NA,NA,NA,0.998623132075833
SNP1811,4,73604917,NA,NA,NA,0.53030075597061
SNP1812,4,73716245,NA,NA,NA,0.998623132075833
SNP1813,4,73767631,NA,NA,NA,0.998623132075833
SNP1814,4,73768298,NA,NA,NA,0.998623132075833
SNP1815,4,74357243,NA,NA,NA,0.998623132075833
SNP1816,4,74476125,NA,NA,NA,0.998623132075833
SNP1817,4,74476752,NA,NA,NA,0.96101256609096
SNP1818,4,75492497,NA,NA,NA,0.998623132075833
SNP1819,4,75629678,NA,NA,NA,0.994026668934478
SNP1820,4,76133426,NA,NA,NA,0.994026668934478
SNP1821,4,76345533,NA,NA,NA,0.998623132075833
SNP1822,4,76469234,NA,NA,NA,0.998623132075833
SNP1823,4,76666795,NA,NA,NA,0.998623132075833
SNP1824,4,76668421,NA,NA,NA,0.994026668934478
SNP1825,4,76790192,NA,NA,NA,0.998623132075833
SNP1826,4,76792848,NA,NA,NA,0.998623132075833
SNP1827,4,76877659,NA,NA,NA,0.998623132075833
SNP1828,4,76900152,NA,NA,NA,0.998623132075833
SNP1829,4,77177125,NA,NA,NA,0.994026668934478
SNP1830,4,77270553,NA,NA,NA,0.998623132075833
SNP1831,4,77271279,NA,NA,NA,0.998623132075833
SNP1832,4,77534917,NA,NA,NA,0.998623132075833
SNP1833,4,77959273,NA,NA,NA,0.998623132075833
SNP1834,4,78038810,NA,NA,NA,0.994026668934478
SNP1835,4,78242756,NA,NA,NA,0.998623132075833
SNP1836,4,78282221,NA,NA,NA,0.998623132075833
SNP1837,4,78282956,NA,NA,NA,0.998623132075833
SNP1838,4,78283551,NA,NA,NA,0.998623132075833
SNP1839,4,78283966,NA,NA,NA,0.998623132075833
SNP1840,4,78395478,NA,NA,NA,0.998623132075833
SNP1841,4,78397993,NA,NA,NA,0.998623132075833
SNP1842,4,79103452,NA,NA,NA,0.998623132075833
SNP1843,4,79285408,NA,NA,NA,0.998623132075833
SNP1844,4,79482196,NA,NA,NA,0.796467738819195
SNP1845,4,79638203,NA,NA,NA,0.998623132075833
SNP1846,4,80024591,NA,NA,NA,0.998623132075833
SNP1847,4,80638497,NA,NA,NA,0.998623132075833
SNP1848,4,80863581,NA,NA,NA,0.998623132075833
SNP1849,4,80886113,NA,NA,NA,0.998623132075833
SNP1850,4,80962859,NA,NA,NA,0.998623132075833
SNP1851,4,81025422,NA,NA,NA,0.998623132075833
SNP1852,4,81031242,NA,NA,NA,0.998623132075833
SNP1853,4,81060320,NA,NA,NA,0.998623132075833
SNP1854,4,81064626,NA,NA,NA,0.998623132075833
SNP1855,4,81067724,NA,NA,NA,0.998623132075833
SNP1856,4,81397986,NA,NA,NA,0.998623132075833
SNP1857,4,81525287,NA,NA,NA,0.998623132075833
SNP1858,4,81526543,NA,NA,NA,0.998623132075833
SNP1859,4,82029524,NA,NA,NA,0.998623132075833
SNP1860,4,82030951,NA,NA,NA,0.998623132075833
SNP1861,4,82272796,NA,NA,NA,0.998623132075833
SNP1862,4,82451216,NA,NA,NA,0.998623132075833
SNP1863,4,82451540,NA,NA,NA,0.998623132075833
SNP1864,4,82565788,NA,NA,NA,0.998623132075833
SNP1865,4,83062040,NA,NA,NA,0.998623132075833
SNP1866,4,83124220,NA,NA,NA,0.998623132075833
SNP1867,4,83252974,NA,NA,NA,0.998623132075833
SNP1868,4,83426568,NA,NA,NA,0.998623132075833
SNP1869,4,83629008,NA,NA,NA,0.998623132075833
SNP1870,4,84458505,NA,NA,NA,0.998623132075833
SNP1871,4,84843459,NA,NA,NA,0.998623132075833
SNP1872,4,84843934,NA,NA,NA,0.998623132075833
SNP1873,4,84945710,NA,NA,NA,0.998623132075833
SNP1874,4,85262840,NA,NA,NA,0.998623132075833
SNP1875,4,85973082,NA,NA,NA,0.998623132075833
SNP1876,4,86359485,NA,NA,NA,0.998623132075833
SNP1877,4,87318281,NA,NA,NA,0.998623132075833
SNP1878,4,87522169,NA,NA,NA,0.998623132075833
SNP1879,4,87754545,NA,NA,NA,0.998623132075833
SNP1880,4,88038359,NA,NA,NA,0.412568666725635
SNP1881,4,88049958,NA,NA,NA,0.998623132075833
SNP1882,4,88098426,NA,NA,NA,0.998623132075833
SNP1883,4,88101771,NA,NA,NA,0.998623132075833
SNP1884,4,88141935,NA,NA,NA,0.998623132075833
SNP1885,4,88711456,NA,NA,NA,0.998623132075833
SNP1886,4,88795762,NA,NA,NA,0.998623132075833
SNP1887,4,89479888,NA,NA,NA,0.998623132075833
SNP1888,4,89522871,NA,NA,NA,0.998623132075833
SNP1889,4,89738137,NA,NA,NA,0.998623132075833
SNP1890,4,89936177,NA,NA,NA,0.998623132075833
SNP1891,4,90066478,NA,NA,NA,0.998623132075833
SNP1892,4,90513226,NA,NA,NA,0.998623132075833
SNP1893,4,90695428,NA,NA,NA,0.998623132075833
SNP1894,4,90906795,NA,NA,NA,0.998623132075833
SNP1895,4,91079394,NA,NA,NA,0.998623132075833
SNP1896,4,91418505,NA,NA,NA,0.994026668934478
SNP1897,4,91481222,NA,NA,NA,0.998623132075833
SNP1898,4,91550227,NA,NA,NA,0.998623132075833
SNP1899,4,91743154,NA,NA,NA,0.998623132075833
SNP1900,4,92081866,NA,NA,NA,0.998623132075833
SNP1901,4,92473425,NA,NA,NA,0.998623132075833
SNP1902,4,92664143,NA,NA,NA,0.994026668934478
SNP1903,4,92865447,NA,NA,NA,0.998623132075833
SNP1904,4,93181166,NA,NA,NA,0.994026668934478
SNP1905,4,93560764,NA,NA,NA,0.412568666725635
SNP1906,4,93677054,NA,NA,NA,0.998623132075833
SNP1907,4,93818419,NA,NA,NA,0.994026668934478
SNP1908,4,94090630,NA,NA,NA,0.994026668934478
SNP1909,4,94291165,NA,NA,NA,0.33643709436175
SNP1910,4,94477767,NA,NA,NA,0.998623132075833
SNP1911,4,94478167,NA,NA,NA,0.998623132075833
SNP1912,4,94791855,NA,NA,NA,0.33643709436175
SNP1913,4,94840968,NA,NA,NA,0.994026668934478
SNP1914,4,95000363,NA,NA,NA,0.998623132075833
SNP1915,4,95011707,NA,NA,NA,0.998623132075833
SNP1916,4,95308697,NA,NA,NA,0.998623132075833
SNP1917,4,95411898,NA,NA,NA,0.998623132075833
SNP1918,4,95437163,NA,NA,NA,0.998623132075833
SNP1919,4,96163433,NA,NA,NA,0.799269132138692
SNP1920,4,96463503,NA,NA,NA,0.998623132075833
SNP1921,4,96685328,NA,NA,NA,0.998623132075833
SNP1922,4,96775467,NA,NA,NA,0.998623132075833
SNP1923,4,96894328,NA,NA,NA,0.998623132075833
SNP1924,4,97476552,NA,NA,NA,0.998623132075833
SNP1925,4,97504605,NA,NA,NA,0.998623132075833
SNP1926,4,98746342,NA,NA,NA,0.998623132075833
SNP1927,4,98846451,NA,NA,NA,0.998623132075833
SNP1928,4,98974824,NA,NA,NA,0.998623132075833
SNP1929,4,100054823,NA,NA,NA,0.998623132075833
SNP1930,4,100324032,NA,NA,NA,0.998623132075833
SNP1931,4,101124999,NA,NA,NA,0.998623132075833
SNP1932,4,101534011,NA,NA,NA,0.994026668934478
SNP1933,4,101656655,NA,NA,NA,0.998623132075833
SNP1934,4,101657063,NA,NA,NA,0.998623132075833
SNP1935,4,101775571,NA,NA,NA,0.998623132075833
SNP1936,4,101794673,NA,NA,NA,0.998623132075833
SNP1937,4,102089050,NA,NA,NA,0.998623132075833
SNP1938,4,102144590,NA,NA,NA,0.998623132075833
SNP1939,4,102408673,NA,NA,NA,0.998623132075833
SNP1940,4,102599695,NA,NA,NA,0.998623132075833
SNP1941,4,102826899,NA,NA,NA,0.998623132075833
SNP1942,4,102853198,NA,NA,NA,0.998623132075833
SNP1943,4,102881142,NA,NA,NA,0.998623132075833
SNP1944,4,103586413,NA,NA,NA,0.998623132075833
SNP1945,4,103588866,NA,NA,NA,0.998623132075833
SNP1946,4,103951733,NA,NA,NA,0.998623132075833
SNP1947,4,104443216,NA,NA,NA,0.998623132075833
SNP1948,4,104444145,NA,NA,NA,0.998623132075833
SNP1949,4,104619670,NA,NA,NA,0.998623132075833
SNP1950,4,105039208,NA,NA,NA,0.998623132075833
SNP1951,4,105357048,NA,NA,NA,0.998623132075833
SNP1952,4,105542612,NA,NA,NA,0.998623132075833
SNP1953,4,105894707,NA,NA,NA,0.998623132075833
SNP1954,4,105896086,NA,NA,NA,0.998623132075833
SNP1955,4,105896119,NA,NA,NA,0.998623132075833
SNP1956,4,105896121,NA,NA,NA,0.998623132075833
SNP1957,4,105896224,NA,NA,NA,0.998623132075833
SNP1958,4,105896594,NA,NA,NA,0.998623132075833
SNP1959,4,105896633,NA,NA,NA,0.998623132075833
SNP1960,4,105896700,NA,NA,NA,0.998623132075833
SNP1961,4,105903662,NA,NA,NA,0.998623132075833
SNP1962,4,106861980,NA,NA,NA,0.998623132075833
SNP1963,4,107162472,NA,NA,NA,0.968678106009788
SNP1964,4,107494739,NA,NA,NA,0.998623132075833
SNP1965,4,107938802,NA,NA,NA,0.998623132075833
SNP1966,4,108304012,NA,NA,NA,0.998623132075833
SNP1967,4,108880711,NA,NA,NA,0.998623132075833
SNP1968,4,109929485,NA,NA,NA,0.96101256609096
SNP1969,4,109950204,NA,NA,NA,0.998623132075833
SNP1970,4,110118924,NA,NA,NA,0.994026668934478
SNP1971,4,110124936,NA,NA,NA,0.998623132075833
SNP1972,4,110800087,NA,NA,NA,0.998623132075833
SNP1973,4,110979147,NA,NA,NA,0.998623132075833
SNP1974,4,112406300,NA,NA,NA,0.998623132075833
SNP1975,4,112423395,NA,NA,NA,0.998623132075833
SNP1976,4,113360557,NA,NA,NA,0.994026668934478
SNP1977,4,114190589,NA,NA,NA,0.998623132075833
SNP1978,4,114520997,NA,NA,NA,0.994026668934478
SNP1979,4,114953413,NA,NA,NA,0.994026668934478
SNP1980,4,115124196,NA,NA,NA,0.998623132075833
SNP1981,4,115143837,NA,NA,NA,0.998623132075833
SNP1982,4,115616677,NA,NA,NA,0.998623132075833
SNP1983,4,115645873,NA,NA,NA,0.998623132075833
SNP1984,4,115648648,NA,NA,NA,0.998623132075833
SNP1985,4,115676287,NA,NA,NA,0.998623132075833
SNP1986,4,115677790,NA,NA,NA,0.998623132075833
SNP1987,4,115680082,NA,NA,NA,0.998623132075833
SNP1988,4,115688780,NA,NA,NA,0.998623132075833
SNP1989,4,115689355,NA,NA,NA,0.998623132075833
SNP1990,4,115689598,NA,NA,NA,0.998623132075833
SNP1991,4,115689676,NA,NA,NA,0.998623132075833
SNP1992,4,115854153,NA,NA,NA,0.998623132075833
SNP1993,4,116552313,NA,NA,NA,0.998623132075833
SNP1994,4,116552542,NA,NA,NA,0.998623132075833
SNP1995,4,117426524,NA,NA,NA,0.998623132075833
SNP1996,4,117671964,NA,NA,NA,0.998623132075833
SNP1997,4,117867193,NA,NA,NA,0.998623132075833
SNP1998,4,117875288,NA,NA,NA,0.998623132075833
SNP1999,4,117879525,NA,NA,NA,0.998623132075833
SNP2000,4,117879747,NA,NA,NA,0.998623132075833
SNP2001,4,117881135,NA,NA,NA,0.998623132075833
SNP2002,4,117913672,NA,NA,NA,0.998623132075833
SNP2003,4,117914350,NA,NA,NA,0.998623132075833
SNP2004,4,117934476,NA,NA,NA,0.998623132075833
SNP2005,4,117935388,NA,NA,NA,0.998623132075833
SNP2006,4,117957704,NA,NA,NA,0.998623132075833
SNP2007,4,117991824,NA,NA,NA,0.998623132075833
SNP2008,4,117991848,NA,NA,NA,0.998623132075833
SNP2009,4,117995189,NA,NA,NA,0.998623132075833
SNP2010,4,118262490,NA,NA,NA,0.998623132075833
SNP2011,4,118319998,NA,NA,NA,0.998623132075833
SNP2012,4,118487133,NA,NA,NA,0.998623132075833
SNP2013,4,118602804,NA,NA,NA,0.998623132075833
SNP2014,4,118862863,NA,NA,NA,0.998623132075833
SNP2015,4,118866167,NA,NA,NA,0.998623132075833
SNP2016,4,118900581,NA,NA,NA,0.998623132075833
SNP2017,4,119223620,NA,NA,NA,0.998623132075833
SNP2018,4,119295378,NA,NA,NA,0.998623132075833
SNP2019,4,119296024,NA,NA,NA,0.998623132075833
SNP2020,4,119347780,NA,NA,NA,0.994026668934478
SNP2021,4,119350204,NA,NA,NA,0.994026668934478
SNP2022,4,119746257,NA,NA,NA,0.998623132075833
SNP2023,4,119862079,NA,NA,NA,0.998623132075833
SNP2024,4,120053650,NA,NA,NA,0.998623132075833
SNP2025,4,120121136,NA,NA,NA,0.998623132075833
SNP2026,4,120250153,NA,NA,NA,0.998623132075833
SNP2027,4,120693692,NA,NA,NA,0.998623132075833
SNP2028,4,120739245,NA,NA,NA,0.998623132075833
SNP2029,4,120825324,NA,NA,NA,0.998623132075833
SNP2030,4,120860376,NA,NA,NA,0.998623132075833
SNP2031,4,120860388,NA,NA,NA,0.998623132075833
SNP2032,4,120860533,NA,NA,NA,0.998623132075833
SNP2033,4,120860794,NA,NA,NA,0.998623132075833
SNP2034,4,120864978,NA,NA,NA,0.998623132075833
SNP2035,4,120865104,NA,NA,NA,0.998623132075833
SNP2036,4,120887830,NA,NA,NA,0.998623132075833
SNP2037,4,120914519,NA,NA,NA,0.998623132075833
SNP2038,4,120917774,NA,NA,NA,0.998623132075833
SNP2039,4,120919968,NA,NA,NA,0.998623132075833
SNP2040,4,120927787,NA,NA,NA,0.998623132075833
SNP2041,4,120928326,NA,NA,NA,0.998623132075833
SNP2042,4,120928421,NA,NA,NA,0.998623132075833
SNP2043,4,120928737,NA,NA,NA,0.998623132075833
SNP2044,4,120928865,NA,NA,NA,0.998623132075833
SNP2045,4,120929244,NA,NA,NA,0.998623132075833
SNP2046,4,120929339,NA,NA,NA,0.998623132075833
SNP2047,4,120932046,NA,NA,NA,0.998623132075833
SNP2048,4,120936776,NA,NA,NA,0.998623132075833
SNP2049,4,120937329,NA,NA,NA,0.998623132075833
SNP2050,4,120966838,NA,NA,NA,0.998623132075833
SNP2051,4,120968266,NA,NA,NA,0.998623132075833
SNP2052,4,120974661,NA,NA,NA,0.998623132075833
SNP2053,4,120977934,NA,NA,NA,0.998623132075833
SNP2054,4,121039078,NA,NA,NA,0.998623132075833
SNP2055,4,121040577,NA,NA,NA,0.998623132075833
SNP2056,4,121040580,NA,NA,NA,0.998623132075833
SNP2057,4,121041531,NA,NA,NA,0.998623132075833
SNP2058,4,121067694,NA,NA,NA,0.998623132075833
SNP2059,4,121110746,NA,NA,NA,0.998623132075833
SNP2060,4,121111105,NA,NA,NA,0.998623132075833
SNP2061,4,121111431,NA,NA,NA,0.998623132075833
SNP2062,4,121114651,NA,NA,NA,0.998623132075833
SNP2063,4,121121083,NA,NA,NA,0.998623132075833
SNP2064,4,121124372,NA,NA,NA,0.998623132075833
SNP2065,4,121138001,NA,NA,NA,0.998623132075833
SNP2066,4,121138522,NA,NA,NA,0.998623132075833
SNP2067,4,121138663,NA,NA,NA,0.998623132075833
SNP2068,4,121139104,NA,NA,NA,0.998623132075833
SNP2069,4,121139537,NA,NA,NA,0.998623132075833
SNP2070,4,121149895,NA,NA,NA,0.998623132075833
SNP2071,4,121149943,NA,NA,NA,0.998623132075833
SNP2072,4,121155485,NA,NA,NA,0.998623132075833
SNP2073,4,121159496,NA,NA,NA,0.998623132075833
SNP2074,4,121205425,NA,NA,NA,0.998623132075833
SNP2075,4,121209491,NA,NA,NA,0.998623132075833
SNP2076,4,121220355,NA,NA,NA,0.998623132075833
SNP2077,4,121228311,NA,NA,NA,0.998623132075833
SNP2078,4,121228993,NA,NA,NA,0.998623132075833
SNP2079,4,121229498,NA,NA,NA,0.998623132075833
SNP2080,4,121229546,NA,NA,NA,0.998623132075833
SNP2081,4,121235132,NA,NA,NA,0.998623132075833
SNP2082,4,121236330,NA,NA,NA,0.998623132075833
SNP2083,4,121243975,NA,NA,NA,0.998623132075833
SNP2084,4,121315956,NA,NA,NA,0.998623132075833
SNP2085,4,122705028,NA,NA,NA,0.998623132075833
SNP2086,5,160793,NA,NA,NA,0.994026668934478
SNP2087,5,1439420,NA,NA,NA,0.994026668934478
SNP2088,5,1898385,NA,NA,NA,0.998623132075833
SNP2089,5,2437856,NA,NA,NA,0.998623132075833
SNP2090,5,3952968,NA,NA,NA,0.61458137083931
SNP2091,5,4057609,NA,NA,NA,0.998623132075833
SNP2092,5,4153937,NA,NA,NA,0.998623132075833
SNP2093,5,4282992,NA,NA,NA,0.998623132075833
SNP2094,5,4289195,NA,NA,NA,0.998623132075833
SNP2095,5,5324737,NA,NA,NA,0.796467738819195
SNP2096,5,5441673,NA,NA,NA,0.998623132075833
SNP2097,5,5971230,NA,NA,NA,0.998623132075833
SNP2098,5,6237713,NA,NA,NA,0.998623132075833
SNP2099,5,6343911,NA,NA,NA,0.998623132075833
SNP2100,5,6344038,NA,NA,NA,0.998623132075833
SNP2101,5,6361640,NA,NA,NA,0.998623132075833
SNP2102,5,6383249,NA,NA,NA,0.998623132075833
SNP2103,5,6532237,NA,NA,NA,0.998623132075833
SNP2104,5,7049419,NA,NA,NA,0.998623132075833
SNP2105,5,7050426,NA,NA,NA,0.998623132075833
SNP2106,5,7050613,NA,NA,NA,0.994026668934478
SNP2107,5,7053798,NA,NA,NA,0.998623132075833
SNP2108,5,7177418,NA,NA,NA,0.998623132075833
SNP2109,5,7266706,NA,NA,NA,0.998623132075833
SNP2110,5,7294378,NA,NA,NA,0.998623132075833
SNP2111,5,7357783,NA,NA,NA,0.998623132075833
SNP2112,5,7437020,NA,NA,NA,0.998623132075833
SNP2113,5,7716689,NA,NA,NA,0.998623132075833
SNP2114,5,7798555,NA,NA,NA,0.998623132075833
SNP2115,5,7799505,NA,NA,NA,0.998623132075833
SNP2116,5,7802633,NA,NA,NA,0.998623132075833
SNP2117,5,7803195,NA,NA,NA,0.998623132075833
SNP2118,5,7804927,NA,NA,NA,0.998623132075833
SNP2119,5,8000712,NA,NA,NA,0.998623132075833
SNP2120,5,8043979,NA,NA,NA,0.998623132075833
SNP2121,5,8246469,NA,NA,NA,0.998623132075833
SNP2122,5,8265102,NA,NA,NA,0.998623132075833
SNP2123,5,8727794,NA,NA,NA,0.998623132075833
SNP2124,5,9007399,NA,NA,NA,0.757565382835618
SNP2125,5,9165637,NA,NA,NA,0.96101256609096
SNP2126,5,9348362,NA,NA,NA,0.998623132075833
SNP2127,5,10083418,NA,NA,NA,0.998623132075833
SNP2128,5,10088168,NA,NA,NA,0.998623132075833
SNP2129,5,10125175,NA,NA,NA,0.998623132075833
SNP2130,5,10129942,NA,NA,NA,0.998623132075833
SNP2131,5,10130803,NA,NA,NA,0.998623132075833
SNP2132,5,10131260,NA,NA,NA,0.998623132075833
SNP2133,5,10132609,NA,NA,NA,0.998623132075833
SNP2134,5,10248048,NA,NA,NA,0.998623132075833
SNP2135,5,10249771,NA,NA,NA,0.998623132075833
SNP2136,5,10317304,NA,NA,NA,0.998623132075833
SNP2137,5,10570170,NA,NA,NA,0.998623132075833
SNP2138,5,10746362,NA,NA,NA,0.998623132075833
SNP2139,5,10886828,NA,NA,NA,0.998623132075833
SNP2140,5,10955256,NA,NA,NA,0.998623132075833
SNP2141,5,11151433,NA,NA,NA,0.998623132075833
SNP2142,5,11200065,NA,NA,NA,0.998623132075833
SNP2143,5,11420700,NA,NA,NA,0.998623132075833
SNP2144,5,11648360,NA,NA,NA,0.998623132075833
SNP2145,5,11685332,NA,NA,NA,0.998623132075833
SNP2146,5,11854074,NA,NA,NA,0.968678106009788
SNP2147,5,12100038,NA,NA,NA,0.998623132075833
SNP2148,5,12566064,NA,NA,NA,0.998623132075833
SNP2149,5,12586729,NA,NA,NA,0.998623132075833
SNP2150,5,13020430,NA,NA,NA,0.998623132075833
SNP2151,5,13578434,NA,NA,NA,0.998623132075833
SNP2152,5,13649512,NA,NA,NA,0.998623132075833
SNP2153,5,13708485,NA,NA,NA,0.998623132075833
SNP2154,5,13709393,NA,NA,NA,0.998623132075833
SNP2155,5,13899148,NA,NA,NA,0.998623132075833
SNP2156,5,13918345,NA,NA,NA,0.998623132075833
SNP2157,5,14139400,NA,NA,NA,0.998623132075833
SNP2158,5,14370273,NA,NA,NA,0.998623132075833
SNP2159,5,14419300,NA,NA,NA,0.998623132075833
SNP2160,5,14423814,NA,NA,NA,0.994026668934478
SNP2161,5,14616507,NA,NA,NA,0.998623132075833
SNP2162,5,15231211,NA,NA,NA,0.998623132075833
SNP2163,5,15299824,NA,NA,NA,0.998623132075833
SNP2164,5,15421706,NA,NA,NA,0.998623132075833
SNP2165,5,15702398,NA,NA,NA,0.998623132075833
SNP2166,5,16138619,NA,NA,NA,0.998623132075833
SNP2167,5,16450831,NA,NA,NA,0.998623132075833
SNP2168,5,17060254,NA,NA,NA,0.998623132075833
SNP2169,5,17062733,NA,NA,NA,0.998623132075833
SNP2170,5,17327471,NA,NA,NA,0.998623132075833
SNP2171,5,17537359,NA,NA,NA,0.998623132075833
SNP2172,5,17921942,NA,NA,NA,0.998623132075833
SNP2173,5,18497178,NA,NA,NA,0.998623132075833
SNP2174,5,18574235,NA,NA,NA,0.998623132075833
SNP2175,5,18591589,NA,NA,NA,0.998623132075833
SNP2176,5,18657647,NA,NA,NA,0.998623132075833
SNP2177,5,18657872,NA,NA,NA,0.998623132075833
SNP2178,5,18917629,NA,NA,NA,0.998623132075833
SNP2179,5,19025403,NA,NA,NA,0.998623132075833
SNP2180,5,19873031,NA,NA,NA,0.998623132075833
SNP2181,5,20277717,NA,NA,NA,0.796467738819195
SNP2182,5,20423117,NA,NA,NA,0.998623132075833
SNP2183,5,21013307,NA,NA,NA,0.998623132075833
SNP2184,5,21751497,NA,NA,NA,0.998623132075833
SNP2185,5,21989268,NA,NA,NA,0.998623132075833
SNP2186,5,22273592,NA,NA,NA,0.998623132075833
SNP2187,5,22278197,NA,NA,NA,0.998623132075833
SNP2188,5,22361201,NA,NA,NA,0.998623132075833
SNP2189,5,22518053,NA,NA,NA,0.998623132075833
SNP2190,5,23714239,NA,NA,NA,0.998623132075833
SNP2191,5,23880520,NA,NA,NA,0.998623132075833
SNP2192,5,23897642,NA,NA,NA,0.998623132075833
SNP2193,5,23960535,NA,NA,NA,0.998623132075833
SNP2194,5,24266054,NA,NA,NA,0.998623132075833
SNP2195,5,24631369,NA,NA,NA,0.998623132075833
SNP2196,5,24880176,NA,NA,NA,0.998623132075833
SNP2197,5,24888503,NA,NA,NA,0.998623132075833
SNP2198,5,25018820,NA,NA,NA,0.998623132075833
SNP2199,5,25073763,NA,NA,NA,0.998623132075833
SNP2200,5,25097842,NA,NA,NA,0.998623132075833
SNP2201,5,25124771,NA,NA,NA,0.998623132075833
SNP2202,5,25144255,NA,NA,NA,0.998623132075833
SNP2203,5,25200285,NA,NA,NA,0.998623132075833
SNP2204,5,25206380,NA,NA,NA,0.998623132075833
SNP2205,5,25207828,NA,NA,NA,0.998623132075833
SNP2206,5,25210537,NA,NA,NA,0.998623132075833
SNP2207,5,25300067,NA,NA,NA,0.998623132075833
SNP2208,5,25748361,NA,NA,NA,0.998623132075833
SNP2209,5,25748501,NA,NA,NA,0.998623132075833
SNP2210,5,25755890,NA,NA,NA,0.998623132075833
SNP2211,5,26100609,NA,NA,NA,0.998623132075833
SNP2212,5,26144775,NA,NA,NA,0.998623132075833
SNP2213,5,26265759,NA,NA,NA,0.998623132075833
SNP2214,5,26277704,NA,NA,NA,0.998623132075833
SNP2215,5,26387968,NA,NA,NA,0.998623132075833
SNP2216,5,26604024,NA,NA,NA,0.998623132075833
SNP2217,5,26655908,NA,NA,NA,0.998623132075833
SNP2218,5,26672030,NA,NA,NA,0.998623132075833
SNP2219,5,27120655,NA,NA,NA,0.998623132075833
SNP2220,5,27375877,NA,NA,NA,0.998623132075833
SNP2221,5,27505558,NA,NA,NA,0.998623132075833
SNP2222,5,27638188,NA,NA,NA,0.998623132075833
SNP2223,5,27767194,NA,NA,NA,0.998623132075833
SNP2224,5,27911287,NA,NA,NA,0.998623132075833
SNP2225,5,27917424,NA,NA,NA,0.998623132075833
SNP2226,5,30688258,NA,NA,NA,0.998623132075833
SNP2227,5,31837517,NA,NA,NA,0.998623132075833
SNP2228,5,32169977,NA,NA,NA,0.998623132075833
SNP2229,5,32468191,NA,NA,NA,0.994026668934478
SNP2230,5,32475380,NA,NA,NA,0.998623132075833
SNP2231,5,33571676,NA,NA,NA,0.998623132075833
SNP2232,5,33698755,NA,NA,NA,0.998623132075833
SNP2233,5,33887304,NA,NA,NA,0.998623132075833
SNP2234,5,33897776,NA,NA,NA,0.998623132075833
SNP2235,5,33977809,NA,NA,NA,0.994026668934478
SNP2236,5,34026944,NA,NA,NA,0.998623132075833
SNP2237,5,34235168,NA,NA,NA,0.998623132075833
SNP2238,5,34827019,NA,NA,NA,0.998623132075833
SNP2239,5,35095184,NA,NA,NA,0.998623132075833
SNP2240,5,35102962,NA,NA,NA,0.998623132075833
SNP2241,5,36384505,NA,NA,NA,0.998623132075833
SNP2242,5,39612237,NA,NA,NA,0.998623132075833
SNP2243,5,39613442,NA,NA,NA,0.998623132075833
SNP2244,5,39740357,NA,NA,NA,0.998623132075833
SNP2245,5,40101754,NA,NA,NA,0.998623132075833
SNP2246,5,40344126,NA,NA,NA,0.998623132075833
SNP2247,5,40868354,NA,NA,NA,0.998623132075833
SNP2248,5,41756661,NA,NA,NA,0.998623132075833
SNP2249,5,42409271,NA,NA,NA,0.998623132075833
SNP2250,5,42565298,NA,NA,NA,0.998623132075833
SNP2251,5,42573391,NA,NA,NA,0.882219185321112
SNP2252,5,43469719,NA,NA,NA,0.998623132075833
SNP2253,5,43720409,NA,NA,NA,0.998623132075833
SNP2254,5,44254482,NA,NA,NA,0.998623132075833
SNP2255,5,44501783,NA,NA,NA,0.998623132075833
SNP2256,5,44748394,NA,NA,NA,0.994026668934478
SNP2257,5,45282623,NA,NA,NA,0.998623132075833
SNP2258,5,45412617,NA,NA,NA,0.998623132075833
SNP2259,5,45492470,NA,NA,NA,0.998623132075833
SNP2260,5,45723996,NA,NA,NA,0.998623132075833
SNP2261,5,45841361,NA,NA,NA,0.998623132075833
SNP2262,5,45940296,NA,NA,NA,0.998623132075833
SNP2263,5,46111930,NA,NA,NA,0.998623132075833
SNP2264,5,46332432,NA,NA,NA,0.998623132075833
SNP2265,5,46374125,NA,NA,NA,0.998623132075833
SNP2266,5,46409630,NA,NA,NA,0.998623132075833
SNP2267,5,46539174,NA,NA,NA,0.998623132075833
SNP2268,5,46586579,NA,NA,NA,0.998623132075833
SNP2269,5,46609312,NA,NA,NA,0.998623132075833
SNP2270,5,47387474,NA,NA,NA,0.998623132075833
SNP2271,5,48845453,NA,NA,NA,0.998623132075833
SNP2272,5,49709726,NA,NA,NA,0.998623132075833
SNP2273,5,49911024,NA,NA,NA,0.998623132075833
SNP2274,5,50781795,NA,NA,NA,0.998623132075833
SNP2275,5,50849644,NA,NA,NA,0.998623132075833
SNP2276,5,50994942,NA,NA,NA,0.998623132075833
SNP2277,5,51060718,NA,NA,NA,0.998623132075833
SNP2278,5,51466433,NA,NA,NA,0.998623132075833
SNP2279,5,52274756,NA,NA,NA,0.998623132075833
SNP2280,5,52291162,NA,NA,NA,0.998623132075833
SNP2281,5,52342478,NA,NA,NA,0.998623132075833
SNP2282,5,53752257,NA,NA,NA,0.998623132075833
SNP2283,5,54184013,NA,NA,NA,0.998623132075833
SNP2284,5,54227310,NA,NA,NA,0.998623132075833
SNP2285,5,54262404,NA,NA,NA,0.998623132075833
SNP2286,5,54290914,NA,NA,NA,0.998623132075833
SNP2287,5,54844625,NA,NA,NA,0.998623132075833
SNP2288,5,54856869,NA,NA,NA,0.998623132075833
SNP2289,5,55236469,NA,NA,NA,0.998623132075833
SNP2290,5,55627215,NA,NA,NA,0.998623132075833
SNP2291,5,55832641,NA,NA,NA,0.998623132075833
SNP2292,5,56105856,NA,NA,NA,0.998623132075833
SNP2293,5,56214197,NA,NA,NA,0.998623132075833
SNP2294,5,56689106,NA,NA,NA,0.998623132075833
SNP2295,5,56760119,NA,NA,NA,0.998623132075833
SNP2296,5,57681063,NA,NA,NA,0.998623132075833
SNP2297,5,58414998,NA,NA,NA,0.998623132075833
SNP2298,5,58616691,NA,NA,NA,0.998623132075833
SNP2299,5,58629913,NA,NA,NA,0.998623132075833
SNP2300,5,58672530,NA,NA,NA,0.994026668934478
SNP2301,5,59611668,NA,NA,NA,0.998623132075833
SNP2302,5,59674162,NA,NA,NA,0.994026668934478
SNP2303,5,59824469,NA,NA,NA,0.998623132075833
SNP2304,5,60831910,NA,NA,NA,0.977104919160526
SNP2305,5,61001516,NA,NA,NA,0.998623132075833
SNP2306,5,61144259,NA,NA,NA,0.998623132075833
SNP2307,5,61639056,NA,NA,NA,0.998623132075833
SNP2308,5,62175549,NA,NA,NA,0.998623132075833
SNP2309,5,62228147,NA,NA,NA,0.998623132075833
SNP2310,5,63120105,NA,NA,NA,0.998623132075833
SNP2311,5,63451497,NA,NA,NA,0.998623132075833
SNP2312,5,65448751,NA,NA,NA,0.998623132075833
SNP2313,5,65680010,NA,NA,NA,0.998623132075833
SNP2314,5,65763441,NA,NA,NA,0.998623132075833
SNP2315,5,67457338,NA,NA,NA,0.998623132075833
SNP2316,5,68938174,NA,NA,NA,0.998623132075833
SNP2317,5,68938664,NA,NA,NA,0.998623132075833
SNP2318,5,69238774,NA,NA,NA,0.99869656276765
SNP2319,5,69604244,NA,NA,NA,0.998623132075833
SNP2320,5,70977573,NA,NA,NA,0.998623132075833
SNP2321,5,71261705,NA,NA,NA,0.998623132075833
SNP2322,5,71291610,NA,NA,NA,0.998623132075833
SNP2323,5,71299008,NA,NA,NA,0.998623132075833
SNP2324,5,71494830,NA,NA,NA,0.998623132075833
SNP2325,5,72053902,NA,NA,NA,0.994026668934478
SNP2326,5,72709289,NA,NA,NA,0.998623132075833
SNP2327,5,72885553,NA,NA,NA,0.998623132075833
SNP2328,5,73797936,NA,NA,NA,0.998623132075833
SNP2329,5,74270191,NA,NA,NA,0.998623132075833
SNP2330,5,74951734,NA,NA,NA,0.998623132075833
SNP2331,5,74952103,NA,NA,NA,0.998623132075833
SNP2332,5,74960322,NA,NA,NA,0.998623132075833
SNP2333,5,76493916,NA,NA,NA,0.998623132075833
SNP2334,5,76902029,NA,NA,NA,0.998623132075833
SNP2335,5,77092349,NA,NA,NA,0.998623132075833
SNP2336,5,78060691,NA,NA,NA,0.998623132075833
SNP2337,5,78920818,NA,NA,NA,0.998623132075833
SNP2338,5,79037025,NA,NA,NA,0.998623132075833
SNP2339,5,79037554,NA,NA,NA,0.998623132075833
SNP2340,5,79114521,NA,NA,NA,0.998623132075833
SNP2341,5,79182919,NA,NA,NA,0.998623132075833
SNP2342,5,79435790,NA,NA,NA,0.998623132075833
SNP2343,5,79572378,NA,NA,NA,0.998623132075833
SNP2344,5,79573626,NA,NA,NA,0.998623132075833
SNP2345,5,80217582,NA,NA,NA,0.998623132075833
SNP2346,5,80225544,NA,NA,NA,0.998623132075833
SNP2347,5,80537697,NA,NA,NA,0.998623132075833
SNP2348,5,80642769,NA,NA,NA,0.998623132075833
SNP2349,5,80737676,NA,NA,NA,0.998623132075833
SNP2350,5,81325364,NA,NA,NA,0.998623132075833
SNP2351,5,81419650,NA,NA,NA,0.998623132075833
SNP2352,5,81634087,NA,NA,NA,0.998623132075833
SNP2353,5,81969778,NA,NA,NA,0.998623132075833
SNP2354,5,82144419,NA,NA,NA,0.998623132075833
SNP2355,5,82217463,NA,NA,NA,0.998623132075833
SNP2356,5,82821706,NA,NA,NA,0.998623132075833
SNP2357,5,82926223,NA,NA,NA,0.998623132075833
SNP2358,5,84348463,NA,NA,NA,0.998623132075833
SNP2359,5,85048850,NA,NA,NA,0.998623132075833
SNP2360,5,85152630,NA,NA,NA,0.994026668934478
SNP2361,5,85168510,NA,NA,NA,0.998623132075833
SNP2362,5,85198860,NA,NA,NA,0.998623132075833
SNP2363,5,85384095,NA,NA,NA,0.998623132075833
SNP2364,5,85703568,NA,NA,NA,0.998623132075833
SNP2365,5,85733059,NA,NA,NA,0.998623132075833
SNP2366,5,85931815,NA,NA,NA,0.998623132075833
SNP2367,5,85933170,NA,NA,NA,0.998623132075833
SNP2368,5,85933202,NA,NA,NA,0.998623132075833
SNP2369,5,86008801,NA,NA,NA,0.998623132075833
SNP2370,5,86070079,NA,NA,NA,0.994026668934478
SNP2371,5,86169717,NA,NA,NA,0.998623132075833
SNP2372,5,86244003,NA,NA,NA,0.998623132075833
SNP2373,5,86491779,NA,NA,NA,0.998623132075833
SNP2374,5,86529430,NA,NA,NA,0.998623132075833
SNP2375,5,86623794,NA,NA,NA,0.994026668934478
SNP2376,5,86749658,NA,NA,NA,0.998623132075833
SNP2377,5,86865655,NA,NA,NA,0.994026668934478
SNP2378,5,86928598,NA,NA,NA,0.994026668934478
SNP2379,5,87086923,NA,NA,NA,0.998623132075833
SNP2380,5,87090233,NA,NA,NA,0.998623132075833
SNP2381,5,87828952,NA,NA,NA,0.998623132075833
SNP2382,5,87831678,NA,NA,NA,0.998623132075833
SNP2383,5,88081220,NA,NA,NA,0.998623132075833
SNP2384,5,88298863,NA,NA,NA,0.998623132075833
SNP2385,5,88300080,NA,NA,NA,0.998623132075833
SNP2386,5,88333820,NA,NA,NA,0.96101256609096
SNP2387,5,88410529,NA,NA,NA,0.998623132075833
SNP2388,5,88569606,NA,NA,NA,0.998623132075833
SNP2389,5,88732606,NA,NA,NA,0.998623132075833
SNP2390,5,89023637,NA,NA,NA,0.994026668934478
SNP2391,5,89065888,NA,NA,NA,0.998623132075833
SNP2392,5,89094593,NA,NA,NA,0.998623132075833
SNP2393,5,89096221,NA,NA,NA,0.998623132075833
SNP2394,5,89355737,NA,NA,NA,0.998623132075833
SNP2395,5,89558854,NA,NA,NA,0.998623132075833
SNP2396,5,89598803,NA,NA,NA,0.998623132075833
SNP2397,5,89861579,NA,NA,NA,0.994026668934478
SNP2398,5,89861702,NA,NA,NA,0.882219185321112
SNP2399,5,89918295,NA,NA,NA,0.998623132075833
SNP2400,5,89921606,NA,NA,NA,0.998623132075833
SNP2401,5,90192055,NA,NA,NA,0.994026668934478
SNP2402,5,90193202,NA,NA,NA,0.994026668934478
SNP2403,5,90223801,NA,NA,NA,0.994026668934478
SNP2404,5,90328029,NA,NA,NA,0.998623132075833
SNP2405,5,90381130,NA,NA,NA,0.998623132075833
SNP2406,5,90430341,NA,NA,NA,0.998623132075833
SNP2407,5,90490964,NA,NA,NA,0.998623132075833
SNP2408,5,90762238,NA,NA,NA,0.994026668934478
SNP2409,5,90910206,NA,NA,NA,0.998623132075833
SNP2410,5,90972150,NA,NA,NA,0.998623132075833
SNP2411,5,90989333,NA,NA,NA,0.994026668934478
SNP2412,5,91041658,NA,NA,NA,0.998623132075833
SNP2413,5,91071216,NA,NA,NA,0.998623132075833
SNP2414,5,91107888,NA,NA,NA,0.998623132075833
SNP2415,5,91138683,NA,NA,NA,0.994026668934478
SNP2416,5,91139202,NA,NA,NA,0.994026668934478
SNP2417,5,91219435,NA,NA,NA,0.994026668934478
SNP2418,5,91253172,NA,NA,NA,0.998623132075833
SNP2419,5,91353829,NA,NA,NA,0.998623132075833
SNP2420,5,91368927,NA,NA,NA,0.998623132075833
SNP2421,5,91498437,NA,NA,NA,0.998623132075833
SNP2422,5,91503628,NA,NA,NA,0.998623132075833
SNP2423,5,91531775,NA,NA,NA,0.890904038044374
SNP2424,5,91532176,NA,NA,NA,0.887843780537497
SNP2425,5,91577494,NA,NA,NA,0.998623132075833
SNP2426,5,91630333,NA,NA,NA,0.998623132075833
SNP2427,5,91758105,NA,NA,NA,0.994026668934478
SNP2428,5,91854497,NA,NA,NA,0.998856163447371
SNP2429,5,91855042,NA,NA,NA,0.994026668934478
SNP2430,5,92023270,NA,NA,NA,0.998623132075833
SNP2431,5,92337411,NA,NA,NA,0.994026668934478
SNP2432,5,92339669,NA,NA,NA,0.998623132075833
SNP2433,5,92527458,NA,NA,NA,0.994026668934478
SNP2434,5,92685249,NA,NA,NA,0.994026668934478
SNP2435,5,92699047,NA,NA,NA,0.994026668934478
SNP2436,5,92782220,NA,NA,NA,0.994026668934478
SNP2437,5,92949603,NA,NA,NA,0.998623132075833
SNP2438,5,93091207,NA,NA,NA,0.998623132075833
SNP2439,5,93518422,NA,NA,NA,0.994026668934478
SNP2440,5,93530313,NA,NA,NA,0.998623132075833
SNP2441,5,93540827,NA,NA,NA,0.994026668934478
SNP2442,5,93724160,NA,NA,NA,0.998623132075833
SNP2443,5,93859929,NA,NA,NA,0.998623132075833
SNP2444,5,93958482,NA,NA,NA,0.994026668934478
SNP2445,5,93963183,NA,NA,NA,0.994026668934478
SNP2446,5,94152944,NA,NA,NA,0.994026668934478
SNP2447,5,94244026,NA,NA,NA,0.998623132075833
SNP2448,5,94709825,NA,NA,NA,0.998623132075833
SNP2449,5,94865738,NA,NA,NA,0.994026668934478
SNP2450,5,95382838,NA,NA,NA,0.994026668934478
SNP2451,5,95428609,NA,NA,NA,0.998623132075833
SNP2452,5,95713199,NA,NA,NA,0.998623132075833
SNP2453,5,95722019,NA,NA,NA,0.994026668934478
SNP2454,5,95722033,NA,NA,NA,0.998623132075833
SNP2455,5,95722147,NA,NA,NA,0.994026668934478
SNP2456,5,95837582,NA,NA,NA,0.998623132075833
SNP2457,5,95842241,NA,NA,NA,0.998623132075833
SNP2458,5,96203991,NA,NA,NA,0.994026668934478
SNP2459,5,96299151,NA,NA,NA,0.998623132075833
SNP2460,5,96464635,NA,NA,NA,0.994026668934478
SNP2461,5,96509158,NA,NA,NA,0.998623132075833
SNP2462,5,96542014,NA,NA,NA,0.998623132075833
SNP2463,5,96573756,NA,NA,NA,0.998623132075833
SNP2464,5,96704812,NA,NA,NA,0.998623132075833
SNP2465,5,96887645,NA,NA,NA,0.998623132075833
SNP2466,5,96983285,NA,NA,NA,0.998623132075833
SNP2467,5,96983392,NA,NA,NA,0.998623132075833
SNP2468,5,96985053,NA,NA,NA,0.998623132075833
SNP2469,5,97135166,NA,NA,NA,0.998623132075833
SNP2470,5,97286880,NA,NA,NA,0.998623132075833
SNP2471,5,97291773,NA,NA,NA,0.994026668934478
SNP2472,5,97294334,NA,NA,NA,0.994026668934478
SNP2473,5,97925081,NA,NA,NA,0.998623132075833
SNP2474,5,97940112,NA,NA,NA,0.998623132075833
SNP2475,5,98350268,NA,NA,NA,0.998623132075833
SNP2476,5,98833981,NA,NA,NA,0.998623132075833
SNP2477,5,99024346,NA,NA,NA,0.998623132075833
SNP2478,5,99024779,NA,NA,NA,0.998623132075833
SNP2479,5,99146227,NA,NA,NA,0.998623132075833
SNP2480,5,99214011,NA,NA,NA,0.998623132075833
SNP2481,5,99316960,NA,NA,NA,0.96101256609096
SNP2482,5,100033268,NA,NA,NA,0.998623132075833
SNP2483,5,100066858,NA,NA,NA,0.998623132075833
SNP2484,5,100081096,NA,NA,NA,0.998623132075833
SNP2485,5,100252096,NA,NA,NA,0.998623132075833
SNP2486,5,100334764,NA,NA,NA,0.998623132075833
SNP2487,5,100510772,NA,NA,NA,0.998623132075833
SNP2488,5,100554896,NA,NA,NA,0.998623132075833
SNP2489,5,100613037,NA,NA,NA,0.998623132075833
SNP2490,5,100633376,NA,NA,NA,0.998623132075833
SNP2491,5,100716529,NA,NA,NA,0.998623132075833
SNP2492,5,100814719,NA,NA,NA,0.96101256609096
SNP2493,5,101134190,NA,NA,NA,0.994026668934478
SNP2494,5,101179482,NA,NA,NA,0.994026668934478
SNP2495,5,101330393,NA,NA,NA,0.998623132075833
SNP2496,5,101331168,NA,NA,NA,0.998623132075833
SNP2497,5,101618480,NA,NA,NA,0.82176143200529
SNP2498,5,101618591,NA,NA,NA,0.998623132075833
SNP2499,5,101752774,NA,NA,NA,0.998623132075833
SNP2500,5,101953436,NA,NA,NA,0.97882240829845
SNP2501,5,102077716,NA,NA,NA,0.947859271877429
SNP2502,5,102154267,NA,NA,NA,0.994026668934478
SNP2503,5,102154664,NA,NA,NA,0.998623132075833
SNP2504,5,102156299,NA,NA,NA,0.998623132075833
SNP2505,5,102171423,NA,NA,NA,0.998623132075833
SNP2506,5,102171820,NA,NA,NA,0.998623132075833
SNP2507,5,102204241,NA,NA,NA,0.998623132075833
SNP2508,5,102280546,NA,NA,NA,0.994026668934478
SNP2509,5,102383911,NA,NA,NA,0.998623132075833
SNP2510,5,102455696,NA,NA,NA,0.998623132075833
SNP2511,5,102458980,NA,NA,NA,0.998623132075833
SNP2512,5,102515650,NA,NA,NA,0.998623132075833
SNP2513,5,102563961,NA,NA,NA,0.998623132075833
SNP2514,5,102667655,NA,NA,NA,0.994026668934478
SNP2515,5,102720829,NA,NA,NA,0.998623132075833
SNP2516,5,102873257,NA,NA,NA,0.942327571263328
SNP2517,5,102908776,NA,NA,NA,0.994026668934478
SNP2518,5,102917298,NA,NA,NA,0.998623132075833
SNP2519,5,103219113,NA,NA,NA,0.998623132075833
SNP2520,5,103220052,NA,NA,NA,0.757565382835618
SNP2521,5,103247539,NA,NA,NA,0.998623132075833
SNP2522,5,103291629,NA,NA,NA,0.994026668934478
SNP2523,5,103291790,NA,NA,NA,0.998623132075833
SNP2524,5,103357781,NA,NA,NA,0.998623132075833
SNP2525,5,103377991,NA,NA,NA,0.998623132075833
SNP2526,5,103543432,NA,NA,NA,0.998623132075833
SNP2527,5,103584719,NA,NA,NA,0.998623132075833
SNP2528,5,103785319,NA,NA,NA,0.998623132075833
SNP2529,5,103828966,NA,NA,NA,0.998623132075833
SNP2530,5,103908304,NA,NA,NA,0.998623132075833
SNP2531,5,104023520,NA,NA,NA,0.994026668934478
SNP2532,5,104040240,NA,NA,NA,0.113642530978559
SNP2533,5,104042360,NA,NA,NA,0.994026668934478
SNP2534,5,104179970,NA,NA,NA,0.998623132075833
SNP2535,5,104189390,NA,NA,NA,0.998623132075833
SNP2536,5,104261054,NA,NA,NA,0.998623132075833
SNP2537,5,104354554,NA,NA,NA,0.998623132075833
SNP2538,5,104484580,NA,NA,NA,0.994026668934478
SNP2539,5,104539872,NA,NA,NA,0.994026668934478
SNP2540,5,104540832,NA,NA,NA,0.994026668934478
SNP2541,5,104579002,NA,NA,NA,0.998623132075833
SNP2542,5,104594990,NA,NA,NA,0.994026668934478
SNP2543,5,104618896,NA,NA,NA,0.998623132075833
SNP2544,5,104630812,NA,NA,NA,0.998623132075833
SNP2545,5,104671731,NA,NA,NA,0.96101256609096
SNP2546,5,104777824,NA,NA,NA,0.998623132075833
SNP2547,5,104783616,NA,NA,NA,0.998623132075833
SNP2548,5,104783898,NA,NA,NA,0.994026668934478
SNP2549,5,104798994,NA,NA,NA,0.998623132075833
SNP2550,5,105038170,NA,NA,NA,0.998623132075833
SNP2551,5,105232752,NA,NA,NA,0.998623132075833
SNP2552,5,105359181,NA,NA,NA,0.998623132075833
SNP2553,5,105522011,NA,NA,NA,0.998623132075833
SNP2554,5,105770549,NA,NA,NA,0.998623132075833
SNP2555,5,105931020,NA,NA,NA,0.998018357568744
SNP2556,5,106193328,NA,NA,NA,0.998623132075833
SNP2557,5,106305542,NA,NA,NA,0.998623132075833
SNP2558,5,106311532,NA,NA,NA,0.998623132075833
SNP2559,5,106358401,NA,NA,NA,0.998623132075833
SNP2560,5,106358516,NA,NA,NA,0.994026668934478
SNP2561,5,106500806,NA,NA,NA,0.998623132075833
SNP2562,5,106742489,NA,NA,NA,0.998623132075833
SNP2563,5,106742532,NA,NA,NA,0.998623132075833
SNP2564,5,106743542,NA,NA,NA,0.998623132075833
SNP2565,5,106761881,NA,NA,NA,0.998623132075833
SNP2566,5,107004915,NA,NA,NA,0.998623132075833
SNP2567,5,107117424,NA,NA,NA,0.998623132075833
SNP2568,5,107259469,NA,NA,NA,0.998623132075833
SNP2569,5,108147829,NA,NA,NA,0.998623132075833
SNP2570,5,108408130,NA,NA,NA,0.998623132075833
SNP2571,5,108455088,NA,NA,NA,0.998623132075833
SNP2572,5,108520543,NA,NA,NA,0.994026668934478
SNP2573,5,108622360,NA,NA,NA,0.998623132075833
SNP2574,5,108626112,NA,NA,NA,0.998623132075833
SNP2575,5,108954575,NA,NA,NA,0.998623132075833
SNP2576,5,109305273,NA,NA,NA,0.998623132075833
SNP2577,5,109393004,NA,NA,NA,0.998623132075833
SNP2578,6,51298,NA,NA,NA,0.998623132075833
SNP2579,6,146318,NA,NA,NA,0.998623132075833
SNP2580,6,244095,NA,NA,NA,0.998623132075833
SNP2581,6,251310,NA,NA,NA,0.998623132075833
SNP2582,6,267745,NA,NA,NA,0.998623132075833
SNP2583,6,377339,NA,NA,NA,0.998623132075833
SNP2584,6,383346,NA,NA,NA,0.994026668934478
SNP2585,6,627890,NA,NA,NA,0.998623132075833
SNP2586,6,1018230,NA,NA,NA,0.998623132075833
SNP2587,6,1058890,NA,NA,NA,0.998623132075833
SNP2588,6,1090656,NA,NA,NA,0.994026668934478
SNP2589,6,1221980,NA,NA,NA,0.994026668934478
SNP2590,6,1335663,NA,NA,NA,0.994026668934478
SNP2591,6,1405255,NA,NA,NA,0.882219185321112
SNP2592,6,1418920,NA,NA,NA,0.994026668934478
SNP2593,6,1436225,NA,NA,NA,0.983465069927344
SNP2594,6,1539523,NA,NA,NA,0.998623132075833
SNP2595,6,1556330,NA,NA,NA,0.998623132075833
SNP2596,6,1647796,NA,NA,NA,0.998623132075833
SNP2597,6,1651013,NA,NA,NA,0.983465069927344
SNP2598,6,1672652,NA,NA,NA,0.998623132075833
SNP2599,6,1702756,NA,NA,NA,0.998623132075833
SNP2600,6,1731803,NA,NA,NA,0.998623132075833
SNP2601,6,1749930,NA,NA,NA,0.998623132075833
SNP2602,6,1834487,NA,NA,NA,0.998623132075833
SNP2603,6,1875308,NA,NA,NA,0.998623132075833
SNP2604,6,1890261,NA,NA,NA,0.998623132075833
SNP2605,6,1969471,NA,NA,NA,0.998623132075833
SNP2606,6,1974638,NA,NA,NA,0.998623132075833
SNP2607,6,1982008,NA,NA,NA,0.998623132075833
SNP2608,6,2131503,NA,NA,NA,0.998623132075833
SNP2609,6,2202096,NA,NA,NA,0.994026668934478
SNP2610,6,2229092,NA,NA,NA,0.998623132075833
SNP2611,6,2240548,NA,NA,NA,0.998623132075833
SNP2612,6,2308424,NA,NA,NA,0.998623132075833
SNP2613,6,2373392,NA,NA,NA,0.998623132075833
SNP2614,6,2380868,NA,NA,NA,0.998623132075833
SNP2615,6,2397891,NA,NA,NA,0.998623132075833
SNP2616,6,2451812,NA,NA,NA,0.998623132075833
SNP2617,6,2451915,NA,NA,NA,0.998623132075833
SNP2618,6,2456328,NA,NA,NA,0.998623132075833
SNP2619,6,2695395,NA,NA,NA,0.998623132075833
SNP2620,6,2730873,NA,NA,NA,0.998623132075833
SNP2621,6,2763696,NA,NA,NA,0.994026668934478
SNP2622,6,2801023,NA,NA,NA,0.998623132075833
SNP2623,6,2811910,NA,NA,NA,0.998623132075833
SNP2624,6,2848204,NA,NA,NA,0.998623132075833
SNP2625,6,2915219,NA,NA,NA,0.998623132075833
SNP2626,6,3033062,NA,NA,NA,0.998623132075833
SNP2627,6,3083998,NA,NA,NA,0.998623132075833
SNP2628,6,3147322,NA,NA,NA,0.998623132075833
SNP2629,6,3262961,NA,NA,NA,0.994026668934478
SNP2630,6,3312964,NA,NA,NA,0.998623132075833
SNP2631,6,3486573,NA,NA,NA,0.998623132075833
SNP2632,6,3491388,NA,NA,NA,0.998623132075833
SNP2633,6,3554099,NA,NA,NA,0.998623132075833
SNP2634,6,3559394,NA,NA,NA,0.994026668934478
SNP2635,6,4057858,NA,NA,NA,0.998623132075833
SNP2636,6,4362338,NA,NA,NA,0.998623132075833
SNP2637,6,4414125,NA,NA,NA,0.998623132075833
SNP2638,6,4438165,NA,NA,NA,0.998623132075833
SNP2639,6,4438274,NA,NA,NA,0.998623132075833
SNP2640,6,4493236,NA,NA,NA,0.998623132075833
SNP2641,6,4544777,NA,NA,NA,0.998623132075833
SNP2642,6,4548244,NA,NA,NA,0.998623132075833
SNP2643,6,4576361,NA,NA,NA,0.998623132075833
SNP2644,6,4727732,NA,NA,NA,0.998623132075833
SNP2645,6,4965699,NA,NA,NA,0.998623132075833
SNP2646,6,4994975,NA,NA,NA,0.998623132075833
SNP2647,6,5077215,NA,NA,NA,0.998623132075833
SNP2648,6,5095841,NA,NA,NA,0.998623132075833
SNP2649,6,5110032,NA,NA,NA,0.998623132075833
SNP2650,6,5127366,NA,NA,NA,0.998623132075833
SNP2651,6,5629077,NA,NA,NA,0.998623132075833
SNP2652,6,5773205,NA,NA,NA,0.998856163447371
SNP2653,6,5802301,NA,NA,NA,0.998623132075833
SNP2654,6,5999590,NA,NA,NA,0.998623132075833
SNP2655,6,6005111,NA,NA,NA,0.998623132075833
SNP2656,6,6020277,NA,NA,NA,0.998623132075833
SNP2657,6,6022513,NA,NA,NA,0.998623132075833
SNP2658,6,6111758,NA,NA,NA,0.998623132075833
SNP2659,6,6378713,NA,NA,NA,0.895353784531074
SNP2660,6,6400112,NA,NA,NA,0.998623132075833
SNP2661,6,6403639,NA,NA,NA,0.998623132075833
SNP2662,6,6544560,NA,NA,NA,0.998623132075833
SNP2663,6,6762373,NA,NA,NA,0.998623132075833
SNP2664,6,6897570,NA,NA,NA,0.799269132138692
SNP2665,6,6919051,NA,NA,NA,0.998623132075833
SNP2666,6,6960258,NA,NA,NA,0.998623132075833
SNP2667,6,7038146,NA,NA,NA,0.998623132075833
SNP2668,6,7380135,NA,NA,NA,0.998623132075833
SNP2669,6,7736770,NA,NA,NA,0.998623132075833
SNP2670,6,7840742,NA,NA,NA,0.998623132075833
SNP2671,6,8056348,NA,NA,NA,0.998623132075833
SNP2672,6,8085851,NA,NA,NA,0.998623132075833
SNP2673,6,8195909,NA,NA,NA,0.998623132075833
SNP2674,6,8215727,NA,NA,NA,0.998623132075833
SNP2675,6,8299833,NA,NA,NA,0.998623132075833
SNP2676,6,8885286,NA,NA,NA,0.998623132075833
SNP2677,6,8931011,NA,NA,NA,0.998623132075833
SNP2678,6,9411754,NA,NA,NA,0.998623132075833
SNP2679,6,9729352,NA,NA,NA,0.998623132075833
SNP2680,6,9734212,NA,NA,NA,0.994026668934478
SNP2681,6,9853917,NA,NA,NA,0.994026668934478
SNP2682,6,9938037,NA,NA,NA,0.998623132075833
SNP2683,6,10001136,NA,NA,NA,0.757565382835618
SNP2684,6,10394890,NA,NA,NA,0.998623132075833
SNP2685,6,10406552,NA,NA,NA,0.998623132075833
SNP2686,6,10555841,NA,NA,NA,0.998623132075833
SNP2687,6,10676463,NA,NA,NA,0.998623132075833
SNP2688,6,10697788,NA,NA,NA,0.998623132075833
SNP2689,6,10866856,NA,NA,NA,0.998623132075833
SNP2690,6,10880524,NA,NA,NA,0.998623132075833
SNP2691,6,10924601,NA,NA,NA,0.998623132075833
SNP2692,6,11004915,NA,NA,NA,0.998623132075833
SNP2693,6,11297985,NA,NA,NA,0.998623132075833
SNP2694,6,11502557,NA,NA,NA,0.998623132075833
SNP2695,6,11891519,NA,NA,NA,0.998623132075833
SNP2696,6,12154326,NA,NA,NA,0.998623132075833
SNP2697,6,12222356,NA,NA,NA,0.998623132075833
SNP2698,6,12222484,NA,NA,NA,0.998623132075833
SNP2699,6,12251255,NA,NA,NA,0.998623132075833
SNP2700,6,12269110,NA,NA,NA,0.998623132075833
SNP2701,6,12525521,NA,NA,NA,0.998623132075833
SNP2702,6,12625218,NA,NA,NA,0.998623132075833
SNP2703,6,12912267,NA,NA,NA,0.998623132075833
SNP2704,6,12977922,NA,NA,NA,0.998623132075833
SNP2705,6,14210303,NA,NA,NA,0.882219185321112
SNP2706,6,14242371,NA,NA,NA,0.998623132075833
SNP2707,6,14283440,NA,NA,NA,0.998623132075833
SNP2708,6,14429307,NA,NA,NA,0.998623132075833
SNP2709,6,14440957,NA,NA,NA,0.998623132075833
SNP2710,6,14608030,NA,NA,NA,0.998623132075833
SNP2711,6,14675933,NA,NA,NA,0.998623132075833
SNP2712,6,14679952,NA,NA,NA,0.998623132075833
SNP2713,6,14820727,NA,NA,NA,0.998623132075833
SNP2714,6,14843408,NA,NA,NA,0.998623132075833
SNP2715,6,14862347,NA,NA,NA,0.113642530978559
SNP2716,6,14881762,NA,NA,NA,0.96101256609096
SNP2717,6,14925853,NA,NA,NA,0.998623132075833
SNP2718,6,14960102,NA,NA,NA,0.994026668934478
SNP2719,6,14960586,NA,NA,NA,0.994026668934478
SNP2720,6,14961345,NA,NA,NA,0.994026668934478
SNP2721,6,14965988,NA,NA,NA,0.994026668934478
SNP2722,6,15159070,NA,NA,NA,0.998623132075833
SNP2723,6,15282294,NA,NA,NA,0.998623132075833
SNP2724,6,15324954,NA,NA,NA,0.998623132075833
SNP2725,6,15573397,NA,NA,NA,0.994026668934478
SNP2726,6,15970887,NA,NA,NA,0.998623132075833
SNP2727,6,16065445,NA,NA,NA,0.998623132075833
SNP2728,6,16259230,NA,NA,NA,0.998623132075833
SNP2729,6,16318885,NA,NA,NA,0.998623132075833
SNP2730,6,16327616,NA,NA,NA,0.998623132075833
SNP2731,6,16427767,NA,NA,NA,0.998623132075833
SNP2732,6,16700102,NA,NA,NA,0.998623132075833
SNP2733,6,16729936,NA,NA,NA,0.998623132075833
SNP2734,6,16759462,NA,NA,NA,0.998623132075833
SNP2735,6,16841998,NA,NA,NA,0.998623132075833
SNP2736,6,17108069,NA,NA,NA,0.96101256609096
SNP2737,6,17167538,NA,NA,NA,0.983694183538905
SNP2738,6,17202840,NA,NA,NA,0.998623132075833
SNP2739,6,17250888,NA,NA,NA,0.998623132075833
SNP2740,6,17376463,NA,NA,NA,0.998623132075833
SNP2741,6,17378951,NA,NA,NA,0.998623132075833
SNP2742,6,17540549,NA,NA,NA,0.998623132075833
SNP2743,6,17782889,NA,NA,NA,0.998623132075833
SNP2744,6,17784243,NA,NA,NA,0.998623132075833
SNP2745,6,17875297,NA,NA,NA,0.998623132075833
SNP2746,6,17899037,NA,NA,NA,0.998623132075833
SNP2747,6,17904905,NA,NA,NA,0.998623132075833
SNP2748,6,18287322,NA,NA,NA,0.998623132075833
SNP2749,6,18456772,NA,NA,NA,0.998623132075833
SNP2750,6,18483991,NA,NA,NA,0.998623132075833
SNP2751,6,18487222,NA,NA,NA,0.998623132075833
SNP2752,6,18592208,NA,NA,NA,0.998623132075833
SNP2753,6,19033845,NA,NA,NA,0.998623132075833
SNP2754,6,19058493,NA,NA,NA,0.998623132075833
SNP2755,6,19202725,NA,NA,NA,0.998623132075833
SNP2756,6,19448295,NA,NA,NA,0.998623132075833
SNP2757,6,19468573,NA,NA,NA,0.998623132075833
SNP2758,6,19470677,NA,NA,NA,0.998623132075833
SNP2759,6,19566316,NA,NA,NA,0.998623132075833
SNP2760,6,20584314,NA,NA,NA,0.998623132075833
SNP2761,6,21263740,NA,NA,NA,0.998623132075833
SNP2762,6,21541576,NA,NA,NA,0.998623132075833
SNP2763,6,21851943,NA,NA,NA,0.998623132075833
SNP2764,6,22004539,NA,NA,NA,0.998623132075833
SNP2765,6,22423905,NA,NA,NA,0.998623132075833
SNP2766,6,23345738,NA,NA,NA,0.998623132075833
SNP2767,6,23346356,NA,NA,NA,0.998623132075833
SNP2768,6,23348752,NA,NA,NA,0.998623132075833
SNP2769,6,23535157,NA,NA,NA,0.998623132075833
SNP2770,6,23615038,NA,NA,NA,0.998623132075833
SNP2771,6,23712764,NA,NA,NA,0.998623132075833
SNP2772,6,23748522,NA,NA,NA,0.998623132075833
SNP2773,6,23789774,NA,NA,NA,0.998623132075833
SNP2774,6,23792158,NA,NA,NA,0.998623132075833
SNP2775,6,24598559,NA,NA,NA,0.998623132075833
SNP2776,6,25793676,NA,NA,NA,0.998623132075833
SNP2777,6,25854597,NA,NA,NA,0.998623132075833
SNP2778,6,25975991,NA,NA,NA,0.998623132075833
SNP2779,6,25987310,NA,NA,NA,0.998623132075833
SNP2780,6,26968841,NA,NA,NA,0.998623132075833
SNP2781,6,27052109,NA,NA,NA,0.998623132075833
SNP2782,6,27221379,NA,NA,NA,0.998623132075833
SNP2783,6,27625468,NA,NA,NA,0.998623132075833
SNP2784,6,27779450,NA,NA,NA,0.998623132075833
SNP2785,6,27786659,NA,NA,NA,0.998623132075833
SNP2786,6,27839916,NA,NA,NA,0.998623132075833
SNP2787,6,31484581,NA,NA,NA,0.998623132075833
SNP2788,6,31663747,NA,NA,NA,0.998623132075833
SNP2789,6,31864623,NA,NA,NA,0.998623132075833
SNP2790,6,32488114,NA,NA,NA,0.998623132075833
SNP2791,6,32900555,NA,NA,NA,0.998623132075833
SNP2792,6,33121386,NA,NA,NA,0.998623132075833
SNP2793,6,33771155,NA,NA,NA,0.994026668934478
SNP2794,6,34148108,NA,NA,NA,0.998623132075833
SNP2795,6,34331219,NA,NA,NA,0.998623132075833
SNP2796,6,34441610,NA,NA,NA,0.96101256609096
SNP2797,6,34794095,NA,NA,NA,0.998623132075833
SNP2798,6,34815948,NA,NA,NA,0.998623132075833
SNP2799,6,35835747,NA,NA,NA,0.998623132075833
SNP2800,6,36184328,NA,NA,NA,0.998623132075833
SNP2801,6,36789615,NA,NA,NA,0.998623132075833
SNP2802,6,36989309,NA,NA,NA,0.998623132075833
SNP2803,6,37237730,NA,NA,NA,0.998623132075833
SNP2804,6,37912943,NA,NA,NA,0.998623132075833
SNP2805,6,39056961,NA,NA,NA,0.998623132075833
SNP2806,6,39057072,NA,NA,NA,0.998623132075833
SNP2807,6,40161593,NA,NA,NA,0.998623132075833
SNP2808,6,41841635,NA,NA,NA,0.998623132075833
SNP2809,6,44416840,NA,NA,NA,0.998623132075833
SNP2810,6,45869347,NA,NA,NA,0.998623132075833
SNP2811,6,48620142,NA,NA,NA,0.998623132075833
SNP2812,6,48964270,NA,NA,NA,0.998623132075833
SNP2813,6,49741016,NA,NA,NA,0.998623132075833
SNP2814,6,50791598,NA,NA,NA,0.998623132075833
SNP2815,6,52428869,NA,NA,NA,0.998623132075833
SNP2816,6,52760454,NA,NA,NA,0.998623132075833
SNP2817,6,53055580,NA,NA,NA,0.998623132075833
SNP2818,6,54379982,NA,NA,NA,0.998623132075833
SNP2819,6,54414205,NA,NA,NA,0.998623132075833
SNP2820,6,54783032,NA,NA,NA,0.998623132075833
SNP2821,6,55095424,NA,NA,NA,0.998623132075833
SNP2822,6,55428031,NA,NA,NA,0.998623132075833
SNP2823,6,55563165,NA,NA,NA,0.998623132075833
SNP2824,6,56129682,NA,NA,NA,0.998623132075833
SNP2825,6,56347216,NA,NA,NA,0.998623132075833
SNP2826,6,56699416,NA,NA,NA,0.998623132075833
SNP2827,6,57729112,NA,NA,NA,0.998623132075833
SNP2828,6,58438887,NA,NA,NA,0.998623132075833
SNP2829,6,58918419,NA,NA,NA,0.998623132075833
SNP2830,6,59713976,NA,NA,NA,0.998623132075833
SNP2831,6,60165005,NA,NA,NA,0.998623132075833
SNP2832,6,60165959,NA,NA,NA,0.998623132075833
SNP2833,6,60178725,NA,NA,NA,0.998623132075833
SNP2834,6,60753798,NA,NA,NA,0.998623132075833
SNP2835,6,62127996,NA,NA,NA,0.998623132075833
SNP2836,6,62632857,NA,NA,NA,0.998623132075833
SNP2837,6,63319414,NA,NA,NA,0.994026668934478
SNP2838,6,63333722,NA,NA,NA,0.983465069927344
SNP2839,6,63333957,NA,NA,NA,0.994026668934478
SNP2840,6,63883081,NA,NA,NA,0.998623132075833
SNP2841,6,64855669,NA,NA,NA,0.998623132075833
SNP2842,6,65741198,NA,NA,NA,0.998623132075833
SNP2843,6,66659274,NA,NA,NA,0.998623132075833
SNP2844,6,67602802,NA,NA,NA,0.998623132075833
SNP2845,6,68658203,NA,NA,NA,0.998623132075833
SNP2846,6,68984793,NA,NA,NA,0.998623132075833
SNP2847,6,69576204,NA,NA,NA,0.998623132075833
SNP2848,6,70023811,NA,NA,NA,0.998623132075833
SNP2849,6,70310402,NA,NA,NA,0.998623132075833
SNP2850,6,70420433,NA,NA,NA,0.998623132075833
SNP2851,6,70533409,NA,NA,NA,0.998623132075833
SNP2852,6,70790356,NA,NA,NA,0.998623132075833
SNP2853,6,70869795,NA,NA,NA,0.998623132075833
SNP2854,6,71945095,NA,NA,NA,0.998623132075833
SNP2855,6,72192644,NA,NA,NA,0.998623132075833
SNP2856,6,72270756,NA,NA,NA,0.998623132075833
SNP2857,6,72303731,NA,NA,NA,0.998623132075833
SNP2858,6,73820624,NA,NA,NA,0.998623132075833
SNP2859,6,74748709,NA,NA,NA,0.998623132075833
SNP2860,6,75220614,NA,NA,NA,0.998623132075833
SNP2861,6,75505630,NA,NA,NA,0.998623132075833
SNP2862,6,75727071,NA,NA,NA,0.998623132075833
SNP2863,6,75973024,NA,NA,NA,0.998623132075833
SNP2864,6,76344977,NA,NA,NA,0.998623132075833
SNP2865,6,76366290,NA,NA,NA,0.998623132075833
SNP2866,6,76399540,NA,NA,NA,0.998623132075833
SNP2867,6,77065674,NA,NA,NA,0.998623132075833
SNP2868,6,77169194,NA,NA,NA,0.998623132075833
SNP2869,6,78173135,NA,NA,NA,0.998623132075833
SNP2870,6,78173446,NA,NA,NA,0.998623132075833
SNP2871,6,79307914,NA,NA,NA,0.998623132075833
SNP2872,6,79315749,NA,NA,NA,0.998623132075833
SNP2873,6,79839581,NA,NA,NA,0.998623132075833
SNP2874,6,79839814,NA,NA,NA,0.998623132075833
SNP2875,6,79840003,NA,NA,NA,0.998623132075833
SNP2876,6,79840042,NA,NA,NA,0.998623132075833
SNP2877,6,79840222,NA,NA,NA,0.998623132075833
SNP2878,6,79840386,NA,NA,NA,0.998623132075833
SNP2879,6,79840739,NA,NA,NA,0.998623132075833
SNP2880,6,79841582,NA,NA,NA,0.998623132075833
SNP2881,6,79841738,NA,NA,NA,0.998623132075833
SNP2882,6,79843244,NA,NA,NA,0.998623132075833
SNP2883,6,79843246,NA,NA,NA,0.998623132075833
SNP2884,6,79843398,NA,NA,NA,0.998623132075833
SNP2885,6,79844009,NA,NA,NA,0.998623132075833
SNP2886,6,79851252,NA,NA,NA,0.998623132075833
SNP2887,6,79851516,NA,NA,NA,0.998623132075833
SNP2888,6,79851568,NA,NA,NA,0.998623132075833
SNP2889,6,79851901,NA,NA,NA,0.998623132075833
SNP2890,6,79851968,NA,NA,NA,0.998623132075833
SNP2891,6,79852047,NA,NA,NA,0.998623132075833
SNP2892,6,79852064,NA,NA,NA,0.998623132075833
SNP2893,6,79853155,NA,NA,NA,0.998623132075833
SNP2894,6,79853271,NA,NA,NA,0.998623132075833
SNP2895,6,79853325,NA,NA,NA,0.998623132075833
SNP2896,6,79855060,NA,NA,NA,0.998623132075833
SNP2897,6,79855524,NA,NA,NA,0.998623132075833
SNP2898,6,79855535,NA,NA,NA,0.998623132075833
SNP2899,6,79855682,NA,NA,NA,0.998623132075833
SNP2900,6,79855935,NA,NA,NA,0.998623132075833
SNP2901,6,79856564,NA,NA,NA,0.998623132075833
SNP2902,6,80353676,NA,NA,NA,0.998623132075833
SNP2903,6,80391960,NA,NA,NA,0.998623132075833
SNP2904,6,80718920,NA,NA,NA,0.994026668934478
SNP2905,6,80764096,NA,NA,NA,0.998623132075833
SNP2906,6,81966565,NA,NA,NA,0.998623132075833
SNP2907,6,83386257,NA,NA,NA,0.998623132075833
SNP2908,6,84783421,NA,NA,NA,0.998623132075833
SNP2909,6,84901601,NA,NA,NA,0.998623132075833
SNP2910,6,85673960,NA,NA,NA,0.998623132075833
SNP2911,6,85735829,NA,NA,NA,0.998623132075833
SNP2912,6,86149370,NA,NA,NA,0.998623132075833
SNP2913,6,86272344,NA,NA,NA,0.998623132075833
SNP2914,6,86575450,NA,NA,NA,0.998623132075833
SNP2915,6,86770721,NA,NA,NA,0.998623132075833
SNP2916,6,86798706,NA,NA,NA,0.998623132075833
SNP2917,6,87825553,NA,NA,NA,0.998623132075833
SNP2918,6,87972941,NA,NA,NA,0.998623132075833
SNP2919,6,88624987,NA,NA,NA,0.998623132075833
SNP2920,6,89096034,NA,NA,NA,0.998623132075833
SNP2921,6,89489459,NA,NA,NA,0.998623132075833
SNP2922,6,89617748,NA,NA,NA,0.998623132075833
SNP2923,6,89946485,NA,NA,NA,0.998623132075833
SNP2924,6,90104452,NA,NA,NA,0.998623132075833
SNP2925,6,91254716,NA,NA,NA,0.998623132075833
SNP2926,6,91426177,NA,NA,NA,0.998623132075833
SNP2927,6,91814193,NA,NA,NA,0.998623132075833
SNP2928,6,92002063,NA,NA,NA,0.998623132075833
SNP2929,6,92041588,NA,NA,NA,0.998623132075833
SNP2930,6,92354363,NA,NA,NA,0.998623132075833
SNP2931,6,92624239,NA,NA,NA,0.998623132075833
SNP2932,6,92867793,NA,NA,NA,0.998623132075833
SNP2933,6,92969207,NA,NA,NA,0.998623132075833
SNP2934,6,93125663,NA,NA,NA,0.998623132075833
SNP2935,6,93675878,NA,NA,NA,0.998623132075833
SNP2936,6,94092441,NA,NA,NA,0.998623132075833
SNP2937,6,94129577,NA,NA,NA,0.994026668934478
SNP2938,6,94196418,NA,NA,NA,0.998623132075833
SNP2939,6,94196565,NA,NA,NA,0.998623132075833
SNP2940,6,94196942,NA,NA,NA,0.998623132075833
SNP2941,6,94196944,NA,NA,NA,0.998623132075833
SNP2942,6,94197025,NA,NA,NA,0.998623132075833
SNP2943,6,94197058,NA,NA,NA,0.998623132075833
SNP2944,6,94197096,NA,NA,NA,0.998623132075833
SNP2945,6,94197132,NA,NA,NA,0.998623132075833
SNP2946,6,94197667,NA,NA,NA,0.998623132075833
SNP2947,6,94246718,NA,NA,NA,0.998623132075833
SNP2948,6,94254547,NA,NA,NA,0.998623132075833
SNP2949,6,94412322,NA,NA,NA,0.998623132075833
SNP2950,6,94487691,NA,NA,NA,0.998623132075833
SNP2951,6,94829921,NA,NA,NA,0.998623132075833
SNP2952,6,95068386,NA,NA,NA,0.998623132075833
SNP2953,6,95180807,NA,NA,NA,0.994026668934478
SNP2954,6,95223902,NA,NA,NA,0.998623132075833
SNP2955,6,95654236,NA,NA,NA,0.994026668934478
SNP2956,6,95950638,NA,NA,NA,0.998623132075833
SNP2957,6,96092792,NA,NA,NA,0.998623132075833
SNP2958,6,96492176,NA,NA,NA,0.994026668934478
SNP2959,6,96705435,NA,NA,NA,0.998623132075833
SNP2960,6,96724705,NA,NA,NA,0.998623132075833
SNP2961,6,96735945,NA,NA,NA,0.998623132075833
SNP2962,6,97009852,NA,NA,NA,0.998623132075833
SNP2963,6,97040782,NA,NA,NA,0.998623132075833
SNP2964,6,97090260,NA,NA,NA,0.998623132075833
SNP2965,6,97091814,NA,NA,NA,0.998623132075833
SNP2966,6,97391547,NA,NA,NA,0.998623132075833
SNP2967,6,97639398,NA,NA,NA,0.998623132075833
SNP2968,6,97666624,NA,NA,NA,0.998623132075833
SNP2969,6,97742804,NA,NA,NA,0.998623132075833
SNP2970,6,97830338,NA,NA,NA,0.998623132075833
SNP2971,6,97832221,NA,NA,NA,0.998623132075833
SNP2972,6,98481477,NA,NA,NA,0.998623132075833
SNP2973,6,98535066,NA,NA,NA,0.998623132075833
SNP2974,6,100189439,NA,NA,NA,0.73889577929689
SNP2975,6,100326712,NA,NA,NA,0.998623132075833
SNP2976,6,100422166,NA,NA,NA,0.998623132075833
SNP2977,6,100752712,NA,NA,NA,0.998623132075833
SNP2978,6,101042118,NA,NA,NA,0.998623132075833
SNP2979,6,101235816,NA,NA,NA,0.998623132075833
SNP2980,6,101805228,NA,NA,NA,0.994026668934478
SNP2981,6,102402057,NA,NA,NA,0.998623132075833
SNP2982,6,102507081,NA,NA,NA,0.998623132075833
SNP2983,6,102507091,NA,NA,NA,0.998623132075833
SNP2984,6,102698895,NA,NA,NA,0.998623132075833
SNP2985,6,102757369,NA,NA,NA,0.998623132075833
SNP2986,6,103192486,NA,NA,NA,0.998623132075833
SNP2987,6,103249057,NA,NA,NA,0.998623132075833
SNP2988,6,103803223,NA,NA,NA,0.994026668934478
SNP2989,6,103871671,NA,NA,NA,0.994026668934478
SNP2990,6,104355503,NA,NA,NA,0.998623132075833
SNP2991,6,104464321,NA,NA,NA,0.998623132075833
SNP2992,6,104656747,NA,NA,NA,0.998623132075833
SNP2993,6,104722890,NA,NA,NA,0.998623132075833
SNP2994,6,104722947,NA,NA,NA,0.998623132075833
SNP2995,6,104761133,NA,NA,NA,0.998623132075833
SNP2996,6,104844359,NA,NA,NA,0.998623132075833
SNP2997,6,105019434,NA,NA,NA,0.998623132075833
SNP2998,6,105156551,NA,NA,NA,0.998623132075833
SNP2999,6,105156991,NA,NA,NA,0.998623132075833
SNP3000,6,105157006,NA,NA,NA,0.998623132075833
SNP3001,6,105269669,NA,NA,NA,0.957720023675892
SNP3002,6,105285553,NA,NA,NA,0.998623132075833
SNP3003,6,105313677,NA,NA,NA,0.998623132075833
SNP3004,6,105402882,NA,NA,NA,0.998623132075833
SNP3005,6,105404721,NA,NA,NA,0.998623132075833
SNP3006,6,105425114,NA,NA,NA,0.998623132075833
SNP3007,6,105426750,NA,NA,NA,0.998623132075833
SNP3008,6,105438012,NA,NA,NA,0.998623132075833
SNP3009,6,105647395,NA,NA,NA,0.998623132075833
SNP3010,6,105785731,NA,NA,NA,0.998623132075833
SNP3011,6,106066852,NA,NA,NA,0.998623132075833
SNP3012,6,106075797,NA,NA,NA,0.998623132075833
SNP3013,6,106277622,NA,NA,NA,0.998623132075833
SNP3014,6,106309619,NA,NA,NA,0.998623132075833
SNP3015,6,106313967,NA,NA,NA,0.998623132075833
SNP3016,6,106369526,NA,NA,NA,0.998623132075833
SNP3017,6,106384522,NA,NA,NA,0.998623132075833
SNP3018,6,106433993,NA,NA,NA,0.998623132075833
SNP3019,6,106623964,NA,NA,NA,0.998623132075833
SNP3020,6,106624416,NA,NA,NA,0.998623132075833
SNP3021,6,106837073,NA,NA,NA,0.998623132075833
SNP3022,6,106847236,NA,NA,NA,0.998623132075833
SNP3023,6,106921638,NA,NA,NA,0.998623132075833
SNP3024,6,107057624,NA,NA,NA,0.998623132075833
SNP3025,6,107119109,NA,NA,NA,0.998623132075833
SNP3026,6,107139353,NA,NA,NA,0.998623132075833
SNP3027,6,107294904,NA,NA,NA,0.998623132075833
SNP3028,6,107508389,NA,NA,NA,0.998623132075833
SNP3029,6,107727822,NA,NA,NA,0.998623132075833
SNP3030,6,107791648,NA,NA,NA,0.998623132075833
SNP3031,6,108178009,NA,NA,NA,0.998623132075833
SNP3032,6,108294135,NA,NA,NA,0.998623132075833
SNP3033,6,108469217,NA,NA,NA,0.998623132075833
SNP3034,6,109345061,NA,NA,NA,0.994026668934478
SNP3035,6,109385384,NA,NA,NA,0.983465069927344
SNP3036,6,109393510,NA,NA,NA,0.998856163447371
SNP3037,6,109473881,NA,NA,NA,0.994026668934478
SNP3038,6,109488326,NA,NA,NA,0.994026668934478
SNP3039,6,109502793,NA,NA,NA,0.998623132075833
SNP3040,6,109678934,NA,NA,NA,0.998623132075833
SNP3041,6,109986085,NA,NA,NA,0.998623132075833
SNP3042,6,110138057,NA,NA,NA,0.994026668934478
SNP3043,6,110199500,NA,NA,NA,0.998623132075833
SNP3044,6,110550534,NA,NA,NA,0.998623132075833
SNP3045,6,110551112,NA,NA,NA,0.998623132075833
SNP3046,6,110632530,NA,NA,NA,0.998623132075833
SNP3047,6,110634476,NA,NA,NA,0.998623132075833
SNP3048,6,110637168,NA,NA,NA,0.998623132075833
SNP3049,6,110666874,NA,NA,NA,0.998623132075833
SNP3050,6,110758175,NA,NA,NA,0.998623132075833
SNP3051,6,110791892,NA,NA,NA,0.998623132075833
SNP3052,6,110820404,NA,NA,NA,0.998623132075833
SNP3053,6,110847256,NA,NA,NA,0.998623132075833
SNP3054,6,110905054,NA,NA,NA,0.998623132075833
SNP3055,6,110905105,NA,NA,NA,0.998623132075833
SNP3056,6,110905201,NA,NA,NA,0.998623132075833
SNP3057,6,110905302,NA,NA,NA,0.998623132075833
SNP3058,6,110926997,NA,NA,NA,0.994026668934478
SNP3059,6,110927665,NA,NA,NA,0.998623132075833
SNP3060,6,110928524,NA,NA,NA,0.994026668934478
SNP3061,6,110932261,NA,NA,NA,0.994026668934478
SNP3062,6,110932308,NA,NA,NA,0.994026668934478
SNP3063,6,110932611,NA,NA,NA,0.994026668934478
SNP3064,6,110932853,NA,NA,NA,0.908567097241291
SNP3065,6,110932944,NA,NA,NA,0.994026668934478
SNP3066,6,110933027,NA,NA,NA,0.994026668934478
SNP3067,6,110933107,NA,NA,NA,0.994026668934478
SNP3068,6,110933196,NA,NA,NA,0.998623132075833
SNP3069,6,110945733,NA,NA,NA,0.994026668934478
SNP3070,6,110955673,NA,NA,NA,0.994026668934478
SNP3071,6,110975287,NA,NA,NA,0.994026668934478
SNP3072,6,110975358,NA,NA,NA,0.994026668934478
SNP3073,6,110975361,NA,NA,NA,0.994026668934478
SNP3074,6,110975373,NA,NA,NA,0.994026668934478
SNP3075,6,110977029,NA,NA,NA,0.994026668934478
SNP3076,6,110978019,NA,NA,NA,0.994026668934478
SNP3077,6,110979158,NA,NA,NA,0.994026668934478
SNP3078,6,110979228,NA,NA,NA,0.994026668934478
SNP3079,6,110988705,NA,NA,NA,0.994026668934478
SNP3080,6,111003462,NA,NA,NA,0.994026668934478
SNP3081,6,111048782,NA,NA,NA,0.96101256609096
SNP3082,6,111342983,NA,NA,NA,0.998623132075833
SNP3083,6,111404896,NA,NA,NA,0.998623132075833
SNP3084,6,111443218,NA,NA,NA,0.998623132075833
SNP3085,6,111975030,NA,NA,NA,0.998623132075833
SNP3086,6,111995614,NA,NA,NA,0.998623132075833
SNP3087,7,88041,NA,NA,NA,0.998623132075833
SNP3088,7,536638,NA,NA,NA,0.994026668934478
SNP3089,7,544437,NA,NA,NA,0.998623132075833
SNP3090,7,605413,NA,NA,NA,0.998623132075833
SNP3091,7,937362,NA,NA,NA,0.998623132075833
SNP3092,7,940344,NA,NA,NA,0.998623132075833
SNP3093,7,1187202,NA,NA,NA,0.998623132075833
SNP3094,7,1191903,NA,NA,NA,0.998623132075833
SNP3095,7,1217789,NA,NA,NA,0.998623132075833
SNP3096,7,1333570,NA,NA,NA,0.998623132075833
SNP3097,7,1336829,NA,NA,NA,0.998623132075833
SNP3098,7,1473208,NA,NA,NA,0.998623132075833
SNP3099,7,1516789,NA,NA,NA,0.882219185321112
SNP3100,7,1517174,NA,NA,NA,0.998623132075833
SNP3101,7,1526937,NA,NA,NA,0.998623132075833
SNP3102,7,1588385,NA,NA,NA,0.96101256609096
SNP3103,7,1871581,NA,NA,NA,0.998623132075833
SNP3104,7,1970451,NA,NA,NA,0.796467738819195
SNP3105,7,2564172,NA,NA,NA,0.994026668934478
SNP3106,7,2564200,NA,NA,NA,0.96101256609096
SNP3107,7,2564289,NA,NA,NA,0.96101256609096
SNP3108,7,2564604,NA,NA,NA,0.96101256609096
SNP3109,7,2565631,NA,NA,NA,0.96101256609096
SNP3110,7,2815877,NA,NA,NA,0.998623132075833
SNP3111,7,2842748,NA,NA,NA,0.998623132075833
SNP3112,7,2973341,NA,NA,NA,0.998623132075833
SNP3113,7,3139581,NA,NA,NA,0.882219185321112
SNP3114,7,3642702,NA,NA,NA,0.994026668934478
SNP3115,7,3643081,NA,NA,NA,0.96101256609096
SNP3116,7,3647743,NA,NA,NA,0.994026668934478
SNP3117,7,3647803,NA,NA,NA,0.96101256609096
SNP3118,7,3647838,NA,NA,NA,0.96101256609096
SNP3119,7,3647931,NA,NA,NA,0.96101256609096
SNP3120,7,3649083,NA,NA,NA,0.96101256609096
SNP3121,7,3681533,NA,NA,NA,0.998623132075833
SNP3122,7,3843676,NA,NA,NA,0.998623132075833
SNP3123,7,3944572,NA,NA,NA,0.998623132075833
SNP3124,7,4062405,NA,NA,NA,0.998623132075833
SNP3125,7,4092195,NA,NA,NA,0.998623132075833
SNP3126,7,4535741,NA,NA,NA,0.998623132075833
SNP3127,7,4556586,NA,NA,NA,0.998623132075833
SNP3128,7,4556698,NA,NA,NA,0.998623132075833
SNP3129,7,4556844,NA,NA,NA,0.998623132075833
SNP3130,7,4557012,NA,NA,NA,0.998623132075833
SNP3131,7,4557076,NA,NA,NA,0.998623132075833
SNP3132,7,4557448,NA,NA,NA,0.998623132075833
SNP3133,7,4557526,NA,NA,NA,0.998623132075833
SNP3134,7,4557562,NA,NA,NA,0.998623132075833
SNP3135,7,4685468,NA,NA,NA,0.998623132075833
SNP3136,7,4944769,NA,NA,NA,0.998623132075833
SNP3137,7,4960748,NA,NA,NA,0.998623132075833
SNP3138,7,5231128,NA,NA,NA,0.998623132075833
SNP3139,7,5370525,NA,NA,NA,0.998623132075833
SNP3140,7,5372628,NA,NA,NA,0.998623132075833
SNP3141,7,5953245,NA,NA,NA,0.998623132075833
SNP3142,7,5969334,NA,NA,NA,0.998623132075833
SNP3143,7,6229384,NA,NA,NA,0.998623132075833
SNP3144,7,6489131,NA,NA,NA,0.998623132075833
SNP3145,7,6516170,NA,NA,NA,0.998623132075833
SNP3146,7,6524157,NA,NA,NA,0.998623132075833
SNP3147,7,6665011,NA,NA,NA,0.998623132075833
SNP3148,7,6715265,NA,NA,NA,0.998623132075833
SNP3149,7,6759158,NA,NA,NA,0.998623132075833
SNP3150,7,6843425,NA,NA,NA,0.998623132075833
SNP3151,7,7069001,NA,NA,NA,0.998623132075833
SNP3152,7,7074047,NA,NA,NA,0.998623132075833
SNP3153,7,7143266,NA,NA,NA,0.998623132075833
SNP3154,7,7202824,NA,NA,NA,0.998623132075833
SNP3155,7,7255379,NA,NA,NA,0.998623132075833
SNP3156,7,7419595,NA,NA,NA,0.994026668934478
SNP3157,7,7601652,NA,NA,NA,0.998623132075833
SNP3158,7,7755422,NA,NA,NA,0.998623132075833
SNP3159,7,7873761,NA,NA,NA,0.998623132075833
SNP3160,7,8582130,NA,NA,NA,0.998623132075833
SNP3161,7,8650825,NA,NA,NA,0.96101256609096
SNP3162,7,8666124,NA,NA,NA,0.998623132075833
SNP3163,7,8734100,NA,NA,NA,0.998623132075833
SNP3164,7,8759017,NA,NA,NA,0.96101256609096
SNP3165,7,8965230,NA,NA,NA,0.998623132075833
SNP3166,7,8996134,NA,NA,NA,0.998623132075833
SNP3167,7,9285327,NA,NA,NA,0.994026668934478
SNP3168,7,9412525,NA,NA,NA,0.998623132075833
SNP3169,7,9518251,NA,NA,NA,0.994026668934478
SNP3170,7,9596839,NA,NA,NA,0.994026668934478
SNP3171,7,9678766,NA,NA,NA,0.998623132075833
SNP3172,7,9729090,NA,NA,NA,0.998623132075833
SNP3173,7,10014058,NA,NA,NA,0.998623132075833
SNP3174,7,10326430,NA,NA,NA,0.998623132075833
SNP3175,7,10768365,NA,NA,NA,0.998623132075833
SNP3176,7,10840313,NA,NA,NA,0.998623132075833
SNP3177,7,10849751,NA,NA,NA,0.998623132075833
SNP3178,7,10873997,NA,NA,NA,0.998623132075833
SNP3179,7,10904507,NA,NA,NA,0.998623132075833
SNP3180,7,11284429,NA,NA,NA,0.998623132075833
SNP3181,7,11595086,NA,NA,NA,0.998623132075833
SNP3182,7,11646332,NA,NA,NA,0.998623132075833
SNP3183,7,11706948,NA,NA,NA,0.998623132075833
SNP3184,7,11739939,NA,NA,NA,0.998623132075833
SNP3185,7,11765386,NA,NA,NA,0.998623132075833
SNP3186,7,11766998,NA,NA,NA,0.998623132075833
SNP3187,7,11895013,NA,NA,NA,0.998623132075833
SNP3188,7,11897881,NA,NA,NA,0.998623132075833
SNP3189,7,11902406,NA,NA,NA,0.998623132075833
SNP3190,7,12070538,NA,NA,NA,0.998623132075833
SNP3191,7,12181354,NA,NA,NA,0.998623132075833
SNP3192,7,12182511,NA,NA,NA,0.998623132075833
SNP3193,7,12349125,NA,NA,NA,0.998623132075833
SNP3194,7,12521563,NA,NA,NA,0.998623132075833
SNP3195,7,12582255,NA,NA,NA,0.998623132075833
SNP3196,7,13002879,NA,NA,NA,0.998623132075833
SNP3197,7,13575652,NA,NA,NA,0.994026668934478
SNP3198,7,13608123,NA,NA,NA,0.998623132075833
SNP3199,7,13714703,NA,NA,NA,0.998623132075833
SNP3200,7,13849652,NA,NA,NA,0.998623132075833
SNP3201,7,13860173,NA,NA,NA,0.998623132075833
SNP3202,7,14159853,NA,NA,NA,0.994026668934478
SNP3203,7,14353884,NA,NA,NA,0.998623132075833
SNP3204,7,14366822,NA,NA,NA,0.998623132075833
SNP3205,7,14438891,NA,NA,NA,0.998623132075833
SNP3206,7,14518932,NA,NA,NA,0.998623132075833
SNP3207,7,14534229,NA,NA,NA,0.998623132075833
SNP3208,7,15052690,NA,NA,NA,0.998623132075833
SNP3209,7,15129535,NA,NA,NA,0.998623132075833
SNP3210,7,15289948,NA,NA,NA,0.998623132075833
SNP3211,7,15591393,NA,NA,NA,0.998623132075833
SNP3212,7,15682485,NA,NA,NA,0.998623132075833
SNP3213,7,15782644,NA,NA,NA,0.998623132075833
SNP3214,7,16169726,NA,NA,NA,0.998623132075833
SNP3215,7,16212548,NA,NA,NA,0.994026668934478
SNP3216,7,16297098,NA,NA,NA,0.994026668934478
SNP3217,7,17306559,NA,NA,NA,0.994026668934478
SNP3218,7,17536379,NA,NA,NA,0.998623132075833
SNP3219,7,18241987,NA,NA,NA,0.998623132075833
SNP3220,7,18675844,NA,NA,NA,0.998623132075833
SNP3221,7,18780288,NA,NA,NA,0.994026668934478
SNP3222,7,18840166,NA,NA,NA,0.998623132075833
SNP3223,7,18840306,NA,NA,NA,0.998623132075833
SNP3224,7,18840346,NA,NA,NA,0.998623132075833
SNP3225,7,19125466,NA,NA,NA,0.998623132075833
SNP3226,7,19254014,NA,NA,NA,0.998623132075833
SNP3227,7,20069341,NA,NA,NA,0.998623132075833
SNP3228,7,20199747,NA,NA,NA,0.998623132075833
SNP3229,7,20994938,NA,NA,NA,0.998623132075833
SNP3230,7,21506766,NA,NA,NA,0.998623132075833
SNP3231,7,21616270,NA,NA,NA,0.998623132075833
SNP3232,7,21622480,NA,NA,NA,0.998623132075833
SNP3233,7,21622563,NA,NA,NA,0.998623132075833
SNP3234,7,21639777,NA,NA,NA,0.998623132075833
SNP3235,7,21862707,NA,NA,NA,0.998623132075833
SNP3236,7,22257800,NA,NA,NA,0.998623132075833
SNP3237,7,22267676,NA,NA,NA,0.998623132075833
SNP3238,7,22304296,NA,NA,NA,0.998623132075833
SNP3239,7,22359364,NA,NA,NA,0.998623132075833
SNP3240,7,22362564,NA,NA,NA,0.994026668934478
SNP3241,7,22653939,NA,NA,NA,0.998623132075833
SNP3242,7,22905122,NA,NA,NA,0.998623132075833
SNP3243,7,22905143,NA,NA,NA,0.998623132075833
SNP3244,7,23104918,NA,NA,NA,0.998623132075833
SNP3245,7,23136977,NA,NA,NA,0.998623132075833
SNP3246,7,23137918,NA,NA,NA,0.998623132075833
SNP3247,7,23149296,NA,NA,NA,0.998623132075833
SNP3248,7,23213115,NA,NA,NA,0.998623132075833
SNP3249,7,23392261,NA,NA,NA,0.998623132075833
SNP3250,7,23430869,NA,NA,NA,0.998623132075833
SNP3251,7,23493185,NA,NA,NA,0.998623132075833
SNP3252,7,23540862,NA,NA,NA,0.998623132075833
SNP3253,7,23614653,NA,NA,NA,0.998623132075833
SNP3254,7,23649400,NA,NA,NA,0.998623132075833
SNP3255,7,23650731,NA,NA,NA,0.998623132075833
SNP3256,7,23778871,NA,NA,NA,0.998623132075833
SNP3257,7,23798929,NA,NA,NA,0.998623132075833
SNP3258,7,24206696,NA,NA,NA,0.998623132075833
SNP3259,7,24363427,NA,NA,NA,0.998623132075833
SNP3260,7,24823943,NA,NA,NA,0.998623132075833
SNP3261,7,24958364,NA,NA,NA,0.998623132075833
SNP3262,7,25131899,NA,NA,NA,0.998623132075833
SNP3263,7,26041928,NA,NA,NA,0.998623132075833
SNP3264,7,26315349,NA,NA,NA,0.998623132075833
SNP3265,7,26593190,NA,NA,NA,0.998623132075833
SNP3266,7,26805319,NA,NA,NA,0.998623132075833
SNP3267,7,27372300,NA,NA,NA,0.998623132075833
SNP3268,7,27706463,NA,NA,NA,0.998623132075833
SNP3269,7,28076669,NA,NA,NA,0.998623132075833
SNP3270,7,28119195,NA,NA,NA,0.998623132075833
SNP3271,7,28154366,NA,NA,NA,0.998623132075833
SNP3272,7,28392372,NA,NA,NA,0.998623132075833
SNP3273,7,28419217,NA,NA,NA,0.998623132075833
SNP3274,7,28421953,NA,NA,NA,0.998623132075833
SNP3275,7,28526314,NA,NA,NA,0.998623132075833
SNP3276,7,28659304,NA,NA,NA,0.998623132075833
SNP3277,7,28944423,NA,NA,NA,0.999096426430513
SNP3278,7,29324465,NA,NA,NA,0.998623132075833
SNP3279,7,30174917,NA,NA,NA,0.998623132075833
SNP3280,7,30219106,NA,NA,NA,0.998623132075833
SNP3281,7,30747543,NA,NA,NA,0.998623132075833
SNP3282,7,31006238,NA,NA,NA,0.998623132075833
SNP3283,7,31122713,NA,NA,NA,0.998623132075833
SNP3284,7,31612971,NA,NA,NA,0.998623132075833
SNP3285,7,33861556,NA,NA,NA,0.998623132075833
SNP3286,7,34180082,NA,NA,NA,0.998623132075833
SNP3287,7,34410118,NA,NA,NA,0.998623132075833
SNP3288,7,34426471,NA,NA,NA,0.998623132075833
SNP3289,7,34465835,NA,NA,NA,0.998623132075833
SNP3290,7,34517932,NA,NA,NA,0.994026668934478
SNP3291,7,34819166,NA,NA,NA,0.998623132075833
SNP3292,7,34887341,NA,NA,NA,0.998623132075833
SNP3293,7,35076610,NA,NA,NA,0.998623132075833
SNP3294,7,35350479,NA,NA,NA,0.998623132075833
SNP3295,7,35393734,NA,NA,NA,0.998623132075833
SNP3296,7,35770783,NA,NA,NA,0.998623132075833
SNP3297,7,36078054,NA,NA,NA,0.998623132075833
SNP3298,7,36494692,NA,NA,NA,0.998623132075833
SNP3299,7,36613338,NA,NA,NA,0.998623132075833
SNP3300,7,36740005,NA,NA,NA,0.998623132075833
SNP3301,7,36901239,NA,NA,NA,0.998623132075833
SNP3302,7,37082448,NA,NA,NA,0.998623132075833
SNP3303,7,37095327,NA,NA,NA,0.998623132075833
SNP3304,7,37522036,NA,NA,NA,0.998623132075833
SNP3305,7,37814759,NA,NA,NA,0.998623132075833
SNP3306,7,37983171,NA,NA,NA,0.998623132075833
SNP3307,7,38028249,NA,NA,NA,0.998623132075833
SNP3308,7,38036274,NA,NA,NA,0.998623132075833
SNP3309,7,38184848,NA,NA,NA,0.96101256609096
SNP3310,7,38192955,NA,NA,NA,0.994026668934478
SNP3311,7,38228133,NA,NA,NA,0.998623132075833
SNP3312,7,38242509,NA,NA,NA,0.998623132075833
SNP3313,7,38298109,NA,NA,NA,0.998623132075833
SNP3314,7,38520468,NA,NA,NA,0.998623132075833
SNP3315,7,38576293,NA,NA,NA,0.998623132075833
SNP3316,7,38645986,NA,NA,NA,0.998623132075833
SNP3317,7,38763530,NA,NA,NA,0.998623132075833
SNP3318,7,40282788,NA,NA,NA,0.998623132075833
SNP3319,7,43272129,NA,NA,NA,0.998623132075833
SNP3320,7,43501070,NA,NA,NA,0.998623132075833
SNP3321,7,43543642,NA,NA,NA,0.998623132075833
SNP3322,7,43817432,NA,NA,NA,0.998623132075833
SNP3323,7,43976708,NA,NA,NA,0.998623132075833
SNP3324,7,44111530,NA,NA,NA,0.998623132075833
SNP3325,7,44747214,NA,NA,NA,0.998623132075833
SNP3326,7,45819429,NA,NA,NA,0.998623132075833
SNP3327,7,47231031,NA,NA,NA,0.998623132075833
SNP3328,7,47514543,NA,NA,NA,0.998623132075833
SNP3329,7,49364480,NA,NA,NA,0.998623132075833
SNP3330,7,49543231,NA,NA,NA,0.994026668934478
SNP3331,7,49648362,NA,NA,NA,0.96101256609096
SNP3332,7,49701881,NA,NA,NA,0.998623132075833
SNP3333,7,49832270,NA,NA,NA,0.994026668934478
SNP3334,7,49843028,NA,NA,NA,0.998623132075833
SNP3335,7,49886183,NA,NA,NA,0.998623132075833
SNP3336,7,49894747,NA,NA,NA,0.998623132075833
SNP3337,7,50595099,NA,NA,NA,0.994026668934478
SNP3338,7,50745863,NA,NA,NA,0.998623132075833
SNP3339,7,51476111,NA,NA,NA,0.998623132075833
SNP3340,7,51512828,NA,NA,NA,0.998623132075833
SNP3341,7,53279095,NA,NA,NA,0.998623132075833
SNP3342,7,53299057,NA,NA,NA,0.998623132075833
SNP3343,7,53903956,NA,NA,NA,0.998623132075833
SNP3344,7,54250360,NA,NA,NA,0.998623132075833
SNP3345,7,54334742,NA,NA,NA,0.998623132075833
SNP3346,7,54958888,NA,NA,NA,0.998623132075833
SNP3347,7,54958916,NA,NA,NA,0.998623132075833
SNP3348,7,55457156,NA,NA,NA,0.960687188327977
SNP3349,7,56104900,NA,NA,NA,0.998623132075833
SNP3350,7,56394995,NA,NA,NA,0.998623132075833
SNP3351,7,58292539,NA,NA,NA,0.998623132075833
SNP3352,7,58745504,NA,NA,NA,0.998623132075833
SNP3353,7,59068844,NA,NA,NA,0.998623132075833
SNP3354,7,60465737,NA,NA,NA,0.998623132075833
SNP3355,7,61096067,NA,NA,NA,0.998623132075833
SNP3356,7,61429660,NA,NA,NA,0.998623132075833
SNP3357,7,61889203,NA,NA,NA,0.998623132075833
SNP3358,7,62317917,NA,NA,NA,0.998623132075833
SNP3359,7,62600009,NA,NA,NA,0.998623132075833
SNP3360,7,63192923,NA,NA,NA,0.998623132075833
SNP3361,7,63592256,NA,NA,NA,0.998623132075833
SNP3362,7,63619243,NA,NA,NA,0.998623132075833
SNP3363,7,63657369,NA,NA,NA,0.998623132075833
SNP3364,7,63762050,NA,NA,NA,0.998623132075833
SNP3365,7,63802596,NA,NA,NA,0.998623132075833
SNP3366,7,63857206,NA,NA,NA,0.998623132075833
SNP3367,7,64157336,NA,NA,NA,0.998623132075833
SNP3368,7,64217536,NA,NA,NA,0.998623132075833
SNP3369,7,64309905,NA,NA,NA,0.998623132075833
SNP3370,7,64344224,NA,NA,NA,0.998623132075833
SNP3371,7,64493577,NA,NA,NA,0.998623132075833
SNP3372,7,64575868,NA,NA,NA,0.998623132075833
SNP3373,7,64855569,NA,NA,NA,0.998623132075833
SNP3374,7,65028454,NA,NA,NA,0.998623132075833
SNP3375,7,65042717,NA,NA,NA,0.998623132075833
SNP3376,7,65115370,NA,NA,NA,0.998623132075833
SNP3377,7,65468104,NA,NA,NA,0.998623132075833
SNP3378,7,65554785,NA,NA,NA,0.998623132075833
SNP3379,7,65678392,NA,NA,NA,0.998623132075833
SNP3380,7,65878596,NA,NA,NA,0.998623132075833
SNP3381,7,65944976,NA,NA,NA,0.998623132075833
SNP3382,7,65956077,NA,NA,NA,0.998623132075833
SNP3383,7,66530379,NA,NA,NA,0.998623132075833
SNP3384,7,66573812,NA,NA,NA,0.998623132075833
SNP3385,7,66663028,NA,NA,NA,0.998623132075833
SNP3386,7,66663040,NA,NA,NA,0.998623132075833
SNP3387,7,66818985,NA,NA,NA,0.998623132075833
SNP3388,7,66844440,NA,NA,NA,0.998623132075833
SNP3389,7,66846506,NA,NA,NA,0.998623132075833
SNP3390,7,66962887,NA,NA,NA,0.998623132075833
SNP3391,7,66981134,NA,NA,NA,0.998623132075833
SNP3392,7,67015872,NA,NA,NA,0.998623132075833
SNP3393,7,67224623,NA,NA,NA,0.998623132075833
SNP3394,7,67400046,NA,NA,NA,0.998623132075833
SNP3395,7,67456483,NA,NA,NA,0.998623132075833
SNP3396,7,67457859,NA,NA,NA,0.998623132075833
SNP3397,7,67478911,NA,NA,NA,0.998623132075833
SNP3398,7,67544979,NA,NA,NA,0.994026668934478
SNP3399,7,67551517,NA,NA,NA,0.998623132075833
SNP3400,7,67659644,NA,NA,NA,0.998623132075833
SNP3401,7,67766365,NA,NA,NA,0.998623132075833
SNP3402,7,67803307,NA,NA,NA,0.998623132075833
SNP3403,7,67844127,NA,NA,NA,0.998623132075833
SNP3404,7,67928136,NA,NA,NA,0.998623132075833
SNP3405,7,68002761,NA,NA,NA,0.998623132075833
SNP3406,7,68003567,NA,NA,NA,0.998623132075833
SNP3407,7,68036281,NA,NA,NA,0.998623132075833
SNP3408,7,68093669,NA,NA,NA,0.998623132075833
SNP3409,7,68200564,NA,NA,NA,0.998623132075833
SNP3410,7,68244746,NA,NA,NA,0.998623132075833
SNP3411,7,68277320,NA,NA,NA,0.998623132075833
SNP3412,7,68390342,NA,NA,NA,0.998623132075833
SNP3413,7,68635823,NA,NA,NA,0.998623132075833
SNP3414,7,68867140,NA,NA,NA,0.998623132075833
SNP3415,7,68894297,NA,NA,NA,0.998623132075833
SNP3416,7,69071679,NA,NA,NA,0.998623132075833
SNP3417,7,69124909,NA,NA,NA,0.998623132075833
SNP3418,7,69419669,NA,NA,NA,0.998623132075833
SNP3419,7,69426167,NA,NA,NA,0.998623132075833
SNP3420,7,69426202,NA,NA,NA,0.998623132075833
SNP3421,7,69648564,NA,NA,NA,0.998623132075833
SNP3422,7,69787599,NA,NA,NA,0.998623132075833
SNP3423,7,70064821,NA,NA,NA,0.998623132075833
SNP3424,7,70204648,NA,NA,NA,0.998623132075833
SNP3425,7,70225192,NA,NA,NA,0.998623132075833
SNP3426,7,70602132,NA,NA,NA,0.998623132075833
SNP3427,7,70634323,NA,NA,NA,0.998623132075833
SNP3428,7,71540352,NA,NA,NA,0.882219185321112
SNP3429,7,71788521,NA,NA,NA,0.998623132075833
SNP3430,7,71886355,NA,NA,NA,0.998623132075833
SNP3431,7,72093994,NA,NA,NA,0.998623132075833
SNP3432,7,72094738,NA,NA,NA,0.998623132075833
SNP3433,7,72818243,NA,NA,NA,0.998623132075833
SNP3434,7,73162176,NA,NA,NA,0.96101256609096
SNP3435,7,73179496,NA,NA,NA,0.96101256609096
SNP3436,7,73246284,NA,NA,NA,0.96101256609096
SNP3437,7,73246538,NA,NA,NA,0.96101256609096
SNP3438,7,73276587,NA,NA,NA,0.994026668934478
SNP3439,7,73297928,NA,NA,NA,0.96101256609096
SNP3440,7,73297977,NA,NA,NA,0.994026668934478
SNP3441,7,73339432,NA,NA,NA,0.994026668934478
SNP3442,7,73522729,NA,NA,NA,0.96101256609096
SNP3443,7,73584141,NA,NA,NA,0.994026668934478
SNP3444,7,73678683,NA,NA,NA,0.983465069927344
SNP3445,7,73721689,NA,NA,NA,0.998623132075833
SNP3446,7,73722023,NA,NA,NA,0.998623132075833
SNP3447,7,73746361,NA,NA,NA,0.994026668934478
SNP3448,7,73873337,NA,NA,NA,0.998623132075833
SNP3449,7,73874550,NA,NA,NA,0.998623132075833
SNP3450,7,73875512,NA,NA,NA,0.998623132075833
SNP3451,7,73875556,NA,NA,NA,0.998623132075833
SNP3452,7,73875730,NA,NA,NA,0.998623132075833
SNP3453,7,73875757,NA,NA,NA,0.998623132075833
SNP3454,7,73876732,NA,NA,NA,0.998623132075833
SNP3455,7,73877125,NA,NA,NA,0.998623132075833
SNP3456,7,73877386,NA,NA,NA,0.998623132075833
SNP3457,7,73877714,NA,NA,NA,0.998623132075833
SNP3458,7,73880548,NA,NA,NA,0.998623132075833
SNP3459,7,73880565,NA,NA,NA,0.998623132075833
SNP3460,7,73882549,NA,NA,NA,0.994026668934478
SNP3461,7,74040675,NA,NA,NA,0.994026668934478
SNP3462,7,74056814,NA,NA,NA,0.998623132075833
SNP3463,7,74441201,NA,NA,NA,0.998623132075833
SNP3464,7,74551064,NA,NA,NA,0.998623132075833
SNP3465,7,74564001,NA,NA,NA,0.998623132075833
SNP3466,7,74671965,NA,NA,NA,0.998623132075833
SNP3467,7,74701046,NA,NA,NA,0.998623132075833
SNP3468,7,74839969,NA,NA,NA,0.998623132075833
SNP3469,7,75137019,NA,NA,NA,0.998623132075833
SNP3470,7,75161338,NA,NA,NA,0.998623132075833
SNP3471,7,75165486,NA,NA,NA,0.998623132075833
SNP3472,7,75169608,NA,NA,NA,0.998623132075833
SNP3473,7,75320714,NA,NA,NA,0.998623132075833
SNP3474,7,75320959,NA,NA,NA,0.998623132075833
SNP3475,7,75321826,NA,NA,NA,0.998623132075833
SNP3476,7,75694510,NA,NA,NA,0.998623132075833
SNP3477,7,76004335,NA,NA,NA,0.998623132075833
SNP3478,7,76276161,NA,NA,NA,0.998856163447371
SNP3479,7,76296090,NA,NA,NA,0.998623132075833
SNP3480,7,76376352,NA,NA,NA,0.998623132075833
SNP3481,7,76487926,NA,NA,NA,0.998623132075833
SNP3482,7,76493118,NA,NA,NA,0.998623132075833
SNP3483,7,76551628,NA,NA,NA,0.998623132075833
SNP3484,7,76737663,NA,NA,NA,0.998623132075833
SNP3485,7,77224573,NA,NA,NA,0.998623132075833
SNP3486,7,77319074,NA,NA,NA,0.998623132075833
SNP3487,7,77559471,NA,NA,NA,0.998623132075833
SNP3488,7,77756346,NA,NA,NA,0.994026668934478
SNP3489,7,77948470,NA,NA,NA,0.998623132075833
SNP3490,7,78097998,NA,NA,NA,0.998623132075833
SNP3491,7,78194336,NA,NA,NA,0.998623132075833
SNP3492,7,78203000,NA,NA,NA,0.998623132075833
SNP3493,7,78279609,NA,NA,NA,0.998623132075833
SNP3494,7,78296000,NA,NA,NA,0.998623132075833
SNP3495,7,78347621,NA,NA,NA,0.998623132075833
SNP3496,7,78415574,NA,NA,NA,0.998623132075833
SNP3497,7,78470369,NA,NA,NA,0.998623132075833
SNP3498,7,78502173,NA,NA,NA,0.998623132075833
SNP3499,7,78545074,NA,NA,NA,0.998623132075833
SNP3500,7,78561369,NA,NA,NA,0.998623132075833
SNP3501,7,78712870,NA,NA,NA,0.998623132075833
SNP3502,7,78816885,NA,NA,NA,0.998623132075833
SNP3503,8,410109,NA,NA,NA,0.998623132075833
SNP3504,8,784618,NA,NA,NA,0.998623132075833
SNP3505,8,979329,NA,NA,NA,0.998623132075833
SNP3506,8,979914,NA,NA,NA,0.998623132075833
SNP3507,8,1075033,NA,NA,NA,0.998623132075833
SNP3508,8,1393505,NA,NA,NA,0.998623132075833
SNP3509,8,1423941,NA,NA,NA,0.998623132075833
SNP3510,8,1488542,NA,NA,NA,0.998623132075833
SNP3511,8,1507738,NA,NA,NA,0.998623132075833
SNP3512,8,1732429,NA,NA,NA,0.998623132075833
SNP3513,8,1792159,NA,NA,NA,0.998623132075833
SNP3514,8,1902202,NA,NA,NA,0.998623132075833
SNP3515,8,1904591,NA,NA,NA,0.998623132075833
SNP3516,8,2132260,NA,NA,NA,0.998623132075833
SNP3517,8,2227890,NA,NA,NA,0.998623132075833
SNP3518,8,2319678,NA,NA,NA,0.998623132075833
SNP3519,8,2329978,NA,NA,NA,0.998623132075833
SNP3520,8,2367554,NA,NA,NA,0.998623132075833
SNP3521,8,2401835,NA,NA,NA,0.998623132075833
SNP3522,8,2405445,NA,NA,NA,0.998623132075833
SNP3523,8,2471715,NA,NA,NA,0.998623132075833
SNP3524,8,2669025,NA,NA,NA,0.998623132075833
SNP3525,8,2688575,NA,NA,NA,0.998623132075833
SNP3526,8,2727876,NA,NA,NA,0.998623132075833
SNP3527,8,2774427,NA,NA,NA,0.998623132075833
SNP3528,8,2880574,NA,NA,NA,0.998623132075833
SNP3529,8,2900512,NA,NA,NA,0.998623132075833
SNP3530,8,2924597,NA,NA,NA,0.998623132075833
SNP3531,8,2924982,NA,NA,NA,0.998623132075833
SNP3532,8,3127122,NA,NA,NA,0.998623132075833
SNP3533,8,3202957,NA,NA,NA,0.998623132075833
SNP3534,8,3244963,NA,NA,NA,0.998623132075833
SNP3535,8,3331193,NA,NA,NA,0.998623132075833
SNP3536,8,3576545,NA,NA,NA,0.998623132075833
SNP3537,8,3783666,NA,NA,NA,0.998623132075833
SNP3538,8,3842918,NA,NA,NA,0.998623132075833
SNP3539,8,3922640,NA,NA,NA,0.998623132075833
SNP3540,8,3956635,NA,NA,NA,0.998623132075833
SNP3541,8,4130418,NA,NA,NA,0.998623132075833
SNP3542,8,4160623,NA,NA,NA,0.998623132075833
SNP3543,8,4160628,NA,NA,NA,0.998623132075833
SNP3544,8,4187167,NA,NA,NA,0.998623132075833
SNP3545,8,4266982,NA,NA,NA,0.998623132075833
SNP3546,8,4388602,NA,NA,NA,0.994026668934478
SNP3547,8,4403235,NA,NA,NA,0.994026668934478
SNP3548,8,4651594,NA,NA,NA,0.998969655084855
SNP3549,8,4873972,NA,NA,NA,0.96101256609096
SNP3550,8,5031151,NA,NA,NA,0.998623132075833
SNP3551,8,5034371,NA,NA,NA,0.998623132075833
SNP3552,8,5137858,NA,NA,NA,0.998623132075833
SNP3553,8,6675996,NA,NA,NA,0.998623132075833
SNP3554,8,6872380,NA,NA,NA,0.998623132075833
SNP3555,8,6908671,NA,NA,NA,0.998623132075833
SNP3556,8,6931571,NA,NA,NA,0.998623132075833
SNP3557,8,6945586,NA,NA,NA,0.998623132075833
SNP3558,8,7149290,NA,NA,NA,0.998623132075833
SNP3559,8,7194019,NA,NA,NA,0.998623132075833
SNP3560,8,7365731,NA,NA,NA,0.998623132075833
SNP3561,8,7520037,NA,NA,NA,0.998623132075833
SNP3562,8,8340010,NA,NA,NA,0.998623132075833
SNP3563,8,8349837,NA,NA,NA,0.998623132075833
SNP3564,8,8415162,NA,NA,NA,0.998623132075833
SNP3565,8,8483763,NA,NA,NA,0.998623132075833
SNP3566,8,8852469,NA,NA,NA,0.998623132075833
SNP3567,8,9234059,NA,NA,NA,0.998623132075833
SNP3568,8,9289194,NA,NA,NA,0.998623132075833
SNP3569,8,9860532,NA,NA,NA,0.998623132075833
SNP3570,8,10172580,NA,NA,NA,0.998623132075833
SNP3571,8,10303181,NA,NA,NA,0.998623132075833
SNP3572,8,10363223,NA,NA,NA,0.998623132075833
SNP3573,8,10456319,NA,NA,NA,0.998623132075833
SNP3574,8,10819076,NA,NA,NA,0.998623132075833
SNP3575,8,11098857,NA,NA,NA,0.998623132075833
SNP3576,8,11430081,NA,NA,NA,0.998623132075833
SNP3577,8,11470196,NA,NA,NA,0.998623132075833
SNP3578,8,11556029,NA,NA,NA,0.998623132075833
SNP3579,8,12078626,NA,NA,NA,0.998623132075833
SNP3580,8,12429536,NA,NA,NA,0.998623132075833
SNP3581,8,12730687,NA,NA,NA,0.998623132075833
SNP3582,8,12810656,NA,NA,NA,0.998623132075833
SNP3583,8,13393331,NA,NA,NA,0.998623132075833
SNP3584,8,13775776,NA,NA,NA,0.998623132075833
SNP3585,8,13920366,NA,NA,NA,0.998623132075833
SNP3586,8,14109983,NA,NA,NA,0.850930306460955
SNP3587,8,14434316,NA,NA,NA,0.998623132075833
SNP3588,8,14673196,NA,NA,NA,0.998623132075833
SNP3589,8,14759754,NA,NA,NA,0.998623132075833
SNP3590,8,16010147,NA,NA,NA,0.998623132075833
SNP3591,8,16387312,NA,NA,NA,0.998623132075833
SNP3592,8,17090490,NA,NA,NA,0.96101256609096
SNP3593,8,17708203,NA,NA,NA,0.998623132075833
SNP3594,8,18159810,NA,NA,NA,0.998623132075833
SNP3595,8,19259140,NA,NA,NA,0.998623132075833
SNP3596,8,22017125,NA,NA,NA,0.998623132075833
SNP3597,8,22753763,NA,NA,NA,0.994026668934478
SNP3598,8,23242549,NA,NA,NA,0.998623132075833
SNP3599,8,23286408,NA,NA,NA,0.998623132075833
SNP3600,8,23379483,NA,NA,NA,0.994026668934478
SNP3601,8,23380747,NA,NA,NA,0.994026668934478
SNP3602,8,23571538,NA,NA,NA,0.998623132075833
SNP3603,8,23696790,NA,NA,NA,0.998623132075833
SNP3604,8,23899109,NA,NA,NA,0.998623132075833
SNP3605,8,23903021,NA,NA,NA,0.882219185321112
SNP3606,8,24203872,NA,NA,NA,0.998623132075833
SNP3607,8,24241147,NA,NA,NA,0.998623132075833
SNP3608,8,24353119,NA,NA,NA,0.998623132075833
SNP3609,8,24455849,NA,NA,NA,0.998623132075833
SNP3610,8,24455877,NA,NA,NA,0.998623132075833
SNP3611,8,24752832,NA,NA,NA,0.998623132075833
SNP3612,8,25013312,NA,NA,NA,0.998623132075833
SNP3613,8,25069451,NA,NA,NA,0.799269132138692
SNP3614,8,25070583,NA,NA,NA,0.998623132075833
SNP3615,8,25374453,NA,NA,NA,0.998623132075833
SNP3616,8,25444223,NA,NA,NA,0.998623132075833
SNP3617,8,25586473,NA,NA,NA,0.998623132075833
SNP3618,8,25604406,NA,NA,NA,0.998623132075833
SNP3619,8,25667924,NA,NA,NA,0.998623132075833
SNP3620,8,25692282,NA,NA,NA,0.998623132075833
SNP3621,8,25730809,NA,NA,NA,0.998623132075833
SNP3622,8,25920435,NA,NA,NA,0.998623132075833
SNP3623,8,26259638,NA,NA,NA,0.998623132075833
SNP3624,8,26284875,NA,NA,NA,0.998623132075833
SNP3625,8,27184015,NA,NA,NA,0.998623132075833
SNP3626,8,27315319,NA,NA,NA,0.998623132075833
SNP3627,8,27466422,NA,NA,NA,0.998623132075833
SNP3628,8,27471027,NA,NA,NA,0.998623132075833
SNP3629,8,27498253,NA,NA,NA,0.998623132075833
SNP3630,8,27755766,NA,NA,NA,0.994026668934478
SNP3631,8,27958334,NA,NA,NA,0.998623132075833
SNP3632,8,27958742,NA,NA,NA,0.998623132075833
SNP3633,8,28036421,NA,NA,NA,0.998623132075833
SNP3634,8,28061905,NA,NA,NA,0.998623132075833
SNP3635,8,28161292,NA,NA,NA,0.998623132075833
SNP3636,8,28201415,NA,NA,NA,0.998623132075833
SNP3637,8,28229295,NA,NA,NA,0.998623132075833
SNP3638,8,28348986,NA,NA,NA,0.998623132075833
SNP3639,8,28725306,NA,NA,NA,0.998623132075833
SNP3640,8,28768415,NA,NA,NA,0.998623132075833
SNP3641,8,28795993,NA,NA,NA,0.998623132075833
SNP3642,8,29013718,NA,NA,NA,0.998623132075833
SNP3643,8,29369880,NA,NA,NA,0.998623132075833
SNP3644,8,29414307,NA,NA,NA,0.998623132075833
SNP3645,8,29629827,NA,NA,NA,0.998623132075833
SNP3646,8,29974932,NA,NA,NA,0.882219185321112
SNP3647,8,29999912,NA,NA,NA,0.96101256609096
SNP3648,8,30153361,NA,NA,NA,0.998623132075833
SNP3649,8,30311687,NA,NA,NA,0.998623132075833
SNP3650,8,30496120,NA,NA,NA,0.998623132075833
SNP3651,8,30558322,NA,NA,NA,0.998623132075833
SNP3652,8,30842759,NA,NA,NA,0.998623132075833
SNP3653,8,30928835,NA,NA,NA,0.998623132075833
SNP3654,8,31078430,NA,NA,NA,0.998623132075833
SNP3655,8,31147365,NA,NA,NA,0.998623132075833
SNP3656,8,31164126,NA,NA,NA,0.998623132075833
SNP3657,8,31486901,NA,NA,NA,0.998623132075833
SNP3658,8,31516307,NA,NA,NA,0.994026668934478
SNP3659,8,31517141,NA,NA,NA,0.996304608714572
SNP3660,8,31531482,NA,NA,NA,0.998623132075833
SNP3661,8,31531781,NA,NA,NA,0.998623132075833
SNP3662,8,31623608,NA,NA,NA,0.998623132075833
SNP3663,8,32023037,NA,NA,NA,0.998623132075833
SNP3664,8,32329526,NA,NA,NA,0.998623132075833
SNP3665,8,32376232,NA,NA,NA,0.998623132075833
SNP3666,8,33068220,NA,NA,NA,0.960687188327977
SNP3667,8,33249383,NA,NA,NA,0.994026668934478
SNP3668,8,33460422,NA,NA,NA,0.998623132075833
SNP3669,8,33470402,NA,NA,NA,0.998623132075833
SNP3670,8,33574343,NA,NA,NA,0.998623132075833
SNP3671,8,33574860,NA,NA,NA,0.998623132075833
SNP3672,8,33624444,NA,NA,NA,0.998623132075833
SNP3673,8,33625390,NA,NA,NA,0.998623132075833
SNP3674,8,33736304,NA,NA,NA,0.998623132075833
SNP3675,8,33765597,NA,NA,NA,0.998623132075833
SNP3676,8,33828087,NA,NA,NA,0.998623132075833
SNP3677,8,33828300,NA,NA,NA,0.998623132075833
SNP3678,8,34503656,NA,NA,NA,0.994026668934478
SNP3679,8,34608162,NA,NA,NA,0.998623132075833
SNP3680,8,34718376,NA,NA,NA,0.998623132075833
SNP3681,8,34821707,NA,NA,NA,0.998623132075833
SNP3682,8,34821894,NA,NA,NA,0.998623132075833
SNP3683,8,34855862,NA,NA,NA,0.998623132075833
SNP3684,8,35668833,NA,NA,NA,0.998623132075833
SNP3685,8,35706205,NA,NA,NA,0.994026668934478
SNP3686,8,35749692,NA,NA,NA,0.998623132075833
SNP3687,8,36134518,NA,NA,NA,0.998623132075833
SNP3688,8,36305698,NA,NA,NA,0.998623132075833
SNP3689,8,36888142,NA,NA,NA,0.998623132075833
SNP3690,8,36956532,NA,NA,NA,0.998623132075833
SNP3691,8,37076373,NA,NA,NA,0.998623132075833
SNP3692,8,37076928,NA,NA,NA,0.998623132075833
SNP3693,8,37077234,NA,NA,NA,0.998623132075833
SNP3694,8,37144718,NA,NA,NA,0.998623132075833
SNP3695,8,37354104,NA,NA,NA,0.757565382835618
SNP3696,8,37892886,NA,NA,NA,0.994026668934478
SNP3697,8,37948238,NA,NA,NA,0.994026668934478
SNP3698,8,38148863,NA,NA,NA,0.998623132075833
SNP3699,8,38206510,NA,NA,NA,0.757565382835618
SNP3700,8,38560701,NA,NA,NA,0.998623132075833
SNP3701,8,39256190,NA,NA,NA,0.998623132075833
SNP3702,8,39671864,NA,NA,NA,0.998623132075833
SNP3703,8,39876190,NA,NA,NA,0.998623132075833
SNP3704,8,39984284,NA,NA,NA,0.998623132075833
SNP3705,8,40453920,NA,NA,NA,0.994026668934478
SNP3706,8,40456020,NA,NA,NA,0.998623132075833
SNP3707,8,40559158,NA,NA,NA,0.998623132075833
SNP3708,8,40563793,NA,NA,NA,0.998623132075833
SNP3709,8,40592082,NA,NA,NA,0.998623132075833
SNP3710,8,40881319,NA,NA,NA,0.998623132075833
SNP3711,8,40976639,NA,NA,NA,0.998623132075833
SNP3712,8,41227099,NA,NA,NA,0.994026668934478
SNP3713,8,41714166,NA,NA,NA,0.998623132075833
SNP3714,8,41773370,NA,NA,NA,0.998623132075833
SNP3715,8,41782823,NA,NA,NA,0.998623132075833
SNP3716,8,42012221,NA,NA,NA,0.998623132075833
SNP3717,8,42314928,NA,NA,NA,0.998623132075833
SNP3718,8,42446604,NA,NA,NA,0.998623132075833
SNP3719,8,42766581,NA,NA,NA,0.998623132075833
SNP3720,8,42896062,NA,NA,NA,0.998623132075833
SNP3721,8,42909638,NA,NA,NA,0.998623132075833
SNP3722,8,42961023,NA,NA,NA,0.998623132075833
SNP3723,8,43069282,NA,NA,NA,0.998623132075833
SNP3724,8,43081200,NA,NA,NA,0.998623132075833
SNP3725,8,43183272,NA,NA,NA,0.998623132075833
SNP3726,8,43512165,NA,NA,NA,0.998623132075833
SNP3727,8,43558672,NA,NA,NA,0.998623132075833
SNP3728,8,43735569,NA,NA,NA,0.998623132075833
SNP3729,8,44118711,NA,NA,NA,0.998623132075833
SNP3730,8,44119432,NA,NA,NA,0.998623132075833
SNP3731,8,44122414,NA,NA,NA,0.998623132075833
SNP3732,8,44278306,NA,NA,NA,0.998623132075833
SNP3733,8,44739783,NA,NA,NA,0.998623132075833
SNP3734,8,44858170,NA,NA,NA,0.998623132075833
SNP3735,8,44888104,NA,NA,NA,0.998623132075833
SNP3736,8,44946700,NA,NA,NA,0.998623132075833
SNP3737,8,44954213,NA,NA,NA,0.998623132075833
SNP3738,8,45182275,NA,NA,NA,0.998623132075833
SNP3739,8,45206510,NA,NA,NA,0.998623132075833
SNP3740,8,45404120,NA,NA,NA,0.998623132075833
SNP3741,8,45484137,NA,NA,NA,0.998623132075833
SNP3742,8,45519379,NA,NA,NA,0.998623132075833
SNP3743,8,45682761,NA,NA,NA,0.998623132075833
SNP3744,8,45764109,NA,NA,NA,0.998623132075833
SNP3745,8,45992613,NA,NA,NA,0.994026668934478
SNP3746,8,46161225,NA,NA,NA,0.998623132075833
SNP3747,8,46449452,NA,NA,NA,0.998623132075833
SNP3748,8,46464022,NA,NA,NA,0.998623132075833
SNP3749,8,46505791,NA,NA,NA,0.998623132075833
SNP3750,8,47230379,NA,NA,NA,0.998623132075833
SNP3751,8,47378507,NA,NA,NA,0.994026668934478
SNP3752,8,47378713,NA,NA,NA,0.998623132075833
SNP3753,8,48057399,NA,NA,NA,0.998623132075833
SNP3754,8,48067258,NA,NA,NA,0.998623132075833
SNP3755,8,48129464,NA,NA,NA,0.998623132075833
SNP3756,8,48393340,NA,NA,NA,0.998623132075833
SNP3757,8,48505692,NA,NA,NA,0.994026668934478
SNP3758,8,48506168,NA,NA,NA,0.994026668934478
SNP3759,8,48534310,NA,NA,NA,0.994026668934478
SNP3760,8,48642014,NA,NA,NA,0.998623132075833
SNP3761,8,48706159,NA,NA,NA,0.998623132075833
SNP3762,8,48815213,NA,NA,NA,0.998623132075833
SNP3763,8,48829264,NA,NA,NA,0.998623132075833
SNP3764,8,48901010,NA,NA,NA,0.998623132075833
SNP3765,8,48974813,NA,NA,NA,0.998623132075833
SNP3766,8,49191680,NA,NA,NA,0.998623132075833
SNP3767,8,49329343,NA,NA,NA,0.998623132075833
SNP3768,8,49330572,NA,NA,NA,0.998623132075833
SNP3769,8,49357194,NA,NA,NA,0.888373264722305
SNP3770,8,49374871,NA,NA,NA,0.998623132075833
SNP3771,9,291318,NA,NA,NA,0.998623132075833
SNP3772,9,385062,NA,NA,NA,0.998623132075833
SNP3773,9,645563,NA,NA,NA,0.998623132075833
SNP3774,9,1185481,NA,NA,NA,0.998623132075833
SNP3775,9,1308812,NA,NA,NA,0.882219185321112
SNP3776,9,1308963,NA,NA,NA,0.994026668934478
SNP3777,9,1390524,NA,NA,NA,0.998623132075833
SNP3778,9,1514285,NA,NA,NA,0.998623132075833
SNP3779,9,1604705,NA,NA,NA,0.998623132075833
SNP3780,9,1639241,NA,NA,NA,0.998623132075833
SNP3781,9,1853113,NA,NA,NA,0.998623132075833
SNP3782,9,1854930,NA,NA,NA,0.994026668934478
SNP3783,9,1974045,NA,NA,NA,0.998623132075833
SNP3784,9,1985333,NA,NA,NA,0.998623132075833
SNP3785,9,2202731,NA,NA,NA,0.998623132075833
SNP3786,9,2215535,NA,NA,NA,0.998623132075833
SNP3787,9,2225818,NA,NA,NA,0.998623132075833
SNP3788,9,2228289,NA,NA,NA,0.998623132075833
SNP3789,9,2263113,NA,NA,NA,0.998623132075833
SNP3790,9,2581759,NA,NA,NA,0.998623132075833
SNP3791,9,2745101,NA,NA,NA,0.998623132075833
SNP3792,9,3019812,NA,NA,NA,0.998623132075833
SNP3793,9,3822537,NA,NA,NA,0.994026668934478
SNP3794,9,4027136,NA,NA,NA,0.994026668934478
SNP3795,9,4500989,NA,NA,NA,0.998623132075833
SNP3796,9,5084502,NA,NA,NA,0.998623132075833
SNP3797,9,5217710,NA,NA,NA,0.994026668934478
SNP3798,9,5341308,NA,NA,NA,0.998623132075833
SNP3799,9,5533148,NA,NA,NA,0.998623132075833
SNP3800,9,5557097,NA,NA,NA,0.998623132075833
SNP3801,9,5582027,NA,NA,NA,0.994026668934478
SNP3802,9,5770069,NA,NA,NA,0.888373264722305
SNP3803,9,5906192,NA,NA,NA,0.998623132075833
SNP3804,9,6082783,NA,NA,NA,0.998623132075833
SNP3805,9,6111629,NA,NA,NA,0.998623132075833
SNP3806,9,6323084,NA,NA,NA,0.998623132075833
SNP3807,9,6512598,NA,NA,NA,0.994026668934478
SNP3808,9,6513537,NA,NA,NA,0.998623132075833
SNP3809,9,6846409,NA,NA,NA,0.998623132075833
SNP3810,9,7801972,NA,NA,NA,0.998623132075833
SNP3811,9,8042743,NA,NA,NA,0.994026668934478
SNP3812,9,8086923,NA,NA,NA,0.998623132075833
SNP3813,9,8102594,NA,NA,NA,0.998623132075833
SNP3814,9,8572100,NA,NA,NA,0.998623132075833
SNP3815,9,8934801,NA,NA,NA,0.998623132075833
SNP3816,9,8942636,NA,NA,NA,0.998623132075833
SNP3817,9,10536769,NA,NA,NA,0.113642530978559
SNP3818,9,10663409,NA,NA,NA,0.998623132075833
SNP3819,9,11493477,NA,NA,NA,0.113642530978559
SNP3820,9,11637320,NA,NA,NA,0.998623132075833
SNP3821,9,11850239,NA,NA,NA,0.998623132075833
SNP3822,9,12119329,NA,NA,NA,0.998623132075833
SNP3823,9,12269728,NA,NA,NA,0.113642530978559
SNP3824,9,12524279,NA,NA,NA,0.998623132075833
SNP3825,9,13794875,NA,NA,NA,0.998623132075833
SNP3826,9,14386608,NA,NA,NA,0.113642530978559
SNP3827,9,14598936,NA,NA,NA,0.33643709436175
SNP3828,9,15191726,NA,NA,NA,0.998623132075833
SNP3829,9,15427674,NA,NA,NA,0.998623132075833
SNP3830,9,15438559,NA,NA,NA,0.998623132075833
SNP3831,9,15797162,NA,NA,NA,0.998623132075833
SNP3832,9,15933142,NA,NA,NA,0.998623132075833
SNP3833,9,16398948,NA,NA,NA,0.998623132075833
SNP3834,9,16524276,NA,NA,NA,0.998623132075833
SNP3835,9,17132584,NA,NA,NA,0.998623132075833
SNP3836,9,17136855,NA,NA,NA,0.998623132075833
SNP3837,9,17203132,NA,NA,NA,0.998623132075833
SNP3838,9,17345283,NA,NA,NA,0.998623132075833
SNP3839,9,17939492,NA,NA,NA,0.129102515380426
SNP3840,9,17958780,NA,NA,NA,0.998623132075833
SNP3841,9,17959067,NA,NA,NA,0.998623132075833
SNP3842,9,18076696,NA,NA,NA,0.998623132075833
SNP3843,9,18543360,NA,NA,NA,0.998623132075833
SNP3844,9,18544504,NA,NA,NA,0.998623132075833
SNP3845,9,19151716,NA,NA,NA,0.998623132075833
SNP3846,9,19152263,NA,NA,NA,0.998623132075833
SNP3847,9,20208137,NA,NA,NA,0.998623132075833
SNP3848,9,20677308,NA,NA,NA,0.998623132075833
SNP3849,9,20920879,NA,NA,NA,0.526697512160938
SNP3850,9,21013766,NA,NA,NA,0.998623132075833
SNP3851,9,22351929,NA,NA,NA,0.998623132075833
SNP3852,9,22365298,NA,NA,NA,0.998623132075833
SNP3853,9,22934013,NA,NA,NA,0.998623132075833
SNP3854,9,22942312,NA,NA,NA,0.998623132075833
SNP3855,9,24035238,NA,NA,NA,0.998623132075833
SNP3856,9,25073192,NA,NA,NA,0.998623132075833
SNP3857,9,25313476,NA,NA,NA,0.998623132075833
SNP3858,9,25597601,NA,NA,NA,0.998623132075833
SNP3859,9,26429003,NA,NA,NA,0.998623132075833
SNP3860,9,27234271,NA,NA,NA,0.998623132075833
SNP3861,9,27787266,NA,NA,NA,0.998623132075833
SNP3862,9,28574491,NA,NA,NA,0.113642530978559
SNP3863,9,28759635,NA,NA,NA,0.998623132075833
SNP3864,9,28880759,NA,NA,NA,0.998623132075833
SNP3865,9,29803498,NA,NA,NA,0.998623132075833
SNP3866,9,30051989,NA,NA,NA,0.998623132075833
SNP3867,9,30074251,NA,NA,NA,0.998623132075833
SNP3868,9,30827944,NA,NA,NA,0.998623132075833
SNP3869,9,31758616,NA,NA,NA,0.998623132075833
SNP3870,9,31966993,NA,NA,NA,0.998623132075833
SNP3871,9,32583384,NA,NA,NA,0.998623132075833
SNP3872,9,33711290,NA,NA,NA,0.998623132075833
SNP3873,9,34903442,NA,NA,NA,0.998623132075833
SNP3874,9,35206546,NA,NA,NA,0.998623132075833
SNP3875,9,35254319,NA,NA,NA,0.998623132075833
SNP3876,9,35272886,NA,NA,NA,0.998623132075833
SNP3877,9,35295106,NA,NA,NA,0.998623132075833
SNP3878,9,35721397,NA,NA,NA,0.998623132075833
SNP3879,9,38916630,NA,NA,NA,0.998623132075833
SNP3880,9,38916806,NA,NA,NA,0.998623132075833
SNP3881,9,38963596,NA,NA,NA,0.998623132075833
SNP3882,9,39035327,NA,NA,NA,0.998623132075833
SNP3883,9,39651558,NA,NA,NA,0.998623132075833
SNP3884,9,40324367,NA,NA,NA,0.998623132075833
SNP3885,9,42964550,NA,NA,NA,0.994026668934478
SNP3886,9,43778790,NA,NA,NA,0.998623132075833
SNP3887,9,43884675,NA,NA,NA,0.994026668934478
SNP3888,9,44451104,NA,NA,NA,0.113642530978559
SNP3889,9,45515775,NA,NA,NA,0.994026668934478
SNP3890,9,46296682,NA,NA,NA,0.994026668934478
SNP3891,9,46674287,NA,NA,NA,0.998623132075833
SNP3892,9,48225632,NA,NA,NA,0.998623132075833
SNP3893,9,48424133,NA,NA,NA,0.994026668934478
SNP3894,9,48428594,NA,NA,NA,0.998623132075833
SNP3895,9,48592114,NA,NA,NA,0.998623132075833
SNP3896,9,48614625,NA,NA,NA,0.998623132075833
SNP3897,9,49444293,NA,NA,NA,0.994026668934478
SNP3898,9,49729729,NA,NA,NA,0.994026668934478
SNP3899,9,50809631,NA,NA,NA,0.998623132075833
SNP3900,9,51031505,NA,NA,NA,0.998623132075833
SNP3901,9,53162020,NA,NA,NA,0.994026668934478
SNP3902,9,53870263,NA,NA,NA,0.882219185321112
SNP3903,9,54148046,NA,NA,NA,0.998623132075833
SNP3904,9,54153690,NA,NA,NA,0.994026668934478
SNP3905,9,54638085,NA,NA,NA,0.998623132075833
SNP3906,9,56590941,NA,NA,NA,0.998623132075833
SNP3907,9,57400772,NA,NA,NA,0.998623132075833
SNP3908,9,58532377,NA,NA,NA,0.998623132075833
SNP3909,9,58730858,NA,NA,NA,0.998623132075833
SNP3910,9,59616745,NA,NA,NA,0.998623132075833
SNP3911,9,60685616,NA,NA,NA,0.998623132075833
SNP3912,9,62092090,NA,NA,NA,0.994026668934478
SNP3913,9,62808336,NA,NA,NA,0.998623132075833
SNP3914,9,63336179,NA,NA,NA,0.998623132075833
SNP3915,9,64224992,NA,NA,NA,0.113642530978559
SNP3916,9,65398236,NA,NA,NA,0.998623132075833
SNP3917,9,65399246,NA,NA,NA,0.994026668934478
SNP3918,9,67069072,NA,NA,NA,0.994026668934478
SNP3919,9,67863464,NA,NA,NA,0.113642530978559
SNP3920,9,68400311,NA,NA,NA,0.994026668934478
SNP3921,9,69098176,NA,NA,NA,0.994026668934478
SNP3922,9,69099105,NA,NA,NA,0.994026668934478
SNP3923,9,69109506,NA,NA,NA,0.113642530978559
SNP3924,9,69126683,NA,NA,NA,0.994026668934478
SNP3925,9,69604739,NA,NA,NA,0.998623132075833
SNP3926,9,70206013,NA,NA,NA,0.998623132075833
SNP3927,9,70332411,NA,NA,NA,0.994026668934478
SNP3928,9,71578898,NA,NA,NA,0.998623132075833
SNP3929,9,71889591,NA,NA,NA,0.998623132075833
SNP3930,9,71895346,NA,NA,NA,0.998623132075833
SNP3931,9,71895646,NA,NA,NA,0.998623132075833
SNP3932,9,72065403,NA,NA,NA,0.994026668934478
SNP3933,9,72418330,NA,NA,NA,0.113642530978559
SNP3934,9,72432721,NA,NA,NA,0.994026668934478
SNP3935,9,72972506,NA,NA,NA,0.998623132075833
SNP3936,9,76076820,NA,NA,NA,0.998623132075833
SNP3937,9,76729540,NA,NA,NA,0.998623132075833
SNP3938,9,78666543,NA,NA,NA,0.998623132075833
SNP3939,9,79093806,NA,NA,NA,0.998623132075833
SNP3940,9,79684652,NA,NA,NA,0.998623132075833
SNP3941,9,80625230,NA,NA,NA,0.998623132075833
SNP3942,9,81118767,NA,NA,NA,0.994026668934478
SNP3943,9,81676968,NA,NA,NA,0.998623132075833
SNP3944,9,82379239,NA,NA,NA,0.998623132075833
SNP3945,9,82644678,NA,NA,NA,0.998623132075833
SNP3946,9,83921936,NA,NA,NA,0.994026668934478
SNP3947,9,83928949,NA,NA,NA,0.998623132075833
SNP3948,9,85303890,NA,NA,NA,0.998623132075833
SNP3949,9,85326091,NA,NA,NA,0.998623132075833
SNP3950,9,85754988,NA,NA,NA,0.998623132075833
SNP3951,9,85916369,NA,NA,NA,0.998623132075833
SNP3952,9,85958911,NA,NA,NA,0.998623132075833
SNP3953,9,86412254,NA,NA,NA,0.998623132075833
SNP3954,9,87060568,NA,NA,NA,0.998623132075833
SNP3955,9,87207578,NA,NA,NA,0.998623132075833
SNP3956,9,87437241,NA,NA,NA,0.998623132075833
SNP3957,9,87442792,NA,NA,NA,0.998623132075833
SNP3958,9,87680085,NA,NA,NA,0.998623132075833
SNP3959,9,88094354,NA,NA,NA,0.998623132075833
SNP3960,9,88486217,NA,NA,NA,0.998623132075833
SNP3961,9,89376610,NA,NA,NA,0.994026668934478
SNP3962,9,90996468,NA,NA,NA,0.998623132075833
SNP3963,9,91001101,NA,NA,NA,0.998623132075833
SNP3964,9,91548071,NA,NA,NA,0.998623132075833
SNP3965,9,91786874,NA,NA,NA,0.998623132075833
SNP3966,9,92711384,NA,NA,NA,0.998623132075833
SNP3967,9,92999855,NA,NA,NA,0.998623132075833
SNP3968,9,93128932,NA,NA,NA,0.998623132075833
SNP3969,9,93216688,NA,NA,NA,0.998623132075833
SNP3970,9,93225718,NA,NA,NA,0.998623132075833
SNP3971,9,93685732,NA,NA,NA,0.998623132075833
SNP3972,9,93935639,NA,NA,NA,0.998623132075833
SNP3973,9,94329502,NA,NA,NA,0.998623132075833
SNP3974,9,94362004,NA,NA,NA,0.998623132075833
SNP3975,9,95276763,NA,NA,NA,0.998623132075833
SNP3976,9,95320031,NA,NA,NA,0.998623132075833
SNP3977,9,96377036,NA,NA,NA,0.113642530978559
SNP3978,9,96680145,NA,NA,NA,0.998623132075833
SNP3979,9,96705230,NA,NA,NA,0.998623132075833
SNP3980,9,96906385,NA,NA,NA,0.998623132075833
SNP3981,9,97014919,NA,NA,NA,0.998623132075833
SNP3982,9,97217354,NA,NA,NA,0.998623132075833
SNP3983,9,98176011,NA,NA,NA,0.994026668934478
SNP3984,9,98539162,NA,NA,NA,0.998623132075833
SNP3985,9,98625828,NA,NA,NA,0.998623132075833
SNP3986,9,99671940,NA,NA,NA,0.998623132075833
SNP3987,9,99904022,NA,NA,NA,0.113642530978559
SNP3988,9,100459756,NA,NA,NA,0.998623132075833
SNP3989,9,100725678,NA,NA,NA,0.998623132075833
SNP3990,9,101010738,NA,NA,NA,0.998623132075833
SNP3991,9,101042431,NA,NA,NA,0.998623132075833
SNP3992,9,101098341,NA,NA,NA,0.998623132075833
SNP3993,9,101377780,NA,NA,NA,0.113642530978559
SNP3994,9,101501122,NA,NA,NA,0.113642530978559
SNP3995,9,101502595,NA,NA,NA,0.998623132075833
SNP3996,9,101640490,NA,NA,NA,0.998623132075833
SNP3997,9,101717082,NA,NA,NA,0.998623132075833
SNP3998,9,101967423,NA,NA,NA,0.998623132075833
SNP3999,9,102123694,NA,NA,NA,0.998623132075833
SNP4000,9,102772739,NA,NA,NA,0.998623132075833
SNP4001,9,103334690,NA,NA,NA,0.998623132075833
SNP4002,9,103425621,NA,NA,NA,0.998623132075833
SNP4003,9,103468008,NA,NA,NA,0.998623132075833
SNP4004,9,103762696,NA,NA,NA,0.998623132075833
SNP4005,9,103947141,NA,NA,NA,0.998623132075833
SNP4006,9,104155781,NA,NA,NA,0.998623132075833
SNP4007,9,104270040,NA,NA,NA,0.998623132075833
SNP4008,9,104607024,NA,NA,NA,0.998623132075833
SNP4009,9,104697209,NA,NA,NA,0.998623132075833
SNP4010,9,105072622,NA,NA,NA,0.998623132075833
SNP4011,9,105618274,NA,NA,NA,0.998623132075833
SNP4012,9,105811039,NA,NA,NA,0.998623132075833
SNP4013,9,108780679,NA,NA,NA,0.998623132075833
SNP4014,9,109096445,NA,NA,NA,0.998623132075833
SNP4015,9,109263020,NA,NA,NA,0.998623132075833
SNP4016,9,109263086,NA,NA,NA,0.998623132075833
SNP4017,9,109663871,NA,NA,NA,0.998623132075833
SNP4018,9,109729689,NA,NA,NA,0.998623132075833
SNP4019,9,109737815,NA,NA,NA,0.998623132075833
SNP4020,9,110020618,NA,NA,NA,0.998623132075833
SNP4021,9,110156299,NA,NA,NA,0.998623132075833
SNP4022,9,110229925,NA,NA,NA,0.994026668934478
SNP4023,9,110230588,NA,NA,NA,0.994026668934478
SNP4024,9,110261486,NA,NA,NA,0.998623132075833
SNP4025,9,110797012,NA,NA,NA,0.998623132075833
SNP4026,9,110895618,NA,NA,NA,0.998623132075833
SNP4027,9,110927109,NA,NA,NA,0.998623132075833
SNP4028,9,111132239,NA,NA,NA,0.994026668934478
SNP4029,9,111195533,NA,NA,NA,0.998623132075833
SNP4030,9,111311680,NA,NA,NA,0.998623132075833
SNP4031,9,111441306,NA,NA,NA,0.998623132075833
SNP4032,9,111961149,NA,NA,NA,0.998623132075833
SNP4033,9,112182292,NA,NA,NA,0.998623132075833
SNP4034,9,112244124,NA,NA,NA,0.998623132075833
SNP4035,9,112313431,NA,NA,NA,0.994026668934478
SNP4036,9,112535911,NA,NA,NA,0.998623132075833
SNP4037,9,112589230,NA,NA,NA,0.998623132075833
SNP4038,9,112665372,NA,NA,NA,0.998623132075833
SNP4039,9,112666173,NA,NA,NA,0.998623132075833
SNP4040,9,112714052,NA,NA,NA,0.998623132075833
SNP4041,9,112730034,NA,NA,NA,0.998623132075833
SNP4042,9,113025717,NA,NA,NA,0.998623132075833
SNP4043,9,113267343,NA,NA,NA,0.998623132075833
SNP4044,9,113385134,NA,NA,NA,0.998623132075833
SNP4045,9,113586806,NA,NA,NA,0.998623132075833
SNP4046,9,113636594,NA,NA,NA,0.998623132075833
SNP4047,9,113662975,NA,NA,NA,0.998623132075833
SNP4048,9,113715433,NA,NA,NA,0.998623132075833
SNP4049,9,113715449,NA,NA,NA,0.998623132075833
SNP4050,9,113715476,NA,NA,NA,0.998623132075833
SNP4051,9,113725520,NA,NA,NA,0.998623132075833
SNP4052,9,113731373,NA,NA,NA,0.998623132075833
SNP4053,9,113907685,NA,NA,NA,0.96101256609096
SNP4054,9,114001448,NA,NA,NA,0.882219185321112
SNP4055,9,114009103,NA,NA,NA,0.998623132075833
SNP4056,9,114106219,NA,NA,NA,0.998623132075833
SNP4057,9,114260101,NA,NA,NA,0.998623132075833
SNP4058,9,114475619,NA,NA,NA,0.994026668934478
SNP4059,9,114692575,NA,NA,NA,0.96101256609096
SNP4060,9,114809169,NA,NA,NA,0.998623132075833
SNP4061,9,114812553,NA,NA,NA,0.998623132075833
SNP4062,9,114883471,NA,NA,NA,0.998623132075833
SNP4063,9,115064096,NA,NA,NA,0.998623132075833
SNP4064,9,115102600,NA,NA,NA,0.998623132075833
SNP4065,9,115312519,NA,NA,NA,0.998623132075833
SNP4066,9,115432582,NA,NA,NA,0.998623132075833
SNP4067,9,115962422,NA,NA,NA,0.994026668934478
SNP4068,9,116396165,NA,NA,NA,0.998623132075833
SNP4069,9,116590844,NA,NA,NA,0.998623132075833
SNP4070,9,116676384,NA,NA,NA,0.994026668934478
SNP4071,9,116793097,NA,NA,NA,0.998623132075833
SNP4072,9,116931224,NA,NA,NA,0.998623132075833
SNP4073,9,117219793,NA,NA,NA,0.998623132075833
SNP4074,9,117223225,NA,NA,NA,0.998623132075833
SNP4075,9,117709899,NA,NA,NA,0.998623132075833
SNP4076,9,117923775,NA,NA,NA,0.998623132075833
SNP4077,9,118080079,NA,NA,NA,0.998623132075833
SNP4078,9,118109263,NA,NA,NA,0.998623132075833
SNP4079,9,118299435,NA,NA,NA,0.998623132075833
SNP4080,9,118435495,NA,NA,NA,0.998623132075833
SNP4081,9,118600614,NA,NA,NA,0.998623132075833
SNP4082,9,118621661,NA,NA,NA,0.998623132075833
SNP4083,9,119491547,NA,NA,NA,0.998623132075833
SNP4084,9,119541651,NA,NA,NA,0.998623132075833
SNP4085,9,119541688,NA,NA,NA,0.998623132075833
SNP4086,9,119684429,NA,NA,NA,0.998623132075833
SNP4087,9,119733454,NA,NA,NA,0.998623132075833
SNP4088,9,120016540,NA,NA,NA,0.998623132075833
SNP4089,9,120140472,NA,NA,NA,0.998623132075833
SNP4090,9,120141175,NA,NA,NA,0.998623132075833
SNP4091,9,120162689,NA,NA,NA,0.998623132075833
SNP4092,9,120274020,NA,NA,NA,0.998623132075833
SNP4093,9,120311006,NA,NA,NA,0.998623132075833
SNP4094,9,120379360,NA,NA,NA,0.998623132075833
SNP4095,9,120497462,NA,NA,NA,0.998623132075833
SNP4096,10,41203,NA,NA,NA,0.994026668934478
SNP4097,10,114425,NA,NA,NA,0.994026668934478
SNP4098,10,511953,NA,NA,NA,0.994026668934478
SNP4099,10,666686,NA,NA,NA,0.998623132075833
SNP4100,10,677649,NA,NA,NA,0.998623132075833
SNP4101,10,734491,NA,NA,NA,0.998623132075833
SNP4102,10,806333,NA,NA,NA,0.998623132075833
SNP4103,10,999886,NA,NA,NA,0.994026668934478
SNP4104,10,1144254,NA,NA,NA,0.998623132075833
SNP4105,10,1158125,NA,NA,NA,0.998623132075833
SNP4106,10,1159446,NA,NA,NA,0.994026668934478
SNP4107,10,1955840,NA,NA,NA,0.998623132075833
SNP4108,10,2029558,NA,NA,NA,0.998623132075833
SNP4109,10,2057265,NA,NA,NA,0.998623132075833
SNP4110,10,2446334,NA,NA,NA,0.994026668934478
SNP4111,10,2451457,NA,NA,NA,0.998623132075833
SNP4112,10,2575433,NA,NA,NA,0.998623132075833
SNP4113,10,2688934,NA,NA,NA,0.998623132075833
SNP4114,10,2809867,NA,NA,NA,0.998623132075833
SNP4115,10,2836480,NA,NA,NA,0.998623132075833
SNP4116,10,2980057,NA,NA,NA,0.998623132075833
SNP4117,10,2996596,NA,NA,NA,0.998623132075833
SNP4118,10,3387632,NA,NA,NA,0.998623132075833
SNP4119,10,3647222,NA,NA,NA,0.998623132075833
SNP4120,10,3804336,NA,NA,NA,0.998623132075833
SNP4121,10,3933612,NA,NA,NA,0.998623132075833
SNP4122,10,4139444,NA,NA,NA,0.998623132075833
SNP4123,10,4190683,NA,NA,NA,0.994026668934478
SNP4124,10,4208512,NA,NA,NA,0.998623132075833
SNP4125,10,4229660,NA,NA,NA,0.998623132075833
SNP4126,10,4836127,NA,NA,NA,0.998623132075833
SNP4127,10,4869179,NA,NA,NA,0.998623132075833
SNP4128,10,4999143,NA,NA,NA,0.998623132075833
SNP4129,10,5019079,NA,NA,NA,0.994026668934478
SNP4130,10,5367499,NA,NA,NA,0.998623132075833
SNP4131,10,5564889,NA,NA,NA,0.998623132075833
SNP4132,10,5667311,NA,NA,NA,0.998623132075833
SNP4133,10,5693627,NA,NA,NA,0.998623132075833
SNP4134,10,5770108,NA,NA,NA,0.998623132075833
SNP4135,10,5842491,NA,NA,NA,0.998623132075833
SNP4136,10,5994665,NA,NA,NA,0.998623132075833
SNP4137,10,6014586,NA,NA,NA,0.998623132075833
SNP4138,10,6035680,NA,NA,NA,0.998623132075833
SNP4139,10,6153167,NA,NA,NA,0.87461794603434
SNP4140,10,6684687,NA,NA,NA,0.998623132075833
SNP4141,10,6695771,NA,NA,NA,0.998623132075833
SNP4142,10,7155520,NA,NA,NA,0.998623132075833
SNP4143,10,7296148,NA,NA,NA,0.994026668934478
SNP4144,10,7322772,NA,NA,NA,0.998623132075833
SNP4145,10,7515807,NA,NA,NA,0.998623132075833
SNP4146,10,7680960,NA,NA,NA,0.97882240829845
SNP4147,10,7681649,NA,NA,NA,0.998623132075833
SNP4148,10,7788634,NA,NA,NA,0.998623132075833
SNP4149,10,7837820,NA,NA,NA,0.983694183538905
SNP4150,10,7944300,NA,NA,NA,0.994026668934478
SNP4151,10,8138885,NA,NA,NA,0.998623132075833
SNP4152,10,8992939,NA,NA,NA,0.998623132075833
SNP4153,10,9278509,NA,NA,NA,0.994026668934478
SNP4154,10,9306039,NA,NA,NA,0.998623132075833
SNP4155,10,9376311,NA,NA,NA,0.998623132075833
SNP4156,10,9646134,NA,NA,NA,0.994026668934478
SNP4157,10,9698261,NA,NA,NA,0.998623132075833
SNP4158,10,10181268,NA,NA,NA,0.998623132075833
SNP4159,10,10380686,NA,NA,NA,0.998623132075833
SNP4160,10,10460333,NA,NA,NA,0.998623132075833
SNP4161,10,10551422,NA,NA,NA,0.998623132075833
SNP4162,10,10737297,NA,NA,NA,0.998623132075833
SNP4163,10,10830528,NA,NA,NA,0.998623132075833
SNP4164,10,10865562,NA,NA,NA,0.998623132075833
SNP4165,10,10865901,NA,NA,NA,0.998623132075833
SNP4166,10,12044465,NA,NA,NA,0.998623132075833
SNP4167,10,12140767,NA,NA,NA,0.998623132075833
SNP4168,10,12288902,NA,NA,NA,0.826713666149968
SNP4169,10,12469101,NA,NA,NA,0.998623132075833
SNP4170,10,13553360,NA,NA,NA,0.998623132075833
SNP4171,10,13637913,NA,NA,NA,0.998623132075833
SNP4172,10,15041648,NA,NA,NA,0.998623132075833
SNP4173,10,15551678,NA,NA,NA,0.998623132075833
SNP4174,10,16175194,NA,NA,NA,0.998623132075833
SNP4175,10,16516105,NA,NA,NA,0.994026668934478
SNP4176,10,17623210,NA,NA,NA,0.998623132075833
SNP4177,10,17898656,NA,NA,NA,0.994026668934478
SNP4178,10,18007246,NA,NA,NA,0.998623132075833
SNP4179,10,18977795,NA,NA,NA,0.998623132075833
SNP4180,10,19461135,NA,NA,NA,0.998623132075833
SNP4181,10,19522486,NA,NA,NA,0.998623132075833
SNP4182,10,19877210,NA,NA,NA,0.66846746326533
SNP4183,10,19893705,NA,NA,NA,0.882219185321112
SNP4184,10,20114608,NA,NA,NA,0.998623132075833
SNP4185,10,22008568,NA,NA,NA,0.998623132075833
SNP4186,10,22669328,NA,NA,NA,0.998623132075833
SNP4187,10,24197030,NA,NA,NA,0.998623132075833
SNP4188,10,24203953,NA,NA,NA,0.998623132075833
SNP4189,10,24601871,NA,NA,NA,0.998623132075833
SNP4190,10,25001885,NA,NA,NA,0.998623132075833
SNP4191,10,25001920,NA,NA,NA,0.998623132075833
SNP4192,10,25040990,NA,NA,NA,0.998623132075833
SNP4193,10,26861708,NA,NA,NA,0.998623132075833
SNP4194,10,27213383,NA,NA,NA,0.998623132075833
SNP4195,10,27855968,NA,NA,NA,0.998623132075833
SNP4196,10,28174371,NA,NA,NA,0.998623132075833
SNP4197,10,28633929,NA,NA,NA,0.994026668934478
SNP4198,10,28635274,NA,NA,NA,0.998623132075833
SNP4199,10,29370043,NA,NA,NA,0.998623132075833
SNP4200,10,30908676,NA,NA,NA,0.998623132075833
SNP4201,10,30929958,NA,NA,NA,0.994026668934478
SNP4202,10,31131553,NA,NA,NA,0.998623132075833
SNP4203,10,31580660,NA,NA,NA,0.998623132075833
SNP4204,10,31607421,NA,NA,NA,0.82176143200529
SNP4205,10,32002358,NA,NA,NA,0.998623132075833
SNP4206,10,34925300,NA,NA,NA,0.998623132075833
SNP4207,10,36258598,NA,NA,NA,0.998623132075833
SNP4208,10,37011125,NA,NA,NA,0.998623132075833
SNP4209,10,37825702,NA,NA,NA,0.998623132075833
SNP4210,10,39690348,NA,NA,NA,0.998623132075833
SNP4211,10,40981008,NA,NA,NA,0.998623132075833
SNP4212,10,43257064,NA,NA,NA,0.994026668934478
SNP4213,10,43326414,NA,NA,NA,0.998623132075833
SNP4214,10,44003635,NA,NA,NA,0.998623132075833
SNP4215,10,44687866,NA,NA,NA,0.998623132075833
SNP4216,10,46609465,NA,NA,NA,0.994026668934478
SNP4217,10,46812320,NA,NA,NA,0.998623132075833
SNP4218,10,46870416,NA,NA,NA,0.994026668934478
SNP4219,10,46983193,NA,NA,NA,0.998623132075833
SNP4220,10,47128700,NA,NA,NA,0.998623132075833
SNP4221,10,47812723,NA,NA,NA,0.998623132075833
SNP4222,10,47850653,NA,NA,NA,0.998623132075833
SNP4223,10,48050797,NA,NA,NA,0.998623132075833
SNP4224,10,48300079,NA,NA,NA,0.998623132075833
SNP4225,10,49622143,NA,NA,NA,0.998623132075833
SNP4226,10,50002104,NA,NA,NA,0.998623132075833
SNP4227,10,51992696,NA,NA,NA,0.998623132075833
SNP4228,10,52430866,NA,NA,NA,0.998623132075833
SNP4229,10,53725446,NA,NA,NA,0.998623132075833
SNP4230,10,57093640,NA,NA,NA,0.882219185321112
SNP4231,10,57355396,NA,NA,NA,0.998623132075833
SNP4232,10,59987077,NA,NA,NA,0.994026668934478
SNP4233,10,60572663,NA,NA,NA,0.998623132075833
SNP4234,10,62962618,NA,NA,NA,0.998623132075833
SNP4235,10,63796018,NA,NA,NA,0.994026668934478
SNP4236,10,64198837,NA,NA,NA,0.994026668934478
SNP4237,10,64574625,NA,NA,NA,0.998623132075833
SNP4238,10,64826364,NA,NA,NA,0.998623132075833
SNP4239,10,64871454,NA,NA,NA,0.998623132075833
SNP4240,10,65712107,NA,NA,NA,0.998623132075833
SNP4241,10,65832524,NA,NA,NA,0.998623132075833
SNP4242,10,66065930,NA,NA,NA,0.994026668934478
SNP4243,10,66410986,NA,NA,NA,0.994026668934478
SNP4244,10,67128586,NA,NA,NA,0.998623132075833
SNP4245,10,67128743,NA,NA,NA,0.998623132075833
SNP4246,10,67132059,NA,NA,NA,0.998623132075833
SNP4247,10,67325207,NA,NA,NA,0.998623132075833
SNP4248,10,67345586,NA,NA,NA,0.998623132075833
SNP4249,10,67377100,NA,NA,NA,0.998623132075833
SNP4250,10,67381179,NA,NA,NA,0.998623132075833
SNP4251,10,67447291,NA,NA,NA,0.998623132075833
SNP4252,10,67447388,NA,NA,NA,0.998623132075833
SNP4253,10,67449494,NA,NA,NA,0.998623132075833
SNP4254,10,67450088,NA,NA,NA,0.998623132075833
SNP4255,10,67467647,NA,NA,NA,0.994026668934478
SNP4256,10,67721721,NA,NA,NA,0.998623132075833
SNP4257,10,67721727,NA,NA,NA,0.998623132075833
SNP4258,10,67721999,NA,NA,NA,0.998623132075833
SNP4259,10,67722120,NA,NA,NA,0.998623132075833
SNP4260,10,67726919,NA,NA,NA,0.998623132075833
SNP4261,10,67739913,NA,NA,NA,0.998623132075833
SNP4262,10,67907414,NA,NA,NA,0.998623132075833
SNP4263,10,68025498,NA,NA,NA,0.998623132075833
SNP4264,10,68421183,NA,NA,NA,0.998623132075833
SNP4265,10,68991634,NA,NA,NA,0.998623132075833
SNP4266,10,69072691,NA,NA,NA,0.998623132075833
SNP4267,10,69214561,NA,NA,NA,0.994026668934478
SNP4268,10,70323232,NA,NA,NA,0.998623132075833
SNP4269,10,70618632,NA,NA,NA,0.998623132075833
SNP4270,10,71029199,NA,NA,NA,0.998623132075833
SNP4271,10,71138530,NA,NA,NA,0.998623132075833
SNP4272,10,73574745,NA,NA,NA,0.998623132075833
SNP4273,10,74640729,NA,NA,NA,0.998623132075833
SNP4274,10,74839000,NA,NA,NA,0.998623132075833
SNP4275,10,75174839,NA,NA,NA,0.998623132075833
SNP4276,10,75429280,NA,NA,NA,0.998623132075833
SNP4277,10,76363955,NA,NA,NA,0.994026668934478
SNP4278,10,77740869,NA,NA,NA,0.998623132075833
SNP4279,10,77768991,NA,NA,NA,0.994026668934478
SNP4280,10,78517561,NA,NA,NA,0.998623132075833
SNP4281,10,78677711,NA,NA,NA,0.994026668934478
SNP4282,10,79575795,NA,NA,NA,0.998623132075833
SNP4283,10,79819947,NA,NA,NA,0.998623132075833
SNP4284,10,80177579,NA,NA,NA,0.998623132075833
SNP4285,10,80622663,NA,NA,NA,0.998623132075833
SNP4286,10,80686412,NA,NA,NA,0.994026668934478
SNP4287,10,82534422,NA,NA,NA,0.998623132075833
SNP4288,10,83899005,NA,NA,NA,0.998623132075833
SNP4289,10,83962058,NA,NA,NA,0.998623132075833
SNP4290,10,83991365,NA,NA,NA,0.994026668934478
SNP4291,10,84842693,NA,NA,NA,0.998623132075833
SNP4292,10,84912032,NA,NA,NA,0.998623132075833
SNP4293,10,84919598,NA,NA,NA,0.998623132075833
SNP4294,10,85010886,NA,NA,NA,0.998623132075833
SNP4295,10,85011487,NA,NA,NA,0.998623132075833
SNP4296,10,86534243,NA,NA,NA,0.998623132075833
SNP4297,10,87419195,NA,NA,NA,0.998623132075833
SNP4298,10,87990577,NA,NA,NA,0.998623132075833
SNP4299,10,88235230,NA,NA,NA,0.998623132075833
SNP4300,10,89929023,NA,NA,NA,0.998623132075833
SNP4301,10,90280280,NA,NA,NA,0.998623132075833
SNP4302,10,90377510,NA,NA,NA,0.998623132075833
SNP4303,10,91090913,NA,NA,NA,0.998623132075833
SNP4304,10,92199535,NA,NA,NA,0.998623132075833
SNP4305,10,92566756,NA,NA,NA,0.998623132075833
SNP4306,10,93398729,NA,NA,NA,0.998623132075833
SNP4307,10,93787701,NA,NA,NA,0.998623132075833
SNP4308,10,94066154,NA,NA,NA,0.994026668934478
SNP4309,10,95568969,NA,NA,NA,0.998623132075833
SNP4310,10,95643636,NA,NA,NA,0.998623132075833
SNP4311,10,95775579,NA,NA,NA,0.998623132075833
SNP4312,10,96146332,NA,NA,NA,0.998623132075833
SNP4313,10,96580120,NA,NA,NA,0.998623132075833
SNP4314,10,96704596,NA,NA,NA,0.998623132075833
SNP4315,10,98610554,NA,NA,NA,0.998623132075833
SNP4316,10,98891152,NA,NA,NA,0.998623132075833
SNP4317,10,99227096,NA,NA,NA,0.998623132075833
SNP4318,10,99335369,NA,NA,NA,0.998856163447371
SNP4319,10,99449684,NA,NA,NA,0.998623132075833
SNP4320,10,100105102,NA,NA,NA,0.998623132075833
SNP4321,10,100279481,NA,NA,NA,0.998623132075833
SNP4322,10,100552153,NA,NA,NA,0.998623132075833
SNP4323,10,100995193,NA,NA,NA,0.998623132075833
SNP4324,10,101148536,NA,NA,NA,0.998623132075833
SNP4325,10,101148595,NA,NA,NA,0.998623132075833
SNP4326,10,101203312,NA,NA,NA,0.994026668934478
SNP4327,10,101245684,NA,NA,NA,0.998623132075833
SNP4328,10,101618795,NA,NA,NA,0.998623132075833
SNP4329,10,101622520,NA,NA,NA,0.998623132075833
SNP4330,10,101941743,NA,NA,NA,0.509724779586776
SNP4331,10,102270044,NA,NA,NA,0.998623132075833
SNP4332,10,102457628,NA,NA,NA,0.998623132075833
SNP4333,10,102910106,NA,NA,NA,0.998623132075833
SNP4334,10,102987655,NA,NA,NA,0.998623132075833
SNP4335,10,103361619,NA,NA,NA,0.998623132075833
SNP4336,10,103386402,NA,NA,NA,0.998623132075833
SNP4337,10,103589072,NA,NA,NA,0.998623132075833
SNP4338,10,104011539,NA,NA,NA,0.998623132075833
SNP4339,10,104071186,NA,NA,NA,0.998623132075833
SNP4340,10,104391279,NA,NA,NA,0.998623132075833
SNP4341,10,104674897,NA,NA,NA,0.998623132075833
SNP4342,10,105510399,NA,NA,NA,0.998623132075833
SNP4343,10,105788827,NA,NA,NA,0.994026668934478
SNP4344,10,105844416,NA,NA,NA,0.998623132075833
SNP4345,10,105967094,NA,NA,NA,0.998623132075833
SNP4346,10,105967190,NA,NA,NA,0.998623132075833
SNP4347,10,106049991,NA,NA,NA,0.998623132075833
SNP4348,10,106358515,NA,NA,NA,0.998623132075833
SNP4349,10,106710879,NA,NA,NA,0.998623132075833
SNP4350,10,106876788,NA,NA,NA,0.998623132075833
SNP4351,10,106877006,NA,NA,NA,0.998623132075833
SNP4352,10,106877117,NA,NA,NA,0.998623132075833
SNP4353,10,106877383,NA,NA,NA,0.998623132075833
SNP4354,10,106877501,NA,NA,NA,0.998623132075833
SNP4355,10,107805131,NA,NA,NA,0.998623132075833
SNP4356,10,108020938,NA,NA,NA,0.994026668934478
SNP4357,10,108060126,NA,NA,NA,0.998623132075833
SNP4358,10,108080621,NA,NA,NA,0.994026668934478
SNP4359,10,108199527,NA,NA,NA,0.882219185321112
SNP4360,10,108592045,NA,NA,NA,0.998623132075833
SNP4361,10,108746244,NA,NA,NA,0.998623132075833
SNP4362,10,108779960,NA,NA,NA,0.998623132075833
SNP4363,10,108799070,NA,NA,NA,0.77340698667237
SNP4364,10,109092665,NA,NA,NA,0.998623132075833
SNP4365,10,109273107,NA,NA,NA,0.61238892569374
SNP4366,10,109302486,NA,NA,NA,0.998623132075833
SNP4367,11,212338,NA,NA,NA,0.998623132075833
SNP4368,11,424574,NA,NA,NA,0.994026668934478
SNP4369,11,424975,NA,NA,NA,0.998623132075833
SNP4370,11,437580,NA,NA,NA,0.998623132075833
SNP4371,11,507375,NA,NA,NA,0.998623132075833
SNP4372,11,759518,NA,NA,NA,0.998623132075833
SNP4373,11,893922,NA,NA,NA,0.998623132075833
SNP4374,11,980234,NA,NA,NA,0.998623132075833
SNP4375,11,1262426,NA,NA,NA,0.994026668934478
SNP4376,11,1401042,NA,NA,NA,0.998623132075833
SNP4377,11,1408092,NA,NA,NA,0.998623132075833
SNP4378,11,1411125,NA,NA,NA,0.998623132075833
SNP4379,11,1411986,NA,NA,NA,0.998623132075833
SNP4380,11,2139234,NA,NA,NA,0.96101256609096
SNP4381,11,2369887,NA,NA,NA,0.998623132075833
SNP4382,11,2392463,NA,NA,NA,0.947859271877429
SNP4383,11,2483677,NA,NA,NA,0.998623132075833
SNP4384,11,2654490,NA,NA,NA,0.998623132075833
SNP4385,11,2990130,NA,NA,NA,0.998623132075833
SNP4386,11,3094684,NA,NA,NA,0.960687188327977
SNP4387,11,3297701,NA,NA,NA,0.998623132075833
SNP4388,11,3442751,NA,NA,NA,0.998623132075833
SNP4389,11,3443845,NA,NA,NA,0.998623132075833
SNP4390,11,3669866,NA,NA,NA,0.998623132075833
SNP4391,11,3954152,NA,NA,NA,0.994026668934478
SNP4392,11,4240166,NA,NA,NA,0.998623132075833
SNP4393,11,4731795,NA,NA,NA,0.998623132075833
SNP4394,11,4788582,NA,NA,NA,0.998623132075833
SNP4395,11,4850926,NA,NA,NA,0.998623132075833
SNP4396,11,4875302,NA,NA,NA,0.998623132075833
SNP4397,11,5180783,NA,NA,NA,0.998623132075833
SNP4398,11,5297976,NA,NA,NA,0.998623132075833
SNP4399,11,5435484,NA,NA,NA,0.998623132075833
SNP4400,11,5551044,NA,NA,NA,0.998623132075833
SNP4401,11,5552940,NA,NA,NA,0.998623132075833
SNP4402,11,5562562,NA,NA,NA,0.998623132075833
SNP4403,11,6162524,NA,NA,NA,0.998623132075833
SNP4404,11,6269903,NA,NA,NA,0.998623132075833
SNP4405,11,6362527,NA,NA,NA,0.998623132075833
SNP4406,11,6427948,NA,NA,NA,0.998623132075833
SNP4407,11,7663790,NA,NA,NA,0.994026668934478
SNP4408,11,7691424,NA,NA,NA,0.890904038044374
SNP4409,11,7691525,NA,NA,NA,0.412151023508117
SNP4410,11,7699398,NA,NA,NA,0.998623132075833
SNP4411,11,7970707,NA,NA,NA,0.960687188327977
SNP4412,11,8040716,NA,NA,NA,0.960687188327977
SNP4413,11,8591091,NA,NA,NA,0.960687188327977
SNP4414,11,9132012,NA,NA,NA,0.998623132075833
SNP4415,11,9135772,NA,NA,NA,0.960687188327977
SNP4416,11,9186345,NA,NA,NA,0.796467738819195
SNP4417,11,9418117,NA,NA,NA,0.960687188327977
SNP4418,11,9440420,NA,NA,NA,0.998623132075833
SNP4419,11,9461543,NA,NA,NA,0.998623132075833
SNP4420,11,9709250,NA,NA,NA,0.960687188327977
SNP4421,11,9887692,NA,NA,NA,0.994026668934478
SNP4422,11,10121767,NA,NA,NA,0.998623132075833
SNP4423,11,10303852,NA,NA,NA,0.998623132075833
SNP4424,11,10355216,NA,NA,NA,0.994026668934478
SNP4425,11,10589579,NA,NA,NA,0.998623132075833
SNP4426,11,10661525,NA,NA,NA,0.998623132075833
SNP4427,11,10720449,NA,NA,NA,0.994026668934478
SNP4428,11,10769268,NA,NA,NA,0.998623132075833
SNP4429,11,10785205,NA,NA,NA,0.998623132075833
SNP4430,11,11038100,NA,NA,NA,0.994026668934478
SNP4431,11,11090654,NA,NA,NA,0.998623132075833
SNP4432,11,11378810,NA,NA,NA,0.998623132075833
SNP4433,11,12335154,NA,NA,NA,0.998623132075833
SNP4434,11,12432001,NA,NA,NA,0.998623132075833
SNP4435,11,12452141,NA,NA,NA,0.998623132075833
SNP4436,11,12505703,NA,NA,NA,0.998623132075833
SNP4437,11,12552160,NA,NA,NA,0.998623132075833
SNP4438,11,12741930,NA,NA,NA,0.998623132075833
SNP4439,11,13017471,NA,NA,NA,0.998623132075833
SNP4440,11,13180728,NA,NA,NA,0.998623132075833
SNP4441,11,13384193,NA,NA,NA,0.998623132075833
SNP4442,11,13582092,NA,NA,NA,0.998623132075833
SNP4443,11,13783742,NA,NA,NA,0.998623132075833
SNP4444,11,14189656,NA,NA,NA,0.998623132075833
SNP4445,11,14288263,NA,NA,NA,0.994026668934478
SNP4446,11,14367965,NA,NA,NA,0.998623132075833
SNP4447,11,14524349,NA,NA,NA,0.96101256609096
SNP4448,11,16024275,NA,NA,NA,0.998623132075833
SNP4449,11,16130141,NA,NA,NA,0.998623132075833
SNP4450,11,16193083,NA,NA,NA,0.998623132075833
SNP4451,11,16382835,NA,NA,NA,0.998623132075833
SNP4452,11,16719908,NA,NA,NA,0.998856163447371
SNP4453,11,16818247,NA,NA,NA,0.998623132075833
SNP4454,11,16824177,NA,NA,NA,0.998623132075833
SNP4455,11,16825589,NA,NA,NA,0.998623132075833
SNP4456,11,16889581,NA,NA,NA,0.998623132075833
SNP4457,11,16889615,NA,NA,NA,0.998623132075833
SNP4458,11,17264472,NA,NA,NA,0.998623132075833
SNP4459,11,17335386,NA,NA,NA,0.994026668934478
SNP4460,11,17338740,NA,NA,NA,0.998623132075833
SNP4461,11,17384044,NA,NA,NA,0.998623132075833
SNP4462,11,17511896,NA,NA,NA,0.998623132075833
SNP4463,11,17513283,NA,NA,NA,0.998623132075833
SNP4464,11,17515881,NA,NA,NA,0.998623132075833
SNP4465,11,17571322,NA,NA,NA,0.998623132075833
SNP4466,11,17571489,NA,NA,NA,0.994026668934478
SNP4467,11,17712779,NA,NA,NA,0.998623132075833
SNP4468,11,17871316,NA,NA,NA,0.998623132075833
SNP4469,11,17971484,NA,NA,NA,0.998623132075833
SNP4470,11,18004573,NA,NA,NA,0.998623132075833
SNP4471,11,18119464,NA,NA,NA,0.998623132075833
SNP4472,11,18135559,NA,NA,NA,0.998623132075833
SNP4473,11,18174646,NA,NA,NA,0.998623132075833
SNP4474,11,18245953,NA,NA,NA,0.998623132075833
SNP4475,11,18257762,NA,NA,NA,0.882219185321112
SNP4476,11,18372406,NA,NA,NA,0.998623132075833
SNP4477,11,18930010,NA,NA,NA,0.994026668934478
SNP4478,11,18990455,NA,NA,NA,0.998623132075833
SNP4479,11,19191886,NA,NA,NA,0.998623132075833
SNP4480,11,19747011,NA,NA,NA,0.998623132075833
SNP4481,11,19859149,NA,NA,NA,0.998623132075833
SNP4482,11,20224880,NA,NA,NA,0.998623132075833
SNP4483,11,20683121,NA,NA,NA,0.998623132075833
SNP4484,11,20716034,NA,NA,NA,0.998623132075833
SNP4485,11,20949213,NA,NA,NA,0.998623132075833
SNP4486,11,20985100,NA,NA,NA,0.998623132075833
SNP4487,11,20989658,NA,NA,NA,0.998623132075833
SNP4488,11,20990085,NA,NA,NA,0.998623132075833
SNP4489,11,21137863,NA,NA,NA,0.998623132075833
SNP4490,11,21164322,NA,NA,NA,0.998623132075833
SNP4491,11,21716258,NA,NA,NA,0.998623132075833
SNP4492,11,21899356,NA,NA,NA,0.998623132075833
SNP4493,11,22131201,NA,NA,NA,0.998623132075833
SNP4494,11,22153589,NA,NA,NA,0.998623132075833
SNP4495,11,22190280,NA,NA,NA,0.998623132075833
SNP4496,11,22199621,NA,NA,NA,0.998623132075833
SNP4497,11,22254499,NA,NA,NA,0.998623132075833
SNP4498,11,22324985,NA,NA,NA,0.998623132075833
SNP4499,11,22880498,NA,NA,NA,0.998623132075833
SNP4500,11,23177026,NA,NA,NA,0.998623132075833
SNP4501,11,24191939,NA,NA,NA,0.998623132075833
SNP4502,11,24755220,NA,NA,NA,0.998623132075833
SNP4503,11,24756235,NA,NA,NA,0.998623132075833
SNP4504,11,24902128,NA,NA,NA,0.998623132075833
SNP4505,11,25212171,NA,NA,NA,0.998623132075833
SNP4506,11,25318134,NA,NA,NA,0.998623132075833
SNP4507,11,25318224,NA,NA,NA,0.998623132075833
SNP4508,11,25387390,NA,NA,NA,0.998623132075833
SNP4509,11,25459607,NA,NA,NA,0.998623132075833
SNP4510,11,25676267,NA,NA,NA,0.994026668934478
SNP4511,11,25687235,NA,NA,NA,0.998623132075833
SNP4512,11,26285866,NA,NA,NA,0.998623132075833
SNP4513,11,26413985,NA,NA,NA,0.998623132075833
SNP4514,11,26493673,NA,NA,NA,0.998623132075833
SNP4515,11,26543329,NA,NA,NA,0.998623132075833
SNP4516,11,26658425,NA,NA,NA,0.998623132075833
SNP4517,11,26672040,NA,NA,NA,0.998623132075833
SNP4518,11,26767141,NA,NA,NA,0.998623132075833
SNP4519,11,27080244,NA,NA,NA,0.998623132075833
SNP4520,11,27103029,NA,NA,NA,0.998623132075833
SNP4521,11,27222296,NA,NA,NA,0.998623132075833
SNP4522,11,27253749,NA,NA,NA,0.998623132075833
SNP4523,11,27542448,NA,NA,NA,0.994026668934478
SNP4524,11,28241007,NA,NA,NA,0.942327571263328
SNP4525,11,28270700,NA,NA,NA,0.998623132075833
SNP4526,11,28277834,NA,NA,NA,0.998623132075833
SNP4527,11,28280638,NA,NA,NA,0.998623132075833
SNP4528,11,28353365,NA,NA,NA,0.998623132075833
SNP4529,11,28694817,NA,NA,NA,0.957720023675892
SNP4530,11,28743826,NA,NA,NA,0.998623132075833
SNP4531,11,28791048,NA,NA,NA,0.998623132075833
SNP4532,11,28846174,NA,NA,NA,0.998623132075833
SNP4533,11,28962799,NA,NA,NA,0.998623132075833
SNP4534,11,29018882,NA,NA,NA,0.998623132075833
SNP4535,11,29062965,NA,NA,NA,0.994026668934478
SNP4536,11,29254802,NA,NA,NA,0.994026668934478
SNP4537,11,29530280,NA,NA,NA,0.998623132075833
SNP4538,11,29659413,NA,NA,NA,0.998623132075833
SNP4539,11,29894389,NA,NA,NA,0.998623132075833
SNP4540,11,29917069,NA,NA,NA,0.998623132075833
SNP4541,11,29951938,NA,NA,NA,0.998623132075833
SNP4542,11,30270685,NA,NA,NA,0.994026668934478
SNP4543,11,31116223,NA,NA,NA,0.994026668934478
SNP4544,11,31432393,NA,NA,NA,0.61238892569374
SNP4545,11,31505733,NA,NA,NA,0.66846746326533
SNP4546,11,31718112,NA,NA,NA,0.994026668934478
SNP4547,11,31927707,NA,NA,NA,0.998623132075833
SNP4548,11,32139624,NA,NA,NA,0.998623132075833
SNP4549,11,32306334,NA,NA,NA,0.998623132075833
SNP4550,11,32343804,NA,NA,NA,0.998623132075833
SNP4551,11,32876036,NA,NA,NA,0.998623132075833
SNP4552,11,32926009,NA,NA,NA,0.998623132075833
SNP4553,11,32980229,NA,NA,NA,0.998623132075833
SNP4554,11,32982875,NA,NA,NA,0.998623132075833
SNP4555,11,33385553,NA,NA,NA,0.610417969968178
SNP4556,11,33809671,NA,NA,NA,0.998623132075833
SNP4557,11,33810475,NA,NA,NA,0.998623132075833
SNP4558,11,33971548,NA,NA,NA,0.998623132075833
SNP4559,11,34262270,NA,NA,NA,0.998623132075833
SNP4560,11,35162148,NA,NA,NA,0.998623132075833
SNP4561,11,35408682,NA,NA,NA,0.994026668934478
SNP4562,11,35554069,NA,NA,NA,0.796467738819195
SNP4563,11,35555830,NA,NA,NA,0.796467738819195
SNP4564,11,35556264,NA,NA,NA,0.96101256609096
SNP4565,11,35556273,NA,NA,NA,0.882219185321112
SNP4566,11,35556286,NA,NA,NA,0.796467738819195
SNP4567,11,35557821,NA,NA,NA,0.796467738819195
SNP4568,11,35558192,NA,NA,NA,0.796467738819195
SNP4569,11,35560087,NA,NA,NA,0.796467738819195
SNP4570,11,35560112,NA,NA,NA,0.882219185321112
SNP4571,11,35720551,NA,NA,NA,0.564137546217698
SNP4572,11,35720593,NA,NA,NA,0.630090565886688
SNP4573,11,37054875,NA,NA,NA,0.998623132075833
SNP4574,11,37059052,NA,NA,NA,0.994026668934478
SNP4575,11,37331642,NA,NA,NA,0.82176143200529
SNP4576,11,37390535,NA,NA,NA,0.998623132075833
SNP4577,11,37808727,NA,NA,NA,0.998623132075833
SNP4578,11,38027206,NA,NA,NA,0.998623132075833
SNP4579,11,38654112,NA,NA,NA,0.998623132075833
SNP4580,11,38654495,NA,NA,NA,0.998623132075833
SNP4581,11,38863193,NA,NA,NA,0.998623132075833
SNP4582,11,39316970,NA,NA,NA,0.998623132075833
SNP4583,11,39619265,NA,NA,NA,0.998623132075833
SNP4584,11,40169805,NA,NA,NA,0.998623132075833
SNP4585,11,40285246,NA,NA,NA,0.998623132075833
SNP4586,11,40740934,NA,NA,NA,0.998623132075833
SNP4587,11,41122798,NA,NA,NA,0.998623132075833
SNP4588,11,41123061,NA,NA,NA,0.998623132075833
SNP4589,11,42081939,NA,NA,NA,0.998623132075833
SNP4590,11,42112520,NA,NA,NA,0.998623132075833
SNP4591,11,42782721,NA,NA,NA,0.998623132075833
SNP4592,11,42915785,NA,NA,NA,0.998623132075833
SNP4593,11,43486514,NA,NA,NA,0.998623132075833
SNP4594,11,43500332,NA,NA,NA,0.998623132075833
SNP4595,11,43666269,NA,NA,NA,0.998623132075833
SNP4596,11,44167942,NA,NA,NA,0.998623132075833
SNP4597,11,44295162,NA,NA,NA,0.998623132075833
SNP4598,11,44302048,NA,NA,NA,0.82176143200529
SNP4599,11,44333543,NA,NA,NA,0.998623132075833
SNP4600,11,44881692,NA,NA,NA,0.998623132075833
SNP4601,11,44967147,NA,NA,NA,0.998623132075833
SNP4602,11,45727731,NA,NA,NA,0.998623132075833
SNP4603,11,46472903,NA,NA,NA,0.998623132075833
SNP4604,11,46583701,NA,NA,NA,0.998623132075833
SNP4605,11,46595650,NA,NA,NA,0.998623132075833
SNP4606,11,47288936,NA,NA,NA,0.942327571263328
SNP4607,11,48488418,NA,NA,NA,0.998623132075833
SNP4608,11,49255571,NA,NA,NA,0.998623132075833
SNP4609,11,49413386,NA,NA,NA,0.994026668934478
SNP4610,11,49716591,NA,NA,NA,0.998623132075833
SNP4611,11,49906829,NA,NA,NA,0.998623132075833
SNP4612,11,50543683,NA,NA,NA,0.998623132075833
SNP4613,11,50874641,NA,NA,NA,0.998623132075833
SNP4614,11,51400642,NA,NA,NA,0.998623132075833
SNP4615,11,51410993,NA,NA,NA,0.998623132075833
SNP4616,11,51951848,NA,NA,NA,0.998623132075833
SNP4617,11,52830489,NA,NA,NA,0.998623132075833
SNP4618,11,53419497,NA,NA,NA,0.998623132075833
SNP4619,11,53960472,NA,NA,NA,0.998623132075833
SNP4620,11,54019113,NA,NA,NA,0.998623132075833
SNP4621,11,54179592,NA,NA,NA,0.998623132075833
SNP4622,11,54252761,NA,NA,NA,0.998623132075833
SNP4623,11,54290445,NA,NA,NA,0.998623132075833
SNP4624,11,55055087,NA,NA,NA,0.998623132075833
SNP4625,11,55293000,NA,NA,NA,0.998623132075833
SNP4626,11,55391498,NA,NA,NA,0.998623132075833
SNP4627,11,55435621,NA,NA,NA,0.998623132075833
SNP4628,11,55659471,NA,NA,NA,0.998623132075833
SNP4629,11,56517570,NA,NA,NA,0.998623132075833
SNP4630,11,56608282,NA,NA,NA,0.994026668934478
SNP4631,11,58382491,NA,NA,NA,0.994026668934478
SNP4632,11,58383005,NA,NA,NA,0.998623132075833
SNP4633,11,58999251,NA,NA,NA,0.998623132075833
SNP4634,11,59219016,NA,NA,NA,0.998623132075833
SNP4635,11,59773815,NA,NA,NA,0.994026668934478
SNP4636,11,59773905,NA,NA,NA,0.998623132075833
SNP4637,11,61078385,NA,NA,NA,0.960687188327977
SNP4638,11,61221676,NA,NA,NA,0.998623132075833
SNP4639,11,63044494,NA,NA,NA,0.998623132075833
SNP4640,11,63623497,NA,NA,NA,0.998623132075833
SNP4641,11,64037906,NA,NA,NA,0.998623132075833
SNP4642,11,65084041,NA,NA,NA,0.994026668934478
SNP4643,11,65108032,NA,NA,NA,0.994026668934478
SNP4644,11,65248007,NA,NA,NA,0.994026668934478
SNP4645,11,65355591,NA,NA,NA,0.998623132075833
SNP4646,11,65368817,NA,NA,NA,0.998623132075833
SNP4647,11,66065798,NA,NA,NA,0.998623132075833
SNP4648,11,67035191,NA,NA,NA,0.998623132075833
SNP4649,11,67827948,NA,NA,NA,0.998623132075833
SNP4650,11,68967289,NA,NA,NA,0.998623132075833
SNP4651,11,70423433,NA,NA,NA,0.998623132075833
SNP4652,11,70750836,NA,NA,NA,0.998623132075833
SNP4653,11,71058918,NA,NA,NA,0.998623132075833
SNP4654,11,71700694,NA,NA,NA,0.998623132075833
SNP4655,11,71744220,NA,NA,NA,0.96101256609096
SNP4656,11,71966104,NA,NA,NA,0.994026668934478
SNP4657,11,72554476,NA,NA,NA,0.998623132075833
SNP4658,11,72798846,NA,NA,NA,0.998623132075833
SNP4659,11,73748726,NA,NA,NA,0.998623132075833
SNP4660,11,73755954,NA,NA,NA,0.994026668934478
SNP4661,11,74449661,NA,NA,NA,0.994026668934478
SNP4662,11,74678903,NA,NA,NA,0.998623132075833
SNP4663,11,76157414,NA,NA,NA,0.998623132075833
SNP4664,11,77062798,NA,NA,NA,0.909357817598464
SNP4665,11,77391140,NA,NA,NA,0.998623132075833
SNP4666,11,77396066,NA,NA,NA,0.998623132075833
SNP4667,11,80807589,NA,NA,NA,0.998623132075833
SNP4668,11,82159905,NA,NA,NA,0.998623132075833
SNP4669,11,82160502,NA,NA,NA,0.994026668934478
SNP4670,11,82175349,NA,NA,NA,0.998623132075833
SNP4671,11,82950927,NA,NA,NA,0.998623132075833
SNP4672,11,84746906,NA,NA,NA,0.998623132075833
SNP4673,11,85033950,NA,NA,NA,0.998623132075833
SNP4674,11,85587565,NA,NA,NA,0.998623132075833
SNP4675,11,85637621,NA,NA,NA,0.998623132075833
SNP4676,11,85681184,NA,NA,NA,0.994026668934478
SNP4677,11,87068452,NA,NA,NA,0.994026668934478
SNP4678,11,87347798,NA,NA,NA,0.994026668934478
SNP4679,11,87526975,NA,NA,NA,0.998623132075833
SNP4680,11,91537274,NA,NA,NA,0.998623132075833
SNP4681,11,91539697,NA,NA,NA,0.998623132075833
SNP4682,11,92199179,NA,NA,NA,0.994026668934478
SNP4683,11,94327169,NA,NA,NA,0.998623132075833
SNP4684,11,95769140,NA,NA,NA,0.998623132075833
SNP4685,11,96759944,NA,NA,NA,0.331630924795387
SNP4686,11,97525297,NA,NA,NA,0.998623132075833
SNP4687,11,98037844,NA,NA,NA,0.998623132075833
SNP4688,11,98679341,NA,NA,NA,0.998623132075833
SNP4689,11,98820700,NA,NA,NA,0.998623132075833
SNP4690,11,99216420,NA,NA,NA,0.998623132075833
SNP4691,11,99448666,NA,NA,NA,0.998623132075833
SNP4692,11,99580561,NA,NA,NA,0.998623132075833
SNP4693,11,100307978,NA,NA,NA,0.998623132075833
SNP4694,11,100310055,NA,NA,NA,0.994026668934478
SNP4695,11,100318807,NA,NA,NA,0.994026668934478
SNP4696,11,100319147,NA,NA,NA,0.998623132075833
SNP4697,11,100784483,NA,NA,NA,0.882219185321112
SNP4698,11,100851742,NA,NA,NA,0.994026668934478
SNP4699,11,100855045,NA,NA,NA,0.998623132075833
SNP4700,11,100861959,NA,NA,NA,0.998623132075833
SNP4701,11,101512986,NA,NA,NA,0.998623132075833
SNP4702,11,102071673,NA,NA,NA,0.998623132075833
SNP4703,11,102262513,NA,NA,NA,0.998623132075833
SNP4704,11,102263132,NA,NA,NA,0.994026668934478
SNP4705,11,102269074,NA,NA,NA,0.998623132075833
SNP4706,11,102498124,NA,NA,NA,0.994026668934478
SNP4707,11,102567359,NA,NA,NA,0.994026668934478
SNP4708,11,104424811,NA,NA,NA,0.998623132075833
SNP4709,11,106300122,NA,NA,NA,0.994026668934478
SNP4710,11,106798591,NA,NA,NA,0.998623132075833
SNP4711,11,107127111,NA,NA,NA,0.994026668934478
SNP4712,11,107602036,NA,NA,NA,0.998623132075833
SNP4713,11,107652500,NA,NA,NA,0.998623132075833
SNP4714,11,108807904,NA,NA,NA,0.994026668934478
SNP4715,11,108958779,NA,NA,NA,0.998623132075833
SNP4716,11,110161904,NA,NA,NA,0.998623132075833
SNP4717,11,110343603,NA,NA,NA,0.994026668934478
SNP4718,11,110623501,NA,NA,NA,0.998623132075833
SNP4719,11,110848776,NA,NA,NA,0.998623132075833
SNP4720,11,113291474,NA,NA,NA,0.998623132075833
SNP4721,11,113300564,NA,NA,NA,0.998623132075833
SNP4722,11,113324686,NA,NA,NA,0.998623132075833
SNP4723,11,113461915,NA,NA,NA,0.998623132075833
SNP4724,11,113467784,NA,NA,NA,0.994026668934478
SNP4725,11,113647077,NA,NA,NA,0.994026668934478
SNP4726,11,113780488,NA,NA,NA,0.998623132075833
SNP4727,11,113809381,NA,NA,NA,0.998623132075833
SNP4728,11,113822776,NA,NA,NA,0.994026668934478
SNP4729,11,113943656,NA,NA,NA,0.998623132075833
SNP4730,11,114238937,NA,NA,NA,0.998623132075833
SNP4731,11,114256963,NA,NA,NA,0.998623132075833
SNP4732,11,114377087,NA,NA,NA,0.998623132075833
SNP4733,11,114413307,NA,NA,NA,0.998623132075833
SNP4734,11,114422004,NA,NA,NA,0.998623132075833
SNP4735,11,114459581,NA,NA,NA,0.998623132075833
SNP4736,11,114541249,NA,NA,NA,0.994026668934478
SNP4737,11,115082321,NA,NA,NA,0.998623132075833
SNP4738,11,115146640,NA,NA,NA,0.994026668934478
SNP4739,11,115752940,NA,NA,NA,0.998623132075833
SNP4740,11,115988687,NA,NA,NA,0.998623132075833
SNP4741,11,116027372,NA,NA,NA,0.994026668934478
SNP4742,11,116045674,NA,NA,NA,0.998623132075833
SNP4743,11,116276156,NA,NA,NA,0.998623132075833
SNP4744,11,116345539,NA,NA,NA,0.998623132075833
SNP4745,11,117113510,NA,NA,NA,0.998623132075833
SNP4746,11,117242290,NA,NA,NA,0.998623132075833
SNP4747,11,117917025,NA,NA,NA,0.998623132075833
SNP4748,11,118450440,NA,NA,NA,0.998623132075833
SNP4749,11,119154309,NA,NA,NA,0.994026668934478
SNP4750,11,119491221,NA,NA,NA,0.998623132075833
SNP4751,11,119529543,NA,NA,NA,0.998623132075833
SNP4752,11,119714923,NA,NA,NA,0.998623132075833
SNP4753,11,120261890,NA,NA,NA,0.998623132075833
SNP4754,11,120834262,NA,NA,NA,0.998623132075833
SNP4755,11,121203437,NA,NA,NA,0.998623132075833
SNP4756,11,121267990,NA,NA,NA,0.998623132075833
SNP4757,11,121383217,NA,NA,NA,0.998623132075833
SNP4758,11,121460689,NA,NA,NA,0.998623132075833
SNP4759,11,121523148,NA,NA,NA,0.998623132075833
SNP4760,11,121686392,NA,NA,NA,0.998623132075833
SNP4761,11,121795030,NA,NA,NA,0.998623132075833
SNP4762,11,122168296,NA,NA,NA,0.998623132075833
SNP4763,11,122172818,NA,NA,NA,0.998623132075833
SNP4764,11,123039211,NA,NA,NA,0.998623132075833
SNP4765,11,123373078,NA,NA,NA,0.998623132075833
SNP4766,11,123628061,NA,NA,NA,0.525912271620801
SNP4767,11,123628073,NA,NA,NA,0.998623132075833
SNP4768,11,123634429,NA,NA,NA,0.998623132075833
SNP4769,11,123671915,NA,NA,NA,0.998623132075833
SNP4770,11,123735995,NA,NA,NA,0.998623132075833
SNP4771,11,123973617,NA,NA,NA,0.998623132075833
SNP4772,11,123978407,NA,NA,NA,0.998623132075833
SNP4773,11,124273052,NA,NA,NA,0.998623132075833
SNP4774,11,124424825,NA,NA,NA,0.998623132075833
SNP4775,11,124432093,NA,NA,NA,0.998623132075833
SNP4776,11,124503817,NA,NA,NA,0.998623132075833
SNP4777,11,124591726,NA,NA,NA,0.998623132075833
SNP4778,11,125018875,NA,NA,NA,0.998623132075833
SNP4779,11,125055223,NA,NA,NA,0.998623132075833
SNP4780,11,125338679,NA,NA,NA,0.998623132075833
SNP4781,11,125376014,NA,NA,NA,0.882219185321112
SNP4782,11,125385021,NA,NA,NA,0.998623132075833
SNP4783,11,125646199,NA,NA,NA,0.998623132075833
SNP4784,11,125653503,NA,NA,NA,0.96101256609096
SNP4785,11,125656175,NA,NA,NA,0.998623132075833
SNP4786,11,125668584,NA,NA,NA,0.998623132075833
SNP4787,11,126117760,NA,NA,NA,0.998623132075833
SNP4788,11,126168933,NA,NA,NA,0.382224131304533
SNP4789,11,126262699,NA,NA,NA,0.998623132075833
SNP4790,11,126274566,NA,NA,NA,0.998623132075833
SNP4791,11,126336546,NA,NA,NA,0.998623132075833
SNP4792,11,126402661,NA,NA,NA,0.998623132075833
SNP4793,11,126697030,NA,NA,NA,0.998623132075833
SNP4794,11,126979579,NA,NA,NA,0.998623132075833
SNP4795,11,127066713,NA,NA,NA,0.998623132075833
SNP4796,11,128046548,NA,NA,NA,0.255078943424278
SNP4797,11,128107945,NA,NA,NA,0.998623132075833
SNP4798,11,128129633,NA,NA,NA,0.994026668934478
SNP4799,11,128279411,NA,NA,NA,0.998623132075833
SNP4800,11,128310910,NA,NA,NA,0.998623132075833
SNP4801,11,128358821,NA,NA,NA,0.998623132075833
SNP4802,11,128477500,NA,NA,NA,0.998623132075833
SNP4803,11,128477990,NA,NA,NA,0.96101256609096
SNP4804,11,128681234,NA,NA,NA,0.999440240047304
SNP4805,11,128696059,NA,NA,NA,0.998623132075833
SNP4806,11,128816763,NA,NA,NA,0.96101256609096
SNP4807,11,128870938,NA,NA,NA,0.998623132075833
SNP4808,11,128973524,NA,NA,NA,0.998623132075833
SNP4809,11,129152474,NA,NA,NA,0.998623132075833
SNP4810,11,129526274,NA,NA,NA,0.998623132075833
SNP4811,11,129549664,NA,NA,NA,0.96101256609096
SNP4812,11,129579861,NA,NA,NA,0.998623132075833
SNP4813,11,129779822,NA,NA,NA,0.998623132075833
SNP4814,11,129807580,NA,NA,NA,0.998623132075833
SNP4815,11,129944418,NA,NA,NA,0.998623132075833
SNP4816,11,130243610,NA,NA,NA,0.998623132075833
SNP4817,11,130289404,NA,NA,NA,0.998623132075833
SNP4818,11,130697387,NA,NA,NA,0.998623132075833
SNP4819,11,131171145,NA,NA,NA,0.998623132075833
SNP4820,11,131260267,NA,NA,NA,0.998623132075833
SNP4821,11,131262744,NA,NA,NA,0.998623132075833
SNP4822,11,131383388,NA,NA,NA,0.998623132075833
SNP4823,11,131422405,NA,NA,NA,0.994026668934478
SNP4824,11,131448576,NA,NA,NA,0.998623132075833
SNP4825,11,131701071,NA,NA,NA,0.998623132075833
SNP4826,11,131725742,NA,NA,NA,0.994026668934478
SNP4827,11,132119581,NA,NA,NA,0.994026668934478
SNP4828,11,132482252,NA,NA,NA,0.998623132075833
SNP4829,11,132482803,NA,NA,NA,0.998623132075833
SNP4830,11,132567988,NA,NA,NA,0.998623132075833
SNP4831,11,132830669,NA,NA,NA,0.998856163447371
SNP4832,11,133569092,NA,NA,NA,0.977104919160526
SNP4833,11,133572975,NA,NA,NA,0.998623132075833
SNP4834,11,133829141,NA,NA,NA,0.998623132075833
SNP4835,11,133982792,NA,NA,NA,0.998623132075833
SNP4836,11,134031439,NA,NA,NA,0.998623132075833
SNP4837,11,134060134,NA,NA,NA,0.998623132075833
SNP4838,11,134144284,NA,NA,NA,0.998623132075833
SNP4839,11,134275884,NA,NA,NA,0.998623132075833
SNP4840,11,134316364,NA,NA,NA,0.998623132075833
SNP4841,11,134349990,NA,NA,NA,0.994026668934478
SNP4842,11,134350003,NA,NA,NA,0.998623132075833
SNP4843,11,134434638,NA,NA,NA,0.983465069927344
SNP4844,11,134477245,NA,NA,NA,0.998623132075833
SNP4845,11,134631468,NA,NA,NA,0.998623132075833
SNP4846,11,134636409,NA,NA,NA,0.998623132075833
SNP4847,11,134746033,NA,NA,NA,0.998623132075833
SNP4848,11,135239270,NA,NA,NA,0.998623132075833
SNP4849,11,135306565,NA,NA,NA,0.998623132075833
SNP4850,11,135385691,NA,NA,NA,0.998623132075833
SNP4851,11,135512054,NA,NA,NA,0.998623132075833
SNP4852,11,135673364,NA,NA,NA,0.998623132075833
SNP4853,11,135686530,NA,NA,NA,0.994026668934478
SNP4854,11,135743265,NA,NA,NA,0.998623132075833
SNP4855,11,135757753,NA,NA,NA,0.998623132075833
SNP4856,11,135771076,NA,NA,NA,0.998623132075833
SNP4857,11,135771887,NA,NA,NA,0.998623132075833
SNP4858,11,135792033,NA,NA,NA,0.998623132075833
SNP4859,11,135861307,NA,NA,NA,0.957720023675892
SNP4860,11,135954354,NA,NA,NA,0.998623132075833
SNP4861,11,135986574,NA,NA,NA,0.994026668934478
SNP4862,11,136383487,NA,NA,NA,0.998623132075833
SNP4863,11,136407446,NA,NA,NA,0.998623132075833
SNP4864,11,136819348,NA,NA,NA,0.998623132075833
SNP4865,11,136968142,NA,NA,NA,0.998623132075833
SNP4866,11,137044543,NA,NA,NA,0.994026668934478
SNP4867,11,137046373,NA,NA,NA,0.998623132075833
SNP4868,11,137065879,NA,NA,NA,0.994026668934478
SNP4869,11,137128713,NA,NA,NA,0.96101256609096
SNP4870,11,137254172,NA,NA,NA,0.994026668934478
SNP4871,11,137254282,NA,NA,NA,0.994026668934478
SNP4872,11,137285820,NA,NA,NA,0.998623132075833
SNP4873,12,295929,NA,NA,NA,0.994026668934478
SNP4874,12,423949,NA,NA,NA,0.96101256609096
SNP4875,12,721950,NA,NA,NA,0.998623132075833
SNP4876,12,756709,NA,NA,NA,0.998623132075833
SNP4877,12,1435054,NA,NA,NA,0.998623132075833
SNP4878,12,1461906,NA,NA,NA,0.96101256609096
SNP4879,12,1462753,NA,NA,NA,0.888373264722305
SNP4880,12,1838208,NA,NA,NA,0.994026668934478
SNP4881,12,2042415,NA,NA,NA,0.998623132075833
SNP4882,12,2048600,NA,NA,NA,0.998623132075833
SNP4883,12,2049608,NA,NA,NA,0.998623132075833
SNP4884,12,2184333,NA,NA,NA,0.998623132075833
SNP4885,12,2184712,NA,NA,NA,0.998623132075833
SNP4886,12,2364809,NA,NA,NA,0.998623132075833
SNP4887,12,2480844,NA,NA,NA,0.998623132075833
SNP4888,12,2497726,NA,NA,NA,0.998623132075833
SNP4889,12,2650206,NA,NA,NA,0.994026668934478
SNP4890,12,2778086,NA,NA,NA,0.998623132075833
SNP4891,12,4215101,NA,NA,NA,0.998623132075833
SNP4892,12,4548625,NA,NA,NA,0.998623132075833
SNP4893,12,4632512,NA,NA,NA,0.998623132075833
SNP4894,12,5201723,NA,NA,NA,0.998623132075833
SNP4895,12,5256709,NA,NA,NA,0.994026668934478
SNP4896,12,5459604,NA,NA,NA,0.998623132075833
SNP4897,12,5852191,NA,NA,NA,0.998623132075833
SNP4898,12,5885390,NA,NA,NA,0.998623132075833
SNP4899,12,5891590,NA,NA,NA,0.994026668934478
SNP4900,12,6301933,NA,NA,NA,0.998623132075833
SNP4901,12,6346708,NA,NA,NA,0.947859271877429
SNP4902,12,6419011,NA,NA,NA,0.994026668934478
SNP4903,12,6694485,NA,NA,NA,0.998623132075833
SNP4904,12,6772325,NA,NA,NA,0.998623132075833
SNP4905,12,6773946,NA,NA,NA,0.998623132075833
SNP4906,12,7217271,NA,NA,NA,0.998623132075833
SNP4907,12,7577994,NA,NA,NA,0.998623132075833
SNP4908,12,7578061,NA,NA,NA,0.994026668934478
SNP4909,12,7812657,NA,NA,NA,0.998623132075833
SNP4910,12,7838565,NA,NA,NA,0.998623132075833
SNP4911,12,8198117,NA,NA,NA,0.998623132075833
SNP4912,12,8748646,NA,NA,NA,0.994026668934478
SNP4913,12,8770969,NA,NA,NA,0.983465069927344
SNP4914,12,9075171,NA,NA,NA,0.998623132075833
SNP4915,12,9293294,NA,NA,NA,0.998623132075833
SNP4916,12,10246911,NA,NA,NA,0.998623132075833
SNP4917,12,10473136,NA,NA,NA,0.998623132075833
SNP4918,12,11191130,NA,NA,NA,0.998623132075833
SNP4919,12,11655526,NA,NA,NA,0.608711922516567
SNP4920,12,11751936,NA,NA,NA,0.96101256609096
SNP4921,12,11761968,NA,NA,NA,0.412568666725635
SNP4922,12,12264088,NA,NA,NA,0.61238892569374
SNP4923,12,12533061,NA,NA,NA,0.96101256609096
SNP4924,12,12535273,NA,NA,NA,0.96101256609096
SNP4925,12,12812603,NA,NA,NA,0.796467738819195
SNP4926,12,12983402,NA,NA,NA,0.998623132075833
SNP4927,12,13080944,NA,NA,NA,0.998623132075833
SNP4928,12,13083458,NA,NA,NA,0.276902138293432
SNP4929,12,13172449,NA,NA,NA,0.998623132075833
SNP4930,12,13463777,NA,NA,NA,0.96101256609096
SNP4931,12,13548533,NA,NA,NA,0.994026668934478
SNP4932,12,14183719,NA,NA,NA,0.998623132075833
SNP4933,12,14693255,NA,NA,NA,0.998623132075833
SNP4934,12,14728513,NA,NA,NA,0.960687188327977
SNP4935,12,15155708,NA,NA,NA,0.998623132075833
SNP4936,12,16101383,NA,NA,NA,0.998623132075833
SNP4937,12,16252106,NA,NA,NA,0.998623132075833
SNP4938,12,18352330,NA,NA,NA,0.998623132075833
SNP4939,12,18763958,NA,NA,NA,0.998623132075833
SNP4940,12,19149171,NA,NA,NA,0.998623132075833
SNP4941,12,19280408,NA,NA,NA,0.998623132075833
SNP4942,12,19447854,NA,NA,NA,0.998623132075833
SNP4943,12,19769814,NA,NA,NA,0.998623132075833
SNP4944,12,20948161,NA,NA,NA,0.998623132075833
SNP4945,12,21106670,NA,NA,NA,0.998623132075833
SNP4946,12,22167987,NA,NA,NA,0.998623132075833
SNP4947,12,22562082,NA,NA,NA,0.998623132075833
SNP4948,12,22999210,NA,NA,NA,0.998623132075833
SNP4949,12,23002257,NA,NA,NA,0.998623132075833
SNP4950,12,23249159,NA,NA,NA,0.998623132075833
SNP4951,12,23628218,NA,NA,NA,0.998623132075833
SNP4952,12,23631160,NA,NA,NA,0.998623132075833
SNP4953,12,23666666,NA,NA,NA,0.998623132075833
SNP4954,12,24015611,NA,NA,NA,0.994026668934478
SNP4955,12,24110354,NA,NA,NA,0.994026668934478
SNP4956,12,25085403,NA,NA,NA,0.998623132075833
SNP4957,12,25132718,NA,NA,NA,0.994026668934478
SNP4958,12,25483240,NA,NA,NA,0.994026668934478
SNP4959,12,25492121,NA,NA,NA,0.998623132075833
SNP4960,12,25598735,NA,NA,NA,0.998623132075833
SNP4961,12,25725940,NA,NA,NA,0.998623132075833
SNP4962,12,26112768,NA,NA,NA,0.998623132075833
SNP4963,12,27248170,NA,NA,NA,0.998623132075833
SNP4964,12,27255340,NA,NA,NA,0.998623132075833
SNP4965,12,27442316,NA,NA,NA,0.998623132075833
SNP4966,12,28049913,NA,NA,NA,0.998623132075833
SNP4967,12,28984772,NA,NA,NA,0.998623132075833
SNP4968,12,29256492,NA,NA,NA,0.994026668934478
SNP4969,12,29663046,NA,NA,NA,0.994026668934478
SNP4970,12,30172328,NA,NA,NA,0.998623132075833
SNP4971,12,30330312,NA,NA,NA,0.998623132075833
SNP4972,12,32264462,NA,NA,NA,0.998623132075833
SNP4973,12,32891208,NA,NA,NA,0.998623132075833
SNP4974,12,33960987,NA,NA,NA,0.998623132075833
SNP4975,12,34009224,NA,NA,NA,0.998623132075833
SNP4976,12,34021548,NA,NA,NA,0.998623132075833
SNP4977,12,34107540,NA,NA,NA,0.998623132075833
SNP4978,12,34295978,NA,NA,NA,0.994026668934478
SNP4979,12,35319573,NA,NA,NA,0.998623132075833
SNP4980,12,36182250,NA,NA,NA,0.998623132075833
SNP4981,12,36685936,NA,NA,NA,0.998623132075833
SNP4982,12,36753806,NA,NA,NA,0.994026668934478
SNP4983,12,36786894,NA,NA,NA,0.998623132075833
SNP4984,12,37468321,NA,NA,NA,0.998623132075833
SNP4985,12,43997725,NA,NA,NA,0.998623132075833
SNP4986,12,44493585,NA,NA,NA,0.994026668934478
SNP4987,12,45735578,NA,NA,NA,0.998623132075833
SNP4988,12,47062123,NA,NA,NA,0.998623132075833
SNP4989,12,49251241,NA,NA,NA,0.994026668934478
SNP4990,12,53693009,NA,NA,NA,0.998623132075833
SNP4991,12,54332654,NA,NA,NA,0.998623132075833
SNP4992,12,54373689,NA,NA,NA,0.994026668934478
SNP4993,12,54638764,NA,NA,NA,0.994026668934478
SNP4994,12,54996059,NA,NA,NA,0.998623132075833
SNP4995,12,55096114,NA,NA,NA,0.998623132075833
SNP4996,12,55201799,NA,NA,NA,0.998623132075833
SNP4997,12,55248307,NA,NA,NA,0.998623132075833
SNP4998,12,55249418,NA,NA,NA,0.998623132075833
SNP4999,12,56867170,NA,NA,NA,0.994026668934478
SNP5000,12,57761498,NA,NA,NA,0.998623132075833
SNP5001,12,58789461,NA,NA,NA,0.998623132075833
SNP5002,12,58791000,NA,NA,NA,0.998623132075833
SNP5003,12,58924091,NA,NA,NA,0.998623132075833
SNP5004,12,59548211,NA,NA,NA,0.994026668934478
SNP5005,12,60566100,NA,NA,NA,0.998623132075833
SNP5006,12,61364179,NA,NA,NA,0.998623132075833
SNP5007,12,64418329,NA,NA,NA,0.998623132075833
SNP5008,12,64651062,NA,NA,NA,0.994026668934478
SNP5009,12,65670383,NA,NA,NA,0.998623132075833
SNP5010,12,65936199,NA,NA,NA,0.998623132075833
SNP5011,12,67401261,NA,NA,NA,0.998623132075833
SNP5012,12,67577596,NA,NA,NA,0.998623132075833
SNP5013,12,68434105,NA,NA,NA,0.994026668934478
SNP5014,12,68436848,NA,NA,NA,0.994026668934478
SNP5015,12,69311494,NA,NA,NA,0.994026668934478
SNP5016,12,70073841,NA,NA,NA,0.998623132075833
SNP5017,12,70190077,NA,NA,NA,0.998623132075833
SNP5018,12,70287870,NA,NA,NA,0.998623132075833
SNP5019,12,70555263,NA,NA,NA,0.998623132075833
SNP5020,12,70556976,NA,NA,NA,0.998623132075833
SNP5021,12,70682710,NA,NA,NA,0.998623132075833
SNP5022,12,71480427,NA,NA,NA,0.998623132075833
SNP5023,12,71541702,NA,NA,NA,0.998623132075833
SNP5024,12,73509681,NA,NA,NA,0.998623132075833
SNP5025,12,73527328,NA,NA,NA,0.998623132075833
SNP5026,12,75193543,NA,NA,NA,0.998623132075833
SNP5027,12,75295388,NA,NA,NA,0.994026668934478
SNP5028,12,75519949,NA,NA,NA,0.998623132075833
SNP5029,12,75740278,NA,NA,NA,0.998623132075833
SNP5030,12,75966439,NA,NA,NA,0.998623132075833
SNP5031,12,76252153,NA,NA,NA,0.994026668934478
SNP5032,12,76511991,NA,NA,NA,0.998623132075833
SNP5033,12,76861787,NA,NA,NA,0.998623132075833
SNP5034,12,77297198,NA,NA,NA,0.994026668934478
SNP5035,12,77726654,NA,NA,NA,0.998623132075833
SNP5036,12,77945903,NA,NA,NA,0.998623132075833
SNP5037,12,78297363,NA,NA,NA,0.994026668934478
SNP5038,12,78642471,NA,NA,NA,0.994026668934478
SNP5039,12,78651519,NA,NA,NA,0.994026668934478
SNP5040,12,78659250,NA,NA,NA,0.994026668934478
SNP5041,12,78824171,NA,NA,NA,0.998623132075833
SNP5042,12,79573395,NA,NA,NA,0.998623132075833
SNP5043,12,79592973,NA,NA,NA,0.998623132075833
SNP5044,12,80217278,NA,NA,NA,0.998623132075833
SNP5045,12,81665545,NA,NA,NA,0.998623132075833
SNP5046,12,81687713,NA,NA,NA,0.998623132075833
SNP5047,12,81687958,NA,NA,NA,0.998623132075833
SNP5048,12,81689968,NA,NA,NA,0.998623132075833
SNP5049,12,82235184,NA,NA,NA,0.998623132075833
SNP5050,12,82238558,NA,NA,NA,0.998623132075833
SNP5051,12,82324468,NA,NA,NA,0.998623132075833
SNP5052,12,82325218,NA,NA,NA,0.998623132075833
SNP5053,12,82326304,NA,NA,NA,0.998623132075833
SNP5054,12,82477022,NA,NA,NA,0.998623132075833
SNP5055,12,82582784,NA,NA,NA,0.998623132075833
SNP5056,12,82672639,NA,NA,NA,0.998623132075833
SNP5057,12,82755010,NA,NA,NA,0.998623132075833
SNP5058,12,82774139,NA,NA,NA,0.998623132075833
SNP5059,12,82897271,NA,NA,NA,0.998623132075833
SNP5060,12,82925363,NA,NA,NA,0.998623132075833
SNP5061,12,83142756,NA,NA,NA,0.994026668934478
SNP5062,12,83146644,NA,NA,NA,0.998623132075833
SNP5063,12,83222769,NA,NA,NA,0.998623132075833
SNP5064,12,83665177,NA,NA,NA,0.998623132075833
SNP5065,12,83834295,NA,NA,NA,0.994026668934478
SNP5066,12,84057512,NA,NA,NA,0.998623132075833
SNP5067,12,84540948,NA,NA,NA,0.994026668934478
SNP5068,12,84571717,NA,NA,NA,0.998623132075833
SNP5069,12,84698975,NA,NA,NA,0.998623132075833
SNP5070,12,84732892,NA,NA,NA,0.998623132075833
SNP5071,12,85012137,NA,NA,NA,0.998623132075833
SNP5072,12,85269314,NA,NA,NA,0.994026668934478
SNP5073,12,85721296,NA,NA,NA,0.998623132075833
SNP5074,12,85790758,NA,NA,NA,0.994026668934478
SNP5075,12,86493106,NA,NA,NA,0.998623132075833
SNP5076,12,87255475,NA,NA,NA,0.998623132075833
SNP5077,12,87324630,NA,NA,NA,0.998623132075833
SNP5078,12,88254593,NA,NA,NA,0.998623132075833
SNP5079,12,88315410,NA,NA,NA,0.998623132075833
SNP5080,12,88729700,NA,NA,NA,0.998623132075833
SNP5081,12,89798278,NA,NA,NA,0.998623132075833
SNP5082,12,89898966,NA,NA,NA,0.998623132075833
SNP5083,12,90061431,NA,NA,NA,0.998623132075833
SNP5084,12,91431213,NA,NA,NA,0.998623132075833
SNP5085,12,91862538,NA,NA,NA,0.998623132075833
SNP5086,12,92120759,NA,NA,NA,0.998623132075833
SNP5087,12,92748259,NA,NA,NA,0.998623132075833
SNP5088,12,93069272,NA,NA,NA,0.998623132075833
SNP5089,12,93476907,NA,NA,NA,0.998623132075833
SNP5090,12,93843529,NA,NA,NA,0.998623132075833
SNP5091,12,93876111,NA,NA,NA,0.96101256609096
SNP5092,12,93881308,NA,NA,NA,0.998623132075833
SNP5093,12,93966968,NA,NA,NA,0.994026668934478
SNP5094,12,94078331,NA,NA,NA,0.994026668934478
SNP5095,12,94092849,NA,NA,NA,0.998623132075833
SNP5096,12,94343012,NA,NA,NA,0.994026668934478
SNP5097,12,94794801,NA,NA,NA,0.998623132075833
SNP5098,12,94795540,NA,NA,NA,0.998623132075833
SNP5099,12,94804207,NA,NA,NA,0.998623132075833
SNP5100,12,94804237,NA,NA,NA,0.998623132075833
SNP5101,12,94867098,NA,NA,NA,0.998623132075833
SNP5102,12,95108482,NA,NA,NA,0.998623132075833
SNP5103,12,95135999,NA,NA,NA,0.998623132075833
SNP5104,12,95221875,NA,NA,NA,0.998623132075833
SNP5105,12,95246711,NA,NA,NA,0.998623132075833
SNP5106,12,95283898,NA,NA,NA,0.998623132075833
SNP5107,12,95290240,NA,NA,NA,0.998623132075833
SNP5108,12,95335297,NA,NA,NA,0.882219185321112
SNP5109,12,95494647,NA,NA,NA,0.998623132075833
SNP5110,12,95500248,NA,NA,NA,0.998623132075833
SNP5111,12,96458593,NA,NA,NA,0.998623132075833
SNP5112,12,96572095,NA,NA,NA,0.998623132075833
SNP5113,12,96680636,NA,NA,NA,0.998623132075833
SNP5114,12,96767517,NA,NA,NA,0.998623132075833
SNP5115,12,96937263,NA,NA,NA,0.998623132075833
SNP5116,12,96937309,NA,NA,NA,0.998623132075833
SNP5117,12,97048066,NA,NA,NA,0.998623132075833
SNP5118,12,97213496,NA,NA,NA,0.998623132075833
SNP5119,12,97356730,NA,NA,NA,0.998623132075833
SNP5120,12,97356936,NA,NA,NA,0.998623132075833
SNP5121,12,97366642,NA,NA,NA,0.998623132075833
SNP5122,12,97480392,NA,NA,NA,0.998623132075833
SNP5123,12,97482248,NA,NA,NA,0.998623132075833
SNP5124,12,97483571,NA,NA,NA,0.998623132075833
SNP5125,12,97639934,NA,NA,NA,0.998623132075833
SNP5126,12,98369838,NA,NA,NA,0.998623132075833
SNP5127,12,98604937,NA,NA,NA,0.998623132075833
SNP5128,12,99183618,NA,NA,NA,0.998623132075833
SNP5129,12,99259714,NA,NA,NA,0.998623132075833
SNP5130,12,99277396,NA,NA,NA,0.998623132075833
SNP5131,12,99389694,NA,NA,NA,0.998623132075833
SNP5132,12,99620195,NA,NA,NA,0.998623132075833
SNP5133,12,99670792,NA,NA,NA,0.998623132075833
SNP5134,12,99670892,NA,NA,NA,0.998623132075833
SNP5135,12,99720342,NA,NA,NA,0.998623132075833
SNP5136,12,99732357,NA,NA,NA,0.998623132075833
SNP5137,12,99793570,NA,NA,NA,0.998623132075833
SNP5138,12,100026862,NA,NA,NA,0.998623132075833
SNP5139,12,100096408,NA,NA,NA,0.998623132075833
SNP5140,12,100552816,NA,NA,NA,0.998623132075833
SNP5141,12,100629112,NA,NA,NA,0.994026668934478
SNP5142,12,100967048,NA,NA,NA,0.998623132075833
SNP5143,12,101208685,NA,NA,NA,0.998623132075833
SNP5144,12,101260860,NA,NA,NA,0.998623132075833
SNP5145,12,101399937,NA,NA,NA,0.994026668934478
SNP5146,12,101462685,NA,NA,NA,0.998623132075833
SNP5147,12,101516043,NA,NA,NA,0.998623132075833
SNP5148,12,101968249,NA,NA,NA,0.998623132075833
SNP5149,12,102216089,NA,NA,NA,0.96101256609096
SNP5150,12,102293843,NA,NA,NA,0.998623132075833
SNP5151,12,102328055,NA,NA,NA,0.998623132075833
SNP5152,12,102750586,NA,NA,NA,0.998623132075833
SNP5153,12,103112383,NA,NA,NA,0.998623132075833
SNP5154,12,103240952,NA,NA,NA,0.998623132075833
SNP5155,12,103299355,NA,NA,NA,0.998623132075833
SNP5156,12,103305970,NA,NA,NA,0.998623132075833
SNP5157,12,103478985,NA,NA,NA,0.957720023675892
SNP5158,12,103997357,NA,NA,NA,0.998623132075833
SNP5159,12,104090497,NA,NA,NA,0.994026668934478
SNP5160,12,104184605,NA,NA,NA,0.998623132075833
SNP5161,12,104297869,NA,NA,NA,0.994026668934478
SNP5162,12,104551606,NA,NA,NA,0.998623132075833
SNP5163,12,105010957,NA,NA,NA,0.882219185321112
SNP5164,12,105514196,NA,NA,NA,0.998623132075833
SNP5165,12,105610130,NA,NA,NA,0.998623132075833
SNP5166,12,106131745,NA,NA,NA,0.998623132075833
SNP5167,12,106235603,NA,NA,NA,0.998623132075833
SNP5168,12,108287846,NA,NA,NA,0.998623132075833
SNP5169,12,108343773,NA,NA,NA,0.998623132075833
SNP5170,12,108345032,NA,NA,NA,0.998623132075833
SNP5171,12,108345546,NA,NA,NA,0.998623132075833
SNP5172,12,108946988,NA,NA,NA,0.998623132075833
SNP5173,13,477403,NA,NA,NA,0.994026668934478
SNP5174,13,1073625,NA,NA,NA,0.998623132075833
SNP5175,13,1074146,NA,NA,NA,0.998623132075833
SNP5176,13,1712864,NA,NA,NA,0.998623132075833
SNP5177,13,1793314,NA,NA,NA,0.998623132075833
SNP5178,13,1816413,NA,NA,NA,0.998623132075833
SNP5179,13,1824573,NA,NA,NA,0.998623132075833
SNP5180,13,2014046,NA,NA,NA,0.994026668934478
SNP5181,13,2121890,NA,NA,NA,0.998623132075833
SNP5182,13,2124257,NA,NA,NA,0.998623132075833
SNP5183,13,2399443,NA,NA,NA,0.998623132075833
SNP5184,13,2410310,NA,NA,NA,0.998623132075833
SNP5185,13,2512124,NA,NA,NA,0.998623132075833
SNP5186,13,2512222,NA,NA,NA,0.998623132075833
SNP5187,13,2513459,NA,NA,NA,0.998623132075833
SNP5188,13,2513591,NA,NA,NA,0.998623132075833
SNP5189,13,2777660,NA,NA,NA,0.998623132075833
SNP5190,13,3024735,NA,NA,NA,0.998623132075833
SNP5191,13,3121366,NA,NA,NA,0.998623132075833
SNP5192,13,3156535,NA,NA,NA,0.998623132075833
SNP5193,13,3181330,NA,NA,NA,0.998623132075833
SNP5194,13,3229893,NA,NA,NA,0.998623132075833
SNP5195,13,3254383,NA,NA,NA,0.998623132075833
SNP5196,13,3402421,NA,NA,NA,0.998623132075833
SNP5197,13,3570033,NA,NA,NA,0.998623132075833
SNP5198,13,3615953,NA,NA,NA,0.998623132075833
SNP5199,13,3777955,NA,NA,NA,0.998623132075833
SNP5200,13,3910104,NA,NA,NA,0.998623132075833
SNP5201,13,3913696,NA,NA,NA,0.998623132075833
SNP5202,13,4016112,NA,NA,NA,0.998623132075833
SNP5203,13,4168896,NA,NA,NA,0.998623132075833
SNP5204,13,4176250,NA,NA,NA,0.998623132075833
SNP5205,13,4177190,NA,NA,NA,0.998623132075833
SNP5206,13,4246780,NA,NA,NA,0.998623132075833
SNP5207,13,4311972,NA,NA,NA,0.998623132075833
SNP5208,13,4382490,NA,NA,NA,0.998623132075833
SNP5209,13,4447401,NA,NA,NA,0.998623132075833
SNP5210,13,4669481,NA,NA,NA,0.998623132075833
SNP5211,13,4744976,NA,NA,NA,0.998623132075833
SNP5212,13,4771491,NA,NA,NA,0.998623132075833
SNP5213,13,5112640,NA,NA,NA,0.998623132075833
SNP5214,13,5125298,NA,NA,NA,0.998623132075833
SNP5215,13,5136017,NA,NA,NA,0.998623132075833
SNP5216,13,5702082,NA,NA,NA,0.998623132075833
SNP5217,13,5847160,NA,NA,NA,0.999522355455793
SNP5218,13,5906274,NA,NA,NA,0.998623132075833
SNP5219,13,5908989,NA,NA,NA,0.998623132075833
SNP5220,13,6016676,NA,NA,NA,0.998623132075833
SNP5221,13,6039377,NA,NA,NA,0.998623132075833
SNP5222,13,6281700,NA,NA,NA,0.999354633605589
SNP5223,13,6336769,NA,NA,NA,0.994026668934478
SNP5224,13,6355267,NA,NA,NA,0.998623132075833
SNP5225,13,6413679,NA,NA,NA,0.998623132075833
SNP5226,13,6598295,NA,NA,NA,0.998623132075833
SNP5227,13,6673167,NA,NA,NA,0.998623132075833
SNP5228,13,6700331,NA,NA,NA,0.998623132075833
SNP5229,13,6757344,NA,NA,NA,0.998623132075833
SNP5230,13,6806697,NA,NA,NA,0.998623132075833
SNP5231,13,6896239,NA,NA,NA,0.998623132075833
SNP5232,13,6896366,NA,NA,NA,0.998623132075833
SNP5233,13,7748787,NA,NA,NA,0.998623132075833
SNP5234,13,7755206,NA,NA,NA,0.998623132075833
SNP5235,13,7810304,NA,NA,NA,0.998623132075833
SNP5236,13,7967612,NA,NA,NA,0.998623132075833
SNP5237,13,8126022,NA,NA,NA,0.998623132075833
SNP5238,13,8128490,NA,NA,NA,0.998623132075833
SNP5239,13,8659397,NA,NA,NA,0.998623132075833
SNP5240,13,8811794,NA,NA,NA,0.998623132075833
SNP5241,13,8833321,NA,NA,NA,0.998623132075833
SNP5242,13,8884612,NA,NA,NA,0.998623132075833
SNP5243,13,9113573,NA,NA,NA,0.998623132075833
SNP5244,13,9146415,NA,NA,NA,0.998623132075833
SNP5245,13,9686512,NA,NA,NA,0.998623132075833
SNP5246,13,9811284,NA,NA,NA,0.998623132075833
SNP5247,13,10589911,NA,NA,NA,0.998623132075833
SNP5248,13,10630366,NA,NA,NA,0.998623132075833
SNP5249,13,10767276,NA,NA,NA,0.998623132075833
SNP5250,13,10796590,NA,NA,NA,0.998623132075833
SNP5251,13,10908642,NA,NA,NA,0.998623132075833
SNP5252,13,11134681,NA,NA,NA,0.998623132075833
SNP5253,13,11152143,NA,NA,NA,0.998623132075833
SNP5254,13,11471389,NA,NA,NA,0.998623132075833
SNP5255,13,11553253,NA,NA,NA,0.998623132075833
SNP5256,13,11677243,NA,NA,NA,0.998623132075833
SNP5257,13,11831059,NA,NA,NA,0.998623132075833
SNP5258,13,11838056,NA,NA,NA,0.994026668934478
SNP5259,13,11944527,NA,NA,NA,0.82176143200529
SNP5260,13,12728443,NA,NA,NA,0.998623132075833
SNP5261,13,12779280,NA,NA,NA,0.998623132075833
SNP5262,13,13307422,NA,NA,NA,0.998623132075833
SNP5263,13,13344323,NA,NA,NA,0.998623132075833
SNP5264,13,13452626,NA,NA,NA,0.998623132075833
SNP5265,13,13682439,NA,NA,NA,0.998623132075833
SNP5266,13,13700880,NA,NA,NA,0.998623132075833
SNP5267,13,13972421,NA,NA,NA,0.998623132075833
SNP5268,13,14174604,NA,NA,NA,0.998623132075833
SNP5269,13,14301365,NA,NA,NA,0.998623132075833
SNP5270,13,14456209,NA,NA,NA,0.998856163447371
SNP5271,13,14488718,NA,NA,NA,0.998623132075833
SNP5272,13,14819937,NA,NA,NA,0.998623132075833
SNP5273,13,14822762,NA,NA,NA,0.994026668934478
SNP5274,13,15426608,NA,NA,NA,0.998623132075833
SNP5275,13,15426689,NA,NA,NA,0.998623132075833
SNP5276,13,15514807,NA,NA,NA,0.998623132075833
SNP5277,13,17902544,NA,NA,NA,0.998623132075833
SNP5278,13,18024010,NA,NA,NA,0.994026668934478
SNP5279,13,18188734,NA,NA,NA,0.998623132075833
SNP5280,13,18642606,NA,NA,NA,0.998623132075833
SNP5281,13,18928359,NA,NA,NA,0.998623132075833
SNP5282,13,20375224,NA,NA,NA,0.994026668934478
SNP5283,13,20476917,NA,NA,NA,0.998623132075833
SNP5284,13,20719404,NA,NA,NA,0.998623132075833
SNP5285,13,20886200,NA,NA,NA,0.998623132075833
SNP5286,13,21798411,NA,NA,NA,0.998623132075833
SNP5287,13,21978765,NA,NA,NA,0.998623132075833
SNP5288,13,22078184,NA,NA,NA,0.998623132075833
SNP5289,13,22200666,NA,NA,NA,0.998623132075833
SNP5290,13,22444087,NA,NA,NA,0.998623132075833
SNP5291,13,22444306,NA,NA,NA,0.998623132075833
SNP5292,13,22445392,NA,NA,NA,0.998623132075833
SNP5293,13,22445511,NA,NA,NA,0.998623132075833
SNP5294,13,22451408,NA,NA,NA,0.998623132075833
SNP5295,13,22451465,NA,NA,NA,0.998623132075833
SNP5296,13,22999391,NA,NA,NA,0.998623132075833
SNP5297,13,22999447,NA,NA,NA,0.998623132075833
SNP5298,13,23823873,NA,NA,NA,0.998623132075833
SNP5299,13,24950682,NA,NA,NA,0.144606758656441
SNP5300,13,24967473,NA,NA,NA,0.998623132075833
SNP5301,13,24967537,NA,NA,NA,0.998623132075833
SNP5302,13,25025384,NA,NA,NA,0.998623132075833
SNP5303,13,25355107,NA,NA,NA,0.998623132075833
SNP5304,13,25357484,NA,NA,NA,0.994026668934478
SNP5305,13,25406974,NA,NA,NA,0.998623132075833
SNP5306,13,26001001,NA,NA,NA,0.998623132075833
SNP5307,13,26215510,NA,NA,NA,0.998623132075833
SNP5308,13,26234325,NA,NA,NA,0.998623132075833
SNP5309,13,26652687,NA,NA,NA,0.998623132075833
SNP5310,13,27206899,NA,NA,NA,0.998623132075833
SNP5311,13,27342512,NA,NA,NA,0.96101256609096
SNP5312,13,27401350,NA,NA,NA,0.998623132075833
SNP5313,13,27431650,NA,NA,NA,0.998623132075833
SNP5314,13,27536343,NA,NA,NA,0.998623132075833
SNP5315,13,27579593,NA,NA,NA,0.998623132075833
SNP5316,13,27813366,NA,NA,NA,0.998623132075833
SNP5317,13,28587190,NA,NA,NA,0.998623132075833
SNP5318,13,28603311,NA,NA,NA,0.998623132075833
SNP5319,13,28625794,NA,NA,NA,0.998623132075833
SNP5320,13,28960628,NA,NA,NA,0.998623132075833
SNP5321,13,29190342,NA,NA,NA,0.998623132075833
SNP5322,13,29320209,NA,NA,NA,0.994026668934478
SNP5323,13,29375836,NA,NA,NA,0.998623132075833
SNP5324,13,29871778,NA,NA,NA,0.96101256609096
SNP5325,13,29926660,NA,NA,NA,0.998623132075833
SNP5326,13,29983932,NA,NA,NA,0.998623132075833
SNP5327,13,30517838,NA,NA,NA,0.994026668934478
SNP5328,13,31233148,NA,NA,NA,0.998623132075833
SNP5329,13,31319796,NA,NA,NA,0.998623132075833
SNP5330,13,31488762,NA,NA,NA,0.998623132075833
SNP5331,13,31564130,NA,NA,NA,0.998856163447371
SNP5332,13,31644259,NA,NA,NA,0.998623132075833
SNP5333,13,32259821,NA,NA,NA,0.998623132075833
SNP5334,13,32294680,NA,NA,NA,0.998623132075833
SNP5335,13,32296172,NA,NA,NA,0.998623132075833
SNP5336,13,32547071,NA,NA,NA,0.998623132075833
SNP5337,13,32606038,NA,NA,NA,0.998623132075833
SNP5338,13,32730137,NA,NA,NA,0.994026668934478
SNP5339,13,33573833,NA,NA,NA,0.998623132075833
SNP5340,13,33575120,NA,NA,NA,0.998623132075833
SNP5341,13,33730320,NA,NA,NA,0.998623132075833
SNP5342,13,34033095,NA,NA,NA,0.998623132075833
SNP5343,13,34773499,NA,NA,NA,0.994026668934478
SNP5344,13,34801717,NA,NA,NA,0.998623132075833
SNP5345,13,35760404,NA,NA,NA,0.998623132075833
SNP5346,13,35846605,NA,NA,NA,0.998623132075833
SNP5347,13,35903347,NA,NA,NA,0.882219185321112
SNP5348,13,36304262,NA,NA,NA,0.998623132075833
SNP5349,13,36432639,NA,NA,NA,0.998623132075833
SNP5350,13,36672613,NA,NA,NA,0.998623132075833
SNP5351,13,36814313,NA,NA,NA,0.994026668934478
SNP5352,13,36933566,NA,NA,NA,0.998623132075833
SNP5353,13,37043583,NA,NA,NA,0.994026668934478
SNP5354,13,37245610,NA,NA,NA,0.998623132075833
SNP5355,13,37728949,NA,NA,NA,0.998623132075833
SNP5356,13,37750159,NA,NA,NA,0.994026668934478
SNP5357,13,37912119,NA,NA,NA,0.998623132075833
SNP5358,13,38111010,NA,NA,NA,0.994026668934478
SNP5359,13,38150429,NA,NA,NA,0.998623132075833
SNP5360,13,38150434,NA,NA,NA,0.998623132075833
SNP5361,13,38150784,NA,NA,NA,0.998623132075833
SNP5362,13,38349597,NA,NA,NA,0.998623132075833
SNP5363,13,39225929,NA,NA,NA,0.998623132075833
SNP5364,13,39857351,NA,NA,NA,0.998623132075833
SNP5365,13,39907717,NA,NA,NA,0.998623132075833
SNP5366,13,40156872,NA,NA,NA,0.998623132075833
SNP5367,13,40276720,NA,NA,NA,0.998623132075833
SNP5368,13,40477370,NA,NA,NA,0.998623132075833
SNP5369,13,40559862,NA,NA,NA,0.998623132075833
SNP5370,13,41055683,NA,NA,NA,0.998623132075833
SNP5371,13,42072598,NA,NA,NA,0.998623132075833
SNP5372,13,43253091,NA,NA,NA,0.998623132075833
SNP5373,13,43476907,NA,NA,NA,0.998623132075833
SNP5374,13,43677278,NA,NA,NA,0.998623132075833
SNP5375,13,44035658,NA,NA,NA,0.998623132075833
SNP5376,13,45424697,NA,NA,NA,0.998623132075833
SNP5377,13,45901215,NA,NA,NA,0.998623132075833
SNP5378,13,47106638,NA,NA,NA,0.998623132075833
SNP5379,13,47992530,NA,NA,NA,0.998623132075833
SNP5380,13,48012107,NA,NA,NA,0.998623132075833
SNP5381,13,48506182,NA,NA,NA,0.998623132075833
SNP5382,13,49061948,NA,NA,NA,0.998623132075833
SNP5383,13,50828292,NA,NA,NA,0.998623132075833
SNP5384,13,50832307,NA,NA,NA,0.994026668934478
SNP5385,13,50961957,NA,NA,NA,0.998623132075833
SNP5386,13,51036538,NA,NA,NA,0.998623132075833
SNP5387,13,51143579,NA,NA,NA,0.998623132075833
SNP5388,13,51144102,NA,NA,NA,0.998623132075833
SNP5389,13,53474187,NA,NA,NA,0.998623132075833
SNP5390,13,53741986,NA,NA,NA,0.998623132075833
SNP5391,13,54677205,NA,NA,NA,0.96101256609096
SNP5392,13,58022674,NA,NA,NA,0.998623132075833
SNP5393,13,62815347,NA,NA,NA,0.96101256609096
SNP5394,13,63169777,NA,NA,NA,0.998623132075833
SNP5395,13,63185172,NA,NA,NA,0.998623132075833
SNP5396,13,67719346,NA,NA,NA,0.882219185321112
SNP5397,13,68342827,NA,NA,NA,0.998623132075833
SNP5398,13,69400113,NA,NA,NA,0.998623132075833
SNP5399,13,69927637,NA,NA,NA,0.882219185321112
SNP5400,13,70679022,NA,NA,NA,0.998623132075833
SNP5401,13,71083056,NA,NA,NA,0.998623132075833
SNP5402,13,71464106,NA,NA,NA,0.998623132075833
SNP5403,13,71966139,NA,NA,NA,0.998623132075833
SNP5404,13,72397202,NA,NA,NA,0.998623132075833
SNP5405,13,73285066,NA,NA,NA,0.998623132075833
SNP5406,13,73419932,NA,NA,NA,0.998623132075833
SNP5407,13,73579709,NA,NA,NA,0.998623132075833
SNP5408,13,75144332,NA,NA,NA,0.998623132075833
SNP5409,13,75299173,NA,NA,NA,0.96101256609096
SNP5410,13,75850792,NA,NA,NA,0.96101256609096
SNP5411,13,76827932,NA,NA,NA,0.998623132075833
SNP5412,13,80317309,NA,NA,NA,0.998623132075833
SNP5413,13,80567791,NA,NA,NA,0.998623132075833
SNP5414,13,81114683,NA,NA,NA,0.998623132075833
SNP5415,13,82588180,NA,NA,NA,0.96101256609096
SNP5416,13,85593326,NA,NA,NA,0.998623132075833
SNP5417,13,85896265,NA,NA,NA,0.998623132075833
SNP5418,13,85973572,NA,NA,NA,0.998623132075833
SNP5419,13,89095043,NA,NA,NA,0.908567097241291
SNP5420,13,93010755,NA,NA,NA,0.998623132075833
SNP5421,13,93886248,NA,NA,NA,0.998623132075833
SNP5422,13,93886773,NA,NA,NA,0.998623132075833
SNP5423,13,94049414,NA,NA,NA,0.998623132075833
SNP5424,13,96126497,NA,NA,NA,0.998623132075833
SNP5425,13,96649556,NA,NA,NA,0.998623132075833
SNP5426,13,97381766,NA,NA,NA,0.998623132075833
SNP5427,13,97841065,NA,NA,NA,0.882219185321112
SNP5428,13,98566883,NA,NA,NA,0.998623132075833
SNP5429,13,98567000,NA,NA,NA,0.998623132075833
SNP5430,13,98567369,NA,NA,NA,0.998623132075833
SNP5431,13,98567768,NA,NA,NA,0.998623132075833
SNP5432,13,98568205,NA,NA,NA,0.998623132075833
SNP5433,13,98568234,NA,NA,NA,0.998623132075833
SNP5434,13,98569164,NA,NA,NA,0.998623132075833
SNP5435,13,98569248,NA,NA,NA,0.998623132075833
SNP5436,13,98685608,NA,NA,NA,0.998623132075833
SNP5437,13,99425884,NA,NA,NA,0.998623132075833
SNP5438,13,99590888,NA,NA,NA,0.998623132075833
SNP5439,13,99628943,NA,NA,NA,0.998623132075833
SNP5440,13,102270862,NA,NA,NA,0.998623132075833
SNP5441,13,102472490,NA,NA,NA,0.998623132075833
SNP5442,13,105490871,NA,NA,NA,0.998623132075833
SNP5443,13,105510394,NA,NA,NA,0.998623132075833
SNP5444,13,105904482,NA,NA,NA,0.994026668934478
SNP5445,13,105905933,NA,NA,NA,0.994026668934478
SNP5446,13,106287829,NA,NA,NA,0.998623132075833
SNP5447,13,106617217,NA,NA,NA,0.998623132075833
SNP5448,13,106972615,NA,NA,NA,0.998623132075833
SNP5449,13,106977819,NA,NA,NA,0.998623132075833
SNP5450,13,106977859,NA,NA,NA,0.998623132075833
SNP5451,13,106978267,NA,NA,NA,0.998623132075833
SNP5452,13,107828613,NA,NA,NA,0.994026668934478
SNP5453,13,107874365,NA,NA,NA,0.998623132075833
SNP5454,13,108307340,NA,NA,NA,0.998623132075833
SNP5455,13,108820416,NA,NA,NA,0.998623132075833
SNP5456,13,108848601,NA,NA,NA,0.998623132075833
SNP5457,13,108858663,NA,NA,NA,0.998623132075833
SNP5458,13,110012359,NA,NA,NA,0.998623132075833
SNP5459,13,110052659,NA,NA,NA,0.998623132075833
SNP5460,13,110192673,NA,NA,NA,0.998623132075833
SNP5461,13,110279421,NA,NA,NA,0.998623132075833
SNP5462,13,110280912,NA,NA,NA,0.998623132075833
SNP5463,13,111032086,NA,NA,NA,0.998623132075833
SNP5464,13,111152299,NA,NA,NA,0.998623132075833
SNP5465,13,111532428,NA,NA,NA,0.998623132075833
SNP5466,13,111659426,NA,NA,NA,0.998623132075833
SNP5467,13,111867944,NA,NA,NA,0.998623132075833
SNP5468,13,111893493,NA,NA,NA,0.998623132075833
SNP5469,13,112348375,NA,NA,NA,0.998623132075833
SNP5470,13,112972686,NA,NA,NA,0.998623132075833
SNP5471,13,113251004,NA,NA,NA,0.998623132075833
SNP5472,13,113447892,NA,NA,NA,0.998623132075833
SNP5473,13,114451479,NA,NA,NA,0.998623132075833
SNP5474,13,114953493,NA,NA,NA,0.882219185321112
SNP5475,13,115102239,NA,NA,NA,0.998623132075833
SNP5476,13,115500602,NA,NA,NA,0.994026668934478
SNP5477,13,116011995,NA,NA,NA,0.998623132075833
SNP5478,13,116427918,NA,NA,NA,0.998623132075833
SNP5479,13,116725590,NA,NA,NA,0.882219185321112
SNP5480,13,117059487,NA,NA,NA,0.994026668934478
SNP5481,13,117139443,NA,NA,NA,0.998623132075833
SNP5482,13,117273621,NA,NA,NA,0.998623132075833
SNP5483,13,117313303,NA,NA,NA,0.890904038044374
SNP5484,13,117521454,NA,NA,NA,0.998623132075833
SNP5485,13,117604767,NA,NA,NA,0.994026668934478
SNP5486,13,117920877,NA,NA,NA,0.998623132075833
SNP5487,13,118236278,NA,NA,NA,0.998623132075833
SNP5488,13,119853754,NA,NA,NA,0.796467738819195
SNP5489,13,119877519,NA,NA,NA,0.998623132075833
SNP5490,13,119913702,NA,NA,NA,0.998623132075833
SNP5491,13,120244146,NA,NA,NA,0.998623132075833
SNP5492,13,120550810,NA,NA,NA,0.998623132075833
SNP5493,13,120793781,NA,NA,NA,0.998623132075833
SNP5494,13,121078994,NA,NA,NA,0.998623132075833
SNP5495,13,121258566,NA,NA,NA,0.998623132075833
SNP5496,13,121386097,NA,NA,NA,0.994026668934478
SNP5497,13,121631285,NA,NA,NA,0.998623132075833
SNP5498,13,121715074,NA,NA,NA,0.998623132075833
SNP5499,13,121759170,NA,NA,NA,0.998623132075833
SNP5500,13,121862733,NA,NA,NA,0.998623132075833
SNP5501,13,122608001,NA,NA,NA,0.97882240829845
SNP5502,13,122834235,NA,NA,NA,0.994026668934478
SNP5503,13,123397396,NA,NA,NA,0.96101256609096
SNP5504,13,123425220,NA,NA,NA,0.96101256609096
SNP5505,13,123997117,NA,NA,NA,0.998623132075833
SNP5506,13,124188240,NA,NA,NA,0.994026668934478
SNP5507,13,124801226,NA,NA,NA,0.994026668934478
SNP5508,13,125159966,NA,NA,NA,0.998623132075833
SNP5509,13,125341775,NA,NA,NA,0.998623132075833
SNP5510,13,125727779,NA,NA,NA,0.998623132075833
SNP5511,13,125850424,NA,NA,NA,0.998623132075833
SNP5512,13,125949423,NA,NA,NA,0.998623132075833
SNP5513,13,125982105,NA,NA,NA,0.998623132075833
SNP5514,13,126014973,NA,NA,NA,0.998623132075833
SNP5515,13,126066963,NA,NA,NA,0.998623132075833
SNP5516,13,126581103,NA,NA,NA,0.998623132075833
SNP5517,13,126769758,NA,NA,NA,0.998623132075833
SNP5518,13,127819221,NA,NA,NA,0.998623132075833
SNP5519,13,127920558,NA,NA,NA,0.994026668934478
SNP5520,13,127975600,NA,NA,NA,0.998623132075833
SNP5521,13,127984869,NA,NA,NA,0.998623132075833
SNP5522,13,128083029,NA,NA,NA,0.998623132075833
SNP5523,13,128178037,NA,NA,NA,0.998623132075833
SNP5524,13,128200642,NA,NA,NA,0.998623132075833
SNP5525,13,128343861,NA,NA,NA,0.998623132075833
SNP5526,13,128391330,NA,NA,NA,0.994026668934478
SNP5527,13,128677264,NA,NA,NA,0.998623132075833
SNP5528,13,129146724,NA,NA,NA,0.998623132075833
SNP5529,13,129271904,NA,NA,NA,0.998623132075833
SNP5530,13,129272934,NA,NA,NA,0.998623132075833
SNP5531,13,129373174,NA,NA,NA,0.998623132075833
SNP5532,13,129619722,NA,NA,NA,0.998623132075833
SNP5533,13,129622425,NA,NA,NA,0.998623132075833
SNP5534,13,129759954,NA,NA,NA,0.998623132075833
SNP5535,13,129976035,NA,NA,NA,0.998623132075833
SNP5536,13,130041619,NA,NA,NA,0.998623132075833
SNP5537,13,130061697,NA,NA,NA,0.998623132075833
SNP5538,13,130474986,NA,NA,NA,0.998623132075833
SNP5539,13,131016303,NA,NA,NA,0.998623132075833
SNP5540,13,131092445,NA,NA,NA,0.998623132075833
SNP5541,13,131522360,NA,NA,NA,0.998623132075833
SNP5542,13,131626868,NA,NA,NA,0.998623132075833
SNP5543,13,131694358,NA,NA,NA,0.998623132075833
SNP5544,13,131787850,NA,NA,NA,0.998623132075833
SNP5545,13,132003015,NA,NA,NA,0.998623132075833
SNP5546,13,132071413,NA,NA,NA,0.998623132075833
SNP5547,13,132131903,NA,NA,NA,0.998623132075833
SNP5548,13,132172103,NA,NA,NA,0.998623132075833
SNP5549,13,132184858,NA,NA,NA,0.998623132075833
SNP5550,13,132284949,NA,NA,NA,0.998623132075833
SNP5551,13,132458106,NA,NA,NA,0.998623132075833
SNP5552,13,132496328,NA,NA,NA,0.998623132075833
SNP5553,13,132550738,NA,NA,NA,0.998623132075833
SNP5554,13,132551071,NA,NA,NA,0.909357817598464
SNP5555,13,132722055,NA,NA,NA,0.998623132075833
SNP5556,13,132756168,NA,NA,NA,0.998623132075833
SNP5557,13,132760326,NA,NA,NA,0.998623132075833
SNP5558,13,132872625,NA,NA,NA,0.998623132075833
SNP5559,13,133042463,NA,NA,NA,0.998623132075833
SNP5560,13,133078464,NA,NA,NA,0.998623132075833
SNP5561,13,133169573,NA,NA,NA,0.998623132075833
SNP5562,13,133172573,NA,NA,NA,0.998623132075833
SNP5563,13,133473676,NA,NA,NA,0.998623132075833
SNP5564,13,133695005,NA,NA,NA,0.82176143200529
SNP5565,13,133745753,NA,NA,NA,0.998623132075833
SNP5566,13,133791699,NA,NA,NA,0.998623132075833
SNP5567,13,133833788,NA,NA,NA,0.998623132075833
SNP5568,13,133909533,NA,NA,NA,0.998623132075833
SNP5569,13,133941081,NA,NA,NA,0.998623132075833
SNP5570,13,133992242,NA,NA,NA,0.998623132075833
SNP5571,13,134053152,NA,NA,NA,0.998623132075833
SNP5572,13,134072453,NA,NA,NA,0.97882240829845
SNP5573,13,134343444,NA,NA,NA,0.998623132075833
SNP5574,13,134450411,NA,NA,NA,0.972554838339813
SNP5575,13,134477889,NA,NA,NA,0.998623132075833
SNP5576,13,134555114,NA,NA,NA,0.998623132075833
SNP5577,13,134696264,NA,NA,NA,0.998623132075833
SNP5578,13,134767978,NA,NA,NA,0.998623132075833
SNP5579,13,134903098,NA,NA,NA,0.998623132075833
SNP5580,13,134987240,NA,NA,NA,0.998623132075833
SNP5581,13,135098879,NA,NA,NA,0.998623132075833
SNP5582,13,135317267,NA,NA,NA,0.994026668934478
SNP5583,13,135535215,NA,NA,NA,0.998623132075833
SNP5584,14,80430,NA,NA,NA,0.994026668934478
SNP5585,14,309658,NA,NA,NA,0.998623132075833
SNP5586,14,395161,NA,NA,NA,0.610417969968178
SNP5587,14,501306,NA,NA,NA,0.998623132075833
SNP5588,14,562943,NA,NA,NA,0.998623132075833
SNP5589,14,563890,NA,NA,NA,0.998623132075833
SNP5590,14,612463,NA,NA,NA,0.998623132075833
SNP5591,14,731990,NA,NA,NA,0.998623132075833
SNP5592,14,755273,NA,NA,NA,0.998623132075833
SNP5593,14,803454,NA,NA,NA,0.998623132075833
SNP5594,14,841521,NA,NA,NA,0.998623132075833
SNP5595,14,947067,NA,NA,NA,0.998623132075833
SNP5596,14,998790,NA,NA,NA,0.998623132075833
SNP5597,14,1151481,NA,NA,NA,0.998623132075833
SNP5598,14,1286820,NA,NA,NA,0.998623132075833
SNP5599,14,2233380,NA,NA,NA,0.998623132075833
SNP5600,14,2319207,NA,NA,NA,0.998623132075833
SNP5601,14,2419463,NA,NA,NA,0.998623132075833
SNP5602,14,3221855,NA,NA,NA,0.998623132075833
SNP5603,14,3284613,NA,NA,NA,0.994026668934478
SNP5604,14,3424296,NA,NA,NA,0.998623132075833
SNP5605,14,3512465,NA,NA,NA,0.998623132075833
SNP5606,14,3526389,NA,NA,NA,0.998623132075833
SNP5607,14,3536903,NA,NA,NA,0.998623132075833
SNP5608,14,3621741,NA,NA,NA,0.994026668934478
SNP5609,14,4605916,NA,NA,NA,0.998623132075833
SNP5610,14,4783093,NA,NA,NA,0.998623132075833
SNP5611,14,4925768,NA,NA,NA,0.994026668934478
SNP5612,14,4927444,NA,NA,NA,0.998623132075833
SNP5613,14,4969617,NA,NA,NA,0.994026668934478
SNP5614,14,4991298,NA,NA,NA,0.882219185321112
SNP5615,14,5021241,NA,NA,NA,0.998623132075833
SNP5616,14,5226796,NA,NA,NA,0.998623132075833
SNP5617,14,5304096,NA,NA,NA,0.998623132075833
SNP5618,14,5332716,NA,NA,NA,0.994026668934478
SNP5619,14,5424759,NA,NA,NA,0.998623132075833
SNP5620,14,5478662,NA,NA,NA,0.998623132075833
SNP5621,14,5481822,NA,NA,NA,0.998623132075833
SNP5622,14,5482016,NA,NA,NA,0.998623132075833
SNP5623,14,5482688,NA,NA,NA,0.998623132075833
SNP5624,14,5483383,NA,NA,NA,0.998623132075833
SNP5625,14,5483990,NA,NA,NA,0.998623132075833
SNP5626,14,5485107,NA,NA,NA,0.998623132075833
SNP5627,14,5596121,NA,NA,NA,0.998623132075833
SNP5628,14,5635017,NA,NA,NA,0.998623132075833
SNP5629,14,5757587,NA,NA,NA,0.998623132075833
SNP5630,14,5916990,NA,NA,NA,0.998623132075833
SNP5631,14,5934631,NA,NA,NA,0.998623132075833
SNP5632,14,5941822,NA,NA,NA,0.998623132075833
SNP5633,14,6194450,NA,NA,NA,0.998623132075833
SNP5634,14,6532935,NA,NA,NA,0.998623132075833
SNP5635,14,6785957,NA,NA,NA,0.998623132075833
SNP5636,14,6962173,NA,NA,NA,0.994026668934478
SNP5637,14,7349878,NA,NA,NA,0.994026668934478
SNP5638,14,7620698,NA,NA,NA,0.994026668934478
SNP5639,14,8042196,NA,NA,NA,0.998623132075833
SNP5640,14,8142509,NA,NA,NA,0.994026668934478
SNP5641,14,8161527,NA,NA,NA,0.998623132075833
SNP5642,14,8355779,NA,NA,NA,0.994026668934478
SNP5643,14,8847346,NA,NA,NA,0.998623132075833
SNP5644,14,9328401,NA,NA,NA,0.998623132075833
SNP5645,14,9328408,NA,NA,NA,0.998623132075833
SNP5646,14,9328418,NA,NA,NA,0.998623132075833
SNP5647,14,9832378,NA,NA,NA,0.960687188327977
SNP5648,14,10497585,NA,NA,NA,0.998623132075833
SNP5649,14,10698591,NA,NA,NA,0.998623132075833
SNP5650,14,10852619,NA,NA,NA,0.923274410420158
SNP5651,14,11294693,NA,NA,NA,0.994026668934478
SNP5652,14,11424470,NA,NA,NA,0.994026668934478
SNP5653,14,11694405,NA,NA,NA,0.998623132075833
SNP5654,14,12981277,NA,NA,NA,0.998623132075833
SNP5655,14,12990543,NA,NA,NA,0.994026668934478
SNP5656,14,13464240,NA,NA,NA,0.994026668934478
SNP5657,14,13541351,NA,NA,NA,0.994026668934478
SNP5658,14,13871771,NA,NA,NA,0.882219185321112
SNP5659,14,15175550,NA,NA,NA,0.998623132075833
SNP5660,14,15216010,NA,NA,NA,0.998623132075833
SNP5661,14,15295840,NA,NA,NA,0.998623132075833
SNP5662,14,15741129,NA,NA,NA,0.998623132075833
SNP5663,14,16211778,NA,NA,NA,0.998623132075833
SNP5664,14,16859016,NA,NA,NA,0.882219185321112
SNP5665,14,17367111,NA,NA,NA,0.998623132075833
SNP5666,14,17478039,NA,NA,NA,0.998623132075833
SNP5667,14,17480116,NA,NA,NA,0.994026668934478
SNP5668,14,17529798,NA,NA,NA,0.998623132075833
SNP5669,14,17583442,NA,NA,NA,0.994026668934478
SNP5670,14,17867041,NA,NA,NA,0.998623132075833
SNP5671,14,17870103,NA,NA,NA,0.998623132075833
SNP5672,14,17971675,NA,NA,NA,0.998623132075833
SNP5673,14,18308725,NA,NA,NA,0.998623132075833
SNP5674,14,18631888,NA,NA,NA,0.96101256609096
SNP5675,14,19269637,NA,NA,NA,0.998623132075833
SNP5676,14,19514111,NA,NA,NA,0.96101256609096
SNP5677,14,19520056,NA,NA,NA,0.998623132075833
SNP5678,14,20082929,NA,NA,NA,0.998623132075833
SNP5679,14,20102981,NA,NA,NA,0.96101256609096
SNP5680,14,20169338,NA,NA,NA,0.998623132075833
SNP5681,14,20170315,NA,NA,NA,0.998623132075833
SNP5682,14,20171496,NA,NA,NA,0.998623132075833
SNP5683,14,20208850,NA,NA,NA,0.96101256609096
SNP5684,14,20471236,NA,NA,NA,0.998623132075833
SNP5685,14,20656942,NA,NA,NA,0.998623132075833
SNP5686,14,20657527,NA,NA,NA,0.998623132075833
SNP5687,14,20807741,NA,NA,NA,0.998623132075833
SNP5688,14,21095240,NA,NA,NA,0.998623132075833
SNP5689,14,21197556,NA,NA,NA,0.96101256609096
SNP5690,14,21214259,NA,NA,NA,0.998623132075833
SNP5691,14,21268371,NA,NA,NA,0.998623132075833
SNP5692,14,21628019,NA,NA,NA,0.96101256609096
SNP5693,14,21646741,NA,NA,NA,0.957720023675892
SNP5694,14,21716425,NA,NA,NA,0.998623132075833
SNP5695,14,21823404,NA,NA,NA,0.994026668934478
SNP5696,14,21992538,NA,NA,NA,0.998623132075833
SNP5697,14,22628514,NA,NA,NA,0.998623132075833
SNP5698,14,22659654,NA,NA,NA,0.998623132075833
SNP5699,14,22847747,NA,NA,NA,0.998623132075833
SNP5700,14,22914510,NA,NA,NA,0.994026668934478
SNP5701,14,22924501,NA,NA,NA,0.998623132075833
SNP5702,14,23356576,NA,NA,NA,0.998623132075833
SNP5703,14,23747463,NA,NA,NA,0.96101256609096
SNP5704,14,24024590,NA,NA,NA,0.96101256609096
SNP5705,14,24450380,NA,NA,NA,0.998623132075833
SNP5706,14,24488728,NA,NA,NA,0.998623132075833
SNP5707,14,26130052,NA,NA,NA,0.998623132075833
SNP5708,14,27486400,NA,NA,NA,0.998623132075833
SNP5709,14,28433981,NA,NA,NA,0.998623132075833
SNP5710,14,28858178,NA,NA,NA,0.66846746326533
SNP5711,14,29721900,NA,NA,NA,0.998623132075833
SNP5712,14,30221792,NA,NA,NA,0.998623132075833
SNP5713,14,31031506,NA,NA,NA,0.998623132075833
SNP5714,14,31031510,NA,NA,NA,0.998623132075833
SNP5715,14,31089455,NA,NA,NA,0.998623132075833
SNP5716,14,31136891,NA,NA,NA,0.998623132075833
SNP5717,14,31136958,NA,NA,NA,0.998623132075833
SNP5718,14,31151177,NA,NA,NA,0.998623132075833
SNP5719,14,31265884,NA,NA,NA,0.998623132075833
SNP5720,14,31955972,NA,NA,NA,0.998623132075833
SNP5721,14,31956679,NA,NA,NA,0.998623132075833
SNP5722,14,32045222,NA,NA,NA,0.998623132075833
SNP5723,14,33555287,NA,NA,NA,0.998623132075833
SNP5724,14,33641851,NA,NA,NA,0.998623132075833
SNP5725,14,34737194,NA,NA,NA,0.994026668934478
SNP5726,14,36619479,NA,NA,NA,0.96101256609096
SNP5727,14,40056846,NA,NA,NA,0.998623132075833
SNP5728,14,40059392,NA,NA,NA,0.998623132075833
SNP5729,14,40358905,NA,NA,NA,0.994026668934478
SNP5730,14,41323380,NA,NA,NA,0.96101256609096
SNP5731,14,41809899,NA,NA,NA,0.96101256609096
SNP5732,14,41860484,NA,NA,NA,0.998623132075833
SNP5733,14,41868894,NA,NA,NA,0.998623132075833
SNP5734,14,42744823,NA,NA,NA,0.809415079272586
SNP5735,14,43778976,NA,NA,NA,0.96101256609096
SNP5736,14,45070437,NA,NA,NA,0.998623132075833
SNP5737,14,45111746,NA,NA,NA,0.998623132075833
SNP5738,14,45246082,NA,NA,NA,0.994026668934478
SNP5739,14,45265737,NA,NA,NA,0.998623132075833
SNP5740,14,45421724,NA,NA,NA,0.809415079272586
SNP5741,14,45423078,NA,NA,NA,0.73889577929689
SNP5742,14,46578266,NA,NA,NA,0.998623132075833
SNP5743,14,48632372,NA,NA,NA,0.757565382835618
SNP5744,14,48734363,NA,NA,NA,0.998623132075833
SNP5745,14,49100783,NA,NA,NA,0.994026668934478
SNP5746,14,49728123,NA,NA,NA,0.908567097241291
SNP5747,14,50515477,NA,NA,NA,0.96101256609096
SNP5748,14,50819686,NA,NA,NA,0.998623132075833
SNP5749,14,53516146,NA,NA,NA,0.998623132075833
SNP5750,14,53799901,NA,NA,NA,0.96101256609096
SNP5751,14,54371384,NA,NA,NA,0.998623132075833
SNP5752,14,55608003,NA,NA,NA,0.994026668934478
SNP5753,14,56157399,NA,NA,NA,0.998623132075833
SNP5754,14,56665283,NA,NA,NA,0.775229803118369
SNP5755,14,56665284,NA,NA,NA,0.775229803118369
SNP5756,14,57971260,NA,NA,NA,0.994026668934478
SNP5757,14,57980623,NA,NA,NA,0.96101256609096
SNP5758,14,60085450,NA,NA,NA,0.998623132075833
SNP5759,14,60783167,NA,NA,NA,0.998623132075833
SNP5760,14,61153121,NA,NA,NA,0.998623132075833
SNP5761,14,62532008,NA,NA,NA,0.998623132075833
SNP5762,14,62748854,NA,NA,NA,0.998623132075833
SNP5763,14,62912092,NA,NA,NA,0.998623132075833
SNP5764,14,63703775,NA,NA,NA,0.994026668934478
SNP5765,14,64181797,NA,NA,NA,0.998623132075833
SNP5766,14,64502217,NA,NA,NA,0.998623132075833
SNP5767,14,65296784,NA,NA,NA,0.96101256609096
SNP5768,14,65309928,NA,NA,NA,0.998623132075833
SNP5769,14,65358155,NA,NA,NA,0.96101256609096
SNP5770,14,66693882,NA,NA,NA,0.998623132075833
SNP5771,14,66694348,NA,NA,NA,0.998623132075833
SNP5772,14,67861998,NA,NA,NA,0.994026668934478
SNP5773,14,70590541,NA,NA,NA,0.998623132075833
SNP5774,14,72029094,NA,NA,NA,0.96101256609096
SNP5775,14,72039922,NA,NA,NA,0.994026668934478
SNP5776,14,72480336,NA,NA,NA,0.994026668934478
SNP5777,14,72561743,NA,NA,NA,0.998623132075833
SNP5778,14,72562327,NA,NA,NA,0.998623132075833
SNP5779,14,75330522,NA,NA,NA,0.998623132075833
SNP5780,14,75418276,NA,NA,NA,0.998623132075833
SNP5781,14,76023703,NA,NA,NA,0.61238892569374
SNP5782,14,76075776,NA,NA,NA,0.998623132075833
SNP5783,14,76090456,NA,NA,NA,0.998623132075833
SNP5784,14,76104657,NA,NA,NA,0.994026668934478
SNP5785,14,76220065,NA,NA,NA,0.998623132075833
SNP5786,14,77339234,NA,NA,NA,0.994026668934478
SNP5787,14,78493772,NA,NA,NA,0.998623132075833
SNP5788,14,78852752,NA,NA,NA,0.998623132075833
SNP5789,14,79108702,NA,NA,NA,0.33643709436175
SNP5790,14,79145244,NA,NA,NA,0.509724779586776
SNP5791,14,79379836,NA,NA,NA,0.998623132075833
SNP5792,14,79441952,NA,NA,NA,0.882219185321112
SNP5793,14,80268104,NA,NA,NA,0.998623132075833
SNP5794,14,80419886,NA,NA,NA,0.657280200142037
SNP5795,14,80451505,NA,NA,NA,0.998623132075833
SNP5796,14,81039206,NA,NA,NA,0.96101256609096
SNP5797,14,81640392,NA,NA,NA,0.994026668934478
SNP5798,14,81895817,NA,NA,NA,0.96101256609096
SNP5799,14,82230286,NA,NA,NA,0.998623132075833
SNP5800,14,82325476,NA,NA,NA,0.998623132075833
SNP5801,14,82843790,NA,NA,NA,0.998623132075833
SNP5802,14,82846208,NA,NA,NA,0.998623132075833
SNP5803,14,82847279,NA,NA,NA,0.998623132075833
SNP5804,14,83508439,NA,NA,NA,0.509724779586776
SNP5805,14,83847194,NA,NA,NA,0.998623132075833
SNP5806,14,85231477,NA,NA,NA,0.998623132075833
SNP5807,14,85232987,NA,NA,NA,0.998623132075833
SNP5808,14,85261373,NA,NA,NA,0.998623132075833
SNP5809,14,85318484,NA,NA,NA,0.998623132075833
SNP5810,14,86383208,NA,NA,NA,0.998623132075833
SNP5811,14,87059163,NA,NA,NA,0.998623132075833
SNP5812,14,87224254,NA,NA,NA,0.998623132075833
SNP5813,14,87330221,NA,NA,NA,0.998623132075833
SNP5814,14,87752592,NA,NA,NA,0.998623132075833
SNP5815,14,88398643,NA,NA,NA,0.998623132075833
SNP5816,14,89153693,NA,NA,NA,0.994026668934478
SNP5817,14,89248043,NA,NA,NA,0.998623132075833
SNP5818,14,89275438,NA,NA,NA,0.998623132075833
SNP5819,14,89538701,NA,NA,NA,0.509724779586776
SNP5820,14,92824053,NA,NA,NA,0.998623132075833
SNP5821,14,93029940,NA,NA,NA,0.998623132075833
SNP5822,14,93959110,NA,NA,NA,0.998623132075833
SNP5823,14,94110327,NA,NA,NA,0.998623132075833
SNP5824,14,94152103,NA,NA,NA,0.998623132075833
SNP5825,14,94440248,NA,NA,NA,0.998623132075833
SNP5826,14,94525957,NA,NA,NA,0.998623132075833
SNP5827,14,94808170,NA,NA,NA,0.998623132075833
SNP5828,14,94983827,NA,NA,NA,0.998623132075833
SNP5829,14,95199965,NA,NA,NA,0.998623132075833
SNP5830,14,95309832,NA,NA,NA,0.998623132075833
SNP5831,14,96243997,NA,NA,NA,0.998623132075833
SNP5832,14,96900854,NA,NA,NA,0.998623132075833
SNP5833,14,96903250,NA,NA,NA,0.998623132075833
SNP5834,14,97498189,NA,NA,NA,0.82176143200529
SNP5835,14,97528425,NA,NA,NA,0.998623132075833
SNP5836,14,98007031,NA,NA,NA,0.998623132075833
SNP5837,14,98405257,NA,NA,NA,0.998623132075833
SNP5838,14,98842131,NA,NA,NA,0.998623132075833
SNP5839,14,100334007,NA,NA,NA,0.998623132075833
SNP5840,14,100494295,NA,NA,NA,0.998623132075833
SNP5841,14,100520305,NA,NA,NA,0.998623132075833
SNP5842,14,100536422,NA,NA,NA,0.998623132075833
SNP5843,14,100610907,NA,NA,NA,0.998623132075833
SNP5844,14,100745037,NA,NA,NA,0.998623132075833
SNP5845,14,101149286,NA,NA,NA,0.983465069927344
SNP5846,14,101280408,NA,NA,NA,0.994026668934478
SNP5847,14,101771739,NA,NA,NA,0.998623132075833
SNP5848,14,101815597,NA,NA,NA,0.998623132075833
SNP5849,14,102438447,NA,NA,NA,0.998623132075833
SNP5850,14,102645529,NA,NA,NA,0.998623132075833
SNP5851,14,102844894,NA,NA,NA,0.998623132075833
SNP5852,14,103608360,NA,NA,NA,0.998623132075833
SNP5853,14,103686261,NA,NA,NA,0.998623132075833
SNP5854,14,103717442,NA,NA,NA,0.998623132075833
SNP5855,14,103880538,NA,NA,NA,0.998623132075833
SNP5856,14,104116503,NA,NA,NA,0.998623132075833
SNP5857,14,104175746,NA,NA,NA,0.998623132075833
SNP5858,14,104250783,NA,NA,NA,0.757565382835618
SNP5859,14,105437967,NA,NA,NA,0.998623132075833
SNP5860,14,105701394,NA,NA,NA,0.998623132075833
SNP5861,14,105774930,NA,NA,NA,0.998623132075833
SNP5862,14,106211054,NA,NA,NA,0.998623132075833
SNP5863,14,106936477,NA,NA,NA,0.994026668934478
SNP5864,14,107111422,NA,NA,NA,0.998623132075833
SNP5865,14,107174636,NA,NA,NA,0.998623132075833
SNP5866,14,107283159,NA,NA,NA,0.998623132075833
SNP5867,14,108241787,NA,NA,NA,0.994026668934478
SNP5868,14,108447874,NA,NA,NA,0.998623132075833
SNP5869,14,109309475,NA,NA,NA,0.998623132075833
SNP5870,14,109340206,NA,NA,NA,0.998623132075833
SNP5871,14,109588987,NA,NA,NA,0.998623132075833
SNP5872,14,109775361,NA,NA,NA,0.998623132075833
SNP5873,14,109852785,NA,NA,NA,0.998623132075833
SNP5874,14,109877315,NA,NA,NA,0.998623132075833
SNP5875,14,110325973,NA,NA,NA,0.998623132075833
SNP5876,14,110367874,NA,NA,NA,0.994026668934478
SNP5877,14,111220520,NA,NA,NA,0.998623132075833
SNP5878,14,111221183,NA,NA,NA,0.998623132075833
SNP5879,14,111838535,NA,NA,NA,0.998623132075833
SNP5880,14,111839140,NA,NA,NA,0.998623132075833
SNP5881,14,112667378,NA,NA,NA,0.998623132075833
SNP5882,14,112758421,NA,NA,NA,0.998623132075833
SNP5883,14,113476152,NA,NA,NA,0.998623132075833
SNP5884,14,113626212,NA,NA,NA,0.96101256609096
SNP5885,14,113982176,NA,NA,NA,0.998623132075833
SNP5886,14,114216367,NA,NA,NA,0.998623132075833
SNP5887,14,114216575,NA,NA,NA,0.998623132075833
SNP5888,14,114217259,NA,NA,NA,0.998623132075833
SNP5889,14,114218839,NA,NA,NA,0.998623132075833
SNP5890,14,114221822,NA,NA,NA,0.994026668934478
SNP5891,14,114578153,NA,NA,NA,0.998623132075833
SNP5892,14,114764159,NA,NA,NA,0.998623132075833
SNP5893,14,115162802,NA,NA,NA,0.998623132075833
SNP5894,14,115614765,NA,NA,NA,0.998623132075833
SNP5895,14,115634391,NA,NA,NA,0.998623132075833
SNP5896,14,115801641,NA,NA,NA,0.998623132075833
SNP5897,14,115960998,NA,NA,NA,0.998623132075833
SNP5898,14,116451978,NA,NA,NA,0.998623132075833
SNP5899,14,116682756,NA,NA,NA,0.998623132075833
SNP5900,14,117102265,NA,NA,NA,0.998623132075833
SNP5901,14,117109405,NA,NA,NA,0.994026668934478
SNP5902,14,117466243,NA,NA,NA,0.998623132075833
SNP5903,14,117906305,NA,NA,NA,0.998623132075833
SNP5904,14,117940807,NA,NA,NA,0.998623132075833
SNP5905,14,118083731,NA,NA,NA,0.998623132075833
SNP5906,14,118339011,NA,NA,NA,0.998623132075833
SNP5907,14,118339958,NA,NA,NA,0.998623132075833
SNP5908,14,118824854,NA,NA,NA,0.998623132075833
SNP5909,14,120457759,NA,NA,NA,0.998623132075833
SNP5910,14,120504222,NA,NA,NA,0.998623132075833
SNP5911,14,120945796,NA,NA,NA,0.998623132075833
SNP5912,14,121565472,NA,NA,NA,0.998623132075833
SNP5913,14,121682980,NA,NA,NA,0.998623132075833
SNP5914,14,122389630,NA,NA,NA,0.998623132075833
SNP5915,14,122402215,NA,NA,NA,0.998623132075833
SNP5916,14,122508440,NA,NA,NA,0.82176143200529
SNP5917,14,122891803,NA,NA,NA,0.998623132075833
SNP5918,14,123111334,NA,NA,NA,0.998623132075833
SNP5919,14,123159927,NA,NA,NA,0.998623132075833
SNP5920,14,123428595,NA,NA,NA,0.998623132075833
SNP5921,14,123473840,NA,NA,NA,0.998623132075833
SNP5922,14,123656503,NA,NA,NA,0.998623132075833
SNP5923,14,123798525,NA,NA,NA,0.998623132075833
SNP5924,14,123966520,NA,NA,NA,0.998623132075833
SNP5925,14,124023584,NA,NA,NA,0.994026668934478
SNP5926,14,124084622,NA,NA,NA,0.998623132075833
SNP5927,14,124269424,NA,NA,NA,0.998623132075833
SNP5928,14,124286278,NA,NA,NA,0.998623132075833
SNP5929,14,124326670,NA,NA,NA,0.994026668934478
SNP5930,14,124474585,NA,NA,NA,0.998623132075833
SNP5931,14,124484212,NA,NA,NA,0.998623132075833
SNP5932,14,124539854,NA,NA,NA,0.998623132075833
SNP5933,14,124552274,NA,NA,NA,0.998623132075833
SNP5934,14,124916090,NA,NA,NA,0.998623132075833
SNP5935,14,125086601,NA,NA,NA,0.998623132075833
SNP5936,14,125109439,NA,NA,NA,0.998623132075833
SNP5937,14,125664435,NA,NA,NA,0.96101256609096
SNP5938,14,125664506,NA,NA,NA,0.998623132075833
SNP5939,14,125866585,NA,NA,NA,0.998623132075833
SNP5940,14,126196992,NA,NA,NA,0.998623132075833
SNP5941,14,126651791,NA,NA,NA,0.998623132075833
SNP5942,14,126906350,NA,NA,NA,0.882219185321112
SNP5943,14,126908408,NA,NA,NA,0.998623132075833
SNP5944,14,127293964,NA,NA,NA,0.998623132075833
SNP5945,14,127412536,NA,NA,NA,0.998623132075833
SNP5946,14,127441866,NA,NA,NA,0.998623132075833
SNP5947,14,127521081,NA,NA,NA,0.998623132075833
SNP5948,14,128042677,NA,NA,NA,0.998623132075833
SNP5949,14,128044122,NA,NA,NA,0.998623132075833
SNP5950,14,128489741,NA,NA,NA,0.994026668934478
SNP5951,14,128496743,NA,NA,NA,0.998623132075833
SNP5952,14,128572969,NA,NA,NA,0.998623132075833
SNP5953,14,128595098,NA,NA,NA,0.998623132075833
SNP5954,14,129179363,NA,NA,NA,0.998623132075833
SNP5955,14,129279201,NA,NA,NA,0.998623132075833
SNP5956,14,129439606,NA,NA,NA,0.998623132075833
SNP5957,14,129492240,NA,NA,NA,0.994026668934478
SNP5958,14,129587124,NA,NA,NA,0.994026668934478
SNP5959,14,129801035,NA,NA,NA,0.998623132075833
SNP5960,14,129914568,NA,NA,NA,0.998623132075833
SNP5961,14,129915803,NA,NA,NA,0.998623132075833
SNP5962,14,130249490,NA,NA,NA,0.998623132075833
SNP5963,14,130293255,NA,NA,NA,0.998623132075833
SNP5964,14,130333319,NA,NA,NA,0.998623132075833
SNP5965,14,130395538,NA,NA,NA,0.998623132075833
SNP5966,14,130398811,NA,NA,NA,0.998623132075833
SNP5967,14,130659144,NA,NA,NA,0.998623132075833
SNP5968,14,130843478,NA,NA,NA,0.998623132075833
SNP5969,14,130848132,NA,NA,NA,0.998623132075833
SNP5970,14,130945798,NA,NA,NA,0.998623132075833
SNP5971,14,130950902,NA,NA,NA,0.998623132075833
SNP5972,14,131009220,NA,NA,NA,0.998623132075833
SNP5973,14,131011633,NA,NA,NA,0.998623132075833
SNP5974,14,131185279,NA,NA,NA,0.998623132075833
SNP5975,14,131219792,NA,NA,NA,0.998623132075833
SNP5976,14,131247079,NA,NA,NA,0.998623132075833
SNP5977,14,131269877,NA,NA,NA,0.998623132075833
SNP5978,14,131309106,NA,NA,NA,0.998623132075833
SNP5979,14,131369085,NA,NA,NA,0.998623132075833
SNP5980,14,131445649,NA,NA,NA,0.998623132075833
SNP5981,14,131450003,NA,NA,NA,0.998623132075833
SNP5982,14,131517470,NA,NA,NA,0.998623132075833
SNP5983,14,131517776,NA,NA,NA,0.998623132075833
SNP5984,14,131518448,NA,NA,NA,0.998623132075833
SNP5985,14,131625115,NA,NA,NA,0.998623132075833
SNP5986,14,131636363,NA,NA,NA,0.998623132075833
SNP5987,14,131792362,NA,NA,NA,0.998623132075833
SNP5988,14,132165860,NA,NA,NA,0.998623132075833
SNP5989,14,132798623,NA,NA,NA,0.998623132075833
SNP5990,14,132801280,NA,NA,NA,0.998623132075833
SNP5991,15,1870301,NA,NA,NA,0.998623132075833
SNP5992,15,3695894,NA,NA,NA,0.994026668934478
SNP5993,15,3696019,NA,NA,NA,0.994026668934478
SNP5994,15,3696048,NA,NA,NA,0.994026668934478
SNP5995,15,6120250,NA,NA,NA,0.998623132075833
SNP5996,15,6120319,NA,NA,NA,0.998623132075833
SNP5997,15,6176948,NA,NA,NA,0.998623132075833
SNP5998,15,6626070,NA,NA,NA,0.998623132075833
SNP5999,15,6661246,NA,NA,NA,0.998623132075833
SNP6000,15,6715570,NA,NA,NA,0.998623132075833
SNP6001,15,6732882,NA,NA,NA,0.998623132075833
SNP6002,15,6883394,NA,NA,NA,0.998623132075833
SNP6003,15,6957430,NA,NA,NA,0.882219185321112
SNP6004,15,7189797,NA,NA,NA,0.998623132075833
SNP6005,15,7317553,NA,NA,NA,0.998623132075833
SNP6006,15,7624552,NA,NA,NA,0.998623132075833
SNP6007,15,7631930,NA,NA,NA,0.998623132075833
SNP6008,15,7687289,NA,NA,NA,0.998623132075833
SNP6009,15,7865244,NA,NA,NA,0.998623132075833
SNP6010,15,8164211,NA,NA,NA,0.998623132075833
SNP6011,15,8177608,NA,NA,NA,0.998623132075833
SNP6012,15,8252266,NA,NA,NA,0.998623132075833
SNP6013,15,8295770,NA,NA,NA,0.998623132075833
SNP6014,15,8733975,NA,NA,NA,0.998623132075833
SNP6015,15,9060606,NA,NA,NA,0.998623132075833
SNP6016,15,9068762,NA,NA,NA,0.998623132075833
SNP6017,15,9073245,NA,NA,NA,0.998623132075833
SNP6018,15,9285673,NA,NA,NA,0.998623132075833
SNP6019,15,9814833,NA,NA,NA,0.786587584043669
SNP6020,15,9818081,NA,NA,NA,0.998623132075833
SNP6021,15,10017227,NA,NA,NA,0.998623132075833
SNP6022,15,10213080,NA,NA,NA,0.882219185321112
SNP6023,15,10394941,NA,NA,NA,0.998623132075833
SNP6024,15,10471710,NA,NA,NA,0.994026668934478
SNP6025,15,10497368,NA,NA,NA,0.994026668934478
SNP6026,15,10688286,NA,NA,NA,0.998623132075833
SNP6027,15,10781866,NA,NA,NA,0.998623132075833
SNP6028,15,10899564,NA,NA,NA,0.998623132075833
SNP6029,15,11062683,NA,NA,NA,0.998623132075833
SNP6030,15,11810383,NA,NA,NA,0.998623132075833
SNP6031,15,12116390,NA,NA,NA,0.96101256609096
SNP6032,15,12124347,NA,NA,NA,0.998623132075833
SNP6033,15,12356550,NA,NA,NA,0.994026668934478
SNP6034,15,12423259,NA,NA,NA,0.998623132075833
SNP6035,15,12520964,NA,NA,NA,0.998623132075833
SNP6036,15,12529673,NA,NA,NA,0.998623132075833
SNP6037,15,12862178,NA,NA,NA,0.998623132075833
SNP6038,15,13412466,NA,NA,NA,0.998623132075833
SNP6039,15,13568561,NA,NA,NA,0.998623132075833
SNP6040,15,13899347,NA,NA,NA,0.998623132075833
SNP6041,15,13911445,NA,NA,NA,0.998623132075833
SNP6042,15,13997194,NA,NA,NA,0.998623132075833
SNP6043,15,14191484,NA,NA,NA,0.998623132075833
SNP6044,15,14356797,NA,NA,NA,0.998623132075833
SNP6045,15,14472203,NA,NA,NA,0.998623132075833
SNP6046,15,15177541,NA,NA,NA,0.998623132075833
SNP6047,15,15304406,NA,NA,NA,0.998623132075833
SNP6048,15,15350097,NA,NA,NA,0.998623132075833
SNP6049,15,16143672,NA,NA,NA,0.998623132075833
SNP6050,15,17360020,NA,NA,NA,0.998623132075833
SNP6051,15,17361941,NA,NA,NA,0.998623132075833
SNP6052,15,17450048,NA,NA,NA,0.998623132075833
SNP6053,15,17861943,NA,NA,NA,0.998623132075833
SNP6054,15,17911735,NA,NA,NA,0.998623132075833
SNP6055,15,18025177,NA,NA,NA,0.998623132075833
SNP6056,15,18122159,NA,NA,NA,0.998623132075833
SNP6057,15,18362902,NA,NA,NA,0.998623132075833
SNP6058,15,18374440,NA,NA,NA,0.998623132075833
SNP6059,15,18587237,NA,NA,NA,0.998623132075833
SNP6060,15,19364756,NA,NA,NA,0.998623132075833
SNP6061,15,19395579,NA,NA,NA,0.998623132075833
SNP6062,15,19403314,NA,NA,NA,0.998623132075833
SNP6063,15,19528701,NA,NA,NA,0.998623132075833
SNP6064,15,20131737,NA,NA,NA,0.998623132075833
SNP6065,15,20185955,NA,NA,NA,0.998623132075833
SNP6066,15,20273250,NA,NA,NA,0.994026668934478
SNP6067,15,20374119,NA,NA,NA,0.882219185321112
SNP6068,15,20376369,NA,NA,NA,0.994026668934478
SNP6069,15,20700172,NA,NA,NA,0.998623132075833
SNP6070,15,20987649,NA,NA,NA,0.998623132075833
SNP6071,15,21406246,NA,NA,NA,0.998623132075833
SNP6072,15,21407885,NA,NA,NA,0.998623132075833
SNP6073,15,21530834,NA,NA,NA,0.998623132075833
SNP6074,15,21530955,NA,NA,NA,0.998623132075833
SNP6075,15,22117570,NA,NA,NA,0.998623132075833
SNP6076,15,22312505,NA,NA,NA,0.998623132075833
SNP6077,15,22459400,NA,NA,NA,0.998623132075833
SNP6078,15,22484929,NA,NA,NA,0.998623132075833
SNP6079,15,22597420,NA,NA,NA,0.998623132075833
SNP6080,15,22779437,NA,NA,NA,0.994026668934478
SNP6081,15,23214935,NA,NA,NA,0.998623132075833
SNP6082,15,23389872,NA,NA,NA,0.998623132075833
SNP6083,15,23493768,NA,NA,NA,0.998623132075833
SNP6084,15,23589284,NA,NA,NA,0.998623132075833
SNP6085,15,23601232,NA,NA,NA,0.998623132075833
SNP6086,15,23703815,NA,NA,NA,0.998623132075833
SNP6087,15,23728209,NA,NA,NA,0.998623132075833
SNP6088,15,23838287,NA,NA,NA,0.998623132075833
SNP6089,15,24213165,NA,NA,NA,0.998623132075833
SNP6090,15,24994030,NA,NA,NA,0.882219185321112
SNP6091,15,25177522,NA,NA,NA,0.998623132075833
SNP6092,15,25200869,NA,NA,NA,0.998623132075833
SNP6093,15,25231180,NA,NA,NA,0.998623132075833
SNP6094,15,25231718,NA,NA,NA,0.998623132075833
SNP6095,15,25238686,NA,NA,NA,0.998623132075833
SNP6096,15,25368654,NA,NA,NA,0.998623132075833
SNP6097,15,25370150,NA,NA,NA,0.998623132075833
SNP6098,15,25370814,NA,NA,NA,0.998623132075833
SNP6099,15,25392434,NA,NA,NA,0.998623132075833
SNP6100,15,25392611,NA,NA,NA,0.998623132075833
SNP6101,15,25400044,NA,NA,NA,0.998623132075833
SNP6102,15,25400925,NA,NA,NA,0.998623132075833
SNP6103,15,25429346,NA,NA,NA,0.998623132075833
SNP6104,15,25429352,NA,NA,NA,0.998623132075833
SNP6105,15,25433535,NA,NA,NA,0.998623132075833
SNP6106,15,25470395,NA,NA,NA,0.998623132075833
SNP6107,15,25478246,NA,NA,NA,0.998623132075833
SNP6108,15,25494047,NA,NA,NA,0.998623132075833
SNP6109,15,25495356,NA,NA,NA,0.998623132075833
SNP6110,15,25495511,NA,NA,NA,0.998623132075833
SNP6111,15,25495553,NA,NA,NA,0.998623132075833
SNP6112,15,25495705,NA,NA,NA,0.998623132075833
SNP6113,15,25495837,NA,NA,NA,0.998623132075833
SNP6114,15,25497365,NA,NA,NA,0.998623132075833
SNP6115,15,25508442,NA,NA,NA,0.998623132075833
SNP6116,15,25511096,NA,NA,NA,0.998623132075833
SNP6117,15,25665356,NA,NA,NA,0.998623132075833
SNP6118,15,25695415,NA,NA,NA,0.998623132075833
SNP6119,15,25771180,NA,NA,NA,0.998623132075833
SNP6120,15,25774550,NA,NA,NA,0.998623132075833
SNP6121,15,25830211,NA,NA,NA,0.998623132075833
SNP6122,15,26318943,NA,NA,NA,0.998623132075833
SNP6123,15,26697737,NA,NA,NA,0.998623132075833
SNP6124,15,26878027,NA,NA,NA,0.998623132075833
SNP6125,15,27185914,NA,NA,NA,0.998623132075833
SNP6126,15,27445583,NA,NA,NA,0.998623132075833
SNP6127,15,27562809,NA,NA,NA,0.998623132075833
SNP6128,15,27748147,NA,NA,NA,0.998623132075833
SNP6129,15,27974171,NA,NA,NA,0.998623132075833
SNP6130,15,28826065,NA,NA,NA,0.998623132075833
SNP6131,15,28864664,NA,NA,NA,0.994026668934478
SNP6132,15,28958130,NA,NA,NA,0.998623132075833
SNP6133,15,29316793,NA,NA,NA,0.994026668934478
SNP6134,15,29555868,NA,NA,NA,0.998623132075833
SNP6135,15,29767344,NA,NA,NA,0.998623132075833
SNP6136,15,29780607,NA,NA,NA,0.998623132075833
SNP6137,15,29910337,NA,NA,NA,0.998623132075833
SNP6138,15,30343232,NA,NA,NA,0.998623132075833
SNP6139,15,30664527,NA,NA,NA,0.998623132075833
SNP6140,15,32095235,NA,NA,NA,0.998623132075833
SNP6141,15,32115841,NA,NA,NA,0.998623132075833
SNP6142,15,32319419,NA,NA,NA,0.998623132075833
SNP6143,15,34567012,NA,NA,NA,0.998623132075833
SNP6144,15,36017139,NA,NA,NA,0.998623132075833
SNP6145,15,36019113,NA,NA,NA,0.998623132075833
SNP6146,15,36389244,NA,NA,NA,0.998623132075833
SNP6147,15,37733240,NA,NA,NA,0.998623132075833
SNP6148,15,38735808,NA,NA,NA,0.994026668934478
SNP6149,15,40240370,NA,NA,NA,0.998623132075833
SNP6150,15,40733111,NA,NA,NA,0.998623132075833
SNP6151,15,41042830,NA,NA,NA,0.998623132075833
SNP6152,15,41500203,NA,NA,NA,0.998623132075833
SNP6153,15,42619445,NA,NA,NA,0.998623132075833
SNP6154,15,43377708,NA,NA,NA,0.998623132075833
SNP6155,15,43392887,NA,NA,NA,0.998623132075833
SNP6156,15,44253703,NA,NA,NA,0.998623132075833
SNP6157,15,44817616,NA,NA,NA,0.998623132075833
SNP6158,15,45755038,NA,NA,NA,0.998623132075833
SNP6159,15,46986411,NA,NA,NA,0.998623132075833
SNP6160,15,47244638,NA,NA,NA,0.994026668934478
SNP6161,15,48795182,NA,NA,NA,0.998623132075833
SNP6162,15,48864101,NA,NA,NA,0.998623132075833
SNP6163,15,49060137,NA,NA,NA,0.994026668934478
SNP6164,15,50517111,NA,NA,NA,0.998623132075833
SNP6165,15,51368484,NA,NA,NA,0.998623132075833
SNP6166,15,51446015,NA,NA,NA,0.998623132075833
SNP6167,15,51795224,NA,NA,NA,0.998623132075833
SNP6168,15,54581651,NA,NA,NA,0.96101256609096
SNP6169,15,57726819,NA,NA,NA,0.994026668934478
SNP6170,15,58346646,NA,NA,NA,0.998623132075833
SNP6171,15,58419283,NA,NA,NA,0.998623132075833
SNP6172,15,59136955,NA,NA,NA,0.998623132075833
SNP6173,15,59594073,NA,NA,NA,0.998623132075833
SNP6174,15,60396664,NA,NA,NA,0.998623132075833
SNP6175,15,60935833,NA,NA,NA,0.998623132075833
SNP6176,15,62764112,NA,NA,NA,0.998623132075833
SNP6177,15,62800571,NA,NA,NA,0.998623132075833
SNP6178,15,66356660,NA,NA,NA,0.994026668934478
SNP6179,15,66553017,NA,NA,NA,0.998623132075833
SNP6180,15,66828735,NA,NA,NA,0.998623132075833
SNP6181,15,66889645,NA,NA,NA,0.998623132075833
SNP6182,15,68149811,NA,NA,NA,0.994026668934478
SNP6183,15,69133524,NA,NA,NA,0.998623132075833
SNP6184,15,71843829,NA,NA,NA,0.998623132075833
SNP6185,15,74033460,NA,NA,NA,0.998623132075833
SNP6186,15,77367240,NA,NA,NA,0.998623132075833
SNP6187,15,77878513,NA,NA,NA,0.998623132075833
SNP6188,15,78845484,NA,NA,NA,0.994026668934478
SNP6189,15,79515039,NA,NA,NA,0.994026668934478
SNP6190,15,81069533,NA,NA,NA,0.998623132075833
SNP6191,15,81136089,NA,NA,NA,0.998623132075833
SNP6192,15,82201471,NA,NA,NA,0.998623132075833
SNP6193,15,82557137,NA,NA,NA,0.994026668934478
SNP6194,15,88509395,NA,NA,NA,0.998623132075833
SNP6195,15,88513887,NA,NA,NA,0.998623132075833
SNP6196,15,91050528,NA,NA,NA,0.994026668934478
SNP6197,15,91343331,NA,NA,NA,0.994026668934478
SNP6198,15,91765808,NA,NA,NA,0.998623132075833
SNP6199,15,93830809,NA,NA,NA,0.994026668934478
SNP6200,15,95322116,NA,NA,NA,0.998623132075833
SNP6201,15,96036899,NA,NA,NA,0.998623132075833
SNP6202,15,96058839,NA,NA,NA,0.998623132075833
SNP6203,15,96314192,NA,NA,NA,0.998623132075833
SNP6204,15,99414366,NA,NA,NA,0.998623132075833
SNP6205,15,103891431,NA,NA,NA,0.998623132075833
SNP6206,15,104545037,NA,NA,NA,0.998623132075833
SNP6207,15,104552943,NA,NA,NA,0.994026668934478
SNP6208,15,104564783,NA,NA,NA,0.994026668934478
SNP6209,15,104566753,NA,NA,NA,0.998623132075833
SNP6210,15,104681257,NA,NA,NA,0.998623132075833
SNP6211,15,104707585,NA,NA,NA,0.998623132075833
SNP6212,15,104852611,NA,NA,NA,0.994026668934478
SNP6213,15,106290328,NA,NA,NA,0.994026668934478
SNP6214,15,106906510,NA,NA,NA,0.998623132075833
SNP6215,15,107054747,NA,NA,NA,0.96101256609096
SNP6216,15,108078030,NA,NA,NA,0.998623132075833
SNP6217,15,109299318,NA,NA,NA,0.994026668934478
SNP6218,15,111599643,NA,NA,NA,0.998623132075833
SNP6219,15,111647407,NA,NA,NA,0.998623132075833
SNP6220,15,111747778,NA,NA,NA,0.998623132075833
SNP6221,15,111825322,NA,NA,NA,0.999096426430513
SNP6222,15,111974541,NA,NA,NA,0.998623132075833
SNP6223,15,112344292,NA,NA,NA,0.998623132075833
SNP6224,15,112662399,NA,NA,NA,0.998623132075833
SNP6225,15,112888887,NA,NA,NA,0.998623132075833
SNP6226,15,112916892,NA,NA,NA,0.998623132075833
SNP6227,15,113016537,NA,NA,NA,0.829756112306818
SNP6228,15,113098778,NA,NA,NA,0.998623132075833
SNP6229,15,113103546,NA,NA,NA,0.998623132075833
SNP6230,15,113378760,NA,NA,NA,0.998623132075833
SNP6231,15,113852568,NA,NA,NA,0.998623132075833
SNP6232,15,114145435,NA,NA,NA,0.998623132075833
SNP6233,15,114484050,NA,NA,NA,0.998623132075833
SNP6234,15,115196974,NA,NA,NA,0.998623132075833
SNP6235,15,115197399,NA,NA,NA,0.66846746326533
SNP6236,15,115504044,NA,NA,NA,0.998623132075833
SNP6237,15,115522414,NA,NA,NA,0.610417969968178
SNP6238,15,115842131,NA,NA,NA,0.998623132075833
SNP6239,15,116460836,NA,NA,NA,0.998623132075833
SNP6240,15,116887730,NA,NA,NA,0.998623132075833
SNP6241,15,117241205,NA,NA,NA,0.998623132075833
SNP6242,15,117320196,NA,NA,NA,0.998623132075833
SNP6243,15,118278277,NA,NA,NA,0.998623132075833
SNP6244,15,118336626,NA,NA,NA,0.998623132075833
SNP6245,15,118414712,NA,NA,NA,0.998623132075833
SNP6246,15,118539303,NA,NA,NA,0.998623132075833
SNP6247,15,118852005,NA,NA,NA,0.998623132075833
SNP6248,15,118876051,NA,NA,NA,0.998623132075833
SNP6249,15,118914617,NA,NA,NA,0.994026668934478
SNP6250,15,119356418,NA,NA,NA,0.998623132075833
SNP6251,15,119507703,NA,NA,NA,0.994026668934478
SNP6252,15,119525773,NA,NA,NA,0.998623132075833
SNP6253,15,119858337,NA,NA,NA,0.97882240829845
SNP6254,15,120108986,NA,NA,NA,0.97882240829845
SNP6255,15,120292027,NA,NA,NA,0.998623132075833
SNP6256,15,120687039,NA,NA,NA,0.998623132075833
SNP6257,15,120829778,NA,NA,NA,0.998623132075833
SNP6258,15,121063906,NA,NA,NA,0.799269132138692
SNP6259,15,121125852,NA,NA,NA,0.998623132075833
SNP6260,15,121136821,NA,NA,NA,0.994026668934478
SNP6261,15,121356019,NA,NA,NA,0.799269132138692
SNP6262,15,121784213,NA,NA,NA,0.998623132075833
SNP6263,15,121906808,NA,NA,NA,0.998623132075833
SNP6264,15,121996273,NA,NA,NA,0.998623132075833
SNP6265,15,122156712,NA,NA,NA,0.998623132075833
SNP6266,15,122434345,NA,NA,NA,0.998623132075833
SNP6267,15,122437646,NA,NA,NA,0.998623132075833
SNP6268,15,122621313,NA,NA,NA,0.998623132075833
SNP6269,15,122878459,NA,NA,NA,0.994026668934478
SNP6270,15,122936512,NA,NA,NA,0.998623132075833
SNP6271,15,122999278,NA,NA,NA,0.998623132075833
SNP6272,15,123099259,NA,NA,NA,0.998623132075833
SNP6273,15,123100823,NA,NA,NA,0.998623132075833
SNP6274,15,123139012,NA,NA,NA,0.998623132075833
SNP6275,15,123483684,NA,NA,NA,0.998623132075833
SNP6276,15,123700217,NA,NA,NA,0.998623132075833
SNP6277,15,123829870,NA,NA,NA,0.998623132075833
SNP6278,15,124050394,NA,NA,NA,0.998623132075833
SNP6279,15,124312911,NA,NA,NA,0.998623132075833
SNP6280,15,124747948,NA,NA,NA,0.998623132075833
SNP6281,15,124942668,NA,NA,NA,0.998623132075833
SNP6282,15,124967139,NA,NA,NA,0.998623132075833
SNP6283,15,125217700,NA,NA,NA,0.998623132075833
SNP6284,15,125458779,NA,NA,NA,0.998623132075833
SNP6285,15,125570592,NA,NA,NA,0.998623132075833
SNP6286,15,125646581,NA,NA,NA,0.998623132075833
SNP6287,15,125700597,NA,NA,NA,0.998623132075833
SNP6288,15,126045337,NA,NA,NA,0.998623132075833
SNP6289,15,126399949,NA,NA,NA,0.998623132075833
SNP6290,15,126405890,NA,NA,NA,0.994026668934478
SNP6291,15,126598465,NA,NA,NA,0.998623132075833
SNP6292,15,126784749,NA,NA,NA,0.994026668934478
SNP6293,15,127142217,NA,NA,NA,0.994026668934478
SNP6294,15,127188454,NA,NA,NA,0.994026668934478
SNP6295,15,127257073,NA,NA,NA,0.998623132075833
SNP6296,15,127334076,NA,NA,NA,0.998623132075833
SNP6297,15,127334179,NA,NA,NA,0.998623132075833
SNP6298,15,127334618,NA,NA,NA,0.998623132075833
SNP6299,15,128975167,NA,NA,NA,0.96101256609096
SNP6300,15,129356366,NA,NA,NA,0.998623132075833
SNP6301,15,129381149,NA,NA,NA,0.998623132075833
SNP6302,15,130262106,NA,NA,NA,0.998623132075833
SNP6303,15,130970877,NA,NA,NA,0.882219185321112
SNP6304,15,131172741,NA,NA,NA,0.998623132075833
SNP6305,15,131478866,NA,NA,NA,0.994026668934478
SNP6306,15,131479900,NA,NA,NA,0.998623132075833
SNP6307,15,131593643,NA,NA,NA,0.998623132075833
SNP6308,15,132574848,NA,NA,NA,0.998018357568744
SNP6309,15,132610499,NA,NA,NA,0.998623132075833
SNP6310,15,133028947,NA,NA,NA,0.994026668934478
SNP6311,15,133087108,NA,NA,NA,0.998623132075833
SNP6312,15,133267739,NA,NA,NA,0.998623132075833
SNP6313,15,133276227,NA,NA,NA,0.998018357568744
SNP6314,15,134080897,NA,NA,NA,0.998623132075833
SNP6315,15,134187510,NA,NA,NA,0.998623132075833
SNP6316,15,134369205,NA,NA,NA,0.998623132075833
SNP6317,15,134385876,NA,NA,NA,0.998623132075833
SNP6318,15,134387292,NA,NA,NA,0.998623132075833
SNP6319,15,134651263,NA,NA,NA,0.998623132075833
SNP6320,15,134659570,NA,NA,NA,0.998623132075833
SNP6321,15,134782848,NA,NA,NA,0.509724779586776
SNP6322,15,135009615,NA,NA,NA,0.998623132075833
SNP6323,15,135023856,NA,NA,NA,0.998623132075833
SNP6324,15,135224242,NA,NA,NA,0.960687188327977
SNP6325,15,135281861,NA,NA,NA,0.998623132075833
SNP6326,15,135373047,NA,NA,NA,0.998623132075833
SNP6327,15,135442372,NA,NA,NA,0.994026668934478
SNP6328,15,136632168,NA,NA,NA,0.998623132075833
SNP6329,15,136671743,NA,NA,NA,0.994026668934478
SNP6330,15,136825990,NA,NA,NA,0.998623132075833
SNP6331,15,136834153,NA,NA,NA,0.998623132075833
SNP6332,15,137076010,NA,NA,NA,0.998623132075833
SNP6333,15,137085574,NA,NA,NA,0.998623132075833
SNP6334,15,137175471,NA,NA,NA,0.890904038044374
SNP6335,15,137269083,NA,NA,NA,0.998623132075833
SNP6336,15,137397635,NA,NA,NA,0.998623132075833
SNP6337,15,137703212,NA,NA,NA,0.998623132075833
SNP6338,15,137771390,NA,NA,NA,0.994026668934478
SNP6339,15,137777354,NA,NA,NA,0.994026668934478
SNP6340,15,137801788,NA,NA,NA,0.998623132075833
SNP6341,15,138374500,NA,NA,NA,0.998623132075833
SNP6342,15,138441964,NA,NA,NA,0.998623132075833
SNP6343,15,138462546,NA,NA,NA,0.998623132075833
SNP6344,15,139160753,NA,NA,NA,0.998623132075833
SNP6345,15,139366148,NA,NA,NA,0.998623132075833
SNP6346,15,139375551,NA,NA,NA,0.998623132075833
SNP6347,15,139673283,NA,NA,NA,0.998623132075833
SNP6348,15,139680447,NA,NA,NA,0.994026668934478
SNP6349,15,139710673,NA,NA,NA,0.994026668934478
SNP6350,15,139939398,NA,NA,NA,0.998623132075833
SNP6351,15,140016291,NA,NA,NA,0.998623132075833
SNP6352,15,140280657,NA,NA,NA,0.998623132075833
SNP6353,15,140411449,NA,NA,NA,0.998623132075833
SNP6354,15,140923746,NA,NA,NA,0.998623132075833
SNP6355,15,141112295,NA,NA,NA,0.998623132075833
SNP6356,15,141115551,NA,NA,NA,0.998623132075833
SNP6357,15,141504889,NA,NA,NA,0.998623132075833
SNP6358,15,141851118,NA,NA,NA,0.998623132075833
SNP6359,15,141909260,NA,NA,NA,0.998623132075833
SNP6360,15,143323539,NA,NA,NA,0.998623132075833
SNP6361,15,144267782,NA,NA,NA,0.998623132075833
SNP6362,15,144470224,NA,NA,NA,0.998623132075833
SNP6363,15,144863319,NA,NA,NA,0.998623132075833
SNP6364,15,144920416,NA,NA,NA,0.998623132075833
SNP6365,15,145032033,NA,NA,NA,0.998623132075833
SNP6366,15,145463963,NA,NA,NA,0.998623132075833
SNP6367,15,145560819,NA,NA,NA,0.998623132075833
SNP6368,15,145867168,NA,NA,NA,0.998623132075833
SNP6369,15,146142083,NA,NA,NA,0.998623132075833
SNP6370,15,146427382,NA,NA,NA,0.994026668934478
SNP6371,15,146485380,NA,NA,NA,0.998623132075833
SNP6372,15,146789410,NA,NA,NA,0.960687188327977
SNP6373,15,147305087,NA,NA,NA,0.998623132075833
SNP6374,15,147450268,NA,NA,NA,0.998623132075833
SNP6375,15,147819944,NA,NA,NA,0.998623132075833
SNP6376,15,147993191,NA,NA,NA,0.998623132075833
SNP6377,15,147998830,NA,NA,NA,0.113642530978559
SNP6378,15,148040894,NA,NA,NA,0.882219185321112
SNP6379,15,148080117,NA,NA,NA,0.998623132075833
SNP6380,15,148915205,NA,NA,NA,0.998623132075833
SNP6381,15,149396281,NA,NA,NA,0.998623132075833
SNP6382,15,149423114,NA,NA,NA,0.998623132075833
SNP6383,15,149437278,NA,NA,NA,0.994026668934478
SNP6384,15,149549596,NA,NA,NA,0.998623132075833
SNP6385,15,149549638,NA,NA,NA,0.998623132075833
SNP6386,15,149770226,NA,NA,NA,0.998623132075833
SNP6387,15,149793053,NA,NA,NA,0.998623132075833
SNP6388,15,149794401,NA,NA,NA,0.998623132075833
SNP6389,16,27175,NA,NA,NA,0.998623132075833
SNP6390,16,49613,NA,NA,NA,0.998623132075833
SNP6391,16,223291,NA,NA,NA,0.998623132075833
SNP6392,16,263052,NA,NA,NA,0.998623132075833
SNP6393,16,645195,NA,NA,NA,0.998623132075833
SNP6394,16,846487,NA,NA,NA,0.998623132075833
SNP6395,16,866258,NA,NA,NA,0.998623132075833
SNP6396,16,988352,NA,NA,NA,0.998623132075833
SNP6397,16,1080498,NA,NA,NA,0.998623132075833
SNP6398,16,1132798,NA,NA,NA,0.994026668934478
SNP6399,16,1165567,NA,NA,NA,0.998623132075833
SNP6400,16,1305379,NA,NA,NA,0.998623132075833
SNP6401,16,1471744,NA,NA,NA,0.998623132075833
SNP6402,16,1499006,NA,NA,NA,0.994026668934478
SNP6403,16,1652957,NA,NA,NA,0.994026668934478
SNP6404,16,1683744,NA,NA,NA,0.998623132075833
SNP6405,16,1725283,NA,NA,NA,0.96101256609096
SNP6406,16,1859422,NA,NA,NA,0.998623132075833
SNP6407,16,1987025,NA,NA,NA,0.96101256609096
SNP6408,16,2010906,NA,NA,NA,0.113642530978559
SNP6409,16,2030071,NA,NA,NA,0.998623132075833
SNP6410,16,2183647,NA,NA,NA,0.998623132075833
SNP6411,16,2198106,NA,NA,NA,0.998623132075833
SNP6412,16,2309508,NA,NA,NA,0.998623132075833
SNP6413,16,2335571,NA,NA,NA,0.113642530978559
SNP6414,16,2362556,NA,NA,NA,0.33643709436175
SNP6415,16,2368282,NA,NA,NA,0.998623132075833
SNP6416,16,2972291,NA,NA,NA,0.998623132075833
SNP6417,16,3180468,NA,NA,NA,0.998623132075833
SNP6418,16,3275121,NA,NA,NA,0.998623132075833
SNP6419,16,3279948,NA,NA,NA,0.96101256609096
SNP6420,16,3378582,NA,NA,NA,0.998623132075833
SNP6421,16,3672928,NA,NA,NA,0.998623132075833
SNP6422,16,3677770,NA,NA,NA,0.998623132075833
SNP6423,16,3776181,NA,NA,NA,0.998623132075833
SNP6424,16,3876764,NA,NA,NA,0.998623132075833
SNP6425,16,3947388,NA,NA,NA,0.998623132075833
SNP6426,16,3976259,NA,NA,NA,0.998623132075833
SNP6427,16,4115965,NA,NA,NA,0.998623132075833
SNP6428,16,4142164,NA,NA,NA,0.998623132075833
SNP6429,16,4527485,NA,NA,NA,0.998623132075833
SNP6430,16,4872501,NA,NA,NA,0.998623132075833
SNP6431,16,4986179,NA,NA,NA,0.998623132075833
SNP6432,16,5429245,NA,NA,NA,0.998623132075833
SNP6433,16,5485435,NA,NA,NA,0.882219185321112
SNP6434,16,5689149,NA,NA,NA,0.998623132075833
SNP6435,16,5740715,NA,NA,NA,0.998623132075833
SNP6436,16,5758845,NA,NA,NA,0.998623132075833
SNP6437,16,5818772,NA,NA,NA,0.994026668934478
SNP6438,16,5830334,NA,NA,NA,0.998623132075833
SNP6439,16,5838368,NA,NA,NA,0.998623132075833
SNP6440,16,5936731,NA,NA,NA,0.998623132075833
SNP6441,16,5942908,NA,NA,NA,0.994026668934478
SNP6442,16,6034220,NA,NA,NA,0.994026668934478
SNP6443,16,6099593,NA,NA,NA,0.998623132075833
SNP6444,16,6107339,NA,NA,NA,0.998623132075833
SNP6445,16,6143821,NA,NA,NA,0.998623132075833
SNP6446,16,6160806,NA,NA,NA,0.998623132075833
SNP6447,16,6279518,NA,NA,NA,0.998623132075833
SNP6448,16,6458870,NA,NA,NA,0.998623132075833
SNP6449,16,6460124,NA,NA,NA,0.998623132075833
SNP6450,16,6591604,NA,NA,NA,0.998623132075833
SNP6451,16,6677163,NA,NA,NA,0.998623132075833
SNP6452,16,6762762,NA,NA,NA,0.998623132075833
SNP6453,16,6870386,NA,NA,NA,0.998623132075833
SNP6454,16,7000391,NA,NA,NA,0.994026668934478
SNP6455,16,7030652,NA,NA,NA,0.998623132075833
SNP6456,16,7129806,NA,NA,NA,0.998623132075833
SNP6457,16,7193091,NA,NA,NA,0.998623132075833
SNP6458,16,7350017,NA,NA,NA,0.998623132075833
SNP6459,16,7416484,NA,NA,NA,0.998623132075833
SNP6460,16,7615525,NA,NA,NA,0.998623132075833
SNP6461,16,7645028,NA,NA,NA,0.998623132075833
SNP6462,16,7721743,NA,NA,NA,0.998623132075833
SNP6463,16,7723579,NA,NA,NA,0.998623132075833
SNP6464,16,7723581,NA,NA,NA,0.998623132075833
SNP6465,16,7741631,NA,NA,NA,0.998623132075833
SNP6466,16,7858348,NA,NA,NA,0.998623132075833
SNP6467,16,7876209,NA,NA,NA,0.998623132075833
SNP6468,16,7957685,NA,NA,NA,0.998623132075833
SNP6469,16,7979373,NA,NA,NA,0.998623132075833
SNP6470,16,8381538,NA,NA,NA,0.998623132075833
SNP6471,16,8634343,NA,NA,NA,0.998623132075833
SNP6472,16,8634980,NA,NA,NA,0.998623132075833
SNP6473,16,8638394,NA,NA,NA,0.998623132075833
SNP6474,16,8641476,NA,NA,NA,0.998623132075833
SNP6475,16,8643397,NA,NA,NA,0.998623132075833
SNP6476,16,8871054,NA,NA,NA,0.998623132075833
SNP6477,16,9064003,NA,NA,NA,0.994026668934478
SNP6478,16,9128368,NA,NA,NA,0.998623132075833
SNP6479,16,9163091,NA,NA,NA,0.998623132075833
SNP6480,16,9190509,NA,NA,NA,0.998623132075833
SNP6481,16,9326972,NA,NA,NA,0.998623132075833
SNP6482,16,9453028,NA,NA,NA,0.998623132075833
SNP6483,16,9602439,NA,NA,NA,0.994026668934478
SNP6484,16,9658797,NA,NA,NA,0.998623132075833
SNP6485,16,9761270,NA,NA,NA,0.998623132075833
SNP6486,16,9761838,NA,NA,NA,0.82176143200529
SNP6487,16,9762449,NA,NA,NA,0.998623132075833
SNP6488,16,9986973,NA,NA,NA,0.998623132075833
SNP6489,16,10139438,NA,NA,NA,0.998623132075833
SNP6490,16,10349483,NA,NA,NA,0.998623132075833
SNP6491,16,10617193,NA,NA,NA,0.998623132075833
SNP6492,16,11033955,NA,NA,NA,0.998623132075833
SNP6493,16,11034948,NA,NA,NA,0.998623132075833
SNP6494,16,11142642,NA,NA,NA,0.998623132075833
SNP6495,16,11235697,NA,NA,NA,0.895353784531074
SNP6496,16,11309042,NA,NA,NA,0.998623132075833
SNP6497,16,11353779,NA,NA,NA,0.998623132075833
SNP6498,16,11882369,NA,NA,NA,0.998623132075833
SNP6499,16,11994229,NA,NA,NA,0.998623132075833
SNP6500,16,12298739,NA,NA,NA,0.998623132075833
SNP6501,16,12479005,NA,NA,NA,0.882219185321112
SNP6502,16,12605840,NA,NA,NA,0.998623132075833
SNP6503,16,12623726,NA,NA,NA,0.998623132075833
SNP6504,16,12753921,NA,NA,NA,0.998623132075833
SNP6505,16,12783470,NA,NA,NA,0.96101256609096
SNP6506,16,12811203,NA,NA,NA,0.998623132075833
SNP6507,16,12896306,NA,NA,NA,0.998623132075833
SNP6508,16,12910447,NA,NA,NA,0.998623132075833
SNP6509,16,13057095,NA,NA,NA,0.998623132075833
SNP6510,16,13343292,NA,NA,NA,0.998623132075833
SNP6511,16,13823011,NA,NA,NA,0.998623132075833
SNP6512,16,13867901,NA,NA,NA,0.998623132075833
SNP6513,16,14030804,NA,NA,NA,0.998623132075833
SNP6514,16,14164978,NA,NA,NA,0.998623132075833
SNP6515,16,14319012,NA,NA,NA,0.998623132075833
SNP6516,16,14517204,NA,NA,NA,0.998623132075833
SNP6517,16,14927520,NA,NA,NA,0.998623132075833
SNP6518,16,15031173,NA,NA,NA,0.998623132075833
SNP6519,16,15167094,NA,NA,NA,0.998623132075833
SNP6520,16,15582701,NA,NA,NA,0.998623132075833
SNP6521,16,15697372,NA,NA,NA,0.998623132075833
SNP6522,16,15764951,NA,NA,NA,0.998623132075833
SNP6523,16,15894208,NA,NA,NA,0.994026668934478
SNP6524,16,15903739,NA,NA,NA,0.998623132075833
SNP6525,16,16093871,NA,NA,NA,0.998623132075833
SNP6526,16,16197474,NA,NA,NA,0.998623132075833
SNP6527,16,16400617,NA,NA,NA,0.994026668934478
SNP6528,16,16449645,NA,NA,NA,0.994026668934478
SNP6529,16,16470676,NA,NA,NA,0.994026668934478
SNP6530,16,16751628,NA,NA,NA,0.998623132075833
SNP6531,16,16914852,NA,NA,NA,0.998623132075833
SNP6532,16,16961887,NA,NA,NA,0.998623132075833
SNP6533,16,17269216,NA,NA,NA,0.998623132075833
SNP6534,16,17270211,NA,NA,NA,0.998623132075833
SNP6535,16,17396747,NA,NA,NA,0.998623132075833
SNP6536,16,17412627,NA,NA,NA,0.998623132075833
SNP6537,16,17412693,NA,NA,NA,0.998623132075833
SNP6538,16,17440283,NA,NA,NA,0.998623132075833
SNP6539,16,17652864,NA,NA,NA,0.998623132075833
SNP6540,16,17653397,NA,NA,NA,0.998623132075833
SNP6541,16,17892965,NA,NA,NA,0.998623132075833
SNP6542,16,17964608,NA,NA,NA,0.998623132075833
SNP6543,16,17978115,NA,NA,NA,0.998623132075833
SNP6544,16,18023647,NA,NA,NA,0.998623132075833
SNP6545,16,18466678,NA,NA,NA,0.994026668934478
SNP6546,16,18594561,NA,NA,NA,0.998623132075833
SNP6547,16,18610682,NA,NA,NA,0.998623132075833
SNP6548,16,19100163,NA,NA,NA,0.998623132075833
SNP6549,16,19167007,NA,NA,NA,0.998623132075833
SNP6550,16,19434742,NA,NA,NA,0.998623132075833
SNP6551,16,20151179,NA,NA,NA,0.983465069927344
SNP6552,16,20317870,NA,NA,NA,0.998623132075833
SNP6553,16,20472465,NA,NA,NA,0.96101256609096
SNP6554,16,20753932,NA,NA,NA,0.998623132075833
SNP6555,16,20760076,NA,NA,NA,0.998623132075833
SNP6556,16,20836863,NA,NA,NA,0.998623132075833
SNP6557,16,21108573,NA,NA,NA,0.947859271877429
SNP6558,16,21311978,NA,NA,NA,0.994026668934478
SNP6559,16,21388444,NA,NA,NA,0.998623132075833
SNP6560,16,22478219,NA,NA,NA,0.998623132075833
SNP6561,16,22616870,NA,NA,NA,0.998623132075833
SNP6562,16,22645967,NA,NA,NA,0.96101256609096
SNP6563,16,22767474,NA,NA,NA,0.994026668934478
SNP6564,16,22822411,NA,NA,NA,0.998623132075833
SNP6565,16,23490357,NA,NA,NA,0.998623132075833
SNP6566,16,23885687,NA,NA,NA,0.998623132075833
SNP6567,16,23897611,NA,NA,NA,0.998623132075833
SNP6568,16,24151926,NA,NA,NA,0.998623132075833
SNP6569,16,24337022,NA,NA,NA,0.998623132075833
SNP6570,16,24429699,NA,NA,NA,0.998623132075833
SNP6571,16,24527319,NA,NA,NA,0.998623132075833
SNP6572,16,24728626,NA,NA,NA,0.998856163447371
SNP6573,16,24749733,NA,NA,NA,0.998623132075833
SNP6574,16,24922323,NA,NA,NA,0.998623132075833
SNP6575,16,24947027,NA,NA,NA,0.998623132075833
SNP6576,16,25229651,NA,NA,NA,0.999556667025933
SNP6577,16,25446382,NA,NA,NA,0.998623132075833
SNP6578,16,25506841,NA,NA,NA,0.998623132075833
SNP6579,16,26185296,NA,NA,NA,0.998623132075833
SNP6580,16,26326287,NA,NA,NA,0.998623132075833
SNP6581,16,26346569,NA,NA,NA,0.998623132075833
SNP6582,16,27044552,NA,NA,NA,0.998623132075833
SNP6583,16,27076665,NA,NA,NA,0.998623132075833
SNP6584,16,27083370,NA,NA,NA,0.998623132075833
SNP6585,16,27461543,NA,NA,NA,0.998623132075833
SNP6586,16,27501078,NA,NA,NA,0.998623132075833
SNP6587,16,27762669,NA,NA,NA,0.998623132075833
SNP6588,16,27850685,NA,NA,NA,0.994026668934478
SNP6589,16,27994454,NA,NA,NA,0.998623132075833
SNP6590,16,27995343,NA,NA,NA,0.994026668934478
SNP6591,16,27999213,NA,NA,NA,0.998623132075833
SNP6592,16,28022953,NA,NA,NA,0.998623132075833
SNP6593,16,28577367,NA,NA,NA,0.998623132075833
SNP6594,16,28806257,NA,NA,NA,0.998623132075833
SNP6595,16,29039075,NA,NA,NA,0.998623132075833
SNP6596,16,29059139,NA,NA,NA,0.998623132075833
SNP6597,16,29494113,NA,NA,NA,0.998623132075833
SNP6598,16,29661133,NA,NA,NA,0.998623132075833
SNP6599,16,29701112,NA,NA,NA,0.998623132075833
SNP6600,16,29936018,NA,NA,NA,0.998623132075833
SNP6601,16,30291998,NA,NA,NA,0.998623132075833
SNP6602,16,30783124,NA,NA,NA,0.998623132075833
SNP6603,16,31394474,NA,NA,NA,0.998623132075833
SNP6604,16,31470144,NA,NA,NA,0.998623132075833
SNP6605,16,31645764,NA,NA,NA,0.998623132075833
SNP6606,16,32002848,NA,NA,NA,0.998623132075833
SNP6607,16,32003782,NA,NA,NA,0.998623132075833
SNP6608,16,32049086,NA,NA,NA,0.998623132075833
SNP6609,16,32049101,NA,NA,NA,0.998623132075833
SNP6610,16,32052932,NA,NA,NA,0.998623132075833
SNP6611,16,32054450,NA,NA,NA,0.998623132075833
SNP6612,16,32079561,NA,NA,NA,0.998623132075833
SNP6613,16,32081841,NA,NA,NA,0.998623132075833
SNP6614,16,32085843,NA,NA,NA,0.998623132075833
SNP6615,16,32135382,NA,NA,NA,0.998623132075833
SNP6616,16,32135488,NA,NA,NA,0.998623132075833
SNP6617,16,32339285,NA,NA,NA,0.998623132075833
SNP6618,16,32628545,NA,NA,NA,0.998623132075833
SNP6619,16,32909777,NA,NA,NA,0.998623132075833
SNP6620,16,32933128,NA,NA,NA,0.998623132075833
SNP6621,16,33002322,NA,NA,NA,0.998623132075833
SNP6622,16,33481364,NA,NA,NA,0.998623132075833
SNP6623,16,33663927,NA,NA,NA,0.998623132075833
SNP6624,16,33767145,NA,NA,NA,0.998623132075833
SNP6625,16,33772027,NA,NA,NA,0.998623132075833
SNP6626,16,33979673,NA,NA,NA,0.998623132075833
SNP6627,16,33983814,NA,NA,NA,0.998623132075833
SNP6628,16,34073295,NA,NA,NA,0.998623132075833
SNP6629,16,34350656,NA,NA,NA,0.998623132075833
SNP6630,16,34350829,NA,NA,NA,0.998623132075833
SNP6631,16,34638887,NA,NA,NA,0.998623132075833
SNP6632,16,34807587,NA,NA,NA,0.998623132075833
SNP6633,16,35074322,NA,NA,NA,0.998623132075833
SNP6634,16,35108031,NA,NA,NA,0.998623132075833
SNP6635,16,36535239,NA,NA,NA,0.998623132075833
SNP6636,16,37067304,NA,NA,NA,0.998623132075833
SNP6637,16,37351692,NA,NA,NA,0.998623132075833
SNP6638,16,37492192,NA,NA,NA,0.998623132075833
SNP6639,16,37621993,NA,NA,NA,0.998623132075833
SNP6640,16,37801628,NA,NA,NA,0.998623132075833
SNP6641,16,37849785,NA,NA,NA,0.998623132075833
SNP6642,16,38112264,NA,NA,NA,0.998623132075833
SNP6643,16,38118412,NA,NA,NA,0.998623132075833
SNP6644,16,38748854,NA,NA,NA,0.998623132075833
SNP6645,16,38934680,NA,NA,NA,0.998623132075833
SNP6646,16,39302492,NA,NA,NA,0.998623132075833
SNP6647,16,39793516,NA,NA,NA,0.998623132075833
SNP6648,16,42094188,NA,NA,NA,0.998623132075833
SNP6649,16,43368935,NA,NA,NA,0.998623132075833
SNP6650,16,43944501,NA,NA,NA,0.998623132075833
SNP6651,16,43962939,NA,NA,NA,0.998623132075833
SNP6652,16,45645879,NA,NA,NA,0.998623132075833
SNP6653,16,46519409,NA,NA,NA,0.998623132075833
SNP6654,16,46543105,NA,NA,NA,0.998623132075833
SNP6655,16,47251618,NA,NA,NA,0.998623132075833
SNP6656,16,48008778,NA,NA,NA,0.998623132075833
SNP6657,16,48196382,NA,NA,NA,0.998623132075833
SNP6658,16,49982827,NA,NA,NA,0.998623132075833
SNP6659,16,50731565,NA,NA,NA,0.994026668934478
SNP6660,16,51524179,NA,NA,NA,0.998623132075833
SNP6661,16,52564414,NA,NA,NA,0.998623132075833
SNP6662,16,55618531,NA,NA,NA,0.998623132075833
SNP6663,16,56870953,NA,NA,NA,0.998623132075833
SNP6664,16,60062896,NA,NA,NA,0.998623132075833
SNP6665,16,60193370,NA,NA,NA,0.998623132075833
SNP6666,16,61250862,NA,NA,NA,0.998623132075833
SNP6667,16,61360905,NA,NA,NA,0.998623132075833
SNP6668,16,62080228,NA,NA,NA,0.998623132075833
SNP6669,16,62922699,NA,NA,NA,0.998623132075833
SNP6670,16,64137666,NA,NA,NA,0.999329963389869
SNP6671,16,64798216,NA,NA,NA,0.998623132075833
SNP6672,16,64922729,NA,NA,NA,0.998623132075833
SNP6673,16,65129981,NA,NA,NA,0.998623132075833
SNP6674,16,65130218,NA,NA,NA,0.998623132075833
SNP6675,16,65384689,NA,NA,NA,0.998623132075833
SNP6676,16,66167075,NA,NA,NA,0.998623132075833
SNP6677,16,68035774,NA,NA,NA,0.998623132075833
SNP6678,16,70244267,NA,NA,NA,0.998623132075833
SNP6679,16,71899125,NA,NA,NA,0.998623132075833
SNP6680,16,72336954,NA,NA,NA,0.998623132075833
SNP6681,16,75932089,NA,NA,NA,0.998623132075833
SNP6682,16,78472283,NA,NA,NA,0.998623132075833
SNP6683,16,81766535,NA,NA,NA,0.998623132075833
SNP6684,16,83060754,NA,NA,NA,0.998623132075833
SNP6685,16,83213047,NA,NA,NA,0.998623132075833
SNP6686,16,83215275,NA,NA,NA,0.998623132075833
SNP6687,16,85068103,NA,NA,NA,0.998623132075833
SNP6688,16,85195873,NA,NA,NA,0.998623132075833
SNP6689,16,85375207,NA,NA,NA,0.998623132075833
SNP6690,16,85731558,NA,NA,NA,0.998623132075833
SNP6691,16,85979947,NA,NA,NA,0.998623132075833
SNP6692,16,86743849,NA,NA,NA,0.998623132075833
SNP6693,16,86952417,NA,NA,NA,0.998623132075833
SNP6694,16,86952713,NA,NA,NA,0.998623132075833
SNP6695,16,87368786,NA,NA,NA,0.998623132075833
SNP6696,16,87676700,NA,NA,NA,0.998623132075833
SNP6697,16,87752381,NA,NA,NA,0.998623132075833
SNP6698,16,87834139,NA,NA,NA,0.998623132075833
SNP6699,16,88683588,NA,NA,NA,0.998623132075833
SNP6700,16,89706663,NA,NA,NA,0.998623132075833
SNP6701,16,90437124,NA,NA,NA,0.998623132075833
SNP6702,16,90636968,NA,NA,NA,0.998623132075833
SNP6703,16,90914912,NA,NA,NA,0.998623132075833
SNP6704,16,92177607,NA,NA,NA,0.998623132075833
SNP6705,16,92239168,NA,NA,NA,0.998623132075833
SNP6706,16,93195557,NA,NA,NA,0.994026668934478
SNP6707,16,93891210,NA,NA,NA,0.998623132075833
SNP6708,16,93891758,NA,NA,NA,0.998623132075833
SNP6709,16,95779550,NA,NA,NA,0.998623132075833
SNP6710,16,95956066,NA,NA,NA,0.998623132075833
SNP6711,16,96090356,NA,NA,NA,0.998623132075833
SNP6712,16,96103921,NA,NA,NA,0.998623132075833
SNP6713,16,96486190,NA,NA,NA,0.998623132075833
SNP6714,16,96522947,NA,NA,NA,0.998623132075833
SNP6715,16,96624519,NA,NA,NA,0.998623132075833
SNP6716,16,96879296,NA,NA,NA,0.998623132075833
SNP6717,16,97051105,NA,NA,NA,0.998623132075833
SNP6718,16,97882559,NA,NA,NA,0.998623132075833
SNP6719,16,98000508,NA,NA,NA,0.998623132075833
SNP6720,16,99009902,NA,NA,NA,0.998623132075833
SNP6721,16,99570314,NA,NA,NA,0.998856163447371
SNP6722,16,100457347,NA,NA,NA,0.998623132075833
SNP6723,16,101291716,NA,NA,NA,0.998623132075833
SNP6724,16,101590096,NA,NA,NA,0.998623132075833
SNP6725,16,101645114,NA,NA,NA,0.998623132075833
SNP6726,16,101740035,NA,NA,NA,0.998623132075833
SNP6727,16,101799229,NA,NA,NA,0.998623132075833
SNP6728,16,101915493,NA,NA,NA,0.998623132075833
SNP6729,16,101916218,NA,NA,NA,0.998623132075833
SNP6730,16,102078146,NA,NA,NA,0.998623132075833
SNP6731,16,102109097,NA,NA,NA,0.998623132075833
SNP6732,16,102558747,NA,NA,NA,0.998623132075833
SNP6733,16,102765564,NA,NA,NA,0.998623132075833
SNP6734,16,102807076,NA,NA,NA,0.998623132075833
SNP6735,16,102898066,NA,NA,NA,0.998623132075833
SNP6736,16,103047540,NA,NA,NA,0.998623132075833
SNP6737,16,103082696,NA,NA,NA,0.998623132075833
SNP6738,16,103481906,NA,NA,NA,0.998623132075833
SNP6739,16,103482275,NA,NA,NA,0.998623132075833
SNP6740,16,103896857,NA,NA,NA,0.998623132075833
SNP6741,16,104020676,NA,NA,NA,0.998623132075833
SNP6742,16,104162629,NA,NA,NA,0.998623132075833
SNP6743,16,104397857,NA,NA,NA,0.998623132075833
SNP6744,16,104644568,NA,NA,NA,0.998623132075833
SNP6745,16,104698900,NA,NA,NA,0.998623132075833
SNP6746,16,105144943,NA,NA,NA,0.998623132075833
SNP6747,16,105308201,NA,NA,NA,0.998623132075833
SNP6748,16,105571405,NA,NA,NA,0.998623132075833
SNP6749,16,105883978,NA,NA,NA,0.998623132075833
SNP6750,16,106020031,NA,NA,NA,0.998623132075833
SNP6751,16,106677089,NA,NA,NA,0.998623132075833
SNP6752,16,107037899,NA,NA,NA,0.998623132075833
SNP6753,16,107274622,NA,NA,NA,0.998623132075833
SNP6754,16,107608778,NA,NA,NA,0.998623132075833
SNP6755,16,107609402,NA,NA,NA,0.998623132075833
SNP6756,16,108488285,NA,NA,NA,0.998623132075833
SNP6757,16,108513589,NA,NA,NA,0.998623132075833
SNP6758,16,108515562,NA,NA,NA,0.998623132075833
SNP6759,16,108518747,NA,NA,NA,0.998623132075833
SNP6760,16,108669905,NA,NA,NA,0.998623132075833
SNP6761,16,108841471,NA,NA,NA,0.998623132075833
SNP6762,16,108976120,NA,NA,NA,0.999213522913039
SNP6763,16,109105622,NA,NA,NA,0.998623132075833
SNP6764,16,109240201,NA,NA,NA,0.998623132075833
SNP6765,16,109311080,NA,NA,NA,0.998623132075833
SNP6766,16,109389905,NA,NA,NA,0.998623132075833
SNP6767,16,109920337,NA,NA,NA,0.998623132075833
SNP6768,16,109953832,NA,NA,NA,0.998623132075833
SNP6769,16,110147225,NA,NA,NA,0.998623132075833
SNP6770,16,110152413,NA,NA,NA,0.998623132075833
SNP6771,16,110184480,NA,NA,NA,0.998623132075833
SNP6772,16,110754226,NA,NA,NA,0.998623132075833
SNP6773,16,110817657,NA,NA,NA,0.998623132075833
SNP6774,16,111196482,NA,NA,NA,0.998623132075833
SNP6775,16,111224525,NA,NA,NA,0.998623132075833
SNP6776,16,111226201,NA,NA,NA,0.998623132075833
SNP6777,16,111626504,NA,NA,NA,0.998623132075833
SNP6778,16,111641521,NA,NA,NA,0.998623132075833
SNP6779,16,111673511,NA,NA,NA,0.998623132075833
SNP6780,16,111839823,NA,NA,NA,0.998623132075833
SNP6781,16,111956760,NA,NA,NA,0.998623132075833
SNP6782,16,111996029,NA,NA,NA,0.998623132075833
SNP6783,16,112044918,NA,NA,NA,0.998623132075833
SNP6784,16,112130574,NA,NA,NA,0.998623132075833
SNP6785,16,112285402,NA,NA,NA,0.998623132075833
SNP6786,16,112293470,NA,NA,NA,0.998623132075833
SNP6787,16,112763203,NA,NA,NA,0.998623132075833
SNP6788,16,112776729,NA,NA,NA,0.998623132075833
SNP6789,16,113270748,NA,NA,NA,0.998623132075833
SNP6790,16,113432172,NA,NA,NA,0.998623132075833
SNP6791,16,113964928,NA,NA,NA,0.998623132075833
SNP6792,16,114200533,NA,NA,NA,0.998623132075833
SNP6793,16,114225026,NA,NA,NA,0.998623132075833
SNP6794,16,114345551,NA,NA,NA,0.998623132075833
SNP6795,16,114440341,NA,NA,NA,0.998623132075833
SNP6796,16,114578202,NA,NA,NA,0.998623132075833
SNP6797,16,114586396,NA,NA,NA,0.998623132075833
SNP6798,16,114586674,NA,NA,NA,0.998623132075833
SNP6799,16,114618652,NA,NA,NA,0.998623132075833
SNP6800,16,114703606,NA,NA,NA,0.998623132075833
SNP6801,16,115643706,NA,NA,NA,0.998623132075833
SNP6802,16,115659388,NA,NA,NA,0.998623132075833
SNP6803,16,116015819,NA,NA,NA,0.998623132075833
SNP6804,16,116080194,NA,NA,NA,0.994026668934478
SNP6805,16,116097571,NA,NA,NA,0.998623132075833
SNP6806,16,116310767,NA,NA,NA,0.998623132075833
SNP6807,16,116657142,NA,NA,NA,0.977512361102216
SNP6808,16,116702507,NA,NA,NA,0.998623132075833
SNP6809,16,116713212,NA,NA,NA,0.998623132075833
SNP6810,16,117006051,NA,NA,NA,0.998623132075833
SNP6811,16,117157742,NA,NA,NA,0.977104919160526
SNP6812,16,117398535,NA,NA,NA,0.998623132075833
SNP6813,16,117450405,NA,NA,NA,0.998623132075833
SNP6814,16,117539912,NA,NA,NA,0.998623132075833
SNP6815,16,117782390,NA,NA,NA,0.998623132075833
SNP6816,16,117843776,NA,NA,NA,0.998623132075833
SNP6817,16,117889037,NA,NA,NA,0.998623132075833
SNP6818,16,117919368,NA,NA,NA,0.998623132075833
SNP6819,16,117944033,NA,NA,NA,0.998623132075833
SNP6820,16,118046667,NA,NA,NA,0.998623132075833
SNP6821,16,118070034,NA,NA,NA,0.994026668934478
SNP6822,16,118124139,NA,NA,NA,0.998623132075833
SNP6823,16,118216711,NA,NA,NA,0.998623132075833
SNP6824,16,118695187,NA,NA,NA,0.994026668934478
SNP6825,16,118741389,NA,NA,NA,0.998623132075833
SNP6826,16,118806076,NA,NA,NA,0.998623132075833
SNP6827,16,119199204,NA,NA,NA,0.994026668934478
SNP6828,16,119209062,NA,NA,NA,0.998623132075833
SNP6829,16,119409536,NA,NA,NA,0.998623132075833
SNP6830,16,119420307,NA,NA,NA,0.998623132075833
SNP6831,16,119565749,NA,NA,NA,0.998623132075833
SNP6832,16,119728354,NA,NA,NA,0.998623132075833
SNP6833,16,120148968,NA,NA,NA,0.998623132075833
SNP6834,16,120201963,NA,NA,NA,0.994026668934478
SNP6835,16,120281640,NA,NA,NA,0.998623132075833
SNP6836,16,120282439,NA,NA,NA,0.998623132075833
SNP6837,16,120294429,NA,NA,NA,0.994026668934478
SNP6838,16,120407073,NA,NA,NA,0.998623132075833
SNP6839,16,120691309,NA,NA,NA,0.998623132075833
SNP6840,16,120865413,NA,NA,NA,0.998623132075833
SNP6841,16,121537744,NA,NA,NA,0.998623132075833
SNP6842,16,121564075,NA,NA,NA,0.998623132075833
SNP6843,16,122003100,NA,NA,NA,0.998623132075833
SNP6844,16,122027953,NA,NA,NA,0.998623132075833
SNP6845,16,122108999,NA,NA,NA,0.796467738819195
SNP6846,16,122289854,NA,NA,NA,0.998623132075833
SNP6847,16,122311052,NA,NA,NA,0.998623132075833
SNP6848,16,122321048,NA,NA,NA,0.998623132075833
SNP6849,16,122531920,NA,NA,NA,0.998623132075833
SNP6850,16,122535495,NA,NA,NA,0.998623132075833
SNP6851,16,122552864,NA,NA,NA,0.998623132075833
SNP6852,16,122581860,NA,NA,NA,0.983465069927344
SNP6853,16,122780096,NA,NA,NA,0.998623132075833
SNP6854,16,122798257,NA,NA,NA,0.998623132075833
SNP6855,16,122810153,NA,NA,NA,0.998623132075833
SNP6856,16,122973381,NA,NA,NA,0.998623132075833
SNP6857,16,123019759,NA,NA,NA,0.998623132075833
SNP6858,16,123019875,NA,NA,NA,0.998623132075833
SNP6859,16,123158703,NA,NA,NA,0.998623132075833
SNP6860,16,123236248,NA,NA,NA,0.998623132075833
SNP6861,16,123275218,NA,NA,NA,0.96101256609096
SNP6862,16,123362960,NA,NA,NA,0.998623132075833
SNP6863,16,123364434,NA,NA,NA,0.998623132075833
SNP6864,16,123448432,NA,NA,NA,0.96101256609096
SNP6865,16,123484491,NA,NA,NA,0.882219185321112
SNP6866,16,123496353,NA,NA,NA,0.998623132075833
SNP6867,16,123620597,NA,NA,NA,0.96101256609096
SNP6868,16,124102491,NA,NA,NA,0.983465069927344
SNP6869,16,124127763,NA,NA,NA,0.983465069927344
SNP6870,16,124159291,NA,NA,NA,0.998623132075833
SNP6871,16,124222860,NA,NA,NA,0.757565382835618
SNP6872,16,124227755,NA,NA,NA,0.998623132075833
SNP6873,16,124311849,NA,NA,NA,0.998623132075833
SNP6874,16,124422017,NA,NA,NA,0.998623132075833
SNP6875,16,124599239,NA,NA,NA,0.998623132075833
SNP6876,16,124615696,NA,NA,NA,0.998623132075833
SNP6877,16,124628344,NA,NA,NA,0.998623132075833
SNP6878,16,125228099,NA,NA,NA,0.998623132075833
SNP6879,16,125245858,NA,NA,NA,0.998623132075833
SNP6880,16,125384389,NA,NA,NA,0.998623132075833
SNP6881,16,125431780,NA,NA,NA,0.998623132075833
SNP6882,16,125432091,NA,NA,NA,0.999329963389869
SNP6883,16,125495208,NA,NA,NA,0.825960021642829
SNP6884,16,125992228,NA,NA,NA,0.998623132075833
SNP6885,16,126121454,NA,NA,NA,0.998623132075833
SNP6886,16,126214637,NA,NA,NA,0.998623132075833
SNP6887,16,126307603,NA,NA,NA,0.998623132075833
SNP6888,16,126332867,NA,NA,NA,0.994026668934478
SNP6889,16,126403495,NA,NA,NA,0.998623132075833
SNP6890,16,126586947,NA,NA,NA,0.998623132075833
SNP6891,16,126650425,NA,NA,NA,0.998623132075833
SNP6892,16,126907245,NA,NA,NA,0.998623132075833
SNP6893,16,127137852,NA,NA,NA,0.998623132075833
SNP6894,16,127331674,NA,NA,NA,0.998623132075833
SNP6895,16,127448206,NA,NA,NA,0.998623132075833
SNP6896,16,127540806,NA,NA,NA,0.998623132075833
SNP6897,16,127661104,NA,NA,NA,0.998623132075833
SNP6898,16,127669008,NA,NA,NA,0.998623132075833
SNP6899,16,128084428,NA,NA,NA,0.998623132075833
SNP6900,16,128092300,NA,NA,NA,0.998623132075833
SNP6901,16,128287517,NA,NA,NA,0.998623132075833
SNP6902,16,128311575,NA,NA,NA,0.994026668934478
SNP6903,16,128351743,NA,NA,NA,0.998623132075833
SNP6904,16,128352895,NA,NA,NA,0.998623132075833
SNP6905,16,128352935,NA,NA,NA,0.998623132075833
SNP6906,16,128527499,NA,NA,NA,0.998623132075833
SNP6907,16,128752418,NA,NA,NA,0.998623132075833
SNP6908,16,128753228,NA,NA,NA,0.998623132075833
SNP6909,16,128803903,NA,NA,NA,0.998623132075833
SNP6910,16,129015608,NA,NA,NA,0.998623132075833
SNP6911,16,129044785,NA,NA,NA,0.998623132075833
SNP6912,16,129350095,NA,NA,NA,0.998623132075833
SNP6913,16,129495569,NA,NA,NA,0.998623132075833
SNP6914,16,129570003,NA,NA,NA,0.998623132075833
SNP6915,16,129575475,NA,NA,NA,0.998623132075833
SNP6916,16,129653502,NA,NA,NA,0.998623132075833
SNP6917,16,129731047,NA,NA,NA,0.998623132075833
SNP6918,16,129766082,NA,NA,NA,0.998623132075833
SNP6919,16,129785321,NA,NA,NA,0.998623132075833
SNP6920,16,130213113,NA,NA,NA,0.998623132075833
SNP6921,16,130444507,NA,NA,NA,0.998623132075833
SNP6922,16,131049462,NA,NA,NA,0.998623132075833
SNP6923,16,131051776,NA,NA,NA,0.998623132075833
SNP6924,16,131261613,NA,NA,NA,0.998623132075833
SNP6925,16,131651939,NA,NA,NA,0.998623132075833
SNP6926,16,131828432,NA,NA,NA,0.998623132075833
SNP6927,16,132058263,NA,NA,NA,0.998623132075833
SNP6928,16,132139898,NA,NA,NA,0.998623132075833
SNP6929,16,132164807,NA,NA,NA,0.998623132075833
SNP6930,16,132399119,NA,NA,NA,0.998623132075833
SNP6931,16,132403515,NA,NA,NA,0.998623132075833
SNP6932,16,132704634,NA,NA,NA,0.998623132075833
SNP6933,16,132755273,NA,NA,NA,0.998623132075833
SNP6934,16,132758691,NA,NA,NA,0.998623132075833
SNP6935,16,132982226,NA,NA,NA,0.998623132075833
SNP6936,16,133066588,NA,NA,NA,0.998623132075833
SNP6937,16,133271301,NA,NA,NA,0.998623132075833
SNP6938,16,133487030,NA,NA,NA,0.998623132075833
SNP6939,16,133744896,NA,NA,NA,0.998623132075833
SNP6940,16,134336732,NA,NA,NA,0.994026668934478
SNP6941,16,134471581,NA,NA,NA,0.998623132075833
SNP6942,16,134884603,NA,NA,NA,0.998623132075833
SNP6943,16,134924916,NA,NA,NA,0.998623132075833
SNP6944,16,135080269,NA,NA,NA,0.998623132075833
SNP6945,16,135104032,NA,NA,NA,0.998623132075833
SNP6946,16,135105866,NA,NA,NA,0.998623132075833
SNP6947,16,135176210,NA,NA,NA,0.998623132075833
SNP6948,16,135300422,NA,NA,NA,0.998623132075833
SNP6949,16,135400727,NA,NA,NA,0.998623132075833
SNP6950,16,135402668,NA,NA,NA,0.998623132075833
SNP6951,16,135435536,NA,NA,NA,0.998623132075833
SNP6952,16,135437623,NA,NA,NA,0.998623132075833
SNP6953,16,135437789,NA,NA,NA,0.998623132075833
SNP6954,16,135438238,NA,NA,NA,0.998623132075833
SNP6955,16,135439054,NA,NA,NA,0.998623132075833
SNP6956,16,135439892,NA,NA,NA,0.998623132075833
SNP6957,16,135440474,NA,NA,NA,0.998623132075833
SNP6958,16,135535840,NA,NA,NA,0.998623132075833
SNP6959,16,135596508,NA,NA,NA,0.998623132075833
SNP6960,16,135596694,NA,NA,NA,0.998623132075833
SNP6961,16,135635399,NA,NA,NA,0.998623132075833
SNP6962,16,135639285,NA,NA,NA,0.998623132075833
SNP6963,16,135653140,NA,NA,NA,0.998623132075833
SNP6964,16,135659669,NA,NA,NA,0.998623132075833
SNP6965,16,135667939,NA,NA,NA,0.998623132075833
SNP6966,16,135668437,NA,NA,NA,0.998623132075833
SNP6967,16,135688741,NA,NA,NA,0.998623132075833
SNP6968,16,135689135,NA,NA,NA,0.998623132075833
SNP6969,16,135749828,NA,NA,NA,0.998623132075833
SNP6970,16,135785614,NA,NA,NA,0.994026668934478
SNP6971,16,135787232,NA,NA,NA,0.998270218673198
SNP6972,16,135900431,NA,NA,NA,0.994026668934478
SNP6973,16,136159078,NA,NA,NA,0.998623132075833
SNP6974,17,95052,NA,NA,NA,0.998623132075833
SNP6975,17,151210,NA,NA,NA,0.998623132075833
SNP6976,17,180408,NA,NA,NA,0.998623132075833
SNP6977,17,213970,NA,NA,NA,0.998623132075833
SNP6978,17,231387,NA,NA,NA,0.998623132075833
SNP6979,17,411092,NA,NA,NA,0.998623132075833
SNP6980,17,454008,NA,NA,NA,0.998623132075833
SNP6981,17,530041,NA,NA,NA,0.998623132075833
SNP6982,17,578122,NA,NA,NA,0.998623132075833
SNP6983,17,584071,NA,NA,NA,0.96101256609096
SNP6984,17,611007,NA,NA,NA,0.998623132075833
SNP6985,17,995898,NA,NA,NA,0.994026668934478
SNP6986,17,1126359,NA,NA,NA,0.998623132075833
SNP6987,17,1304343,NA,NA,NA,0.998623132075833
SNP6988,17,1388043,NA,NA,NA,0.998623132075833
SNP6989,17,1449271,NA,NA,NA,0.998623132075833
SNP6990,17,1456338,NA,NA,NA,0.998623132075833
SNP6991,17,1457555,NA,NA,NA,0.998623132075833
SNP6992,17,1502631,NA,NA,NA,0.998623132075833
SNP6993,17,1550696,NA,NA,NA,0.998623132075833
SNP6994,17,1748898,NA,NA,NA,0.998623132075833
SNP6995,17,1885379,NA,NA,NA,0.998623132075833
SNP6996,17,1907545,NA,NA,NA,0.998623132075833
SNP6997,17,1924101,NA,NA,NA,0.998623132075833
SNP6998,17,1924110,NA,NA,NA,0.998623132075833
SNP6999,17,1945835,NA,NA,NA,0.998623132075833
SNP7000,17,2045152,NA,NA,NA,0.994026668934478
SNP7001,17,2052070,NA,NA,NA,0.96101256609096
SNP7002,17,2239972,NA,NA,NA,0.998623132075833
SNP7003,17,2630262,NA,NA,NA,0.998623132075833
SNP7004,17,2817475,NA,NA,NA,0.998623132075833
SNP7005,17,2839129,NA,NA,NA,0.882219185321112
SNP7006,17,2880901,NA,NA,NA,0.796467738819195
SNP7007,17,2886443,NA,NA,NA,0.96101256609096
SNP7008,17,2959936,NA,NA,NA,0.998623132075833
SNP7009,17,2964357,NA,NA,NA,0.998623132075833
SNP7010,17,3013389,NA,NA,NA,0.882219185321112
SNP7011,17,3025087,NA,NA,NA,0.994026668934478
SNP7012,17,3032176,NA,NA,NA,0.882219185321112
SNP7013,17,3595373,NA,NA,NA,0.998623132075833
SNP7014,17,3660082,NA,NA,NA,0.731529419554278
SNP7015,17,3964253,NA,NA,NA,0.796467738819195
SNP7016,17,3982377,NA,NA,NA,0.796467738819195
SNP7017,17,4124851,NA,NA,NA,0.998623132075833
SNP7018,17,4295043,NA,NA,NA,0.998623132075833
SNP7019,17,4301595,NA,NA,NA,0.998623132075833
SNP7020,17,4382301,NA,NA,NA,0.998623132075833
SNP7021,17,4382872,NA,NA,NA,0.998623132075833
SNP7022,17,4464714,NA,NA,NA,0.998623132075833
SNP7023,17,4949676,NA,NA,NA,0.994026668934478
SNP7024,17,5225029,NA,NA,NA,0.998623132075833
SNP7025,17,5225213,NA,NA,NA,0.998623132075833
SNP7026,17,5409168,NA,NA,NA,0.998623132075833
SNP7027,17,5472257,NA,NA,NA,0.998623132075833
SNP7028,17,5585796,NA,NA,NA,0.998623132075833
SNP7029,17,5674878,NA,NA,NA,0.998623132075833
SNP7030,17,5903228,NA,NA,NA,0.998623132075833
SNP7031,17,6132665,NA,NA,NA,0.998623132075833
SNP7032,17,6233439,NA,NA,NA,0.998623132075833
SNP7033,17,6243218,NA,NA,NA,0.998623132075833
SNP7034,17,6625873,NA,NA,NA,0.998623132075833
SNP7035,17,6637545,NA,NA,NA,0.998623132075833
SNP7036,17,6840537,NA,NA,NA,0.998623132075833
SNP7037,17,7196733,NA,NA,NA,0.998623132075833
SNP7038,17,7371268,NA,NA,NA,0.998623132075833
SNP7039,17,7650411,NA,NA,NA,0.998623132075833
SNP7040,17,7663002,NA,NA,NA,0.998623132075833
SNP7041,17,7795325,NA,NA,NA,0.998623132075833
SNP7042,17,8080616,NA,NA,NA,0.998623132075833
SNP7043,17,8496735,NA,NA,NA,0.998623132075833
SNP7044,17,8640109,NA,NA,NA,0.998623132075833
SNP7045,17,8697963,NA,NA,NA,0.998623132075833
SNP7046,17,8740813,NA,NA,NA,0.998623132075833
SNP7047,17,8809660,NA,NA,NA,0.998623132075833
SNP7048,17,8898742,NA,NA,NA,0.998623132075833
SNP7049,17,9176911,NA,NA,NA,0.998623132075833
SNP7050,17,9189209,NA,NA,NA,0.998623132075833
SNP7051,17,9526209,NA,NA,NA,0.998623132075833
SNP7052,17,9572194,NA,NA,NA,0.994026668934478
SNP7053,17,9720749,NA,NA,NA,0.998623132075833
SNP7054,17,9724926,NA,NA,NA,0.998623132075833
SNP7055,17,9928781,NA,NA,NA,0.998623132075833
SNP7056,17,10047772,NA,NA,NA,0.998623132075833
SNP7057,17,10204177,NA,NA,NA,0.998623132075833
SNP7058,17,10207647,NA,NA,NA,0.998623132075833
SNP7059,17,10208376,NA,NA,NA,0.998623132075833
SNP7060,17,10208567,NA,NA,NA,0.998623132075833
SNP7061,17,10347054,NA,NA,NA,0.998623132075833
SNP7062,17,10370611,NA,NA,NA,0.998623132075833
SNP7063,17,10384139,NA,NA,NA,0.998623132075833
SNP7064,17,10517691,NA,NA,NA,0.998623132075833
SNP7065,17,10554265,NA,NA,NA,0.998623132075833
SNP7066,17,10714847,NA,NA,NA,0.998623132075833
SNP7067,17,10727062,NA,NA,NA,0.998623132075833
SNP7068,17,10727269,NA,NA,NA,0.998623132075833
SNP7069,17,10948516,NA,NA,NA,0.998623132075833
SNP7070,17,11291810,NA,NA,NA,0.998623132075833
SNP7071,17,11291821,NA,NA,NA,0.998623132075833
SNP7072,17,11307298,NA,NA,NA,0.998623132075833
SNP7073,17,11336880,NA,NA,NA,0.998623132075833
SNP7074,17,11404544,NA,NA,NA,0.998623132075833
SNP7075,17,11421301,NA,NA,NA,0.998623132075833
SNP7076,17,11796265,NA,NA,NA,0.998623132075833
SNP7077,17,11868571,NA,NA,NA,0.998623132075833
SNP7078,17,12003656,NA,NA,NA,0.998623132075833
SNP7079,17,12046754,NA,NA,NA,0.998623132075833
SNP7080,17,12252941,NA,NA,NA,0.998623132075833
SNP7081,17,12337846,NA,NA,NA,0.998623132075833
SNP7082,17,12352097,NA,NA,NA,0.998623132075833
SNP7083,17,12444126,NA,NA,NA,0.998623132075833
SNP7084,17,12467024,NA,NA,NA,0.998623132075833
SNP7085,17,12515033,NA,NA,NA,0.994026668934478
SNP7086,17,12756359,NA,NA,NA,0.998623132075833
SNP7087,17,12758016,NA,NA,NA,0.998623132075833
SNP7088,17,13335689,NA,NA,NA,0.994026668934478
SNP7089,17,13477838,NA,NA,NA,0.998623132075833
SNP7090,17,14259115,NA,NA,NA,0.998623132075833
SNP7091,17,15203694,NA,NA,NA,0.998623132075833
SNP7092,17,15236110,NA,NA,NA,0.96101256609096
SNP7093,17,15583497,NA,NA,NA,0.998623132075833
SNP7094,17,15901062,NA,NA,NA,0.994026668934478
SNP7095,17,16067272,NA,NA,NA,0.998623132075833
SNP7096,17,16412296,NA,NA,NA,0.998623132075833
SNP7097,17,16598019,NA,NA,NA,0.994026668934478
SNP7098,17,16624408,NA,NA,NA,0.998623132075833
SNP7099,17,16664041,NA,NA,NA,0.998623132075833
SNP7100,17,16996707,NA,NA,NA,0.998623132075833
SNP7101,17,17254296,NA,NA,NA,0.998623132075833
SNP7102,17,17301464,NA,NA,NA,0.998623132075833
SNP7103,17,17400993,NA,NA,NA,0.998623132075833
SNP7104,17,17500250,NA,NA,NA,0.998623132075833
SNP7105,17,17559905,NA,NA,NA,0.998623132075833
SNP7106,17,17764584,NA,NA,NA,0.998623132075833
SNP7107,17,17840387,NA,NA,NA,0.998623132075833
SNP7108,17,17847486,NA,NA,NA,0.998623132075833
SNP7109,17,18298523,NA,NA,NA,0.998623132075833
SNP7110,17,18378493,NA,NA,NA,0.998623132075833
SNP7111,17,18553475,NA,NA,NA,0.998623132075833
SNP7112,17,18676836,NA,NA,NA,0.998623132075833
SNP7113,17,18765914,NA,NA,NA,0.998623132075833
SNP7114,17,18950781,NA,NA,NA,0.998623132075833
SNP7115,17,18970044,NA,NA,NA,0.998623132075833
SNP7116,17,19039304,NA,NA,NA,0.998623132075833
SNP7117,17,19091635,NA,NA,NA,0.998623132075833
SNP7118,17,19091648,NA,NA,NA,0.998623132075833
SNP7119,17,19091674,NA,NA,NA,0.998623132075833
SNP7120,17,19094002,NA,NA,NA,0.998623132075833
SNP7121,17,19098413,NA,NA,NA,0.998623132075833
SNP7122,17,19208718,NA,NA,NA,0.998623132075833
SNP7123,17,19209900,NA,NA,NA,0.998623132075833
SNP7124,17,19211822,NA,NA,NA,0.998623132075833
SNP7125,17,19212171,NA,NA,NA,0.998623132075833
SNP7126,17,19212288,NA,NA,NA,0.998623132075833
SNP7127,17,19212347,NA,NA,NA,0.998623132075833
SNP7128,17,19212594,NA,NA,NA,0.998623132075833
SNP7129,17,19215669,NA,NA,NA,0.998623132075833
SNP7130,17,19224358,NA,NA,NA,0.998623132075833
SNP7131,17,19224391,NA,NA,NA,0.998623132075833
SNP7132,17,19224857,NA,NA,NA,0.998623132075833
SNP7133,17,19229722,NA,NA,NA,0.998623132075833
SNP7134,17,19231849,NA,NA,NA,0.998623132075833
SNP7135,17,19236425,NA,NA,NA,0.998623132075833
SNP7136,17,19257397,NA,NA,NA,0.998623132075833
SNP7137,17,19257406,NA,NA,NA,0.998623132075833
SNP7138,17,19257605,NA,NA,NA,0.998623132075833
SNP7139,17,19257663,NA,NA,NA,0.998623132075833
SNP7140,17,19259186,NA,NA,NA,0.998623132075833
SNP7141,17,19276576,NA,NA,NA,0.998623132075833
SNP7142,17,19396554,NA,NA,NA,0.998623132075833
SNP7143,17,19401411,NA,NA,NA,0.998623132075833
SNP7144,17,19481684,NA,NA,NA,0.998623132075833
SNP7145,17,19547075,NA,NA,NA,0.998623132075833
SNP7146,17,19634078,NA,NA,NA,0.998623132075833
SNP7147,17,19634082,NA,NA,NA,0.998623132075833
SNP7148,17,19637966,NA,NA,NA,0.994026668934478
SNP7149,17,19638025,NA,NA,NA,0.998623132075833
SNP7150,17,19638180,NA,NA,NA,0.998623132075833
SNP7151,17,19638218,NA,NA,NA,0.998623132075833
SNP7152,17,19638262,NA,NA,NA,0.998623132075833
SNP7153,17,19638311,NA,NA,NA,0.998623132075833
SNP7154,17,19638419,NA,NA,NA,0.998623132075833
SNP7155,17,19638538,NA,NA,NA,0.998623132075833
SNP7156,17,19638601,NA,NA,NA,0.998623132075833
SNP7157,17,19638649,NA,NA,NA,0.998623132075833
SNP7158,17,19638659,NA,NA,NA,0.998623132075833
SNP7159,17,19638797,NA,NA,NA,0.998623132075833
SNP7160,17,19638912,NA,NA,NA,0.998623132075833
SNP7161,17,19638939,NA,NA,NA,0.998623132075833
SNP7162,17,19639017,NA,NA,NA,0.998623132075833
SNP7163,17,19639068,NA,NA,NA,0.998623132075833
SNP7164,17,19639299,NA,NA,NA,0.998623132075833
SNP7165,17,19639330,NA,NA,NA,0.998623132075833
SNP7166,17,19639405,NA,NA,NA,0.998623132075833
SNP7167,17,19639440,NA,NA,NA,0.998623132075833
SNP7168,17,19639524,NA,NA,NA,0.998623132075833
SNP7169,17,19639624,NA,NA,NA,0.998623132075833
SNP7170,17,19639966,NA,NA,NA,0.998623132075833
SNP7171,17,19640099,NA,NA,NA,0.998623132075833
SNP7172,17,19640134,NA,NA,NA,0.998623132075833
SNP7173,17,19640160,NA,NA,NA,0.998623132075833
SNP7174,17,19640180,NA,NA,NA,0.998623132075833
SNP7175,17,19640240,NA,NA,NA,0.998623132075833
SNP7176,17,19640247,NA,NA,NA,0.998623132075833
SNP7177,17,19640308,NA,NA,NA,0.994026668934478
SNP7178,17,19640454,NA,NA,NA,0.998623132075833
SNP7179,17,19640484,NA,NA,NA,0.998623132075833
SNP7180,17,19640814,NA,NA,NA,0.998623132075833
SNP7181,17,19640852,NA,NA,NA,0.998623132075833
SNP7182,17,19640863,NA,NA,NA,0.998623132075833
SNP7183,17,19640922,NA,NA,NA,0.998623132075833
SNP7184,17,19640950,NA,NA,NA,0.998623132075833
SNP7185,17,19640973,NA,NA,NA,0.998623132075833
SNP7186,17,19641176,NA,NA,NA,0.998623132075833
SNP7187,17,19641213,NA,NA,NA,0.998623132075833
SNP7188,17,19641223,NA,NA,NA,0.998623132075833
SNP7189,17,19641649,NA,NA,NA,0.998623132075833
SNP7190,17,19642017,NA,NA,NA,0.998623132075833
SNP7191,17,19642093,NA,NA,NA,0.998623132075833
SNP7192,17,19642220,NA,NA,NA,0.998623132075833
SNP7193,17,19642232,NA,NA,NA,0.998623132075833
SNP7194,17,19642255,NA,NA,NA,0.998623132075833
SNP7195,17,19642289,NA,NA,NA,0.998623132075833
SNP7196,17,19642355,NA,NA,NA,0.998623132075833
SNP7197,17,19642385,NA,NA,NA,0.998623132075833
SNP7198,17,19642386,NA,NA,NA,0.998623132075833
SNP7199,17,19642392,NA,NA,NA,0.998623132075833
SNP7200,17,19642394,NA,NA,NA,0.998623132075833
SNP7201,17,19642457,NA,NA,NA,0.998623132075833
SNP7202,17,19642480,NA,NA,NA,0.998623132075833
SNP7203,17,19642779,NA,NA,NA,0.998623132075833
SNP7204,17,19642844,NA,NA,NA,0.998623132075833
SNP7205,17,19642919,NA,NA,NA,0.998623132075833
SNP7206,17,19643081,NA,NA,NA,0.998623132075833
SNP7207,17,19643186,NA,NA,NA,0.998623132075833
SNP7208,17,19643212,NA,NA,NA,0.998623132075833
SNP7209,17,19643319,NA,NA,NA,0.998623132075833
SNP7210,17,19643347,NA,NA,NA,0.998623132075833
SNP7211,17,19643562,NA,NA,NA,0.998623132075833
SNP7212,17,19643617,NA,NA,NA,0.998623132075833
SNP7213,17,19643644,NA,NA,NA,0.998623132075833
SNP7214,17,19643690,NA,NA,NA,0.998623132075833
SNP7215,17,19643922,NA,NA,NA,0.998623132075833
SNP7216,17,19644214,NA,NA,NA,0.998623132075833
SNP7217,17,19644225,NA,NA,NA,0.998623132075833
SNP7218,17,19891472,NA,NA,NA,0.998623132075833
SNP7219,17,20038317,NA,NA,NA,0.994026668934478
SNP7220,17,20089862,NA,NA,NA,0.998623132075833
SNP7221,17,20094897,NA,NA,NA,0.998623132075833
SNP7222,17,20276565,NA,NA,NA,0.998623132075833
SNP7223,17,20394540,NA,NA,NA,0.998623132075833
SNP7224,17,20395780,NA,NA,NA,0.998623132075833
SNP7225,17,20855763,NA,NA,NA,0.998623132075833
SNP7226,17,21112221,NA,NA,NA,0.998623132075833
SNP7227,17,21858050,NA,NA,NA,0.998623132075833
SNP7228,17,21873200,NA,NA,NA,0.998623132075833
SNP7229,17,21957088,NA,NA,NA,0.998623132075833
SNP7230,17,22140106,NA,NA,NA,0.998623132075833
SNP7231,17,22371668,NA,NA,NA,0.998623132075833
SNP7232,17,22566103,NA,NA,NA,0.998623132075833
SNP7233,17,22647709,NA,NA,NA,0.998623132075833
SNP7234,17,23025309,NA,NA,NA,0.998623132075833
SNP7235,17,23027787,NA,NA,NA,0.998623132075833
SNP7236,17,23108944,NA,NA,NA,0.998623132075833
SNP7237,17,23313599,NA,NA,NA,0.998623132075833
SNP7238,17,23460160,NA,NA,NA,0.998623132075833
SNP7239,17,23776135,NA,NA,NA,0.998623132075833
SNP7240,17,23851969,NA,NA,NA,0.998623132075833
SNP7241,17,24106467,NA,NA,NA,0.998623132075833
SNP7242,17,24108955,NA,NA,NA,0.998623132075833
SNP7243,17,24221533,NA,NA,NA,0.998623132075833
SNP7244,17,24381393,NA,NA,NA,0.998623132075833
SNP7245,17,24747797,NA,NA,NA,0.998623132075833
SNP7246,17,24941457,NA,NA,NA,0.96101256609096
SNP7247,17,25079463,NA,NA,NA,0.998623132075833
SNP7248,17,25147525,NA,NA,NA,0.998623132075833
SNP7249,17,25306429,NA,NA,NA,0.998623132075833
SNP7250,17,25438141,NA,NA,NA,0.998623132075833
SNP7251,17,25529679,NA,NA,NA,0.998623132075833
SNP7252,17,25617087,NA,NA,NA,0.994026668934478
SNP7253,17,25641617,NA,NA,NA,0.998623132075833
SNP7254,17,25667609,NA,NA,NA,0.998623132075833
SNP7255,17,25682989,NA,NA,NA,0.998623132075833
SNP7256,17,25691476,NA,NA,NA,0.998623132075833
SNP7257,17,26047136,NA,NA,NA,0.998623132075833
SNP7258,17,26049692,NA,NA,NA,0.998623132075833
SNP7259,17,26060760,NA,NA,NA,0.998623132075833
SNP7260,17,26061093,NA,NA,NA,0.994026668934478
SNP7261,17,26324272,NA,NA,NA,0.998623132075833
SNP7262,17,26952222,NA,NA,NA,0.998623132075833
SNP7263,17,27167896,NA,NA,NA,0.998623132075833
SNP7264,17,27256360,NA,NA,NA,0.998623132075833
SNP7265,17,27346067,NA,NA,NA,0.998623132075833
SNP7266,17,27362943,NA,NA,NA,0.998623132075833
SNP7267,17,27363375,NA,NA,NA,0.998623132075833
SNP7268,17,27363485,NA,NA,NA,0.998623132075833
SNP7269,17,27363529,NA,NA,NA,0.998623132075833
SNP7270,17,27363729,NA,NA,NA,0.998623132075833
SNP7271,17,27364019,NA,NA,NA,0.998623132075833
SNP7272,17,27364250,NA,NA,NA,0.998623132075833
SNP7273,17,27420405,NA,NA,NA,0.998623132075833
SNP7274,17,27644129,NA,NA,NA,0.998623132075833
SNP7275,17,27811174,NA,NA,NA,0.998623132075833
SNP7276,17,27834095,NA,NA,NA,0.998623132075833
SNP7277,17,27854188,NA,NA,NA,0.998623132075833
SNP7278,17,27860165,NA,NA,NA,0.998623132075833
SNP7279,17,27913643,NA,NA,NA,0.998623132075833
SNP7280,17,27914176,NA,NA,NA,0.998623132075833
SNP7281,17,28179489,NA,NA,NA,0.998623132075833
SNP7282,17,28207052,NA,NA,NA,0.998623132075833
SNP7283,17,28345714,NA,NA,NA,0.998623132075833
SNP7284,17,28430754,NA,NA,NA,0.998623132075833
SNP7285,17,28589364,NA,NA,NA,0.998623132075833
SNP7286,17,28619043,NA,NA,NA,0.998623132075833
SNP7287,17,28860714,NA,NA,NA,0.998623132075833
SNP7288,17,28954238,NA,NA,NA,0.998623132075833
SNP7289,17,29022881,NA,NA,NA,0.998623132075833
SNP7290,17,29093858,NA,NA,NA,0.998623132075833
SNP7291,17,29156222,NA,NA,NA,0.998623132075833
SNP7292,17,29156462,NA,NA,NA,0.998623132075833
SNP7293,17,29250347,NA,NA,NA,0.998623132075833
SNP7294,17,29296995,NA,NA,NA,0.796467738819195
SNP7295,17,29354186,NA,NA,NA,0.998623132075833
SNP7296,17,29852594,NA,NA,NA,0.998623132075833
SNP7297,17,29897029,NA,NA,NA,0.998623132075833
SNP7298,17,30057868,NA,NA,NA,0.998623132075833
SNP7299,17,30058467,NA,NA,NA,0.998623132075833
SNP7300,17,30058841,NA,NA,NA,0.998623132075833
SNP7301,17,30232021,NA,NA,NA,0.998623132075833
SNP7302,17,30233493,NA,NA,NA,0.998623132075833
SNP7303,17,31085200,NA,NA,NA,0.998623132075833
SNP7304,17,31569603,NA,NA,NA,0.994026668934478
SNP7305,17,31583581,NA,NA,NA,0.998623132075833
SNP7306,17,32206195,NA,NA,NA,0.998623132075833
SNP7307,17,32240990,NA,NA,NA,0.998623132075833
SNP7308,17,32349738,NA,NA,NA,0.998623132075833
SNP7309,17,32377934,NA,NA,NA,0.998623132075833
SNP7310,17,32622334,NA,NA,NA,0.998623132075833
SNP7311,17,32623252,NA,NA,NA,0.998623132075833
SNP7312,17,32658923,NA,NA,NA,0.994026668934478
SNP7313,17,32727807,NA,NA,NA,0.998623132075833
SNP7314,17,32738327,NA,NA,NA,0.998623132075833
SNP7315,17,32832488,NA,NA,NA,0.998623132075833
SNP7316,17,32858000,NA,NA,NA,0.998623132075833
SNP7317,17,32869118,NA,NA,NA,0.994026668934478
SNP7318,17,32871663,NA,NA,NA,0.998623132075833
SNP7319,17,33023841,NA,NA,NA,0.998623132075833
SNP7320,17,33605454,NA,NA,NA,0.994026668934478
SNP7321,17,33663379,NA,NA,NA,0.998623132075833
SNP7322,17,33794891,NA,NA,NA,0.998623132075833
SNP7323,17,34212978,NA,NA,NA,0.998623132075833
SNP7324,17,34703041,NA,NA,NA,0.998623132075833
SNP7325,17,34829566,NA,NA,NA,0.998623132075833
SNP7326,17,34985482,NA,NA,NA,0.998623132075833
SNP7327,17,35119375,NA,NA,NA,0.998623132075833
SNP7328,17,35626087,NA,NA,NA,0.942327571263328
SNP7329,17,35695308,NA,NA,NA,0.998623132075833
SNP7330,17,35855530,NA,NA,NA,0.998623132075833
SNP7331,17,35919466,NA,NA,NA,0.998623132075833
SNP7332,17,36060663,NA,NA,NA,0.994026668934478
SNP7333,17,36416478,NA,NA,NA,0.994026668934478
SNP7334,17,36945073,NA,NA,NA,0.994026668934478
SNP7335,17,37130738,NA,NA,NA,0.998623132075833
SNP7336,17,37233454,NA,NA,NA,0.998623132075833
SNP7337,17,37280766,NA,NA,NA,0.998623132075833
SNP7338,17,37296448,NA,NA,NA,0.998623132075833
SNP7339,17,37400324,NA,NA,NA,0.882219185321112
SNP7340,17,38145602,NA,NA,NA,0.998623132075833
SNP7341,17,38188552,NA,NA,NA,0.998623132075833
SNP7342,17,38309249,NA,NA,NA,0.998623132075833
SNP7343,17,38339434,NA,NA,NA,0.998623132075833
SNP7344,17,38405461,NA,NA,NA,0.998623132075833
SNP7345,17,38582766,NA,NA,NA,0.994026668934478
SNP7346,17,38593101,NA,NA,NA,0.998623132075833
SNP7347,17,38604277,NA,NA,NA,0.998623132075833
SNP7348,17,38605543,NA,NA,NA,0.998623132075833
SNP7349,17,38953320,NA,NA,NA,0.998623132075833
SNP7350,17,39015483,NA,NA,NA,0.998623132075833
SNP7351,17,39122361,NA,NA,NA,0.998623132075833
SNP7352,17,39472208,NA,NA,NA,0.998623132075833
SNP7353,17,39497237,NA,NA,NA,0.994026668934478
SNP7354,17,39499869,NA,NA,NA,0.994026668934478
SNP7355,17,39516133,NA,NA,NA,0.994026668934478
SNP7356,17,40002048,NA,NA,NA,0.998623132075833
SNP7357,17,40546493,NA,NA,NA,0.998623132075833
SNP7358,17,41011471,NA,NA,NA,0.998623132075833
SNP7359,17,41065843,NA,NA,NA,0.999354633605589
SNP7360,17,41197801,NA,NA,NA,0.998623132075833
SNP7361,17,41432634,NA,NA,NA,0.882219185321112
SNP7362,17,41490749,NA,NA,NA,0.998623132075833
SNP7363,17,41608049,NA,NA,NA,0.882219185321112
SNP7364,17,41831549,NA,NA,NA,0.998623132075833
SNP7365,17,42353592,NA,NA,NA,0.998623132075833
SNP7366,17,43475001,NA,NA,NA,0.998623132075833
SNP7367,17,44774258,NA,NA,NA,0.998623132075833
SNP7368,17,44892300,NA,NA,NA,0.998623132075833
SNP7369,17,45002201,NA,NA,NA,0.998623132075833
SNP7370,17,45434059,NA,NA,NA,0.994026668934478
SNP7371,17,45767881,NA,NA,NA,0.998623132075833
SNP7372,17,45768042,NA,NA,NA,0.998623132075833
SNP7373,17,46555822,NA,NA,NA,0.998623132075833
SNP7374,17,47060374,NA,NA,NA,0.998623132075833
SNP7375,17,47230439,NA,NA,NA,0.998623132075833
SNP7376,17,47639975,NA,NA,NA,0.998623132075833
SNP7377,17,48539996,NA,NA,NA,0.998623132075833
SNP7378,17,51307513,NA,NA,NA,0.998623132075833
SNP7379,17,51500083,NA,NA,NA,0.998623132075833
SNP7380,17,51511943,NA,NA,NA,0.998623132075833
SNP7381,17,52543891,NA,NA,NA,0.998623132075833
SNP7382,17,52576684,NA,NA,NA,0.96101256609096
SNP7383,17,53193903,NA,NA,NA,0.999354633605589
SNP7384,17,54124260,NA,NA,NA,0.998623132075833
SNP7385,17,54269599,NA,NA,NA,0.998623132075833
SNP7386,17,54396627,NA,NA,NA,0.998623132075833
SNP7387,17,54405217,NA,NA,NA,0.994026668934478
SNP7388,17,54450437,NA,NA,NA,0.998623132075833
SNP7389,17,56059960,NA,NA,NA,0.998623132075833
SNP7390,17,56712460,NA,NA,NA,0.998623132075833
SNP7391,17,56743656,NA,NA,NA,0.998623132075833
SNP7392,17,56930056,NA,NA,NA,0.994026668934478
SNP7393,17,57047298,NA,NA,NA,0.998623132075833
SNP7394,17,57417741,NA,NA,NA,0.998623132075833
SNP7395,17,57694010,NA,NA,NA,0.998623132075833
SNP7396,17,58572002,NA,NA,NA,0.998623132075833
SNP7397,17,58640583,NA,NA,NA,0.994026668934478
SNP7398,17,58642890,NA,NA,NA,0.998623132075833
SNP7399,17,58696465,NA,NA,NA,0.998623132075833
SNP7400,17,59193312,NA,NA,NA,0.998623132075833
SNP7401,17,61756035,NA,NA,NA,0.96101256609096
SNP7402,17,62271988,NA,NA,NA,0.998623132075833
SNP7403,17,62438210,NA,NA,NA,0.998623132075833
SNP7404,17,64093328,NA,NA,NA,0.994026668934478
SNP7405,17,65508685,NA,NA,NA,0.994026668934478
SNP7406,17,65784573,NA,NA,NA,0.998623132075833
SNP7407,17,65889641,NA,NA,NA,0.998623132075833
SNP7408,17,66202780,NA,NA,NA,0.998623132075833
SNP7409,17,66297670,NA,NA,NA,0.998623132075833
SNP7410,17,66373388,NA,NA,NA,0.96101256609096
SNP7411,17,66500946,NA,NA,NA,0.998623132075833
SNP7412,17,66946782,NA,NA,NA,0.998623132075833
SNP7413,17,68777401,NA,NA,NA,0.998623132075833
SNP7414,17,69647597,NA,NA,NA,0.998623132075833
SNP7415,17,69934368,NA,NA,NA,0.998623132075833
SNP7416,17,73567687,NA,NA,NA,0.998623132075833
SNP7417,17,75482793,NA,NA,NA,0.998623132075833
SNP7418,17,76529482,NA,NA,NA,0.998623132075833
SNP7419,17,77701255,NA,NA,NA,0.998623132075833
SNP7420,17,81550336,NA,NA,NA,0.998623132075833
SNP7421,17,81797469,NA,NA,NA,0.994026668934478
SNP7422,17,84690659,NA,NA,NA,0.998623132075833
SNP7423,17,85726063,NA,NA,NA,0.998623132075833
SNP7424,17,86522510,NA,NA,NA,0.998623132075833
SNP7425,17,87081199,NA,NA,NA,0.998623132075833
SNP7426,17,88051816,NA,NA,NA,0.998623132075833
SNP7427,17,88052673,NA,NA,NA,0.998623132075833
SNP7428,17,88540066,NA,NA,NA,0.994026668934478
SNP7429,17,95813584,NA,NA,NA,0.998623132075833
SNP7430,17,95976592,NA,NA,NA,0.994026668934478
SNP7431,17,95988449,NA,NA,NA,0.998623132075833
SNP7432,17,96319499,NA,NA,NA,0.998623132075833
SNP7433,17,96361507,NA,NA,NA,0.998623132075833
SNP7434,17,96819822,NA,NA,NA,0.998623132075833
SNP7435,17,96826521,NA,NA,NA,0.998623132075833
SNP7436,17,97455577,NA,NA,NA,0.998623132075833
SNP7437,17,97650018,NA,NA,NA,0.998623132075833
SNP7438,17,97834153,NA,NA,NA,0.998623132075833
SNP7439,17,98295744,NA,NA,NA,0.998623132075833
SNP7440,17,98315632,NA,NA,NA,0.998623132075833
SNP7441,17,98445676,NA,NA,NA,0.998623132075833
SNP7442,17,98547513,NA,NA,NA,0.998623132075833
SNP7443,17,98549003,NA,NA,NA,0.998623132075833
SNP7444,17,98689414,NA,NA,NA,0.998623132075833
SNP7445,17,98978807,NA,NA,NA,0.840591054637357
SNP7446,17,99011527,NA,NA,NA,0.994026668934478
SNP7447,17,99232348,NA,NA,NA,0.998623132075833
SNP7448,17,99843248,NA,NA,NA,0.998623132075833
SNP7449,17,99970788,NA,NA,NA,0.998623132075833
SNP7450,17,100039592,NA,NA,NA,0.998623132075833
SNP7451,17,100132758,NA,NA,NA,0.998623132075833
SNP7452,17,100297890,NA,NA,NA,0.882219185321112
SNP7453,17,100302437,NA,NA,NA,0.998623132075833
SNP7454,17,100306212,NA,NA,NA,0.998623132075833
SNP7455,17,100308848,NA,NA,NA,0.998623132075833
SNP7456,17,100465878,NA,NA,NA,0.998623132075833
SNP7457,17,101225100,NA,NA,NA,0.998623132075833
SNP7458,17,102081335,NA,NA,NA,0.998623132075833
SNP7459,17,102217355,NA,NA,NA,0.998623132075833
SNP7460,17,102219496,NA,NA,NA,0.998623132075833
SNP7461,17,102234293,NA,NA,NA,0.998623132075833
SNP7462,17,102262069,NA,NA,NA,0.998623132075833
SNP7463,17,102291963,NA,NA,NA,0.998623132075833
SNP7464,17,102292965,NA,NA,NA,0.998623132075833
SNP7465,17,102381907,NA,NA,NA,0.998623132075833
SNP7466,17,102384484,NA,NA,NA,0.994026668934478
SNP7467,17,102494218,NA,NA,NA,0.998623132075833
SNP7468,17,102498863,NA,NA,NA,0.994026668934478
SNP7469,17,102504986,NA,NA,NA,0.998623132075833
SNP7470,17,103092980,NA,NA,NA,0.998623132075833
SNP7471,17,103197248,NA,NA,NA,0.998623132075833
SNP7472,17,103236768,NA,NA,NA,0.998623132075833
SNP7473,17,103237126,NA,NA,NA,0.998623132075833
SNP7474,17,103404143,NA,NA,NA,0.998623132075833
SNP7475,17,103509102,NA,NA,NA,0.96101256609096
SNP7476,17,103579902,NA,NA,NA,0.998623132075833
SNP7477,17,103580152,NA,NA,NA,0.998623132075833
SNP7478,17,103621463,NA,NA,NA,0.994026668934478
SNP7479,17,104195938,NA,NA,NA,0.998623132075833
SNP7480,17,104217008,NA,NA,NA,0.994026668934478
SNP7481,17,104222253,NA,NA,NA,0.998623132075833
SNP7482,17,104310394,NA,NA,NA,0.998623132075833
SNP7483,17,104468847,NA,NA,NA,0.998623132075833
SNP7484,17,104679290,NA,NA,NA,0.998623132075833
SNP7485,17,104876302,NA,NA,NA,0.994026668934478
SNP7486,17,104883713,NA,NA,NA,0.998623132075833
SNP7487,17,104896772,NA,NA,NA,0.998623132075833
SNP7488,17,104968576,NA,NA,NA,0.998623132075833
SNP7489,17,105204132,NA,NA,NA,0.998623132075833
SNP7490,17,105366746,NA,NA,NA,0.994026668934478
SNP7491,17,105382633,NA,NA,NA,0.998623132075833
SNP7492,17,105572213,NA,NA,NA,0.998623132075833
SNP7493,17,105633980,NA,NA,NA,0.994026668934478
SNP7494,17,105738742,NA,NA,NA,0.998623132075833
SNP7495,17,105738821,NA,NA,NA,0.998623132075833
SNP7496,17,105855720,NA,NA,NA,0.998623132075833
SNP7497,17,105901492,NA,NA,NA,0.998623132075833
SNP7498,17,105903204,NA,NA,NA,0.998623132075833
SNP7499,17,105991515,NA,NA,NA,0.998623132075833
SNP7500,17,106022834,NA,NA,NA,0.998623132075833
SNP7501,17,106060560,NA,NA,NA,0.96101256609096
SNP7502,17,106298374,NA,NA,NA,0.998623132075833
SNP7503,17,106326694,NA,NA,NA,0.998623132075833
SNP7504,17,106327281,NA,NA,NA,0.998623132075833
SNP7505,17,106786738,NA,NA,NA,0.96101256609096
SNP7506,17,106845227,NA,NA,NA,0.998623132075833
SNP7507,17,106907460,NA,NA,NA,0.998623132075833
SNP7508,17,107049097,NA,NA,NA,0.998623132075833
SNP7509,17,107148660,NA,NA,NA,0.998623132075833
SNP7510,17,107161213,NA,NA,NA,0.998623132075833
SNP7511,17,108171253,NA,NA,NA,0.994026668934478
SNP7512,17,109190151,NA,NA,NA,0.998623132075833
SNP7513,17,109191770,NA,NA,NA,0.882219185321112
SNP7514,17,110364852,NA,NA,NA,0.998623132075833
SNP7515,17,110494666,NA,NA,NA,0.998623132075833
SNP7516,17,110756838,NA,NA,NA,0.998623132075833
SNP7517,17,110867577,NA,NA,NA,0.998623132075833
SNP7518,17,110926794,NA,NA,NA,0.998623132075833
SNP7519,17,111225020,NA,NA,NA,0.994026668934478
SNP7520,17,111251556,NA,NA,NA,0.998623132075833
SNP7521,17,111258179,NA,NA,NA,0.998623132075833
SNP7522,17,111710764,NA,NA,NA,0.998623132075833
SNP7523,17,111710889,NA,NA,NA,0.998623132075833
SNP7524,17,111731434,NA,NA,NA,0.998623132075833
SNP7525,17,112502062,NA,NA,NA,0.998623132075833
SNP7526,17,112567349,NA,NA,NA,0.998623132075833
SNP7527,17,112575644,NA,NA,NA,0.998623132075833
SNP7528,17,112660752,NA,NA,NA,0.998623132075833
SNP7529,17,112765963,NA,NA,NA,0.998623132075833
SNP7530,17,112896367,NA,NA,NA,0.998623132075833
SNP7531,17,112950513,NA,NA,NA,0.998623132075833
SNP7532,17,113116547,NA,NA,NA,0.998623132075833
SNP7533,17,113117294,NA,NA,NA,0.998623132075833
SNP7534,17,113247849,NA,NA,NA,0.998623132075833
SNP7535,17,113503404,NA,NA,NA,0.998623132075833
SNP7536,17,114522239,NA,NA,NA,0.998623132075833
SNP7537,17,114560927,NA,NA,NA,0.998623132075833
SNP7538,17,114565545,NA,NA,NA,0.998623132075833
SNP7539,17,114941438,NA,NA,NA,0.998623132075833
SNP7540,17,115100431,NA,NA,NA,0.998623132075833
SNP7541,17,115243698,NA,NA,NA,0.998623132075833
SNP7542,17,115311280,NA,NA,NA,0.998623132075833
SNP7543,17,115417975,NA,NA,NA,0.96101256609096
SNP7544,17,115438499,NA,NA,NA,0.998623132075833
SNP7545,17,115531430,NA,NA,NA,0.998623132075833
SNP7546,17,115632889,NA,NA,NA,0.998623132075833
SNP7547,17,116174610,NA,NA,NA,0.998623132075833
SNP7548,17,117009647,NA,NA,NA,0.998623132075833
SNP7549,17,117402182,NA,NA,NA,0.998623132075833
SNP7550,17,117640785,NA,NA,NA,0.998623132075833
SNP7551,17,117876731,NA,NA,NA,0.998623132075833
SNP7552,17,117878241,NA,NA,NA,0.998623132075833
SNP7553,17,118019169,NA,NA,NA,0.998623132075833
SNP7554,17,118159940,NA,NA,NA,0.998623132075833
SNP7555,17,118284305,NA,NA,NA,0.998623132075833
SNP7556,17,118326098,NA,NA,NA,0.998623132075833
SNP7557,17,118423040,NA,NA,NA,0.998623132075833
SNP7558,17,118432802,NA,NA,NA,0.998623132075833
SNP7559,17,118460758,NA,NA,NA,0.998623132075833
SNP7560,17,118484447,NA,NA,NA,0.998623132075833
SNP7561,17,118843481,NA,NA,NA,0.998623132075833
SNP7562,17,118953904,NA,NA,NA,0.998623132075833
SNP7563,17,118963599,NA,NA,NA,0.998623132075833
SNP7564,17,118969223,NA,NA,NA,0.998623132075833
SNP7565,17,119607365,NA,NA,NA,0.998623132075833
SNP7566,17,119743859,NA,NA,NA,0.998623132075833
SNP7567,17,119773872,NA,NA,NA,0.994026668934478
SNP7568,17,119999690,NA,NA,NA,0.998623132075833
SNP7569,17,120021380,NA,NA,NA,0.998623132075833
SNP7570,17,120268599,NA,NA,NA,0.96101256609096
SNP7571,17,120346464,NA,NA,NA,0.998623132075833
SNP7572,17,120420782,NA,NA,NA,0.998623132075833
SNP7573,17,120500084,NA,NA,NA,0.61238892569374
SNP7574,17,120800663,NA,NA,NA,0.998623132075833
SNP7575,17,121076536,NA,NA,NA,0.999354633605589
SNP7576,17,121090950,NA,NA,NA,0.998623132075833
SNP7577,17,121093831,NA,NA,NA,0.998623132075833
SNP7578,17,121126142,NA,NA,NA,0.998623132075833
SNP7579,17,121290612,NA,NA,NA,0.998623132075833
SNP7580,17,121374253,NA,NA,NA,0.998623132075833
SNP7581,17,121503004,NA,NA,NA,0.998623132075833
SNP7582,17,121786102,NA,NA,NA,0.854563361213492
SNP7583,17,121786120,NA,NA,NA,0.796467738819195
SNP7584,17,121954137,NA,NA,NA,0.998623132075833
SNP7585,17,122051523,NA,NA,NA,0.998623132075833
SNP7586,17,122177705,NA,NA,NA,0.998623132075833
SNP7587,17,122247802,NA,NA,NA,0.998623132075833
SNP7588,17,122260525,NA,NA,NA,0.998623132075833
SNP7589,17,122338526,NA,NA,NA,0.998623132075833
SNP7590,17,122395484,NA,NA,NA,0.994026668934478
SNP7591,17,122476073,NA,NA,NA,0.998623132075833
SNP7592,17,122525128,NA,NA,NA,0.994026668934478
SNP7593,17,122541923,NA,NA,NA,0.998623132075833
SNP7594,17,122671554,NA,NA,NA,0.998623132075833
SNP7595,17,122671563,NA,NA,NA,0.994026668934478
SNP7596,17,122766299,NA,NA,NA,0.998623132075833
SNP7597,17,122921320,NA,NA,NA,0.994026668934478
SNP7598,17,122951886,NA,NA,NA,0.994026668934478
SNP7599,17,123084714,NA,NA,NA,0.998623132075833
SNP7600,17,123109558,NA,NA,NA,0.998623132075833
SNP7601,17,123291438,NA,NA,NA,0.998623132075833
SNP7602,17,123301273,NA,NA,NA,0.998623132075833
SNP7603,17,123301554,NA,NA,NA,0.998623132075833
SNP7604,17,123412103,NA,NA,NA,0.998623132075833
SNP7605,17,123419018,NA,NA,NA,0.998623132075833
SNP7606,17,123486831,NA,NA,NA,0.998623132075833
SNP7607,17,123586870,NA,NA,NA,0.998623132075833
SNP7608,17,123632537,NA,NA,NA,0.998623132075833
SNP7609,17,123769045,NA,NA,NA,0.998623132075833
SNP7610,17,123776222,NA,NA,NA,0.998623132075833
SNP7611,17,123793423,NA,NA,NA,0.998623132075833
SNP7612,17,123838063,NA,NA,NA,0.998623132075833
SNP7613,17,123867152,NA,NA,NA,0.998623132075833
SNP7614,17,123893971,NA,NA,NA,0.998623132075833
SNP7615,17,124001258,NA,NA,NA,0.998623132075833
SNP7616,17,124137212,NA,NA,NA,0.998623132075833
SNP7617,17,124436835,NA,NA,NA,0.998623132075833
SNP7618,17,124449262,NA,NA,NA,0.998623132075833
SNP7619,17,124662138,NA,NA,NA,0.998623132075833
SNP7620,17,124777693,NA,NA,NA,0.998623132075833
SNP7621,17,124861018,NA,NA,NA,0.998623132075833
SNP7622,17,125013605,NA,NA,NA,0.998623132075833
SNP7623,17,125030153,NA,NA,NA,0.998623132075833
SNP7624,17,125095666,NA,NA,NA,0.998623132075833
SNP7625,17,125192590,NA,NA,NA,0.998623132075833
SNP7626,17,125248461,NA,NA,NA,0.998623132075833
SNP7627,17,125388159,NA,NA,NA,0.998623132075833
SNP7628,17,125431773,NA,NA,NA,0.998623132075833
SNP7629,17,125457561,NA,NA,NA,0.998623132075833
SNP7630,17,125481196,NA,NA,NA,0.998623132075833
SNP7631,17,125592078,NA,NA,NA,0.998623132075833
SNP7632,17,125648653,NA,NA,NA,0.998623132075833
SNP7633,17,125692279,NA,NA,NA,0.998623132075833
SNP7634,17,125854101,NA,NA,NA,0.998623132075833
SNP7635,17,126126609,NA,NA,NA,0.998623132075833
SNP7636,18,359504,NA,NA,NA,0.998623132075833
SNP7637,18,496576,NA,NA,NA,0.998623132075833
SNP7638,18,520367,NA,NA,NA,0.998623132075833
SNP7639,18,520471,NA,NA,NA,0.998623132075833
SNP7640,18,587361,NA,NA,NA,0.998623132075833
SNP7641,18,602445,NA,NA,NA,0.998623132075833
SNP7642,18,642557,NA,NA,NA,0.998623132075833
SNP7643,18,673581,NA,NA,NA,0.998623132075833
SNP7644,18,692622,NA,NA,NA,0.998623132075833
SNP7645,18,812560,NA,NA,NA,0.994026668934478
SNP7646,18,859225,NA,NA,NA,0.998623132075833
SNP7647,18,1049326,NA,NA,NA,0.998623132075833
SNP7648,18,1051630,NA,NA,NA,0.998623132075833
SNP7649,18,1170946,NA,NA,NA,0.998623132075833
SNP7650,18,1190185,NA,NA,NA,0.998623132075833
SNP7651,18,1272541,NA,NA,NA,0.998623132075833
SNP7652,18,1345539,NA,NA,NA,0.998623132075833
SNP7653,18,1477013,NA,NA,NA,0.998623132075833
SNP7654,18,1477219,NA,NA,NA,0.998623132075833
SNP7655,18,1522718,NA,NA,NA,0.983465069927344
SNP7656,18,1527070,NA,NA,NA,0.998623132075833
SNP7657,18,1530839,NA,NA,NA,0.994026668934478
SNP7658,18,1531321,NA,NA,NA,0.998623132075833
SNP7659,18,1589784,NA,NA,NA,0.998623132075833
SNP7660,18,1604444,NA,NA,NA,0.995474970264988
SNP7661,18,1654373,NA,NA,NA,0.998623132075833
SNP7662,18,1662359,NA,NA,NA,0.998623132075833
SNP7663,18,1662687,NA,NA,NA,0.998623132075833
SNP7664,18,1827997,NA,NA,NA,0.994026668934478
SNP7665,18,1828639,NA,NA,NA,0.998623132075833
SNP7666,18,1852868,NA,NA,NA,0.998623132075833
SNP7667,18,1880289,NA,NA,NA,0.998623132075833
SNP7668,18,1950965,NA,NA,NA,0.998623132075833
SNP7669,18,2054452,NA,NA,NA,0.998623132075833
SNP7670,18,2240041,NA,NA,NA,0.998623132075833
SNP7671,18,2322078,NA,NA,NA,0.998623132075833
SNP7672,18,2326568,NA,NA,NA,0.998623132075833
SNP7673,18,2336109,NA,NA,NA,0.998623132075833
SNP7674,18,2395190,NA,NA,NA,0.998623132075833
SNP7675,18,2399384,NA,NA,NA,0.998623132075833
SNP7676,18,2399448,NA,NA,NA,0.998623132075833
SNP7677,18,2426704,NA,NA,NA,0.998623132075833
SNP7678,18,2597412,NA,NA,NA,0.998623132075833
SNP7679,18,2622655,NA,NA,NA,0.998623132075833
SNP7680,18,2711322,NA,NA,NA,0.998623132075833
SNP7681,18,2711761,NA,NA,NA,0.998623132075833
SNP7682,18,2718360,NA,NA,NA,0.998623132075833
SNP7683,18,2879545,NA,NA,NA,0.998623132075833
SNP7684,18,3186852,NA,NA,NA,0.998623132075833
SNP7685,18,3208400,NA,NA,NA,0.998623132075833
SNP7686,18,3280270,NA,NA,NA,0.998623132075833
SNP7687,18,3334670,NA,NA,NA,0.998623132075833
SNP7688,18,3455834,NA,NA,NA,0.590909036138324
SNP7689,18,3577954,NA,NA,NA,0.998623132075833
SNP7690,18,3611781,NA,NA,NA,0.998623132075833
SNP7691,18,3719702,NA,NA,NA,0.998623132075833
SNP7692,18,3757177,NA,NA,NA,0.998623132075833
SNP7693,18,3776410,NA,NA,NA,0.998623132075833
SNP7694,18,3794557,NA,NA,NA,0.994026668934478
SNP7695,18,3810391,NA,NA,NA,0.998623132075833
SNP7696,18,3848779,NA,NA,NA,0.998623132075833
SNP7697,18,4001815,NA,NA,NA,0.998623132075833
SNP7698,18,4188171,NA,NA,NA,0.998623132075833
SNP7699,18,4253966,NA,NA,NA,0.998623132075833
SNP7700,18,4438141,NA,NA,NA,0.998623132075833
SNP7701,18,4522135,NA,NA,NA,0.998623132075833
SNP7702,18,4626997,NA,NA,NA,0.994026668934478
SNP7703,18,4636833,NA,NA,NA,0.994026668934478
SNP7704,18,4870739,NA,NA,NA,0.994026668934478
SNP7705,18,4871856,NA,NA,NA,0.994026668934478
SNP7706,18,4963810,NA,NA,NA,0.998623132075833
SNP7707,18,5104169,NA,NA,NA,0.994026668934478
SNP7708,18,5264557,NA,NA,NA,0.998623132075833
SNP7709,18,5473576,NA,NA,NA,0.96101256609096
SNP7710,18,5473767,NA,NA,NA,0.994026668934478
SNP7711,18,5477774,NA,NA,NA,0.999860060147445
SNP7712,18,5478509,NA,NA,NA,0.998623132075833
SNP7713,18,5483212,NA,NA,NA,0.998623132075833
SNP7714,18,5530821,NA,NA,NA,0.994026668934478
SNP7715,18,5624903,NA,NA,NA,0.799269132138692
SNP7716,18,5658235,NA,NA,NA,0.994026668934478
SNP7717,18,5680231,NA,NA,NA,0.998623132075833
SNP7718,18,5808364,NA,NA,NA,0.998623132075833
SNP7719,18,5815449,NA,NA,NA,0.994026668934478
SNP7720,18,6003739,NA,NA,NA,0.998623132075833
SNP7721,18,6010215,NA,NA,NA,0.998623132075833
SNP7722,18,6099287,NA,NA,NA,0.998623132075833
SNP7723,18,6208325,NA,NA,NA,0.998623132075833
SNP7724,18,6224716,NA,NA,NA,0.998623132075833
SNP7725,18,6244918,NA,NA,NA,0.998623132075833
SNP7726,18,6301176,NA,NA,NA,0.66846746326533
SNP7727,18,6412045,NA,NA,NA,0.998623132075833
SNP7728,18,6434590,NA,NA,NA,0.998623132075833
SNP7729,18,6585782,NA,NA,NA,0.998623132075833
SNP7730,18,6589483,NA,NA,NA,0.998623132075833
SNP7731,18,6602811,NA,NA,NA,0.998623132075833
SNP7732,18,6615783,NA,NA,NA,0.998623132075833
SNP7733,18,6778109,NA,NA,NA,0.998623132075833
SNP7734,18,6808287,NA,NA,NA,0.998623132075833
SNP7735,18,6808523,NA,NA,NA,0.998623132075833
SNP7736,18,6862394,NA,NA,NA,0.998623132075833
SNP7737,18,6921620,NA,NA,NA,0.998623132075833
SNP7738,18,6939962,NA,NA,NA,0.998623132075833
SNP7739,18,6968259,NA,NA,NA,0.998623132075833
SNP7740,18,7043350,NA,NA,NA,0.998623132075833
SNP7741,18,7259589,NA,NA,NA,0.998623132075833
SNP7742,18,7259664,NA,NA,NA,0.882219185321112
SNP7743,18,7264017,NA,NA,NA,0.998623132075833
SNP7744,18,7265323,NA,NA,NA,0.998623132075833
SNP7745,18,7270311,NA,NA,NA,0.998623132075833
SNP7746,18,7433129,NA,NA,NA,0.998623132075833
SNP7747,18,7480177,NA,NA,NA,0.998623132075833
SNP7748,18,7798891,NA,NA,NA,0.998623132075833
SNP7749,18,7807332,NA,NA,NA,0.998623132075833
SNP7750,18,7831861,NA,NA,NA,0.998623132075833
SNP7751,18,7833239,NA,NA,NA,0.998623132075833
SNP7752,18,7840826,NA,NA,NA,0.998623132075833
SNP7753,18,7893451,NA,NA,NA,0.998623132075833
SNP7754,18,8121508,NA,NA,NA,0.998623132075833
SNP7755,18,8139763,NA,NA,NA,0.882219185321112
SNP7756,18,8295831,NA,NA,NA,0.998623132075833
SNP7757,18,8298166,NA,NA,NA,0.757565382835618
SNP7758,18,8434295,NA,NA,NA,0.998623132075833
SNP7759,18,8511948,NA,NA,NA,0.998623132075833
SNP7760,18,8513731,NA,NA,NA,0.998623132075833
SNP7761,18,8930558,NA,NA,NA,0.998623132075833
SNP7762,18,9007020,NA,NA,NA,0.757565382835618
SNP7763,18,9113765,NA,NA,NA,0.998623132075833
SNP7764,18,9114963,NA,NA,NA,0.757565382835618
SNP7765,18,9115716,NA,NA,NA,0.757565382835618
SNP7766,18,9469566,NA,NA,NA,0.998623132075833
SNP7767,18,9558248,NA,NA,NA,0.998623132075833
SNP7768,18,9669339,NA,NA,NA,0.994026668934478
SNP7769,18,9670802,NA,NA,NA,0.998623132075833
SNP7770,18,9671420,NA,NA,NA,0.994026668934478
SNP7771,18,9676106,NA,NA,NA,0.998623132075833
SNP7772,18,9689002,NA,NA,NA,0.998623132075833
SNP7773,18,9789934,NA,NA,NA,0.998623132075833
SNP7774,18,9931229,NA,NA,NA,0.998623132075833
SNP7775,18,9955815,NA,NA,NA,0.998623132075833
SNP7776,18,10006831,NA,NA,NA,0.998623132075833
SNP7777,18,10165128,NA,NA,NA,0.998623132075833
SNP7778,18,10196953,NA,NA,NA,0.998623132075833
SNP7779,18,10253379,NA,NA,NA,0.998623132075833
SNP7780,18,10255829,NA,NA,NA,0.998623132075833
SNP7781,18,10295722,NA,NA,NA,0.998623132075833
SNP7782,18,10309312,NA,NA,NA,0.999556667025933
SNP7783,18,10468802,NA,NA,NA,0.998623132075833
SNP7784,18,10472379,NA,NA,NA,0.994026668934478
SNP7785,18,10475052,NA,NA,NA,0.998623132075833
SNP7786,18,10486493,NA,NA,NA,0.998623132075833
SNP7787,18,10623308,NA,NA,NA,0.994026668934478
SNP7788,18,10740964,NA,NA,NA,0.998623132075833
SNP7789,18,10786151,NA,NA,NA,0.994026668934478
SNP7790,18,10814855,NA,NA,NA,0.998623132075833
SNP7791,18,10880128,NA,NA,NA,0.994026668934478
SNP7792,18,11050329,NA,NA,NA,0.998623132075833
SNP7793,18,11056789,NA,NA,NA,0.998623132075833
SNP7794,18,11175262,NA,NA,NA,0.998623132075833
SNP7795,18,11327130,NA,NA,NA,0.998623132075833
SNP7796,18,11571702,NA,NA,NA,0.998623132075833
SNP7797,18,11599042,NA,NA,NA,0.998623132075833
SNP7798,18,11627914,NA,NA,NA,0.998623132075833
SNP7799,18,11695039,NA,NA,NA,0.998623132075833
SNP7800,18,11768948,NA,NA,NA,0.998623132075833
SNP7801,18,11822136,NA,NA,NA,0.994026668934478
SNP7802,18,11989978,NA,NA,NA,0.994026668934478
SNP7803,18,12188146,NA,NA,NA,0.998623132075833
SNP7804,18,12403960,NA,NA,NA,0.998623132075833
SNP7805,18,12471126,NA,NA,NA,0.998623132075833
SNP7806,18,12787501,NA,NA,NA,0.994026668934478
SNP7807,18,12829161,NA,NA,NA,0.61238892569374
SNP7808,18,12873753,NA,NA,NA,0.994026668934478
SNP7809,18,13009197,NA,NA,NA,0.998623132075833
SNP7810,18,13054761,NA,NA,NA,0.998623132075833
SNP7811,18,13412324,NA,NA,NA,0.998623132075833
SNP7812,18,13412424,NA,NA,NA,0.998623132075833
SNP7813,18,13437174,NA,NA,NA,0.998623132075833
SNP7814,18,13585196,NA,NA,NA,0.998623132075833
SNP7815,18,13597792,NA,NA,NA,0.998623132075833
SNP7816,18,13602535,NA,NA,NA,0.998623132075833
SNP7817,18,13621610,NA,NA,NA,0.998623132075833
SNP7818,18,13622123,NA,NA,NA,0.998623132075833
SNP7819,18,13637707,NA,NA,NA,0.998623132075833
SNP7820,18,13763242,NA,NA,NA,0.998623132075833
SNP7821,18,13937325,NA,NA,NA,0.757565382835618
SNP7822,18,14058648,NA,NA,NA,0.994026668934478
SNP7823,18,14211018,NA,NA,NA,0.998623132075833
SNP7824,18,14229824,NA,NA,NA,0.998623132075833
SNP7825,18,14679842,NA,NA,NA,0.998623132075833
SNP7826,18,14729954,NA,NA,NA,0.757565382835618
SNP7827,18,14742332,NA,NA,NA,0.998623132075833
SNP7828,18,14965817,NA,NA,NA,0.998623132075833
SNP7829,18,15157745,NA,NA,NA,0.998623132075833
SNP7830,18,15161229,NA,NA,NA,0.998623132075833
SNP7831,18,15198580,NA,NA,NA,0.998623132075833
SNP7832,18,15791406,NA,NA,NA,0.998623132075833
SNP7833,18,16211295,NA,NA,NA,0.998623132075833
SNP7834,18,16243136,NA,NA,NA,0.757565382835618
SNP7835,18,16244400,NA,NA,NA,0.998623132075833
SNP7836,18,16461375,NA,NA,NA,0.998623132075833
SNP7837,18,16514745,NA,NA,NA,0.998623132075833
SNP7838,18,16536943,NA,NA,NA,0.994026668934478
SNP7839,18,16551056,NA,NA,NA,0.998623132075833
SNP7840,18,16557674,NA,NA,NA,0.998623132075833
SNP7841,18,16644082,NA,NA,NA,0.994026668934478
SNP7842,18,16755498,NA,NA,NA,0.998623132075833
SNP7843,18,16998020,NA,NA,NA,0.998623132075833
SNP7844,18,17167241,NA,NA,NA,0.998623132075833
SNP7845,18,17168357,NA,NA,NA,0.757565382835618
SNP7846,18,17534694,NA,NA,NA,0.998623132075833
SNP7847,18,18223398,NA,NA,NA,0.998623132075833
SNP7848,18,18223520,NA,NA,NA,0.82176143200529
SNP7849,18,18224799,NA,NA,NA,0.998623132075833
SNP7850,18,18358604,NA,NA,NA,0.998623132075833
SNP7851,18,18691761,NA,NA,NA,0.998623132075833
SNP7852,18,19015290,NA,NA,NA,0.994026668934478
SNP7853,18,19101683,NA,NA,NA,0.998623132075833
SNP7854,18,19102864,NA,NA,NA,0.82176143200529
SNP7855,18,19104364,NA,NA,NA,0.998623132075833
SNP7856,18,19124117,NA,NA,NA,0.998623132075833
SNP7857,18,19133049,NA,NA,NA,0.998623132075833
SNP7858,18,19234772,NA,NA,NA,0.998623132075833
SNP7859,18,19372413,NA,NA,NA,0.998623132075833
SNP7860,18,19509563,NA,NA,NA,0.998623132075833
SNP7861,18,19510429,NA,NA,NA,0.757565382835618
SNP7862,18,19572081,NA,NA,NA,0.998623132075833
SNP7863,18,19613033,NA,NA,NA,0.998623132075833
SNP7864,18,19624815,NA,NA,NA,0.998623132075833
SNP7865,18,19633998,NA,NA,NA,0.998623132075833
SNP7866,18,19657329,NA,NA,NA,0.61238892569374
SNP7867,18,19680738,NA,NA,NA,0.998623132075833
SNP7868,18,19847524,NA,NA,NA,0.998623132075833
SNP7869,18,20180422,NA,NA,NA,0.998623132075833
SNP7870,18,20192255,NA,NA,NA,0.998623132075833
SNP7871,18,20282631,NA,NA,NA,0.994026668934478
SNP7872,18,20293025,NA,NA,NA,0.998623132075833
SNP7873,18,20631375,NA,NA,NA,0.998623132075833
SNP7874,18,20683530,NA,NA,NA,0.998623132075833
SNP7875,18,21010665,NA,NA,NA,0.998623132075833
SNP7876,18,21157284,NA,NA,NA,0.994026668934478
SNP7877,18,21358971,NA,NA,NA,0.998623132075833
SNP7878,18,21465202,NA,NA,NA,0.998623132075833
SNP7879,18,21465554,NA,NA,NA,0.998623132075833
SNP7880,18,21691168,NA,NA,NA,0.998623132075833
SNP7881,18,21694666,NA,NA,NA,0.994026668934478
SNP7882,18,21716093,NA,NA,NA,0.998623132075833
SNP7883,18,21720671,NA,NA,NA,0.998623132075833
SNP7884,18,21841286,NA,NA,NA,0.998623132075833
SNP7885,18,21841547,NA,NA,NA,0.998623132075833
SNP7886,18,21954052,NA,NA,NA,0.998623132075833
SNP7887,18,22114306,NA,NA,NA,0.998623132075833
SNP7888,18,22197528,NA,NA,NA,0.998623132075833
SNP7889,18,22278808,NA,NA,NA,0.998623132075833
SNP7890,18,22286449,NA,NA,NA,0.998623132075833
SNP7891,18,22474146,NA,NA,NA,0.998623132075833
SNP7892,18,22767414,NA,NA,NA,0.998623132075833
SNP7893,18,22848712,NA,NA,NA,0.998623132075833
SNP7894,18,22851681,NA,NA,NA,0.998623132075833
SNP7895,18,22852243,NA,NA,NA,0.998623132075833
SNP7896,18,22852683,NA,NA,NA,0.998623132075833
SNP7897,18,22864116,NA,NA,NA,0.998623132075833
SNP7898,18,22895292,NA,NA,NA,0.994026668934478
SNP7899,18,22939708,NA,NA,NA,0.466427500680563
SNP7900,18,23336004,NA,NA,NA,0.998623132075833
SNP7901,18,23340678,NA,NA,NA,0.998623132075833
SNP7902,18,23416245,NA,NA,NA,0.998623132075833
SNP7903,18,23416344,NA,NA,NA,0.998623132075833
SNP7904,18,23422559,NA,NA,NA,0.998623132075833
SNP7905,18,23424505,NA,NA,NA,0.998623132075833
SNP7906,18,23725011,NA,NA,NA,0.998623132075833
SNP7907,18,23854057,NA,NA,NA,0.998623132075833
SNP7908,18,24072351,NA,NA,NA,0.998623132075833
SNP7909,18,24138182,NA,NA,NA,0.998623132075833
SNP7910,18,24293611,NA,NA,NA,0.998623132075833
SNP7911,18,24395282,NA,NA,NA,0.998623132075833
SNP7912,18,24407128,NA,NA,NA,0.998623132075833
SNP7913,18,24445198,NA,NA,NA,0.994026668934478
SNP7914,18,24502547,NA,NA,NA,0.994026668934478
SNP7915,18,24502848,NA,NA,NA,0.998623132075833
SNP7916,18,24503916,NA,NA,NA,0.998623132075833
SNP7917,18,24734055,NA,NA,NA,0.998623132075833
SNP7918,18,24741425,NA,NA,NA,0.998623132075833
SNP7919,18,24767641,NA,NA,NA,0.998623132075833
SNP7920,18,24769745,NA,NA,NA,0.757565382835618
SNP7921,18,24792651,NA,NA,NA,0.998623132075833
SNP7922,18,24847973,NA,NA,NA,0.998623132075833
SNP7923,18,24986766,NA,NA,NA,0.998623132075833
SNP7924,18,25059323,NA,NA,NA,0.789882356273127
SNP7925,18,25377204,NA,NA,NA,0.998623132075833
SNP7926,18,25401788,NA,NA,NA,0.994026668934478
SNP7927,18,25469683,NA,NA,NA,0.994026668934478
SNP7928,18,25534918,NA,NA,NA,0.957720023675892
SNP7929,18,25614885,NA,NA,NA,0.998623132075833
SNP7930,18,25819627,NA,NA,NA,0.998623132075833
SNP7931,18,25855873,NA,NA,NA,0.998623132075833
SNP7932,18,25967813,NA,NA,NA,0.998623132075833
SNP7933,18,26027170,NA,NA,NA,0.998623132075833
SNP7934,18,26151105,NA,NA,NA,0.994026668934478
SNP7935,18,26164023,NA,NA,NA,0.994026668934478
SNP7936,18,26253121,NA,NA,NA,0.129102515380426
SNP7937,18,26340218,NA,NA,NA,0.998623132075833
SNP7938,18,26345189,NA,NA,NA,0.850930306460955
SNP7939,18,26395351,NA,NA,NA,0.998623132075833
SNP7940,18,26396369,NA,NA,NA,0.998623132075833
SNP7941,18,26450431,NA,NA,NA,0.998623132075833
SNP7942,18,26826006,NA,NA,NA,0.113642530978559
SNP7943,18,26965339,NA,NA,NA,0.998623132075833
SNP7944,18,27002771,NA,NA,NA,0.998623132075833
SNP7945,18,27339594,NA,NA,NA,0.998623132075833
SNP7946,18,27556395,NA,NA,NA,0.998623132075833
SNP7947,18,27804899,NA,NA,NA,0.998623132075833
SNP7948,18,27815719,NA,NA,NA,0.998623132075833
SNP7949,18,27832402,NA,NA,NA,0.998623132075833
SNP7950,18,27863911,NA,NA,NA,0.998623132075833
SNP7951,18,27938054,NA,NA,NA,0.998623132075833
SNP7952,18,28002865,NA,NA,NA,0.998623132075833
SNP7953,18,28074347,NA,NA,NA,0.998623132075833
SNP7954,18,28101268,NA,NA,NA,0.998623132075833
SNP7955,18,28178662,NA,NA,NA,0.998623132075833
SNP7956,18,28284030,NA,NA,NA,0.994026668934478
SNP7957,18,28302798,NA,NA,NA,0.998623132075833
SNP7958,18,28389476,NA,NA,NA,0.998623132075833
SNP7959,18,28490879,NA,NA,NA,0.998623132075833
SNP7960,18,28637514,NA,NA,NA,0.998623132075833
SNP7961,18,29333274,NA,NA,NA,0.994026668934478
SNP7962,18,29481584,NA,NA,NA,0.998623132075833
SNP7963,18,30211960,NA,NA,NA,0.998623132075833
SNP7964,18,30379213,NA,NA,NA,0.998623132075833
SNP7965,18,30470646,NA,NA,NA,0.998623132075833
SNP7966,18,31368044,NA,NA,NA,0.998623132075833
SNP7967,18,31481726,NA,NA,NA,0.960687188327977
SNP7968,18,31666764,NA,NA,NA,0.998623132075833
SNP7969,18,32589587,NA,NA,NA,0.998623132075833
SNP7970,18,32728458,NA,NA,NA,0.998623132075833
SNP7971,18,33361666,NA,NA,NA,0.998623132075833
SNP7972,18,33576851,NA,NA,NA,0.998623132075833
SNP7973,18,33796943,NA,NA,NA,0.998623132075833
SNP7974,18,33923788,NA,NA,NA,0.998623132075833
SNP7975,18,33936126,NA,NA,NA,0.998623132075833
SNP7976,18,33939194,NA,NA,NA,0.998623132075833
SNP7977,18,33941147,NA,NA,NA,0.998623132075833
SNP7978,18,33941677,NA,NA,NA,0.998623132075833
SNP7979,18,34170628,NA,NA,NA,0.998623132075833
SNP7980,18,34222417,NA,NA,NA,0.998623132075833
SNP7981,18,34284907,NA,NA,NA,0.960687188327977
SNP7982,18,34321986,NA,NA,NA,0.113642530978559
SNP7983,18,34661155,NA,NA,NA,0.998623132075833
SNP7984,18,34796298,NA,NA,NA,0.998623132075833
SNP7985,18,34825243,NA,NA,NA,0.998623132075833
SNP7986,18,34825599,NA,NA,NA,0.983465069927344
SNP7987,18,34835872,NA,NA,NA,0.998623132075833
SNP7988,18,34892138,NA,NA,NA,0.998623132075833
SNP7989,18,34994096,NA,NA,NA,0.994026668934478
SNP7990,18,35016844,NA,NA,NA,0.789882356273127
SNP7991,18,35115656,NA,NA,NA,0.96101256609096
SNP7992,18,35197175,NA,NA,NA,0.998623132075833
SNP7993,18,35197846,NA,NA,NA,0.998623132075833
SNP7994,18,35374624,NA,NA,NA,0.994026668934478
SNP7995,18,35872560,NA,NA,NA,0.994026668934478
SNP7996,18,36456662,NA,NA,NA,0.998623132075833
SNP7997,18,36578318,NA,NA,NA,0.998623132075833
SNP7998,18,36847177,NA,NA,NA,0.998623132075833
SNP7999,18,36945519,NA,NA,NA,0.998623132075833
SNP8000,18,37282196,NA,NA,NA,0.994026668934478
SNP8001,18,37316296,NA,NA,NA,0.998623132075833
SNP8002,18,37429293,NA,NA,NA,0.882219185321112
SNP8003,18,37442465,NA,NA,NA,0.998623132075833
SNP8004,18,39009842,NA,NA,NA,0.998623132075833
SNP8005,18,39093677,NA,NA,NA,0.998623132075833
SNP8006,18,39192905,NA,NA,NA,0.998623132075833
SNP8007,18,39306016,NA,NA,NA,0.998623132075833
SNP8008,18,39622240,NA,NA,NA,0.998623132075833
SNP8009,18,39675437,NA,NA,NA,0.998623132075833
SNP8010,18,40112196,NA,NA,NA,0.998623132075833
SNP8011,18,40269385,NA,NA,NA,0.998623132075833
SNP8012,18,40474731,NA,NA,NA,0.998623132075833
SNP8013,18,40475037,NA,NA,NA,0.998623132075833
SNP8014,18,40498337,NA,NA,NA,0.998623132075833
SNP8015,18,40623018,NA,NA,NA,0.998623132075833
SNP8016,18,40958631,NA,NA,NA,0.998623132075833
SNP8017,18,41059435,NA,NA,NA,0.998623132075833
SNP8018,18,42071765,NA,NA,NA,0.998623132075833
SNP8019,18,42185245,NA,NA,NA,0.998623132075833
SNP8020,18,42316177,NA,NA,NA,0.998623132075833
SNP8021,18,42316663,NA,NA,NA,0.998623132075833
SNP8022,18,42320913,NA,NA,NA,0.994026668934478
SNP8023,18,42771199,NA,NA,NA,0.994026668934478
SNP8024,18,42856415,NA,NA,NA,0.998623132075833
SNP8025,18,42914120,NA,NA,NA,0.998623132075833
SNP8026,18,42991809,NA,NA,NA,0.998623132075833
SNP8027,18,43179811,NA,NA,NA,0.998623132075833
SNP8028,18,43311931,NA,NA,NA,0.998623132075833
SNP8029,18,43363108,NA,NA,NA,0.998623132075833
SNP8030,18,43412908,NA,NA,NA,0.998623132075833
SNP8031,18,43527382,NA,NA,NA,0.998623132075833
SNP8032,18,43657094,NA,NA,NA,0.998623132075833
SNP8033,18,43675785,NA,NA,NA,0.998623132075833
SNP8034,18,43717022,NA,NA,NA,0.998623132075833
SNP8035,18,43734920,NA,NA,NA,0.998623132075833
SNP8036,18,44214170,NA,NA,NA,0.998623132075833
SNP8037,18,44384378,NA,NA,NA,0.994026668934478
SNP8038,18,44386031,NA,NA,NA,0.998623132075833
SNP8039,18,44386037,NA,NA,NA,0.998623132075833
SNP8040,18,44386332,NA,NA,NA,0.998623132075833
SNP8041,18,44415228,NA,NA,NA,0.998623132075833
SNP8042,18,44588407,NA,NA,NA,0.998623132075833
SNP8043,18,45092794,NA,NA,NA,0.96101256609096
SNP8044,18,45118149,NA,NA,NA,0.998623132075833
SNP8045,18,45254902,NA,NA,NA,0.998623132075833
SNP8046,18,45269233,NA,NA,NA,0.998623132075833
SNP8047,18,45284785,NA,NA,NA,0.998623132075833
SNP8048,18,45400882,NA,NA,NA,0.998623132075833
SNP8049,18,45453807,NA,NA,NA,0.994026668934478
SNP8050,18,45457297,NA,NA,NA,0.998623132075833
SNP8051,18,45723430,NA,NA,NA,0.998623132075833
SNP8052,18,45841512,NA,NA,NA,0.994026668934478
SNP8053,18,45891430,NA,NA,NA,0.998623132075833
SNP8054,18,45892483,NA,NA,NA,0.998623132075833
SNP8055,18,46348764,NA,NA,NA,0.96101256609096
SNP8056,18,46404527,NA,NA,NA,0.998623132075833
SNP8057,18,46678135,NA,NA,NA,0.998623132075833
SNP8058,18,46735696,NA,NA,NA,0.998018357568744
SNP8059,18,46901324,NA,NA,NA,0.998623132075833
SNP8060,18,46904406,NA,NA,NA,0.994026668934478
SNP8061,18,47161167,NA,NA,NA,0.998623132075833
SNP8062,18,47253748,NA,NA,NA,0.998623132075833
SNP8063,18,48134097,NA,NA,NA,0.96101256609096
SNP8064,18,48479205,NA,NA,NA,0.994026668934478
SNP8065,18,48638573,NA,NA,NA,0.994026668934478
SNP8066,18,48908748,NA,NA,NA,0.998623132075833
SNP8067,18,50257950,NA,NA,NA,0.96101256609096
SNP8068,18,51074845,NA,NA,NA,0.998623132075833
SNP8069,18,51178533,NA,NA,NA,0.994026668934478
SNP8070,18,52489544,NA,NA,NA,0.994026668934478
SNP8071,18,52508661,NA,NA,NA,0.994026668934478
SNP8072,18,53965612,NA,NA,NA,0.994026668934478
SNP8073,18,53994712,NA,NA,NA,0.994026668934478
SNP8074,18,54218503,NA,NA,NA,0.983465069927344
SNP8075,18,54304016,NA,NA,NA,0.998623132075833
SNP8076,18,54775161,NA,NA,NA,0.998623132075833
SNP8077,18,55226437,NA,NA,NA,0.998623132075833
SNP8078,18,55532023,NA,NA,NA,0.998623132075833
SNP8079,18,56311360,NA,NA,NA,0.998623132075833
SNP8080,18,56376691,NA,NA,NA,0.998623132075833
SNP8081,18,57731378,NA,NA,NA,0.998623132075833
SNP8082,18,57731971,NA,NA,NA,0.998623132075833
SNP8083,18,57786743,NA,NA,NA,0.882219185321112
SNP8084,18,58460160,NA,NA,NA,0.998623132075833
SNP8085,18,58460249,NA,NA,NA,0.998623132075833
SNP8086,18,58555756,NA,NA,NA,0.998623132075833
SNP8087,18,58829383,NA,NA,NA,0.998623132075833
SNP8088,18,60093217,NA,NA,NA,0.994026668934478
SNP8089,18,60576179,NA,NA,NA,0.998623132075833
SNP8090,18,60577099,NA,NA,NA,0.998623132075833
SNP8091,18,60998139,NA,NA,NA,0.994026668934478
SNP8092,18,61415424,NA,NA,NA,0.998623132075833
SNP8093,18,61442582,NA,NA,NA,0.998623132075833
SNP8094,18,61444107,NA,NA,NA,0.998623132075833
SNP8095,18,62667608,NA,NA,NA,0.994026668934478
SNP8096,18,63043018,NA,NA,NA,0.998623132075833
SNP8097,18,63149810,NA,NA,NA,0.890904038044374
SNP8098,18,63677647,NA,NA,NA,0.150867368629541
SNP8099,18,63685111,NA,NA,NA,0.998623132075833
SNP8100,18,64013791,NA,NA,NA,0.998623132075833
SNP8101,18,64393036,NA,NA,NA,0.998623132075833
SNP8102,18,64462014,NA,NA,NA,0.998623132075833
SNP8103,18,64467517,NA,NA,NA,0.998623132075833
SNP8104,18,64605128,NA,NA,NA,0.998623132075833
SNP8105,18,64657415,NA,NA,NA,0.96101256609096
SNP8106,18,64658027,NA,NA,NA,0.998623132075833
SNP8107,18,65134107,NA,NA,NA,0.998623132075833
SNP8108,18,65150880,NA,NA,NA,0.998623132075833
SNP8109,18,65163703,NA,NA,NA,0.998623132075833
SNP8110,18,65194328,NA,NA,NA,0.998623132075833
SNP8111,18,65563536,NA,NA,NA,0.998623132075833
SNP8112,18,65564951,NA,NA,NA,0.994026668934478
SNP8113,18,65928800,NA,NA,NA,0.96101256609096
SNP8114,18,66346021,NA,NA,NA,0.998623132075833
SNP8115,18,66552202,NA,NA,NA,0.994026668934478
SNP8116,18,66636377,NA,NA,NA,0.998623132075833
SNP8117,18,66859136,NA,NA,NA,0.998623132075833
SNP8118,18,67116256,NA,NA,NA,0.890904038044374
SNP8119,18,67141727,NA,NA,NA,0.994026668934478
SNP8120,18,69871347,NA,NA,NA,0.994026668934478
SNP8121,18,69906602,NA,NA,NA,0.994026668934478
SNP8122,18,69983853,NA,NA,NA,0.998623132075833
SNP8123,18,70335282,NA,NA,NA,0.994026668934478
SNP8124,18,71598146,NA,NA,NA,0.998623132075833
SNP8125,18,71803509,NA,NA,NA,0.799269132138692
SNP8126,18,72080286,NA,NA,NA,0.994026668934478
SNP8127,18,72907684,NA,NA,NA,0.994026668934478
SNP8128,18,74407520,NA,NA,NA,0.998623132075833
SNP8129,18,74640510,NA,NA,NA,0.994026668934478
SNP8130,18,75405749,NA,NA,NA,0.96101256609096
SNP8131,18,75908306,NA,NA,NA,0.998623132075833
SNP8132,18,75909569,NA,NA,NA,0.998623132075833
SNP8133,18,76108086,NA,NA,NA,0.994026668934478
SNP8134,18,76311102,NA,NA,NA,0.994026668934478
SNP8135,18,76480137,NA,NA,NA,0.994026668934478
SNP8136,18,77291460,NA,NA,NA,0.998623132075833
SNP8137,18,77391559,NA,NA,NA,0.96101256609096
SNP8138,18,78307183,NA,NA,NA,0.882219185321112
SNP8139,18,79106939,NA,NA,NA,0.998623132075833
SNP8140,18,79132606,NA,NA,NA,0.998623132075833
SNP8141,18,79833882,NA,NA,NA,0.994026668934478
SNP8142,18,80072452,NA,NA,NA,0.998623132075833
SNP8143,18,82139298,NA,NA,NA,0.96101256609096
SNP8144,18,83638340,NA,NA,NA,0.998623132075833
SNP8145,18,83641669,NA,NA,NA,0.994026668934478
SNP8146,18,84595504,NA,NA,NA,0.998623132075833
SNP8147,18,84623205,NA,NA,NA,0.998623132075833
SNP8148,18,84623867,NA,NA,NA,0.994026668934478
SNP8149,18,84731310,NA,NA,NA,0.998623132075833
SNP8150,18,85107455,NA,NA,NA,0.201993067829669
SNP8151,18,86519669,NA,NA,NA,0.998623132075833
SNP8152,18,88082974,NA,NA,NA,0.998623132075833
SNP8153,18,88164943,NA,NA,NA,0.998623132075833
SNP8154,18,88281534,NA,NA,NA,0.994026668934478
SNP8155,18,88374373,NA,NA,NA,0.998623132075833
SNP8156,18,88908642,NA,NA,NA,0.998623132075833
SNP8157,18,89184300,NA,NA,NA,0.998623132075833
SNP8158,18,89289560,NA,NA,NA,0.998623132075833
SNP8159,18,89386231,NA,NA,NA,0.998623132075833
SNP8160,18,89523215,NA,NA,NA,0.998623132075833
SNP8161,18,89687755,NA,NA,NA,0.994026668934478
SNP8162,18,89814460,NA,NA,NA,0.998623132075833
SNP8163,18,89814607,NA,NA,NA,0.998623132075833
SNP8164,18,89814999,NA,NA,NA,0.998623132075833
SNP8165,18,89817152,NA,NA,NA,0.998623132075833
SNP8166,18,89841880,NA,NA,NA,0.998623132075833
SNP8167,18,90057402,NA,NA,NA,0.994026668934478
SNP8168,18,90057868,NA,NA,NA,0.998623132075833
SNP8169,18,90125463,NA,NA,NA,0.998623132075833
SNP8170,18,90151728,NA,NA,NA,0.998623132075833
SNP8171,18,90569856,NA,NA,NA,0.998623132075833
SNP8172,18,90742196,NA,NA,NA,0.994026668934478
SNP8173,18,90742912,NA,NA,NA,0.998623132075833
SNP8174,18,91513140,NA,NA,NA,0.998623132075833
SNP8175,18,91584520,NA,NA,NA,0.998623132075833
SNP8176,18,91633005,NA,NA,NA,0.994026668934478
SNP8177,18,91762692,NA,NA,NA,0.998623132075833
SNP8178,18,91789359,NA,NA,NA,0.998623132075833
SNP8179,18,91953923,NA,NA,NA,0.998623132075833
SNP8180,18,92068754,NA,NA,NA,0.998623132075833
SNP8181,18,92069551,NA,NA,NA,0.998623132075833
SNP8182,18,92092344,NA,NA,NA,0.994026668934478
SNP8183,18,92106479,NA,NA,NA,0.994026668934478
SNP8184,18,92419476,NA,NA,NA,0.994026668934478
SNP8185,18,92424571,NA,NA,NA,0.994026668934478
SNP8186,18,92503694,NA,NA,NA,0.994026668934478
SNP8187,18,92530606,NA,NA,NA,0.998623132075833
SNP8188,18,92531496,NA,NA,NA,0.994026668934478
SNP8189,18,92716751,NA,NA,NA,0.998623132075833
SNP8190,18,92720164,NA,NA,NA,0.994026668934478
SNP8191,18,92743338,NA,NA,NA,0.994026668934478
SNP8192,18,92751992,NA,NA,NA,0.998623132075833
SNP8193,18,92917823,NA,NA,NA,0.998623132075833
SNP8194,18,92919942,NA,NA,NA,0.998623132075833
SNP8195,18,92929143,NA,NA,NA,0.994026668934478
SNP8196,18,93445772,NA,NA,NA,0.998623132075833
SNP8197,18,93700779,NA,NA,NA,0.998623132075833
SNP8198,18,93799494,NA,NA,NA,0.994026668934478
SNP8199,18,94070014,NA,NA,NA,0.998623132075833
SNP8200,18,94906233,NA,NA,NA,0.998623132075833
SNP8201,18,94911646,NA,NA,NA,0.998623132075833
SNP8202,18,95854810,NA,NA,NA,0.998623132075833
SNP8203,18,96010844,NA,NA,NA,0.998623132075833
SNP8204,18,96048496,NA,NA,NA,0.998623132075833
SNP8205,18,96294160,NA,NA,NA,0.998623132075833
SNP8206,18,96353666,NA,NA,NA,0.994026668934478
SNP8207,18,96376238,NA,NA,NA,0.998623132075833
SNP8208,18,96376248,NA,NA,NA,0.998623132075833
SNP8209,18,96400990,NA,NA,NA,0.882219185321112
SNP8210,18,96779677,NA,NA,NA,0.998623132075833
SNP8211,18,96965539,NA,NA,NA,0.998623132075833
SNP8212,18,97410007,NA,NA,NA,0.998623132075833
SNP8213,18,97437839,NA,NA,NA,0.998623132075833
SNP8214,18,97749212,NA,NA,NA,0.998623132075833
SNP8215,18,97753597,NA,NA,NA,0.998623132075833
SNP8216,18,97805359,NA,NA,NA,0.96101256609096
SNP8217,18,97954422,NA,NA,NA,0.994026668934478
SNP8218,18,98144602,NA,NA,NA,0.998623132075833
SNP8219,18,98156137,NA,NA,NA,0.994026668934478
SNP8220,18,98161351,NA,NA,NA,0.998623132075833
SNP8221,18,98162650,NA,NA,NA,0.998623132075833
SNP8222,18,98163303,NA,NA,NA,0.998623132075833
SNP8223,18,98217405,NA,NA,NA,0.998623132075833
SNP8224,18,98365065,NA,NA,NA,0.998623132075833
SNP8225,18,98419306,NA,NA,NA,0.994026668934478
SNP8226,18,98423005,NA,NA,NA,0.998623132075833
SNP8227,18,98425771,NA,NA,NA,0.998623132075833
SNP8228,18,98669700,NA,NA,NA,0.994026668934478
SNP8229,18,98689510,NA,NA,NA,0.998623132075833
SNP8230,18,98749831,NA,NA,NA,0.998623132075833
SNP8231,18,98873788,NA,NA,NA,0.994026668934478
SNP8232,18,99008654,NA,NA,NA,0.998623132075833
SNP8233,18,99649360,NA,NA,NA,0.994026668934478
SNP8234,18,99785311,NA,NA,NA,0.998623132075833
SNP8235,18,99856708,NA,NA,NA,0.998623132075833
SNP8236,18,100118653,NA,NA,NA,0.890904038044374
SNP8237,18,100140223,NA,NA,NA,0.998623132075833
SNP8238,18,100146888,NA,NA,NA,0.998623132075833
SNP8239,18,100479875,NA,NA,NA,0.998623132075833
SNP8240,18,100591710,NA,NA,NA,0.998623132075833
SNP8241,18,100594028,NA,NA,NA,0.998623132075833
SNP8242,18,100946911,NA,NA,NA,0.994026668934478
SNP8243,18,101335328,NA,NA,NA,0.960687188327977
SNP8244,18,101379334,NA,NA,NA,0.998623132075833
SNP8245,18,101392090,NA,NA,NA,0.998623132075833
SNP8246,18,101447171,NA,NA,NA,0.994026668934478
SNP8247,18,101547178,NA,NA,NA,0.998623132075833
SNP8248,18,101659014,NA,NA,NA,0.998623132075833
SNP8249,18,101858265,NA,NA,NA,0.998623132075833
SNP8250,18,101906255,NA,NA,NA,0.994026668934478
SNP8251,18,102103336,NA,NA,NA,0.998623132075833
SNP8252,18,102315390,NA,NA,NA,0.998623132075833
SNP8253,18,102507541,NA,NA,NA,0.998623132075833
SNP8254,18,102544909,NA,NA,NA,0.998623132075833
SNP8255,18,102550613,NA,NA,NA,0.998623132075833
SNP8256,18,102567142,NA,NA,NA,0.998623132075833
SNP8257,18,102613586,NA,NA,NA,0.998623132075833
SNP8258,18,102830236,NA,NA,NA,0.942327571263328
SNP8259,18,103025804,NA,NA,NA,0.998623132075833
SNP8260,18,103157397,NA,NA,NA,0.998623132075833
SNP8261,18,103188553,NA,NA,NA,0.998623132075833
SNP8262,18,103193936,NA,NA,NA,0.994026668934478
SNP8263,18,103194512,NA,NA,NA,0.998623132075833
SNP8264,18,103242906,NA,NA,NA,0.998623132075833
SNP8265,18,103243765,NA,NA,NA,0.998623132075833
SNP8266,18,103255270,NA,NA,NA,0.998623132075833
SNP8267,18,103258895,NA,NA,NA,0.998623132075833
SNP8268,18,103271088,NA,NA,NA,0.998623132075833
SNP8269,18,103633476,NA,NA,NA,0.994026668934478
SNP8270,18,103830550,NA,NA,NA,0.96101256609096
SNP8271,18,104324199,NA,NA,NA,0.998623132075833
SNP8272,18,104368192,NA,NA,NA,0.998623132075833
SNP8273,18,104457067,NA,NA,NA,0.998623132075833
SNP8274,18,104905096,NA,NA,NA,0.998623132075833
SNP8275,18,104920365,NA,NA,NA,0.998623132075833
SNP8276,18,104922183,NA,NA,NA,0.994026668934478
SNP8277,18,105062675,NA,NA,NA,0.82176143200529
SNP8278,18,105291590,NA,NA,NA,0.882219185321112
SNP8279,18,105304643,NA,NA,NA,0.998623132075833
SNP8280,18,105306687,NA,NA,NA,0.994026668934478
SNP8281,18,105315939,NA,NA,NA,0.998623132075833
SNP8282,18,105317074,NA,NA,NA,0.994026668934478
SNP8283,18,105474555,NA,NA,NA,0.998623132075833
SNP8284,18,105478058,NA,NA,NA,0.998623132075833
SNP8285,18,105502495,NA,NA,NA,0.998623132075833
SNP8286,18,105532652,NA,NA,NA,0.998623132075833
SNP8287,18,105554224,NA,NA,NA,0.994026668934478
SNP8288,18,105617743,NA,NA,NA,0.998623132075833
SNP8289,18,105670168,NA,NA,NA,0.998623132075833
SNP8290,18,105747559,NA,NA,NA,0.994026668934478
SNP8291,18,105754915,NA,NA,NA,0.998623132075833
SNP8292,18,105781803,NA,NA,NA,0.998623132075833
SNP8293,18,105937261,NA,NA,NA,0.998623132075833
SNP8294,18,106037255,NA,NA,NA,0.994026668934478
SNP8295,18,106104756,NA,NA,NA,0.994026668934478
SNP8296,18,106136253,NA,NA,NA,0.998623132075833
SNP8297,18,106146502,NA,NA,NA,0.998623132075833
SNP8298,18,106271017,NA,NA,NA,0.96101256609096
SNP8299,18,106271132,NA,NA,NA,0.882219185321112
SNP8300,18,106274380,NA,NA,NA,0.998623132075833
SNP8301,18,106274990,NA,NA,NA,0.998623132075833
SNP8302,18,106275030,NA,NA,NA,0.998623132075833
SNP8303,18,106275534,NA,NA,NA,0.998623132075833
SNP8304,18,106321140,NA,NA,NA,0.998623132075833
SNP8305,18,106409355,NA,NA,NA,0.960687188327977
SNP8306,18,106467856,NA,NA,NA,0.994026668934478
SNP8307,18,106808791,NA,NA,NA,0.998623132075833
SNP8308,18,106811144,NA,NA,NA,0.994026668934478
SNP8309,18,106885603,NA,NA,NA,0.994026668934478
SNP8310,18,106886396,NA,NA,NA,0.998623132075833
SNP8311,18,106888743,NA,NA,NA,0.998623132075833
SNP8312,18,106893034,NA,NA,NA,0.994026668934478
SNP8313,18,106956967,NA,NA,NA,0.960687188327977
SNP8314,18,107121138,NA,NA,NA,0.96101256609096
SNP8315,18,107210203,NA,NA,NA,0.998623132075833
SNP8316,18,107301150,NA,NA,NA,0.994026668934478
SNP8317,18,107499739,NA,NA,NA,0.998623132075833
SNP8318,18,107665166,NA,NA,NA,0.998623132075833
SNP8319,18,107675338,NA,NA,NA,0.998623132075833
SNP8320,18,107697026,NA,NA,NA,0.998623132075833
SNP8321,18,108077941,NA,NA,NA,0.96101256609096
SNP8322,18,108317988,NA,NA,NA,0.960687188327977
SNP8323,18,108677942,NA,NA,NA,0.998623132075833
SNP8324,18,108957680,NA,NA,NA,0.998623132075833
SNP8325,18,108958569,NA,NA,NA,0.998623132075833
SNP8326,18,108958843,NA,NA,NA,0.998623132075833
SNP8327,18,109002542,NA,NA,NA,0.998623132075833
SNP8328,18,109015742,NA,NA,NA,0.994026668934478
SNP8329,18,109126842,NA,NA,NA,0.998623132075833
SNP8330,18,109132440,NA,NA,NA,0.998623132075833
SNP8331,18,109609093,NA,NA,NA,0.994026668934478
SNP8332,18,109755349,NA,NA,NA,0.998623132075833
SNP8333,18,110068236,NA,NA,NA,0.998623132075833
SNP8334,18,110109758,NA,NA,NA,0.998623132075833
SNP8335,18,110126104,NA,NA,NA,0.998623132075833
SNP8336,18,110269356,NA,NA,NA,0.998623132075833
SNP8337,18,110459163,NA,NA,NA,0.994026668934478
SNP8338,18,110509792,NA,NA,NA,0.998623132075833
SNP8339,18,110549540,NA,NA,NA,0.998623132075833
SNP8340,18,110550614,NA,NA,NA,0.994026668934478
SNP8341,18,110560205,NA,NA,NA,0.994026668934478
SNP8342,18,110604184,NA,NA,NA,0.998623132075833
SNP8343,18,110623990,NA,NA,NA,0.96101256609096
SNP8344,18,110624763,NA,NA,NA,0.998623132075833
SNP8345,18,110670825,NA,NA,NA,0.998623132075833
SNP8346,18,110784655,NA,NA,NA,0.998623132075833
SNP8347,18,110878820,NA,NA,NA,0.998623132075833
SNP8348,18,110955275,NA,NA,NA,0.998623132075833
SNP8349,18,111289082,NA,NA,NA,0.998623132075833
SNP8350,18,111308637,NA,NA,NA,0.998623132075833
SNP8351,18,111377562,NA,NA,NA,0.998623132075833
SNP8352,18,111574872,NA,NA,NA,0.994026668934478
SNP8353,18,111877171,NA,NA,NA,0.998623132075833
SNP8354,18,111900067,NA,NA,NA,0.994026668934478
SNP8355,18,112078475,NA,NA,NA,0.998623132075833
SNP8356,18,112259392,NA,NA,NA,0.998623132075833
SNP8357,18,112346244,NA,NA,NA,0.998623132075833
SNP8358,18,112356996,NA,NA,NA,0.998623132075833
SNP8359,18,112396988,NA,NA,NA,0.998623132075833
SNP8360,18,112403070,NA,NA,NA,0.994026668934478
SNP8361,18,112930201,NA,NA,NA,0.998623132075833
SNP8362,18,113033990,NA,NA,NA,0.998623132075833
SNP8363,18,113372131,NA,NA,NA,0.998623132075833
SNP8364,18,113601371,NA,NA,NA,0.998623132075833
SNP8365,18,113743079,NA,NA,NA,0.998623132075833
SNP8366,18,114027919,NA,NA,NA,0.998623132075833
SNP8367,18,114075381,NA,NA,NA,0.998623132075833
SNP8368,18,114194999,NA,NA,NA,0.998623132075833
SNP8369,18,114322004,NA,NA,NA,0.998623132075833
SNP8370,18,114379536,NA,NA,NA,0.998623132075833
SNP8371,18,114413373,NA,NA,NA,0.998623132075833
SNP8372,18,114426335,NA,NA,NA,0.998623132075833
SNP8373,18,114467385,NA,NA,NA,0.998623132075833
SNP8374,18,114708204,NA,NA,NA,0.998623132075833
SNP8375,18,114819013,NA,NA,NA,0.998623132075833
SNP8376,18,114839532,NA,NA,NA,0.998623132075833
SNP8377,18,114963739,NA,NA,NA,0.998623132075833
SNP8378,18,114984851,NA,NA,NA,0.998623132075833
SNP8379,18,115027339,NA,NA,NA,0.998623132075833
SNP8380,18,115145052,NA,NA,NA,0.998623132075833
SNP8381,18,115473543,NA,NA,NA,0.998623132075833
SNP8382,18,115619044,NA,NA,NA,0.998623132075833
SNP8383,18,115867989,NA,NA,NA,0.998623132075833
SNP8384,18,115914817,NA,NA,NA,0.994026668934478
SNP8385,18,115951670,NA,NA,NA,0.998623132075833
SNP8386,18,116001011,NA,NA,NA,0.998623132075833
SNP8387,18,116203462,NA,NA,NA,0.998623132075833
SNP8388,18,116213205,NA,NA,NA,0.998623132075833
SNP8389,18,116283376,NA,NA,NA,0.998623132075833
SNP8390,18,116579023,NA,NA,NA,0.998623132075833
SNP8391,18,116748858,NA,NA,NA,0.998623132075833
SNP8392,18,116879461,NA,NA,NA,0.998623132075833
SNP8393,18,116889495,NA,NA,NA,0.998623132075833
SNP8394,18,117245059,NA,NA,NA,0.998623132075833
SNP8395,18,117286720,NA,NA,NA,0.998623132075833
SNP8396,18,117330607,NA,NA,NA,0.998623132075833
SNP8397,18,117448091,NA,NA,NA,0.998623132075833
SNP8398,18,117477168,NA,NA,NA,0.998623132075833
SNP8399,18,117585170,NA,NA,NA,0.998623132075833
SNP8400,18,117687926,NA,NA,NA,0.96101256609096
SNP8401,18,117714123,NA,NA,NA,0.998623132075833
SNP8402,18,117810022,NA,NA,NA,0.998623132075833
SNP8403,18,117812827,NA,NA,NA,0.998623132075833
SNP8404,18,117912559,NA,NA,NA,0.998623132075833
SNP8405,18,118012657,NA,NA,NA,0.998623132075833
SNP8406,18,118050190,NA,NA,NA,0.882219185321112
SNP8407,18,118062935,NA,NA,NA,0.994026668934478
SNP8408,18,118063201,NA,NA,NA,0.994026668934478
SNP8409,18,118242210,NA,NA,NA,0.994026668934478
SNP8410,18,118487359,NA,NA,NA,0.799269132138692
SNP8411,18,118501388,NA,NA,NA,0.998623132075833
SNP8412,18,118649868,NA,NA,NA,0.998623132075833
SNP8413,18,118790564,NA,NA,NA,0.998623132075833
SNP8414,18,118890624,NA,NA,NA,0.998623132075833
SNP8415,18,118952415,NA,NA,NA,0.998623132075833
SNP8416,18,119146075,NA,NA,NA,0.998623132075833
SNP8417,18,119198541,NA,NA,NA,0.998623132075833
SNP8418,18,119381150,NA,NA,NA,0.998623132075833
SNP8419,18,119420089,NA,NA,NA,0.998623132075833
SNP8420,18,120100011,NA,NA,NA,0.998623132075833
SNP8421,18,120101026,NA,NA,NA,0.998623132075833
SNP8422,18,120179734,NA,NA,NA,0.998623132075833
SNP8423,18,120216377,NA,NA,NA,0.998623132075833
SNP8424,18,120230474,NA,NA,NA,0.994026668934478
SNP8425,18,120257621,NA,NA,NA,0.998623132075833
SNP8426,18,120270379,NA,NA,NA,0.998623132075833
SNP8427,18,120394337,NA,NA,NA,0.998623132075833
SNP8428,18,120406136,NA,NA,NA,0.998623132075833
SNP8429,18,120604162,NA,NA,NA,0.998623132075833
SNP8430,18,120874359,NA,NA,NA,0.998623132075833
SNP8431,18,121167676,NA,NA,NA,0.998623132075833
SNP8432,18,121290117,NA,NA,NA,0.998623132075833
SNP8433,18,121293739,NA,NA,NA,0.998623132075833
SNP8434,18,121539552,NA,NA,NA,0.998623132075833
SNP8435,18,121541041,NA,NA,NA,0.994026668934478
SNP8436,18,121541501,NA,NA,NA,0.998623132075833
SNP8437,18,121657652,NA,NA,NA,0.610417969968178
SNP8438,18,121751457,NA,NA,NA,0.998623132075833
SNP8439,18,121783058,NA,NA,NA,0.610417969968178
SNP8440,18,121820001,NA,NA,NA,0.998623132075833
SNP8441,18,122019103,NA,NA,NA,0.994026668934478
SNP8442,18,122042726,NA,NA,NA,0.998623132075833
SNP8443,18,122074815,NA,NA,NA,0.994026668934478
SNP8444,18,122185548,NA,NA,NA,0.998623132075833
SNP8445,18,122403937,NA,NA,NA,0.999776509639619
SNP8446,18,122470135,NA,NA,NA,0.998623132075833
SNP8447,18,122489576,NA,NA,NA,0.998623132075833
SNP8448,18,122514540,NA,NA,NA,0.998623132075833
SNP8449,18,122555134,NA,NA,NA,0.998623132075833
SNP8450,18,122555740,NA,NA,NA,0.998623132075833
SNP8451,18,122988344,NA,NA,NA,0.998623132075833
SNP8452,18,123037578,NA,NA,NA,0.998623132075833
SNP8453,18,123175078,NA,NA,NA,0.998623132075833
SNP8454,18,123186767,NA,NA,NA,0.998623132075833
SNP8455,18,123311330,NA,NA,NA,0.998623132075833
SNP8456,18,123368501,NA,NA,NA,0.998623132075833
SNP8457,18,123455425,NA,NA,NA,0.998623132075833
SNP8458,18,123479905,NA,NA,NA,0.998623132075833
SNP8459,18,123621438,NA,NA,NA,0.998623132075833
SNP8460,18,123690166,NA,NA,NA,0.998623132075833
SNP8461,18,123690877,NA,NA,NA,0.998623132075833
SNP8462,18,123805023,NA,NA,NA,0.998623132075833
SNP8463,18,123807718,NA,NA,NA,0.998623132075833
SNP8464,18,123822319,NA,NA,NA,0.998623132075833
SNP8465,18,124005052,NA,NA,NA,0.994026668934478
SNP8466,18,124240452,NA,NA,NA,0.994026668934478
SNP8467,18,124249669,NA,NA,NA,0.998623132075833
SNP8468,18,124284322,NA,NA,NA,0.998623132075833
SNP8469,18,124285461,NA,NA,NA,0.998623132075833
SNP8470,18,124287609,NA,NA,NA,0.998623132075833
SNP8471,18,124438815,NA,NA,NA,0.994026668934478
SNP8472,18,124444990,NA,NA,NA,0.998623132075833
SNP8473,18,124607165,NA,NA,NA,0.998623132075833
SNP8474,18,124777771,NA,NA,NA,0.998623132075833
SNP8475,18,124840097,NA,NA,NA,0.998623132075833
SNP8476,18,124919225,NA,NA,NA,0.998623132075833
SNP8477,18,124954019,NA,NA,NA,0.998623132075833
SNP8478,18,124962643,NA,NA,NA,0.998623132075833
SNP8479,18,125030330,NA,NA,NA,0.998623132075833
SNP8480,18,125086506,NA,NA,NA,0.998623132075833
SNP8481,18,125130583,NA,NA,NA,0.998623132075833
SNP8482,18,125234512,NA,NA,NA,0.998623132075833
SNP8483,18,125262047,NA,NA,NA,0.998623132075833
SNP8484,18,125505318,NA,NA,NA,0.998623132075833
SNP8485,18,125552900,NA,NA,NA,0.998623132075833
SNP8486,18,125671097,NA,NA,NA,0.998623132075833
SNP8487,18,125831943,NA,NA,NA,0.998623132075833
SNP8488,18,125831963,NA,NA,NA,0.998623132075833
SNP8489,18,125894121,NA,NA,NA,0.998623132075833
SNP8490,18,125965477,NA,NA,NA,0.998623132075833
SNP8491,18,125966663,NA,NA,NA,0.998623132075833
SNP8492,18,125972231,NA,NA,NA,0.998623132075833
SNP8493,18,125989864,NA,NA,NA,0.998623132075833
SNP8494,18,125991966,NA,NA,NA,0.998623132075833
SNP8495,18,126099357,NA,NA,NA,0.998623132075833
SNP8496,18,126192197,NA,NA,NA,0.998623132075833
SNP8497,18,126554167,NA,NA,NA,0.998623132075833
SNP8498,18,126593895,NA,NA,NA,0.998623132075833
SNP8499,18,126640765,NA,NA,NA,0.998623132075833
SNP8500,18,126660178,NA,NA,NA,0.998623132075833
SNP8501,18,126668369,NA,NA,NA,0.998623132075833
SNP8502,18,126684394,NA,NA,NA,0.998623132075833
SNP8503,18,126786803,NA,NA,NA,0.998623132075833
SNP8504,18,126843491,NA,NA,NA,0.998623132075833
SNP8505,18,126865856,NA,NA,NA,0.998623132075833
SNP8506,18,127120175,NA,NA,NA,0.998623132075833
SNP8507,18,127130759,NA,NA,NA,0.998623132075833
SNP8508,18,127142500,NA,NA,NA,0.998623132075833
SNP8509,18,127177465,NA,NA,NA,0.998623132075833
SNP8510,18,127267890,NA,NA,NA,0.998623132075833
SNP8511,18,127304285,NA,NA,NA,0.998623132075833
SNP8512,18,127321889,NA,NA,NA,0.998623132075833
SNP8513,18,127344041,NA,NA,NA,0.998623132075833
SNP8514,18,127823845,NA,NA,NA,0.998623132075833
SNP8515,18,127891086,NA,NA,NA,0.998623132075833
SNP8516,18,128054748,NA,NA,NA,0.994026668934478
SNP8517,18,128127385,NA,NA,NA,0.998623132075833
SNP8518,18,128130441,NA,NA,NA,0.998623132075833
SNP8519,18,128142947,NA,NA,NA,0.994026668934478
SNP8520,18,128161914,NA,NA,NA,0.998623132075833
SNP8521,18,128176752,NA,NA,NA,0.998623132075833
SNP8522,18,128266763,NA,NA,NA,0.998623132075833
SNP8523,18,128314173,NA,NA,NA,0.994026668934478
SNP8524,18,128389501,NA,NA,NA,0.998623132075833
SNP8525,18,128560993,NA,NA,NA,0.998623132075833
SNP8526,18,128826601,NA,NA,NA,0.998623132075833
SNP8527,18,128843602,NA,NA,NA,0.998623132075833
SNP8528,18,128890872,NA,NA,NA,0.998623132075833
SNP8529,18,128909129,NA,NA,NA,0.998623132075833
SNP8530,18,128909268,NA,NA,NA,0.998623132075833
SNP8531,18,128965133,NA,NA,NA,0.998623132075833
SNP8532,18,129005860,NA,NA,NA,0.998623132075833
SNP8533,18,129102004,NA,NA,NA,0.998623132075833
SNP8534,18,129199206,NA,NA,NA,0.994026668934478
SNP8535,18,129311474,NA,NA,NA,0.998623132075833
SNP8536,18,129323492,NA,NA,NA,0.998623132075833
SNP8537,18,129379036,NA,NA,NA,0.998623132075833
SNP8538,18,129487219,NA,NA,NA,0.998623132075833
SNP8539,18,129540280,NA,NA,NA,0.998623132075833
SNP8540,18,129558379,NA,NA,NA,0.998623132075833
SNP8541,19,286944,NA,NA,NA,0.994026668934478
SNP8542,19,675002,NA,NA,NA,0.998623132075833
SNP8543,19,766595,NA,NA,NA,0.998623132075833
SNP8544,19,820430,NA,NA,NA,0.998623132075833
SNP8545,19,937770,NA,NA,NA,0.998623132075833
SNP8546,19,938600,NA,NA,NA,0.998623132075833
SNP8547,19,956949,NA,NA,NA,0.998623132075833
SNP8548,19,982812,NA,NA,NA,0.998623132075833
SNP8549,19,1121266,NA,NA,NA,0.998623132075833
SNP8550,19,1197723,NA,NA,NA,0.998623132075833
SNP8551,19,1248560,NA,NA,NA,0.998623132075833
SNP8552,19,1269074,NA,NA,NA,0.998623132075833
SNP8553,19,1288873,NA,NA,NA,0.998623132075833
SNP8554,19,1384163,NA,NA,NA,0.998623132075833
SNP8555,19,1394776,NA,NA,NA,0.998623132075833
SNP8556,19,1404687,NA,NA,NA,0.994026668934478
SNP8557,19,1408953,NA,NA,NA,0.998623132075833
SNP8558,19,1519585,NA,NA,NA,0.957720023675892
SNP8559,19,1522958,NA,NA,NA,0.998623132075833
SNP8560,19,1902158,NA,NA,NA,0.998623132075833
SNP8561,19,1966917,NA,NA,NA,0.998623132075833
SNP8562,19,2036451,NA,NA,NA,0.998623132075833
SNP8563,19,2104500,NA,NA,NA,0.998623132075833
SNP8564,19,2115207,NA,NA,NA,0.998623132075833
SNP8565,19,2343453,NA,NA,NA,0.998623132075833
SNP8566,19,2364873,NA,NA,NA,0.998623132075833
SNP8567,19,2445419,NA,NA,NA,0.998623132075833
SNP8568,19,2629938,NA,NA,NA,0.998623132075833
SNP8569,19,2629940,NA,NA,NA,0.994026668934478
SNP8570,19,2966167,NA,NA,NA,0.998623132075833
SNP8571,19,3098893,NA,NA,NA,0.998623132075833
SNP8572,19,3194751,NA,NA,NA,0.998623132075833
SNP8573,19,3302580,NA,NA,NA,0.998623132075833
SNP8574,19,3535864,NA,NA,NA,0.998623132075833
SNP8575,19,3689908,NA,NA,NA,0.998623132075833
SNP8576,19,3698507,NA,NA,NA,0.998623132075833
SNP8577,19,3847590,NA,NA,NA,0.998623132075833
SNP8578,19,4394438,NA,NA,NA,0.998623132075833
SNP8579,19,4413702,NA,NA,NA,0.998623132075833
SNP8580,19,4536600,NA,NA,NA,0.998623132075833
SNP8581,19,4619500,NA,NA,NA,0.998623132075833
SNP8582,19,4624873,NA,NA,NA,0.998623132075833
SNP8583,19,4628942,NA,NA,NA,0.998623132075833
SNP8584,19,4689058,NA,NA,NA,0.998623132075833
SNP8585,19,4722481,NA,NA,NA,0.998623132075833
SNP8586,19,4735972,NA,NA,NA,0.998623132075833
SNP8587,19,5061074,NA,NA,NA,0.998623132075833
SNP8588,19,5080013,NA,NA,NA,0.998623132075833
SNP8589,19,5085113,NA,NA,NA,0.998623132075833
SNP8590,19,5189475,NA,NA,NA,0.998623132075833
SNP8591,19,5255367,NA,NA,NA,0.998623132075833
SNP8592,19,5566905,NA,NA,NA,0.998623132075833
SNP8593,19,5599451,NA,NA,NA,0.998623132075833
SNP8594,19,5654763,NA,NA,NA,0.510227337290861
SNP8595,19,5743986,NA,NA,NA,0.998623132075833
SNP8596,19,5797154,NA,NA,NA,0.998623132075833
SNP8597,19,5828096,NA,NA,NA,0.998623132075833
SNP8598,19,5961282,NA,NA,NA,0.998623132075833
SNP8599,19,6029124,NA,NA,NA,0.998623132075833
SNP8600,19,6211744,NA,NA,NA,0.998623132075833
SNP8601,19,6415165,NA,NA,NA,0.998623132075833
SNP8602,19,6452106,NA,NA,NA,0.998623132075833
SNP8603,19,6487149,NA,NA,NA,0.998623132075833
SNP8604,19,6511599,NA,NA,NA,0.998623132075833
SNP8605,19,6586017,NA,NA,NA,0.998623132075833
SNP8606,19,6646851,NA,NA,NA,0.998623132075833
SNP8607,19,6790419,NA,NA,NA,0.998623132075833
SNP8608,19,6955520,NA,NA,NA,0.998623132075833
SNP8609,19,6961062,NA,NA,NA,0.998623132075833
SNP8610,19,7010736,NA,NA,NA,0.998623132075833
SNP8611,19,7270906,NA,NA,NA,0.998623132075833
SNP8612,19,7394464,NA,NA,NA,0.998623132075833
SNP8613,19,7495640,NA,NA,NA,0.998623132075833
SNP8614,19,7854673,NA,NA,NA,0.998623132075833
SNP8615,19,7948274,NA,NA,NA,0.998623132075833
SNP8616,19,7980192,NA,NA,NA,0.999485652294136
SNP8617,19,7987206,NA,NA,NA,0.998623132075833
SNP8618,19,7989408,NA,NA,NA,0.994026668934478
SNP8619,19,8000276,NA,NA,NA,0.994026668934478
SNP8620,19,8000310,NA,NA,NA,0.998623132075833
SNP8621,19,8193949,NA,NA,NA,0.994026668934478
SNP8622,19,8407980,NA,NA,NA,0.998623132075833
SNP8623,19,8408566,NA,NA,NA,0.998623132075833
SNP8624,19,8593235,NA,NA,NA,0.998623132075833
SNP8625,19,8910356,NA,NA,NA,0.998623132075833
SNP8626,19,9051850,NA,NA,NA,0.994026668934478
SNP8627,19,9145577,NA,NA,NA,0.999464215645636
SNP8628,19,9146491,NA,NA,NA,0.998623132075833
SNP8629,19,9374882,NA,NA,NA,0.998623132075833
SNP8630,19,9496312,NA,NA,NA,0.994026668934478
SNP8631,19,9587962,NA,NA,NA,0.998623132075833
SNP8632,19,9776423,NA,NA,NA,0.998623132075833
SNP8633,19,10113434,NA,NA,NA,0.998623132075833
SNP8634,19,10147019,NA,NA,NA,0.998623132075833
SNP8635,19,10203689,NA,NA,NA,0.998623132075833
SNP8636,19,10219908,NA,NA,NA,0.998623132075833
SNP8637,19,10509117,NA,NA,NA,0.998623132075833
SNP8638,19,10593187,NA,NA,NA,0.998623132075833
SNP8639,19,10689285,NA,NA,NA,0.998623132075833
SNP8640,19,10735224,NA,NA,NA,0.998623132075833
SNP8641,19,10735371,NA,NA,NA,0.998623132075833
SNP8642,19,10764711,NA,NA,NA,0.61238892569374
SNP8643,19,10801176,NA,NA,NA,0.998623132075833
SNP8644,19,10930606,NA,NA,NA,0.998623132075833
SNP8645,19,11016521,NA,NA,NA,0.998623132075833
SNP8646,19,11050240,NA,NA,NA,0.998623132075833
SNP8647,19,11079568,NA,NA,NA,0.998623132075833
SNP8648,19,11216899,NA,NA,NA,0.998623132075833
SNP8649,19,11307954,NA,NA,NA,0.994026668934478
SNP8650,19,11477865,NA,NA,NA,0.994026668934478
SNP8651,19,11667494,NA,NA,NA,0.998623132075833
SNP8652,19,12279083,NA,NA,NA,0.998623132075833
SNP8653,19,12439573,NA,NA,NA,0.998623132075833
SNP8654,19,12441889,NA,NA,NA,0.998623132075833
SNP8655,19,12518764,NA,NA,NA,0.998623132075833
SNP8656,19,12571709,NA,NA,NA,0.998623132075833
SNP8657,19,12642604,NA,NA,NA,0.150867368629541
SNP8658,19,12658004,NA,NA,NA,0.998623132075833
SNP8659,19,12919730,NA,NA,NA,0.998623132075833
SNP8660,19,13151882,NA,NA,NA,0.998623132075833
SNP8661,19,13242455,NA,NA,NA,0.998623132075833
SNP8662,19,13280390,NA,NA,NA,0.998623132075833
SNP8663,19,13323947,NA,NA,NA,0.998623132075833
SNP8664,19,13334367,NA,NA,NA,0.998623132075833
SNP8665,19,13444854,NA,NA,NA,0.998623132075833
SNP8666,19,13687958,NA,NA,NA,0.998623132075833
SNP8667,19,13702079,NA,NA,NA,0.998623132075833
SNP8668,19,13708701,NA,NA,NA,0.998623132075833
SNP8669,19,13850529,NA,NA,NA,0.998623132075833
SNP8670,19,13907685,NA,NA,NA,0.998623132075833
SNP8671,19,13912333,NA,NA,NA,0.998623132075833
SNP8672,19,13912968,NA,NA,NA,0.998623132075833
SNP8673,19,14035568,NA,NA,NA,0.998623132075833
SNP8674,19,14197823,NA,NA,NA,0.998623132075833
SNP8675,19,14198288,NA,NA,NA,0.998623132075833
SNP8676,19,14199396,NA,NA,NA,0.998623132075833
SNP8677,19,14634928,NA,NA,NA,0.998623132075833
SNP8678,19,14754621,NA,NA,NA,0.998623132075833
SNP8679,19,14818494,NA,NA,NA,0.998623132075833
SNP8680,19,14844154,NA,NA,NA,0.998623132075833
SNP8681,19,14946426,NA,NA,NA,0.998623132075833
SNP8682,19,14965161,NA,NA,NA,0.998623132075833
SNP8683,19,15022638,NA,NA,NA,0.998623132075833
SNP8684,19,15133195,NA,NA,NA,0.998623132075833
SNP8685,19,15175656,NA,NA,NA,0.998623132075833
SNP8686,19,15199292,NA,NA,NA,0.998623132075833
SNP8687,19,15282053,NA,NA,NA,0.998623132075833
SNP8688,19,15290052,NA,NA,NA,0.998623132075833
SNP8689,19,15346994,NA,NA,NA,0.998623132075833
SNP8690,19,15369573,NA,NA,NA,0.998623132075833
SNP8691,19,15374549,NA,NA,NA,0.998623132075833
SNP8692,19,15534036,NA,NA,NA,0.998623132075833
SNP8693,19,15652522,NA,NA,NA,0.998623132075833
SNP8694,19,15668373,NA,NA,NA,0.998623132075833
SNP8695,19,15676572,NA,NA,NA,0.998623132075833
SNP8696,19,15676712,NA,NA,NA,0.998623132075833
SNP8697,19,15706573,NA,NA,NA,0.994026668934478
SNP8698,19,16040604,NA,NA,NA,0.998623132075833
SNP8699,19,16055205,NA,NA,NA,0.998623132075833
SNP8700,19,16056278,NA,NA,NA,0.998623132075833
SNP8701,19,16089845,NA,NA,NA,0.998623132075833
SNP8702,19,16115600,NA,NA,NA,0.998623132075833
SNP8703,19,16167500,NA,NA,NA,0.998623132075833
SNP8704,19,16216003,NA,NA,NA,0.998623132075833
SNP8705,19,16216619,NA,NA,NA,0.998623132075833
SNP8706,19,16217001,NA,NA,NA,0.998623132075833
SNP8707,19,16237557,NA,NA,NA,0.998623132075833
SNP8708,19,16238235,NA,NA,NA,0.998623132075833
SNP8709,19,16249906,NA,NA,NA,0.998623132075833
SNP8710,19,16420250,NA,NA,NA,0.998623132075833
SNP8711,19,16421365,NA,NA,NA,0.998623132075833
SNP8712,19,16442099,NA,NA,NA,0.998623132075833
SNP8713,19,16487288,NA,NA,NA,0.998623132075833
SNP8714,19,16487738,NA,NA,NA,0.998623132075833
SNP8715,19,16489374,NA,NA,NA,0.998623132075833
SNP8716,19,16577156,NA,NA,NA,0.998623132075833
SNP8717,19,16719713,NA,NA,NA,0.998623132075833
SNP8718,19,16725910,NA,NA,NA,0.998623132075833
SNP8719,19,16740698,NA,NA,NA,0.998623132075833
SNP8720,19,16846260,NA,NA,NA,0.998623132075833
SNP8721,19,16856457,NA,NA,NA,0.757565382835618
SNP8722,19,16997351,NA,NA,NA,0.998623132075833
SNP8723,19,16998270,NA,NA,NA,0.998623132075833
SNP8724,19,17045316,NA,NA,NA,0.994026668934478
SNP8725,19,17225859,NA,NA,NA,0.998623132075833
SNP8726,19,17238780,NA,NA,NA,0.998623132075833
SNP8727,19,17409283,NA,NA,NA,0.998623132075833
SNP8728,19,17413618,NA,NA,NA,0.998623132075833
SNP8729,19,17545605,NA,NA,NA,0.998623132075833
SNP8730,19,17546199,NA,NA,NA,0.998623132075833
SNP8731,19,17621120,NA,NA,NA,0.957871254745978
SNP8732,19,17626202,NA,NA,NA,0.998623132075833
SNP8733,19,17737660,NA,NA,NA,0.998623132075833
SNP8734,19,17833751,NA,NA,NA,0.994026668934478
SNP8735,19,17932266,NA,NA,NA,0.998623132075833
SNP8736,19,17995674,NA,NA,NA,0.994026668934478
SNP8737,19,17997756,NA,NA,NA,0.998623132075833
SNP8738,19,18008727,NA,NA,NA,0.998623132075833
SNP8739,19,18030354,NA,NA,NA,0.998623132075833
SNP8740,19,18257542,NA,NA,NA,0.998623132075833
SNP8741,19,18323876,NA,NA,NA,0.998623132075833
SNP8742,19,18359068,NA,NA,NA,0.998623132075833
SNP8743,19,18386171,NA,NA,NA,0.998623132075833
SNP8744,19,18482880,NA,NA,NA,0.998623132075833
SNP8745,19,18588406,NA,NA,NA,0.998623132075833
SNP8746,19,18595871,NA,NA,NA,0.998623132075833
SNP8747,19,18606359,NA,NA,NA,0.998623132075833
SNP8748,19,18750579,NA,NA,NA,0.998623132075833
SNP8749,19,18820865,NA,NA,NA,0.994026668934478
SNP8750,19,18850892,NA,NA,NA,0.998623132075833
SNP8751,19,18852101,NA,NA,NA,0.998623132075833
SNP8752,19,19099204,NA,NA,NA,0.998623132075833
SNP8753,19,19338139,NA,NA,NA,0.994026668934478
SNP8754,19,19382838,NA,NA,NA,0.998623132075833
SNP8755,19,19383459,NA,NA,NA,0.998623132075833
SNP8756,19,19399259,NA,NA,NA,0.957720023675892
SNP8757,19,19422512,NA,NA,NA,0.998623132075833
SNP8758,19,19425414,NA,NA,NA,0.998623132075833
SNP8759,19,19453993,NA,NA,NA,0.998623132075833
SNP8760,19,19607810,NA,NA,NA,0.998623132075833
SNP8761,19,19634797,NA,NA,NA,0.998623132075833
SNP8762,19,19728293,NA,NA,NA,0.994026668934478
SNP8763,19,19821731,NA,NA,NA,0.998623132075833
SNP8764,19,19856290,NA,NA,NA,0.998623132075833
SNP8765,19,19905761,NA,NA,NA,0.998623132075833
SNP8766,19,19914780,NA,NA,NA,0.998623132075833
SNP8767,19,19949423,NA,NA,NA,0.998623132075833
SNP8768,19,19951109,NA,NA,NA,0.998623132075833
SNP8769,19,19984988,NA,NA,NA,0.998623132075833
SNP8770,19,20117432,NA,NA,NA,0.998623132075833
SNP8771,19,20128062,NA,NA,NA,0.998623132075833
SNP8772,19,20274297,NA,NA,NA,0.998623132075833
SNP8773,19,20379522,NA,NA,NA,0.998623132075833
SNP8774,19,20382959,NA,NA,NA,0.998623132075833
SNP8775,19,20410357,NA,NA,NA,0.994026668934478
SNP8776,19,20438599,NA,NA,NA,0.998623132075833
SNP8777,19,20468869,NA,NA,NA,0.998623132075833
SNP8778,19,20485120,NA,NA,NA,0.998623132075833
SNP8779,19,20598327,NA,NA,NA,0.998623132075833
SNP8780,19,20602035,NA,NA,NA,0.998623132075833
SNP8781,19,20794761,NA,NA,NA,0.998623132075833
SNP8782,19,20904359,NA,NA,NA,0.998623132075833
SNP8783,19,20938307,NA,NA,NA,0.998623132075833
SNP8784,19,20982645,NA,NA,NA,0.998623132075833
SNP8785,19,21038031,NA,NA,NA,0.998623132075833
SNP8786,19,21047895,NA,NA,NA,0.994026668934478
SNP8787,19,21281280,NA,NA,NA,0.998623132075833
SNP8788,19,21548085,NA,NA,NA,0.994026668934478
SNP8789,19,21589261,NA,NA,NA,0.998623132075833
SNP8790,19,21634234,NA,NA,NA,0.998623132075833
SNP8791,19,21656335,NA,NA,NA,0.998623132075833
SNP8792,19,21694781,NA,NA,NA,0.998623132075833
SNP8793,19,21698584,NA,NA,NA,0.998623132075833
SNP8794,19,21725711,NA,NA,NA,0.998623132075833
SNP8795,19,21840344,NA,NA,NA,0.998623132075833
SNP8796,19,21888403,NA,NA,NA,0.998623132075833
SNP8797,19,21888442,NA,NA,NA,0.998623132075833
SNP8798,19,21889134,NA,NA,NA,0.998623132075833
SNP8799,19,21954257,NA,NA,NA,0.998623132075833
SNP8800,19,21996682,NA,NA,NA,0.998623132075833
SNP8801,19,22020823,NA,NA,NA,0.113642530978559
SNP8802,19,22264901,NA,NA,NA,0.994026668934478
SNP8803,19,22269056,NA,NA,NA,0.994026668934478
SNP8804,19,22321426,NA,NA,NA,0.998623132075833
SNP8805,19,22420299,NA,NA,NA,0.998623132075833
SNP8806,19,22420833,NA,NA,NA,0.998623132075833
SNP8807,19,22448880,NA,NA,NA,0.998623132075833
SNP8808,19,22470416,NA,NA,NA,0.998623132075833
SNP8809,19,22472026,NA,NA,NA,0.998623132075833
SNP8810,19,22481492,NA,NA,NA,0.998623132075833
SNP8811,19,22485068,NA,NA,NA,0.998623132075833
SNP8812,19,22504616,NA,NA,NA,0.998623132075833
SNP8813,19,22572200,NA,NA,NA,0.994026668934478
SNP8814,19,22619696,NA,NA,NA,0.998623132075833
SNP8815,19,22621151,NA,NA,NA,0.998623132075833
SNP8816,19,22716885,NA,NA,NA,0.96101256609096
SNP8817,19,22726807,NA,NA,NA,0.998623132075833
SNP8818,19,22830206,NA,NA,NA,0.998623132075833
SNP8819,19,22899057,NA,NA,NA,0.998623132075833
SNP8820,19,23502814,NA,NA,NA,0.998623132075833
SNP8821,19,23519510,NA,NA,NA,0.998623132075833
SNP8822,19,23593322,NA,NA,NA,0.998623132075833
SNP8823,19,23593673,NA,NA,NA,0.998623132075833
SNP8824,19,23593690,NA,NA,NA,0.998623132075833
SNP8825,19,23697892,NA,NA,NA,0.983465069927344
SNP8826,19,23820896,NA,NA,NA,0.998623132075833
SNP8827,19,23836642,NA,NA,NA,0.998623132075833
SNP8828,19,23872097,NA,NA,NA,0.998623132075833
SNP8829,19,23960907,NA,NA,NA,0.998623132075833
SNP8830,19,24105336,NA,NA,NA,0.998623132075833
SNP8831,19,24282363,NA,NA,NA,0.968678106009788
SNP8832,19,24298498,NA,NA,NA,0.242258510192318
SNP8833,19,24415822,NA,NA,NA,0.998623132075833
SNP8834,19,24849655,NA,NA,NA,0.998623132075833
SNP8835,19,25193354,NA,NA,NA,0.998623132075833
SNP8836,19,25204171,NA,NA,NA,0.998623132075833
SNP8837,19,25221600,NA,NA,NA,0.998623132075833
SNP8838,19,25297836,NA,NA,NA,0.998623132075833
SNP8839,19,25301106,NA,NA,NA,0.998623132075833
SNP8840,19,25333146,NA,NA,NA,0.113642530978559
SNP8841,19,25336875,NA,NA,NA,0.998623132075833
SNP8842,19,25488361,NA,NA,NA,0.998623132075833
SNP8843,19,25492042,NA,NA,NA,0.998623132075833
SNP8844,19,25526305,NA,NA,NA,0.998623132075833
SNP8845,19,25547926,NA,NA,NA,0.998623132075833
SNP8846,19,25745332,NA,NA,NA,0.998623132075833
SNP8847,19,25807597,NA,NA,NA,0.998623132075833
SNP8848,19,25867549,NA,NA,NA,0.998623132075833
SNP8849,19,26033595,NA,NA,NA,0.998623132075833
SNP8850,19,26148551,NA,NA,NA,0.998623132075833
SNP8851,19,26207513,NA,NA,NA,0.994026668934478
SNP8852,19,26229677,NA,NA,NA,0.998623132075833
SNP8853,19,26307124,NA,NA,NA,0.994026668934478
SNP8854,19,26321850,NA,NA,NA,0.998623132075833
SNP8855,19,26326426,NA,NA,NA,0.998623132075833
SNP8856,19,26328868,NA,NA,NA,0.998623132075833
SNP8857,19,26332300,NA,NA,NA,0.998623132075833
SNP8858,19,26625250,NA,NA,NA,0.998623132075833
SNP8859,19,26728176,NA,NA,NA,0.998623132075833
SNP8860,19,26811261,NA,NA,NA,0.998623132075833
SNP8861,19,26825451,NA,NA,NA,0.994026668934478
SNP8862,19,27088891,NA,NA,NA,0.994026668934478
SNP8863,19,27089080,NA,NA,NA,0.998623132075833
SNP8864,19,27105671,NA,NA,NA,0.998623132075833
SNP8865,19,27159148,NA,NA,NA,0.998623132075833
SNP8866,19,27219023,NA,NA,NA,0.998623132075833
SNP8867,19,27341995,NA,NA,NA,0.998623132075833
SNP8868,19,27401802,NA,NA,NA,0.994026668934478
SNP8869,19,27402898,NA,NA,NA,0.998623132075833
SNP8870,19,27446871,NA,NA,NA,0.998623132075833
SNP8871,19,27516489,NA,NA,NA,0.994026668934478
SNP8872,19,27581493,NA,NA,NA,0.998623132075833
SNP8873,19,27601803,NA,NA,NA,0.998623132075833
SNP8874,19,27614363,NA,NA,NA,0.998623132075833
SNP8875,19,27639081,NA,NA,NA,0.998623132075833
SNP8876,19,27656659,NA,NA,NA,0.998623132075833
SNP8877,19,27852924,NA,NA,NA,0.998623132075833
SNP8878,19,27936266,NA,NA,NA,0.998623132075833
SNP8879,19,27940344,NA,NA,NA,0.998623132075833
SNP8880,19,27948368,NA,NA,NA,0.998623132075833
SNP8881,19,27948702,NA,NA,NA,0.998623132075833
SNP8882,19,28016578,NA,NA,NA,0.998623132075833
SNP8883,19,28017021,NA,NA,NA,0.998623132075833
SNP8884,19,28028660,NA,NA,NA,0.998623132075833
SNP8885,19,28044488,NA,NA,NA,0.998623132075833
SNP8886,19,28105108,NA,NA,NA,0.998623132075833
SNP8887,19,28283460,NA,NA,NA,0.998623132075833
SNP8888,19,28334973,NA,NA,NA,0.998623132075833
SNP8889,19,28391900,NA,NA,NA,0.998623132075833
SNP8890,19,28736648,NA,NA,NA,0.998623132075833
SNP8891,19,28749571,NA,NA,NA,0.998623132075833
SNP8892,19,29052742,NA,NA,NA,0.994026668934478
SNP8893,19,29121409,NA,NA,NA,0.998623132075833
SNP8894,19,29316068,NA,NA,NA,0.998623132075833
SNP8895,19,29774515,NA,NA,NA,0.998623132075833
SNP8896,19,29973478,NA,NA,NA,0.998623132075833
SNP8897,19,29985356,NA,NA,NA,0.998623132075833
SNP8898,19,30140809,NA,NA,NA,0.998623132075833
SNP8899,19,30206990,NA,NA,NA,0.796467738819195
SNP8900,19,30213656,NA,NA,NA,0.796467738819195
SNP8901,19,30271418,NA,NA,NA,0.998623132075833
SNP8902,19,30277173,NA,NA,NA,0.998623132075833
SNP8903,19,30380402,NA,NA,NA,0.998623132075833
SNP8904,19,30550178,NA,NA,NA,0.998623132075833
SNP8905,19,30599411,NA,NA,NA,0.998623132075833
SNP8906,19,30602247,NA,NA,NA,0.998623132075833
SNP8907,19,30660020,NA,NA,NA,0.998623132075833
SNP8908,19,30992431,NA,NA,NA,0.998623132075833
SNP8909,19,31006396,NA,NA,NA,0.998623132075833
SNP8910,19,31220932,NA,NA,NA,0.998623132075833
SNP8911,19,31293188,NA,NA,NA,0.998623132075833
SNP8912,19,31328716,NA,NA,NA,0.998623132075833
SNP8913,19,31360046,NA,NA,NA,0.998623132075833
SNP8914,19,31457480,NA,NA,NA,0.998623132075833
SNP8915,19,31462776,NA,NA,NA,0.113642530978559
SNP8916,19,31678842,NA,NA,NA,0.998623132075833
SNP8917,19,31961137,NA,NA,NA,0.998623132075833
SNP8918,19,32059519,NA,NA,NA,0.998623132075833
SNP8919,19,32467198,NA,NA,NA,0.998623132075833
SNP8920,19,32569820,NA,NA,NA,0.998623132075833
SNP8921,19,32663437,NA,NA,NA,0.998623132075833
SNP8922,19,32996192,NA,NA,NA,0.998623132075833
SNP8923,19,33260063,NA,NA,NA,0.998623132075833
SNP8924,19,33424922,NA,NA,NA,0.998623132075833
SNP8925,19,33596880,NA,NA,NA,0.994026668934478
SNP8926,19,33678827,NA,NA,NA,0.998623132075833
SNP8927,19,33726757,NA,NA,NA,0.994026668934478
SNP8928,19,33755448,NA,NA,NA,0.998623132075833
SNP8929,19,33798605,NA,NA,NA,0.998623132075833
SNP8930,19,33813693,NA,NA,NA,0.998623132075833
SNP8931,19,33827245,NA,NA,NA,0.998623132075833
SNP8932,19,33830390,NA,NA,NA,0.998623132075833
SNP8933,19,33844714,NA,NA,NA,0.998623132075833
SNP8934,19,34053003,NA,NA,NA,0.998623132075833
SNP8935,19,34602679,NA,NA,NA,0.998623132075833
SNP8936,19,34604191,NA,NA,NA,0.998623132075833
SNP8937,19,34604870,NA,NA,NA,0.998623132075833
SNP8938,19,34622262,NA,NA,NA,0.998623132075833
SNP8939,19,34670831,NA,NA,NA,0.998623132075833
SNP8940,19,34674964,NA,NA,NA,0.998623132075833
SNP8941,19,34759134,NA,NA,NA,0.998623132075833
SNP8942,19,34764445,NA,NA,NA,0.998623132075833
SNP8943,19,34765063,NA,NA,NA,0.998623132075833
SNP8944,19,34794310,NA,NA,NA,0.998623132075833
SNP8945,19,34794464,NA,NA,NA,0.998623132075833
SNP8946,19,35290337,NA,NA,NA,0.998623132075833
SNP8947,19,35308419,NA,NA,NA,0.994026668934478
SNP8948,19,35320343,NA,NA,NA,0.998623132075833
SNP8949,19,35767700,NA,NA,NA,0.998623132075833
SNP8950,19,35904903,NA,NA,NA,0.113642530978559
SNP8951,19,36090392,NA,NA,NA,0.998623132075833
SNP8952,19,36147458,NA,NA,NA,0.998623132075833
SNP8953,19,36425111,NA,NA,NA,0.998623132075833
SNP8954,19,36724846,NA,NA,NA,0.998623132075833
SNP8955,19,36748701,NA,NA,NA,0.998623132075833
SNP8956,19,36907296,NA,NA,NA,0.998623132075833
SNP8957,19,36995120,NA,NA,NA,0.998623132075833
SNP8958,19,36997045,NA,NA,NA,0.998623132075833
SNP8959,19,37071798,NA,NA,NA,0.998623132075833
SNP8960,19,37133451,NA,NA,NA,0.998623132075833
SNP8961,19,37260777,NA,NA,NA,0.998623132075833
SNP8962,19,37261596,NA,NA,NA,0.998623132075833
SNP8963,19,37285764,NA,NA,NA,0.998623132075833
SNP8964,19,37319820,NA,NA,NA,0.998623132075833
SNP8965,19,37351303,NA,NA,NA,0.998623132075833
SNP8966,19,37807154,NA,NA,NA,0.998623132075833
SNP8967,19,38203524,NA,NA,NA,0.994026668934478
SNP8968,19,38642209,NA,NA,NA,0.998623132075833
SNP8969,19,38669623,NA,NA,NA,0.998623132075833
SNP8970,19,38729284,NA,NA,NA,0.998623132075833
SNP8971,19,38738935,NA,NA,NA,0.998623132075833
SNP8972,19,38829376,NA,NA,NA,0.998623132075833
SNP8973,19,38973158,NA,NA,NA,0.998623132075833
SNP8974,19,39039706,NA,NA,NA,0.998623132075833
SNP8975,19,39119911,NA,NA,NA,0.998623132075833
SNP8976,19,39134672,NA,NA,NA,0.998623132075833
SNP8977,19,39154298,NA,NA,NA,0.998623132075833
SNP8978,19,39426638,NA,NA,NA,0.998623132075833
SNP8979,19,39652114,NA,NA,NA,0.998623132075833
SNP8980,19,39859390,NA,NA,NA,0.998623132075833
SNP8981,19,39859395,NA,NA,NA,0.998623132075833
SNP8982,19,40167055,NA,NA,NA,0.998623132075833
SNP8983,19,40209864,NA,NA,NA,0.998623132075833
SNP8984,19,40246626,NA,NA,NA,0.994026668934478
SNP8985,19,40372853,NA,NA,NA,0.998623132075833
SNP8986,19,40373703,NA,NA,NA,0.994026668934478
SNP8987,19,40381104,NA,NA,NA,0.994026668934478
SNP8988,19,40381353,NA,NA,NA,0.998623132075833
SNP8989,19,40558778,NA,NA,NA,0.998623132075833
SNP8990,19,40559260,NA,NA,NA,0.998623132075833
SNP8991,19,40649702,NA,NA,NA,0.998623132075833
SNP8992,19,41291477,NA,NA,NA,0.998623132075833
SNP8993,19,41291576,NA,NA,NA,0.113642530978559
SNP8994,19,41291836,NA,NA,NA,0.998623132075833
SNP8995,19,41291921,NA,NA,NA,0.998623132075833
SNP8996,19,41312068,NA,NA,NA,0.994026668934478
SNP8997,19,41393158,NA,NA,NA,0.998623132075833
SNP8998,19,41550247,NA,NA,NA,0.998623132075833
SNP8999,19,41678895,NA,NA,NA,0.998623132075833
SNP9000,19,41747624,NA,NA,NA,0.998623132075833
SNP9001,19,41864644,NA,NA,NA,0.998623132075833
SNP9002,19,41870579,NA,NA,NA,0.998623132075833
SNP9003,19,41894859,NA,NA,NA,0.998623132075833
SNP9004,19,41919197,NA,NA,NA,0.998623132075833
SNP9005,19,42086775,NA,NA,NA,0.998623132075833
SNP9006,19,42114169,NA,NA,NA,0.998623132075833
SNP9007,19,42244869,NA,NA,NA,0.998623132075833
SNP9008,19,42487565,NA,NA,NA,0.998623132075833
SNP9009,19,42487943,NA,NA,NA,0.998623132075833
SNP9010,19,42498253,NA,NA,NA,0.998623132075833
SNP9011,19,42710924,NA,NA,NA,0.998623132075833
SNP9012,19,42712797,NA,NA,NA,0.998623132075833
SNP9013,19,42806155,NA,NA,NA,0.998623132075833
SNP9014,19,43483361,NA,NA,NA,0.998623132075833
SNP9015,19,43522339,NA,NA,NA,0.998623132075833
SNP9016,19,43573718,NA,NA,NA,0.998623132075833
SNP9017,19,43780598,NA,NA,NA,0.998623132075833
SNP9018,19,43999135,NA,NA,NA,0.998623132075833
SNP9019,19,44007168,NA,NA,NA,0.994026668934478
SNP9020,19,44017042,NA,NA,NA,0.998623132075833
SNP9021,19,44243381,NA,NA,NA,0.998623132075833
SNP9022,19,44252503,NA,NA,NA,0.998623132075833
SNP9023,19,44275198,NA,NA,NA,0.998623132075833
SNP9024,19,44278865,NA,NA,NA,0.998623132075833
SNP9025,19,44600895,NA,NA,NA,0.998856163447371
SNP9026,19,45229253,NA,NA,NA,0.998623132075833
SNP9027,19,45271982,NA,NA,NA,0.998623132075833
SNP9028,19,45424642,NA,NA,NA,0.998623132075833
SNP9029,19,45425499,NA,NA,NA,0.998623132075833
SNP9030,19,45706102,NA,NA,NA,0.998623132075833
SNP9031,19,46454910,NA,NA,NA,0.998623132075833
SNP9032,19,46477152,NA,NA,NA,0.998623132075833
SNP9033,19,46524468,NA,NA,NA,0.998623132075833
SNP9034,19,46533440,NA,NA,NA,0.998623132075833
SNP9035,19,46534794,NA,NA,NA,0.998623132075833
SNP9036,19,46672134,NA,NA,NA,0.998623132075833
SNP9037,19,47452096,NA,NA,NA,0.998623132075833
SNP9038,19,48427721,NA,NA,NA,0.998623132075833
SNP9039,19,48665895,NA,NA,NA,0.998623132075833
SNP9040,19,48701645,NA,NA,NA,0.998623132075833
SNP9041,19,48779450,NA,NA,NA,0.998623132075833
SNP9042,19,49155139,NA,NA,NA,0.998623132075833
SNP9043,19,49225661,NA,NA,NA,0.998623132075833
SNP9044,19,49228341,NA,NA,NA,0.998623132075833
SNP9045,19,49303295,NA,NA,NA,0.998623132075833
SNP9046,19,49516994,NA,NA,NA,0.998623132075833
SNP9047,19,49626113,NA,NA,NA,0.994026668934478
SNP9048,19,49853056,NA,NA,NA,0.998623132075833
SNP9049,19,49862187,NA,NA,NA,0.998623132075833
SNP9050,19,49871998,NA,NA,NA,0.998623132075833
SNP9051,19,49885184,NA,NA,NA,0.998623132075833
SNP9052,19,49918052,NA,NA,NA,0.998623132075833
SNP9053,19,49929660,NA,NA,NA,0.994026668934478
SNP9054,19,50026744,NA,NA,NA,0.998623132075833
SNP9055,19,50666499,NA,NA,NA,0.998623132075833
SNP9056,19,50792945,NA,NA,NA,0.998623132075833
SNP9057,19,50806457,NA,NA,NA,0.998623132075833
SNP9058,19,50876315,NA,NA,NA,0.113642530978559
SNP9059,19,50906473,NA,NA,NA,0.998623132075833
SNP9060,19,51056595,NA,NA,NA,0.998623132075833
SNP9061,19,51868157,NA,NA,NA,0.998623132075833
SNP9062,19,51873511,NA,NA,NA,0.998623132075833
SNP9063,19,51887793,NA,NA,NA,0.998623132075833
SNP9064,19,51906591,NA,NA,NA,0.998623132075833
SNP9065,19,51908577,NA,NA,NA,0.998623132075833
SNP9066,19,52102099,NA,NA,NA,0.998623132075833
SNP9067,19,52149711,NA,NA,NA,0.998623132075833
SNP9068,19,52271933,NA,NA,NA,0.998623132075833
SNP9069,19,52665240,NA,NA,NA,0.998623132075833
SNP9070,19,53690151,NA,NA,NA,0.998623132075833
SNP9071,19,53904571,NA,NA,NA,0.998623132075833
SNP9072,19,54318282,NA,NA,NA,0.998623132075833
SNP9073,19,54431240,NA,NA,NA,0.998623132075833
SNP9074,19,54524680,NA,NA,NA,0.998623132075833
SNP9075,19,54621633,NA,NA,NA,0.998623132075833
SNP9076,19,54623913,NA,NA,NA,0.998623132075833
SNP9077,19,54714174,NA,NA,NA,0.998623132075833
SNP9078,19,55040598,NA,NA,NA,0.998623132075833
SNP9079,19,55259514,NA,NA,NA,0.998623132075833
SNP9080,19,55407656,NA,NA,NA,0.998623132075833
SNP9081,19,56316634,NA,NA,NA,0.998623132075833
SNP9082,19,56647955,NA,NA,NA,0.998623132075833
SNP9083,19,56819860,NA,NA,NA,0.998623132075833
SNP9084,19,56827394,NA,NA,NA,0.998623132075833
SNP9085,19,57125979,NA,NA,NA,0.998623132075833
SNP9086,19,57207627,NA,NA,NA,0.96101256609096
SNP9087,19,57212076,NA,NA,NA,0.998623132075833
SNP9088,19,57226088,NA,NA,NA,0.998623132075833
SNP9089,19,57402933,NA,NA,NA,0.317309880830284
SNP9090,19,57581036,NA,NA,NA,0.994026668934478
SNP9091,19,57818194,NA,NA,NA,0.998623132075833
SNP9092,19,58056715,NA,NA,NA,0.998623132075833
SNP9093,19,58234907,NA,NA,NA,0.998623132075833
SNP9094,19,58585458,NA,NA,NA,0.998623132075833
SNP9095,19,59694413,NA,NA,NA,0.998623132075833
SNP9096,19,60908916,NA,NA,NA,0.998623132075833
SNP9097,19,61194487,NA,NA,NA,0.998623132075833
SNP9098,19,61655789,NA,NA,NA,0.998623132075833
SNP9099,19,62567529,NA,NA,NA,0.998623132075833
SNP9100,19,63556577,NA,NA,NA,0.998856163447371
SNP9101,19,65090628,NA,NA,NA,0.998623132075833
SNP9102,19,65424103,NA,NA,NA,0.998623132075833
SNP9103,19,66939714,NA,NA,NA,0.998623132075833
SNP9104,19,67473593,NA,NA,NA,0.998623132075833
SNP9105,19,70221497,NA,NA,NA,0.998623132075833
SNP9106,19,70749080,NA,NA,NA,0.998623132075833
SNP9107,19,70889439,NA,NA,NA,0.998623132075833
SNP9108,19,70954442,NA,NA,NA,0.998623132075833
SNP9109,19,71169996,NA,NA,NA,0.998623132075833
SNP9110,19,71580086,NA,NA,NA,0.998623132075833
SNP9111,19,71837148,NA,NA,NA,0.998623132075833
SNP9112,19,71878314,NA,NA,NA,0.998623132075833
SNP9113,19,72018716,NA,NA,NA,0.998623132075833
SNP9114,19,72056843,NA,NA,NA,0.998623132075833
SNP9115,19,72062501,NA,NA,NA,0.998623132075833
SNP9116,19,72064207,NA,NA,NA,0.998623132075833
SNP9117,19,72091870,NA,NA,NA,0.998623132075833
SNP9118,19,72562442,NA,NA,NA,0.998623132075833
SNP9119,19,73023889,NA,NA,NA,0.998623132075833
SNP9120,19,73387483,NA,NA,NA,0.998623132075833
SNP9121,19,73696188,NA,NA,NA,0.998623132075833
SNP9122,19,73700726,NA,NA,NA,0.998623132075833
SNP9123,19,73864065,NA,NA,NA,0.998623132075833
SNP9124,19,73917527,NA,NA,NA,0.998623132075833
SNP9125,19,74529361,NA,NA,NA,0.998623132075833
SNP9126,19,74559509,NA,NA,NA,0.998623132075833
SNP9127,19,75923761,NA,NA,NA,0.998623132075833
SNP9128,19,75924646,NA,NA,NA,0.998623132075833
SNP9129,19,75924935,NA,NA,NA,0.998623132075833
SNP9130,19,76100265,NA,NA,NA,0.998623132075833
SNP9131,19,76122277,NA,NA,NA,0.998623132075833
SNP9132,19,76303570,NA,NA,NA,0.998623132075833
SNP9133,19,76734200,NA,NA,NA,0.998623132075833
SNP9134,19,77168964,NA,NA,NA,0.998623132075833
SNP9135,19,77869162,NA,NA,NA,0.998623132075833
SNP9136,19,78128891,NA,NA,NA,0.998623132075833
SNP9137,19,78444808,NA,NA,NA,0.998623132075833
SNP9138,19,78524191,NA,NA,NA,0.998623132075833
SNP9139,19,79079986,NA,NA,NA,0.998623132075833
SNP9140,19,79232224,NA,NA,NA,0.998623132075833
SNP9141,19,79271009,NA,NA,NA,0.998623132075833
SNP9142,19,79872153,NA,NA,NA,0.998623132075833
SNP9143,19,79935601,NA,NA,NA,0.998623132075833
SNP9144,19,79944122,NA,NA,NA,0.998623132075833
SNP9145,19,79947783,NA,NA,NA,0.998623132075833
SNP9146,19,80271276,NA,NA,NA,0.998623132075833
SNP9147,19,80706151,NA,NA,NA,0.998623132075833
SNP9148,19,80771904,NA,NA,NA,0.998623132075833
SNP9149,19,80897713,NA,NA,NA,0.998623132075833
SNP9150,19,81279499,NA,NA,NA,0.998623132075833
SNP9151,19,81543784,NA,NA,NA,0.998623132075833
SNP9152,19,81615951,NA,NA,NA,0.998623132075833
SNP9153,19,81745412,NA,NA,NA,0.998623132075833
SNP9154,19,81886099,NA,NA,NA,0.998623132075833
SNP9155,19,83096824,NA,NA,NA,0.113642530978559
SNP9156,19,83109236,NA,NA,NA,0.998623132075833
SNP9157,19,83110182,NA,NA,NA,0.998623132075833
SNP9158,19,83115081,NA,NA,NA,0.998623132075833
SNP9159,19,83759727,NA,NA,NA,0.998623132075833
SNP9160,19,83811606,NA,NA,NA,0.998623132075833
SNP9161,19,83831198,NA,NA,NA,0.998623132075833
SNP9162,19,84154221,NA,NA,NA,0.998623132075833
SNP9163,19,84563778,NA,NA,NA,0.998623132075833
SNP9164,19,84574468,NA,NA,NA,0.998623132075833
SNP9165,19,84585067,NA,NA,NA,0.998623132075833
SNP9166,19,84856922,NA,NA,NA,0.998623132075833
SNP9167,19,85058928,NA,NA,NA,0.998623132075833
SNP9168,19,85159271,NA,NA,NA,0.998623132075833
SNP9169,19,85296437,NA,NA,NA,0.998623132075833
SNP9170,19,85337116,NA,NA,NA,0.998623132075833
SNP9171,19,86200529,NA,NA,NA,0.998623132075833
SNP9172,19,87810677,NA,NA,NA,0.998623132075833
SNP9173,19,87848548,NA,NA,NA,0.998623132075833
SNP9174,19,87876521,NA,NA,NA,0.998623132075833
SNP9175,19,87938739,NA,NA,NA,0.998623132075833
SNP9176,19,88312353,NA,NA,NA,0.998623132075833
SNP9177,19,88843698,NA,NA,NA,0.998623132075833
SNP9178,19,88853461,NA,NA,NA,0.998623132075833
SNP9179,19,88913026,NA,NA,NA,0.998623132075833
SNP9180,19,89694978,NA,NA,NA,0.998623132075833
SNP9181,19,89947935,NA,NA,NA,0.998623132075833
SNP9182,19,90105795,NA,NA,NA,0.998623132075833
SNP9183,19,90693454,NA,NA,NA,0.998623132075833
SNP9184,19,90796240,NA,NA,NA,0.998623132075833
SNP9185,19,90817710,NA,NA,NA,0.998623132075833
SNP9186,19,91031237,NA,NA,NA,0.998623132075833
SNP9187,19,91265831,NA,NA,NA,0.998623132075833
SNP9188,19,91715828,NA,NA,NA,0.998623132075833
SNP9189,19,91890795,NA,NA,NA,0.998623132075833
SNP9190,19,91919082,NA,NA,NA,0.998623132075833
SNP9191,19,92488478,NA,NA,NA,0.998623132075833
SNP9192,19,93092417,NA,NA,NA,0.998623132075833
SNP9193,19,93650220,NA,NA,NA,0.998623132075833
SNP9194,19,93714786,NA,NA,NA,0.998623132075833
SNP9195,19,94117298,NA,NA,NA,0.998623132075833
SNP9196,19,94514055,NA,NA,NA,0.998623132075833
SNP9197,19,94672920,NA,NA,NA,0.998623132075833
SNP9198,19,94799212,NA,NA,NA,0.998623132075833
SNP9199,19,94805957,NA,NA,NA,0.998623132075833
SNP9200,19,95100908,NA,NA,NA,0.998623132075833
SNP9201,19,95101792,NA,NA,NA,0.998623132075833
SNP9202,19,95158737,NA,NA,NA,0.998623132075833
SNP9203,19,95201540,NA,NA,NA,0.998623132075833
SNP9204,19,95295967,NA,NA,NA,0.998623132075833
SNP9205,19,95380662,NA,NA,NA,0.998623132075833
SNP9206,19,96148716,NA,NA,NA,0.998623132075833
SNP9207,19,96157589,NA,NA,NA,0.998623132075833
SNP9208,19,96834851,NA,NA,NA,0.998623132075833
SNP9209,19,97022938,NA,NA,NA,0.998623132075833
SNP9210,19,97172354,NA,NA,NA,0.998623132075833
SNP9211,19,97982184,NA,NA,NA,0.998623132075833
SNP9212,19,97989468,NA,NA,NA,0.998623132075833
SNP9213,19,98000242,NA,NA,NA,0.998623132075833
SNP9214,19,98004829,NA,NA,NA,0.998623132075833
SNP9215,19,98013137,NA,NA,NA,0.998623132075833
SNP9216,19,98586127,NA,NA,NA,0.998623132075833
SNP9217,19,98801729,NA,NA,NA,0.998623132075833
SNP9218,19,98838212,NA,NA,NA,0.998623132075833
SNP9219,19,98864235,NA,NA,NA,0.998623132075833
SNP9220,19,98986886,NA,NA,NA,0.998623132075833
SNP9221,19,99124224,NA,NA,NA,0.998623132075833
SNP9222,19,99144972,NA,NA,NA,0.998623132075833
SNP9223,19,99285975,NA,NA,NA,0.998623132075833
SNP9224,19,99292270,NA,NA,NA,0.998623132075833
SNP9225,19,99419452,NA,NA,NA,0.998623132075833
SNP9226,19,99435586,NA,NA,NA,0.998623132075833
SNP9227,19,100255454,NA,NA,NA,0.998623132075833
SNP9228,19,100388836,NA,NA,NA,0.998623132075833
SNP9229,19,100419209,NA,NA,NA,0.998623132075833
SNP9230,19,101395140,NA,NA,NA,0.998623132075833
SNP9232,19,101607488,NA,NA,NA,0.998623132075833
SNP9233,19,101701658,NA,NA,NA,0.998623132075833
SNP9234,19,101919526,NA,NA,NA,0.998623132075833
SNP9235,19,102414504,NA,NA,NA,0.998623132075833
SNP9236,19,102535347,NA,NA,NA,0.998623132075833
SNP9237,19,102555418,NA,NA,NA,0.998623132075833
SNP9238,19,102919389,NA,NA,NA,0.998623132075833
SNP9239,19,103042257,NA,NA,NA,0.998623132075833
SNP9240,19,103071953,NA,NA,NA,0.998623132075833
SNP9241,19,103105712,NA,NA,NA,0.998623132075833
SNP9242,19,103500409,NA,NA,NA,0.998623132075833
SNP9243,19,103622951,NA,NA,NA,0.998623132075833
SNP9244,19,103661546,NA,NA,NA,0.998623132075833
SNP9245,19,103774930,NA,NA,NA,0.96101256609096
SNP9246,19,103903763,NA,NA,NA,0.994026668934478
SNP9247,19,103932849,NA,NA,NA,0.998623132075833
SNP9248,19,104146215,NA,NA,NA,0.998623132075833
SNP9249,19,104692925,NA,NA,NA,0.998623132075833
SNP9250,19,104758329,NA,NA,NA,0.994026668934478
SNP9251,19,104800263,NA,NA,NA,0.998623132075833
SNP9252,19,104963724,NA,NA,NA,0.998623132075833
SNP9253,19,105143766,NA,NA,NA,0.998623132075833
SNP9254,19,105200232,NA,NA,NA,0.998623132075833
SNP9255,19,105301369,NA,NA,NA,0.998623132075833
SNP9256,19,105315673,NA,NA,NA,0.998623132075833
SNP9257,19,105315992,NA,NA,NA,0.113642530978559
SNP9258,19,105573687,NA,NA,NA,0.998623132075833
SNP9259,19,105678398,NA,NA,NA,0.998623132075833
SNP9260,19,105708794,NA,NA,NA,0.998623132075833
SNP9261,19,105848774,NA,NA,NA,0.998623132075833
SNP9262,19,105848892,NA,NA,NA,0.998623132075833
SNP9263,19,105872368,NA,NA,NA,0.998623132075833
SNP9264,19,105875408,NA,NA,NA,0.998623132075833
SNP9265,19,105910182,NA,NA,NA,0.998623132075833
SNP9266,19,105917210,NA,NA,NA,0.998623132075833
SNP9267,19,105989821,NA,NA,NA,0.998623132075833
SNP9268,19,106084622,NA,NA,NA,0.998623132075833
SNP9269,19,106118827,NA,NA,NA,0.998623132075833
SNP9270,19,106169464,NA,NA,NA,0.998623132075833
SNP9271,19,106251254,NA,NA,NA,0.998623132075833
SNP9272,19,106395367,NA,NA,NA,0.998623132075833
SNP9273,19,107225815,NA,NA,NA,0.998623132075833
SNP9274,19,107229918,NA,NA,NA,0.998623132075833
SNP9275,19,107265659,NA,NA,NA,0.994026668934478
SNP9276,19,107265907,NA,NA,NA,0.998623132075833
SNP9277,19,107266222,NA,NA,NA,0.998623132075833
SNP9278,19,107306080,NA,NA,NA,0.998623132075833
SNP9279,19,107333646,NA,NA,NA,0.998623132075833
SNP9280,19,107658119,NA,NA,NA,0.998623132075833
SNP9281,19,107953759,NA,NA,NA,0.998623132075833
SNP9282,19,108047444,NA,NA,NA,0.998623132075833
SNP9283,19,108117880,NA,NA,NA,0.998623132075833
SNP9284,19,108132453,NA,NA,NA,0.998623132075833
SNP9285,19,108132628,NA,NA,NA,0.998623132075833
SNP9286,19,108132972,NA,NA,NA,0.998623132075833
SNP9287,19,108180255,NA,NA,NA,0.998623132075833
SNP9288,19,108286865,NA,NA,NA,0.998623132075833
SNP9289,19,108379856,NA,NA,NA,0.998623132075833
SNP9290,19,108665150,NA,NA,NA,0.998623132075833
SNP9291,19,108676789,NA,NA,NA,0.998623132075833
SNP9292,19,108733666,NA,NA,NA,0.998623132075833
SNP9293,19,108757556,NA,NA,NA,0.994026668934478
SNP9294,19,108762458,NA,NA,NA,0.998623132075833
SNP9295,19,108765003,NA,NA,NA,0.998623132075833
SNP9296,19,108810493,NA,NA,NA,0.113642530978559
SNP9297,19,109089374,NA,NA,NA,0.998623132075833
SNP9298,19,109789276,NA,NA,NA,0.998623132075833
SNP9299,19,109791309,NA,NA,NA,0.998623132075833
SNP9300,19,109919309,NA,NA,NA,0.998623132075833
SNP9301,19,109920623,NA,NA,NA,0.998623132075833
SNP9302,19,109925635,NA,NA,NA,0.998623132075833
SNP9303,19,110100101,NA,NA,NA,0.998623132075833
SNP9304,19,110550751,NA,NA,NA,0.998623132075833
SNP9305,19,110981250,NA,NA,NA,0.998623132075833
SNP9306,19,111025570,NA,NA,NA,0.998623132075833
SNP9307,19,111145107,NA,NA,NA,0.994026668934478
SNP9308,19,111280216,NA,NA,NA,0.998623132075833
SNP9309,19,111358133,NA,NA,NA,0.998623132075833
SNP9310,19,111617928,NA,NA,NA,0.998623132075833
SNP9311,19,111651044,NA,NA,NA,0.998623132075833
SNP9312,19,111726057,NA,NA,NA,0.998623132075833
SNP9313,19,111864774,NA,NA,NA,0.998623132075833
SNP9314,19,111928769,NA,NA,NA,0.998623132075833
SNP9315,19,111934632,NA,NA,NA,0.998623132075833
SNP9316,19,111939480,NA,NA,NA,0.998623132075833
SNP9317,19,112177353,NA,NA,NA,0.998623132075833
SNP9318,19,112253394,NA,NA,NA,0.998623132075833
SNP9319,19,112314677,NA,NA,NA,0.998623132075833
SNP9320,19,112315081,NA,NA,NA,0.998623132075833
SNP9321,19,112315871,NA,NA,NA,0.998856163447371
SNP9322,19,112328266,NA,NA,NA,0.998623132075833
SNP9323,19,112361945,NA,NA,NA,0.998623132075833
SNP9324,19,112362364,NA,NA,NA,0.998623132075833
SNP9325,19,112363497,NA,NA,NA,0.998623132075833
SNP9326,19,112462443,NA,NA,NA,0.998623132075833
SNP9327,19,112656083,NA,NA,NA,0.998623132075833
SNP9328,19,112794719,NA,NA,NA,0.998623132075833
SNP9329,19,112816214,NA,NA,NA,0.998623132075833
SNP9330,19,112910382,NA,NA,NA,0.998623132075833
SNP9331,19,112957868,NA,NA,NA,0.998623132075833
SNP9332,19,112957962,NA,NA,NA,0.998623132075833
SNP9333,19,113180611,NA,NA,NA,0.998623132075833
SNP9334,19,113184266,NA,NA,NA,0.998623132075833
SNP9335,19,113363255,NA,NA,NA,0.998623132075833
SNP9336,19,113955827,NA,NA,NA,0.998623132075833
SNP9337,19,113958480,NA,NA,NA,0.998623132075833
SNP9338,19,113996885,NA,NA,NA,0.998623132075833
SNP9339,19,114053192,NA,NA,NA,0.994026668934478
SNP9340,19,114117157,NA,NA,NA,0.998623132075833
SNP9341,19,114248057,NA,NA,NA,0.998623132075833
SNP9342,19,114459054,NA,NA,NA,0.998623132075833
SNP9343,19,114459460,NA,NA,NA,0.998623132075833
SNP9344,19,114538491,NA,NA,NA,0.113642530978559
SNP9345,19,114568297,NA,NA,NA,0.998623132075833
SNP9346,19,114589481,NA,NA,NA,0.998623132075833
SNP9347,19,114637589,NA,NA,NA,0.998623132075833
SNP9348,19,114696318,NA,NA,NA,0.998623132075833
SNP9349,19,114700521,NA,NA,NA,0.994026668934478
SNP9350,19,114993420,NA,NA,NA,0.983465069927344
SNP9351,19,115057129,NA,NA,NA,0.998623132075833
SNP9352,19,115312168,NA,NA,NA,0.998623132075833
SNP9353,19,115334950,NA,NA,NA,0.998623132075833
SNP9354,19,115443858,NA,NA,NA,0.998623132075833
SNP9355,19,115565138,NA,NA,NA,0.998623132075833
SNP9356,19,115763451,NA,NA,NA,0.994026668934478
SNP9357,19,115900140,NA,NA,NA,0.998623132075833
SNP9358,19,115908414,NA,NA,NA,0.998623132075833
SNP9359,19,116034198,NA,NA,NA,0.998623132075833
SNP9360,19,116180957,NA,NA,NA,0.998623132075833
SNP9361,19,116235508,NA,NA,NA,0.998623132075833
SNP9362,19,116448237,NA,NA,NA,0.998623132075833
SNP9363,19,116504991,NA,NA,NA,0.994026668934478
SNP9364,19,116741036,NA,NA,NA,0.998623132075833
SNP9365,19,116892911,NA,NA,NA,0.998623132075833
SNP9366,19,116927316,NA,NA,NA,0.998623132075833
SNP9367,19,117045720,NA,NA,NA,0.998623132075833
SNP9368,19,117129611,NA,NA,NA,0.998623132075833
SNP9369,19,117129899,NA,NA,NA,0.998623132075833
SNP9370,19,117279355,NA,NA,NA,0.998623132075833
SNP9371,19,117333642,NA,NA,NA,0.998623132075833
SNP9372,19,117495660,NA,NA,NA,0.998623132075833
SNP9373,19,117497008,NA,NA,NA,0.113642530978559
SNP9374,19,117546144,NA,NA,NA,0.998623132075833
SNP9375,19,117678630,NA,NA,NA,0.960687188327977
SNP9376,19,117696946,NA,NA,NA,0.998623132075833
SNP9377,19,117740092,NA,NA,NA,0.998623132075833
SNP9378,19,118193367,NA,NA,NA,0.998623132075833
SNP9379,19,118194577,NA,NA,NA,0.998623132075833
SNP9380,19,118209231,NA,NA,NA,0.113642530978559
SNP9381,19,118730823,NA,NA,NA,0.998623132075833
SNP9382,19,118776287,NA,NA,NA,0.998623132075833
SNP9383,19,118876937,NA,NA,NA,0.998623132075833
SNP9384,19,118926680,NA,NA,NA,0.998623132075833
SNP9385,19,118958021,NA,NA,NA,0.998623132075833
SNP9386,19,118979287,NA,NA,NA,0.998623132075833
SNP9387,19,118990048,NA,NA,NA,0.998623132075833
SNP9388,19,119072752,NA,NA,NA,0.998623132075833
SNP9389,19,119073825,NA,NA,NA,0.998623132075833
SNP9390,19,119124138,NA,NA,NA,0.998623132075833
SNP9391,19,119556559,NA,NA,NA,0.998623132075833
SNP9392,19,119575586,NA,NA,NA,0.998623132075833
SNP9393,19,119736035,NA,NA,NA,0.998623132075833
SNP9394,19,119737294,NA,NA,NA,0.998623132075833
SNP9395,19,119775552,NA,NA,NA,0.998623132075833
SNP9396,19,119800472,NA,NA,NA,0.998623132075833
SNP9397,19,119800751,NA,NA,NA,0.998623132075833
SNP9398,19,119805740,NA,NA,NA,0.998623132075833
SNP9399,19,119806390,NA,NA,NA,0.998623132075833
SNP9400,19,120196007,NA,NA,NA,0.998623132075833
SNP9401,19,120374183,NA,NA,NA,0.998623132075833
SNP9402,19,120390502,NA,NA,NA,0.998623132075833
SNP9403,19,120390797,NA,NA,NA,0.998623132075833
SNP9404,19,120413134,NA,NA,NA,0.998623132075833
SNP9405,19,120670610,NA,NA,NA,0.998623132075833
SNP9406,19,120713638,NA,NA,NA,0.998623132075833
SNP9407,19,120788162,NA,NA,NA,0.998623132075833
SNP9408,19,120944737,NA,NA,NA,0.998623132075833
SNP9409,19,120965700,NA,NA,NA,0.998623132075833
SNP9410,19,121050744,NA,NA,NA,0.998623132075833
SNP9411,19,121061428,NA,NA,NA,0.998623132075833
SNP9412,19,121186461,NA,NA,NA,0.998623132075833
SNP9413,19,121362381,NA,NA,NA,0.998623132075833
SNP9414,19,121527517,NA,NA,NA,0.998623132075833
SNP9415,19,121573634,NA,NA,NA,0.998623132075833
SNP9416,19,121635646,NA,NA,NA,0.998623132075833
SNP9417,19,121785151,NA,NA,NA,0.998623132075833
SNP9418,19,121790779,NA,NA,NA,0.998623132075833
SNP9419,19,121791316,NA,NA,NA,0.998623132075833
SNP9420,19,121807729,NA,NA,NA,0.185255503582289
SNP9421,19,121968005,NA,NA,NA,0.998623132075833
SNP9422,19,122026851,NA,NA,NA,0.998623132075833
SNP9423,19,122034002,NA,NA,NA,0.998623132075833
SNP9424,19,122176628,NA,NA,NA,0.994026668934478
SNP9425,19,122195790,NA,NA,NA,0.998623132075833
SNP9426,19,122195861,NA,NA,NA,0.998623132075833
SNP9427,19,122197703,NA,NA,NA,0.998623132075833
SNP9428,19,122232850,NA,NA,NA,0.998623132075833
SNP9429,19,122390434,NA,NA,NA,0.998623132075833
SNP9430,19,122411599,NA,NA,NA,0.994026668934478
SNP9431,19,122479162,NA,NA,NA,0.998623132075833
SNP9432,19,122560340,NA,NA,NA,0.998623132075833
SNP9433,19,122754396,NA,NA,NA,0.998623132075833
SNP9434,19,122778034,NA,NA,NA,0.998623132075833
SNP9435,19,122778192,NA,NA,NA,0.998623132075833
SNP9436,19,122815913,NA,NA,NA,0.998623132075833
SNP9437,19,122816689,NA,NA,NA,0.998623132075833
SNP9438,19,122821476,NA,NA,NA,0.998623132075833
SNP9439,19,122822482,NA,NA,NA,0.998623132075833
SNP9440,19,122830275,NA,NA,NA,0.998623132075833
SNP9441,19,123068966,NA,NA,NA,0.998623132075833
SNP9442,19,123069160,NA,NA,NA,0.998623132075833
SNP9443,19,123069197,NA,NA,NA,0.998623132075833
SNP9444,19,123226591,NA,NA,NA,0.998623132075833
SNP9445,19,123248881,NA,NA,NA,0.994026668934478
SNP9446,19,123340238,NA,NA,NA,0.998623132075833
SNP9447,19,123349801,NA,NA,NA,0.998623132075833
SNP9448,19,123462718,NA,NA,NA,0.998623132075833
SNP9449,19,123465632,NA,NA,NA,0.960687188327977
SNP9450,19,123550070,NA,NA,NA,0.998623132075833
SNP9451,19,123871032,NA,NA,NA,0.998623132075833
SNP9452,19,123957020,NA,NA,NA,0.998623132075833
SNP9453,19,123971668,NA,NA,NA,0.998623132075833
SNP9454,19,124085336,NA,NA,NA,0.998623132075833
SNP9455,19,124850138,NA,NA,NA,0.998623132075833
SNP9456,19,124854742,NA,NA,NA,0.998623132075833
SNP9457,19,124855391,NA,NA,NA,0.998623132075833
SNP9458,19,124910087,NA,NA,NA,0.998623132075833
SNP9459,19,124910624,NA,NA,NA,0.998623132075833
SNP9460,19,124924287,NA,NA,NA,0.998623132075833
SNP9461,19,124950338,NA,NA,NA,0.998623132075833
SNP9462,19,125095242,NA,NA,NA,0.998623132075833
SNP9463,19,125111124,NA,NA,NA,0.998623132075833
SNP9464,19,125152131,NA,NA,NA,0.998623132075833
SNP9465,19,125166162,NA,NA,NA,0.998623132075833
SNP9466,19,125207634,NA,NA,NA,0.998623132075833
SNP9467,19,125295425,NA,NA,NA,0.998623132075833
SNP9468,19,125354906,NA,NA,NA,0.998623132075833
SNP9469,19,125356554,NA,NA,NA,0.998623132075833
SNP9470,19,125390691,NA,NA,NA,0.998623132075833
SNP9471,19,125395376,NA,NA,NA,0.998623132075833
SNP9472,19,125565189,NA,NA,NA,0.998623132075833
SNP9473,19,125757608,NA,NA,NA,0.998623132075833
SNP9474,19,125776790,NA,NA,NA,0.998623132075833
SNP9475,19,126274892,NA,NA,NA,0.113642530978559
SNP9476,19,126276631,NA,NA,NA,0.96101256609096
SNP9477,19,126296685,NA,NA,NA,0.998623132075833
SNP9478,19,126345765,NA,NA,NA,0.998623132075833
SNP9479,19,126346510,NA,NA,NA,0.998623132075833
SNP9480,19,126349612,NA,NA,NA,0.998623132075833
SNP9481,19,126350801,NA,NA,NA,0.998623132075833
SNP9482,19,126358106,NA,NA,NA,0.998623132075833
SNP9483,19,126361705,NA,NA,NA,0.998623132075833
SNP9484,19,126389966,NA,NA,NA,0.998623132075833
SNP9485,19,126485475,NA,NA,NA,0.998623132075833
SNP9486,19,126922145,NA,NA,NA,0.998623132075833
SNP9487,19,126946028,NA,NA,NA,0.113642530978559
SNP9488,19,126996989,NA,NA,NA,0.998623132075833
SNP9489,19,126997597,NA,NA,NA,0.998623132075833
SNP9490,19,127087126,NA,NA,NA,0.998623132075833
SNP9491,19,127114304,NA,NA,NA,0.998623132075833
SNP9492,19,127125014,NA,NA,NA,0.998623132075833
SNP9493,19,127154255,NA,NA,NA,0.998623132075833
SNP9494,19,127397516,NA,NA,NA,0.998623132075833
SNP9495,19,127450746,NA,NA,NA,0.998623132075833
SNP9496,19,127451751,NA,NA,NA,0.998623132075833
SNP9497,19,127501158,NA,NA,NA,0.998623132075833
SNP9498,19,127505752,NA,NA,NA,0.998623132075833
SNP9499,19,127506683,NA,NA,NA,0.998623132075833
SNP9500,19,127509507,NA,NA,NA,0.998623132075833
SNP9501,19,127680014,NA,NA,NA,0.998623132075833
SNP9502,19,127686446,NA,NA,NA,0.998623132075833
SNP9503,19,127697925,NA,NA,NA,0.998623132075833
SNP9504,19,127715159,NA,NA,NA,0.998623132075833
SNP9505,19,127721394,NA,NA,NA,0.998623132075833
SNP9506,19,127856087,NA,NA,NA,0.998623132075833
SNP9507,19,127890155,NA,NA,NA,0.998623132075833
SNP9508,19,127903511,NA,NA,NA,0.998623132075833
SNP9509,19,128027896,NA,NA,NA,0.998623132075833
SNP9510,19,128147218,NA,NA,NA,0.998623132075833
SNP9511,19,128255886,NA,NA,NA,0.998623132075833
SNP9512,19,128338499,NA,NA,NA,0.998623132075833
SNP9513,19,128424758,NA,NA,NA,0.998623132075833
SNP9514,19,128425147,NA,NA,NA,0.998623132075833
SNP9515,19,128489290,NA,NA,NA,0.998623132075833
SNP9516,19,128492350,NA,NA,NA,0.998623132075833
SNP9517,19,128492629,NA,NA,NA,0.998623132075833
SNP9518,19,128553324,NA,NA,NA,0.998623132075833
SNP9519,19,129094029,NA,NA,NA,0.998623132075833
SNP9520,19,129269017,NA,NA,NA,0.998623132075833
SNP9521,19,129443886,NA,NA,NA,0.998623132075833
SNP9522,19,129474014,NA,NA,NA,0.998623132075833
SNP9523,19,129505641,NA,NA,NA,0.998623132075833
SNP9524,19,129563365,NA,NA,NA,0.998623132075833
SNP9525,19,129648881,NA,NA,NA,0.998623132075833
SNP9526,19,129718463,NA,NA,NA,0.998623132075833
SNP9527,19,129722816,NA,NA,NA,0.998623132075833
SNP9528,19,129848706,NA,NA,NA,0.998623132075833
SNP9529,19,129864627,NA,NA,NA,0.998623132075833
SNP9530,19,129868455,NA,NA,NA,0.998623132075833
SNP9531,19,129935973,NA,NA,NA,0.998623132075833
SNP9532,19,129965462,NA,NA,NA,0.998623132075833
SNP9533,19,129979583,NA,NA,NA,0.998623132075833
SNP9534,19,129981642,NA,NA,NA,0.998623132075833
SNP9535,19,130092542,NA,NA,NA,0.994026668934478
SNP9536,19,130103547,NA,NA,NA,0.998623132075833
SNP9537,19,130300340,NA,NA,NA,0.998623132075833
SNP9538,19,130326274,NA,NA,NA,0.998623132075833
SNP9539,19,130441428,NA,NA,NA,0.998623132075833
SNP9540,19,130751466,NA,NA,NA,0.998623132075833
SNP9541,19,131123247,NA,NA,NA,0.998623132075833
SNP9542,19,131182920,NA,NA,NA,0.998623132075833
SNP9543,19,131183897,NA,NA,NA,0.998623132075833
SNP9544,19,131185894,NA,NA,NA,0.998623132075833
SNP9545,19,131187409,NA,NA,NA,0.998623132075833
SNP9546,19,131210379,NA,NA,NA,0.998623132075833
SNP9547,19,131370090,NA,NA,NA,0.998623132075833
SNP9548,19,131670685,NA,NA,NA,0.998623132075833
SNP9549,19,131865261,NA,NA,NA,0.998623132075833
SNP9550,19,131873837,NA,NA,NA,0.998623132075833
SNP9551,19,131908540,NA,NA,NA,0.998623132075833
SNP9552,19,132091417,NA,NA,NA,0.998623132075833
SNP9553,19,132164709,NA,NA,NA,0.998623132075833
SNP9554,19,132165412,NA,NA,NA,0.998623132075833
SNP9555,19,132186801,NA,NA,NA,0.998623132075833
SNP9556,19,132225231,NA,NA,NA,0.998623132075833
SNP9557,19,132265994,NA,NA,NA,0.998623132075833
SNP9558,19,132347047,NA,NA,NA,0.998623132075833
SNP9559,19,132540923,NA,NA,NA,0.998623132075833
SNP9560,19,132675721,NA,NA,NA,0.553036603235465
SNP9561,19,132696824,NA,NA,NA,0.998623132075833
SNP9562,19,132923579,NA,NA,NA,0.998623132075833
SNP9563,19,132934116,NA,NA,NA,0.998623132075833
SNP9564,19,132941110,NA,NA,NA,0.998623132075833
SNP9565,19,132987320,NA,NA,NA,0.998623132075833
SNP9566,19,132992811,NA,NA,NA,0.998623132075833
SNP9567,19,133159461,NA,NA,NA,0.998623132075833
SNP9568,19,133376678,NA,NA,NA,0.998623132075833
SNP9569,19,133615583,NA,NA,NA,0.998623132075833
SNP9570,19,134081431,NA,NA,NA,0.998623132075833
SNP9571,19,134111632,NA,NA,NA,0.998623132075833
SNP9572,19,134510155,NA,NA,NA,0.998623132075833
SNP9573,19,134671311,NA,NA,NA,0.998623132075833
SNP9574,19,134849752,NA,NA,NA,0.998623132075833
SNP9575,19,135080498,NA,NA,NA,0.998623132075833
SNP9576,19,135167790,NA,NA,NA,0.998623132075833
SNP9577,19,135168143,NA,NA,NA,0.998623132075833
SNP9578,19,135253373,NA,NA,NA,0.998623132075833
SNP9579,19,135474028,NA,NA,NA,0.998623132075833
SNP9580,19,135680282,NA,NA,NA,0.998623132075833
SNP9581,19,135684325,NA,NA,NA,0.998623132075833
SNP9582,19,135737676,NA,NA,NA,0.998623132075833
SNP9583,19,135766318,NA,NA,NA,0.998623132075833
SNP9584,19,135794630,NA,NA,NA,0.998623132075833
SNP9585,19,135795325,NA,NA,NA,0.998623132075833
SNP9586,19,135798539,NA,NA,NA,0.998623132075833
SNP9587,19,135860155,NA,NA,NA,0.998623132075833
SNP9588,19,135874315,NA,NA,NA,0.998623132075833
SNP9589,19,135887524,NA,NA,NA,0.998623132075833
SNP9590,19,136069368,NA,NA,NA,0.998623132075833
SNP9591,19,136087244,NA,NA,NA,0.998623132075833
SNP9592,19,136094371,NA,NA,NA,0.998623132075833
SNP9593,19,136177470,NA,NA,NA,0.998623132075833
SNP9594,19,136249162,NA,NA,NA,0.998623132075833
SNP9595,19,136255283,NA,NA,NA,0.998623132075833
SNP9596,19,136302355,NA,NA,NA,0.998623132075833
SNP9597,19,136490883,NA,NA,NA,0.998623132075833
SNP9598,19,136526801,NA,NA,NA,0.998623132075833
SNP9599,19,136587613,NA,NA,NA,0.998623132075833
SNP9600,19,136589889,NA,NA,NA,0.998623132075833
SNP9601,19,136592188,NA,NA,NA,0.998623132075833
SNP9602,19,136677032,NA,NA,NA,0.998623132075833
SNP9603,19,136677419,NA,NA,NA,0.998623132075833
SNP9604,19,136688014,NA,NA,NA,0.994026668934478
SNP9605,19,136944491,NA,NA,NA,0.998623132075833
SNP9606,19,137042119,NA,NA,NA,0.998623132075833
SNP9607,19,137061357,NA,NA,NA,0.998623132075833
SNP9608,19,137080723,NA,NA,NA,0.998623132075833
SNP9609,19,137203793,NA,NA,NA,0.998623132075833
SNP9610,19,137254700,NA,NA,NA,0.998623132075833
SNP9611,19,137277068,NA,NA,NA,0.998623132075833
SNP9612,19,137424919,NA,NA,NA,0.994026668934478
SNP9613,19,137439492,NA,NA,NA,0.998623132075833
SNP9614,19,137509222,NA,NA,NA,0.998623132075833
SNP9615,19,137554615,NA,NA,NA,0.998623132075833
SNP9616,19,137611188,NA,NA,NA,0.998623132075833
SNP9617,19,137611226,NA,NA,NA,0.998623132075833
SNP9618,19,137612611,NA,NA,NA,0.998623132075833
SNP9619,19,137665621,NA,NA,NA,0.994026668934478
SNP9620,19,137687647,NA,NA,NA,0.998623132075833
SNP9621,19,137800207,NA,NA,NA,0.998623132075833
SNP9622,19,137844276,NA,NA,NA,0.994026668934478
SNP9623,19,137875148,NA,NA,NA,0.998623132075833
SNP9624,19,137875221,NA,NA,NA,0.998623132075833
SNP9625,19,138007102,NA,NA,NA,0.998623132075833
SNP9626,19,138012213,NA,NA,NA,0.998623132075833
SNP9627,19,138013078,NA,NA,NA,0.998623132075833
SNP9628,19,138064320,NA,NA,NA,0.998623132075833
SNP9629,19,138126687,NA,NA,NA,0.998623132075833
SNP9630,19,138369396,NA,NA,NA,0.998623132075833
SNP9631,19,138374149,NA,NA,NA,0.998623132075833
SNP9632,19,138375246,NA,NA,NA,0.998623132075833
SNP9633,19,138403406,NA,NA,NA,0.998623132075833
SNP9634,19,138464910,NA,NA,NA,0.998623132075833
SNP9635,19,138466570,NA,NA,NA,0.998623132075833
SNP9636,19,138466658,NA,NA,NA,0.998623132075833
SNP9637,19,138477304,NA,NA,NA,0.96101256609096
SNP9638,19,138633844,NA,NA,NA,0.998623132075833
SNP9639,19,138635577,NA,NA,NA,0.998623132075833
SNP9640,19,138683008,NA,NA,NA,0.998623132075833
SNP9641,19,138708853,NA,NA,NA,0.998623132075833
SNP9642,19,138776607,NA,NA,NA,0.799269132138692
SNP9643,19,138821984,NA,NA,NA,0.998623132075833
SNP9644,19,138853763,NA,NA,NA,0.998623132075833
SNP9645,19,138926649,NA,NA,NA,0.998623132075833
SNP9646,19,138928277,NA,NA,NA,0.96101256609096
SNP9647,19,138929713,NA,NA,NA,0.998623132075833
SNP9648,19,138929722,NA,NA,NA,0.998623132075833
SNP9649,19,138944259,NA,NA,NA,0.998623132075833
SNP9650,19,139030301,NA,NA,NA,0.998623132075833
SNP9651,19,139031313,NA,NA,NA,0.994026668934478
SNP9652,19,139037211,NA,NA,NA,0.998623132075833
SNP9653,19,139055101,NA,NA,NA,0.96101256609096
SNP9654,19,139056215,NA,NA,NA,0.998623132075833
SNP9655,19,139056216,NA,NA,NA,0.998623132075833
SNP9656,19,139059668,NA,NA,NA,0.998623132075833
SNP9657,19,139159061,NA,NA,NA,0.998623132075833
SNP9658,19,139159088,NA,NA,NA,0.998623132075833
SNP9659,19,139387471,NA,NA,NA,0.998623132075833
SNP9660,19,139554463,NA,NA,NA,0.998623132075833
SNP9661,19,139594610,NA,NA,NA,0.998623132075833
SNP9662,19,139676153,NA,NA,NA,0.998623132075833
SNP9663,19,139843901,NA,NA,NA,0.998623132075833
SNP9664,19,139844069,NA,NA,NA,0.998623132075833
SNP9665,19,139993735,NA,NA,NA,0.994026668934478
SNP9666,19,140050079,NA,NA,NA,0.998623132075833
SNP9667,19,140134002,NA,NA,NA,0.998623132075833
SNP9668,19,140200701,NA,NA,NA,0.998623132075833
SNP9669,19,140239470,NA,NA,NA,0.998623132075833
SNP9670,19,140303516,NA,NA,NA,0.525912271620801
SNP9671,19,140304535,NA,NA,NA,0.998623132075833
SNP9672,19,140316824,NA,NA,NA,0.998623132075833
SNP9673,19,140367247,NA,NA,NA,0.998623132075833
SNP9674,19,140367300,NA,NA,NA,0.998623132075833
SNP9675,19,140373057,NA,NA,NA,0.998623132075833
SNP9676,19,140408755,NA,NA,NA,0.998623132075833
SNP9677,19,140426399,NA,NA,NA,0.998623132075833
SNP9678,19,140440702,NA,NA,NA,0.998623132075833
SNP9679,19,140517873,NA,NA,NA,0.998623132075833
SNP9680,19,140543849,NA,NA,NA,0.998623132075833
SNP9681,19,140577365,NA,NA,NA,0.998623132075833
SNP9682,19,140650929,NA,NA,NA,0.998623132075833
SNP9683,19,140772298,NA,NA,NA,0.998623132075833
SNP9684,19,140822701,NA,NA,NA,0.66846746326533
SNP9685,19,140910315,NA,NA,NA,0.882219185321112
SNP9686,19,140942803,NA,NA,NA,0.998623132075833
SNP9687,19,140986466,NA,NA,NA,0.994026668934478
SNP9688,19,141075121,NA,NA,NA,0.998623132075833
SNP9689,19,141089676,NA,NA,NA,0.96101256609096
SNP9690,19,141089709,NA,NA,NA,0.994026668934478
SNP9691,19,141180492,NA,NA,NA,0.998623132075833
SNP9692,19,141366022,NA,NA,NA,0.998623132075833
SNP9693,19,141702300,NA,NA,NA,0.998623132075833
SNP9694,19,141755002,NA,NA,NA,0.998623132075833
SNP9695,19,141771643,NA,NA,NA,0.998623132075833
SNP9696,19,142126050,NA,NA,NA,0.998623132075833
SNP9697,19,142204286,NA,NA,NA,0.998623132075833
SNP9698,19,142255565,NA,NA,NA,0.998623132075833
SNP9699,19,142274212,NA,NA,NA,0.998623132075833
SNP9700,19,142395397,NA,NA,NA,0.998623132075833
SNP9701,19,142532345,NA,NA,NA,0.998623132075833
SNP9702,19,142602848,NA,NA,NA,0.994026668934478
SNP9703,19,142745829,NA,NA,NA,0.998623132075833
SNP9704,19,142896005,NA,NA,NA,0.998623132075833
SNP9705,19,142913474,NA,NA,NA,0.998623132075833
SNP9706,19,142918080,NA,NA,NA,0.998623132075833
SNP9707,19,142925429,NA,NA,NA,0.998623132075833
SNP9708,19,142933915,NA,NA,NA,0.998623132075833
SNP9709,19,143037725,NA,NA,NA,0.998623132075833
SNP9710,19,143049727,NA,NA,NA,0.998623132075833
SNP9711,19,143105873,NA,NA,NA,0.998623132075833
SNP9712,19,143217495,NA,NA,NA,0.998623132075833
SNP9713,19,143219105,NA,NA,NA,0.998623132075833
SNP9714,19,143316165,NA,NA,NA,0.998623132075833
SNP9715,19,143317193,NA,NA,NA,0.998623132075833
SNP9716,19,143317553,NA,NA,NA,0.998623132075833
SNP9717,19,143324937,NA,NA,NA,0.998623132075833
SNP9718,19,143327266,NA,NA,NA,0.998623132075833
SNP9719,19,143373107,NA,NA,NA,0.994026668934478
SNP9720,19,143379619,NA,NA,NA,0.998623132075833
SNP9721,19,143425113,NA,NA,NA,0.998623132075833
SNP9722,19,143481686,NA,NA,NA,0.998623132075833
SNP9723,19,143554366,NA,NA,NA,0.850930306460955
SNP9724,19,143630931,NA,NA,NA,0.998623132075833
SNP9725,19,143697079,NA,NA,NA,0.998856163447371
SNP9726,19,143697276,NA,NA,NA,0.998623132075833
SNP9727,19,143697837,NA,NA,NA,0.998623132075833
SNP9728,19,143697894,NA,NA,NA,0.994026668934478
SNP9729,19,143699154,NA,NA,NA,0.998623132075833
SNP9730,19,143700124,NA,NA,NA,0.998623132075833
SNP9731,19,143719026,NA,NA,NA,0.998623132075833
SNP9732,19,143733154,NA,NA,NA,0.998623132075833
SNP9733,19,143735842,NA,NA,NA,0.998623132075833
SNP9734,19,143767171,NA,NA,NA,0.998623132075833
SNP9735,19,143783013,NA,NA,NA,0.998623132075833
SNP9736,19,143791920,NA,NA,NA,0.998623132075833
SNP9737,19,143793847,NA,NA,NA,0.998623132075833
SNP9738,19,143844446,NA,NA,NA,0.610417969968178
SNP9739,19,143855842,NA,NA,NA,0.655858839530945
SNP9740,19,143922284,NA,NA,NA,0.998623132075833
SNP9741,19,144125576,NA,NA,NA,0.998623132075833
SNP9742,19,144204009,NA,NA,NA,0.998623132075833
SNP9743,19,144292488,NA,NA,NA,0.998623132075833
SNP9744,19,144312990,NA,NA,NA,0.998623132075833
SNP9745,19,144374212,NA,NA,NA,0.998623132075833
SNP9746,19,144552548,NA,NA,NA,0.998623132075833
SNP9747,19,144553326,NA,NA,NA,0.998623132075833
SNP9748,19,144554087,NA,NA,NA,0.998623132075833
SNP9749,19,144593594,NA,NA,NA,0.686794690336149
SNP9750,19,144609075,NA,NA,NA,0.998623132075833
SNP9751,19,144672462,NA,NA,NA,0.998623132075833
SNP9752,19,144697308,NA,NA,NA,0.998623132075833
SNP9753,19,144737031,NA,NA,NA,0.998623132075833
SNP9754,19,144743134,NA,NA,NA,0.998623132075833
SNP9755,19,144821844,NA,NA,NA,0.998623132075833
SNP9756,19,144862500,NA,NA,NA,0.998623132075833
SNP9757,19,144978140,NA,NA,NA,0.998623132075833
SNP9758,19,145000323,NA,NA,NA,0.998623132075833
SNP9759,19,145003960,NA,NA,NA,0.998623132075833
SNP9760,19,145041727,NA,NA,NA,0.96101256609096
SNP9761,19,145059742,NA,NA,NA,0.998623132075833
SNP9762,19,145069267,NA,NA,NA,0.96101256609096
SNP9763,19,145171594,NA,NA,NA,0.998623132075833
SNP9764,19,145408177,NA,NA,NA,0.998623132075833
SNP9765,19,145441097,NA,NA,NA,0.998623132075833
SNP9766,19,145612278,NA,NA,NA,0.998623132075833
SNP9767,19,145861466,NA,NA,NA,0.998623132075833
SNP9768,19,145906039,NA,NA,NA,0.998623132075833
SNP9769,19,145934538,NA,NA,NA,0.994026668934478
SNP9770,19,146039824,NA,NA,NA,0.998623132075833
SNP9771,19,146057784,NA,NA,NA,0.998623132075833
SNP9772,19,146103006,NA,NA,NA,0.998623132075833
SNP9773,19,146178122,NA,NA,NA,0.998623132075833
SNP9774,19,146195900,NA,NA,NA,0.998623132075833
SNP9775,19,146260283,NA,NA,NA,0.998623132075833
SNP9776,19,146448322,NA,NA,NA,0.998623132075833
SNP9777,19,146511510,NA,NA,NA,0.988114017523584
SNP9778,19,146524505,NA,NA,NA,0.998623132075833
SNP9779,19,146613556,NA,NA,NA,0.998623132075833
SNP9780,19,146676792,NA,NA,NA,0.998623132075833
SNP9781,19,146722696,NA,NA,NA,0.998623132075833
SNP9782,19,146767562,NA,NA,NA,0.994026668934478
SNP9783,19,146789767,NA,NA,NA,0.998623132075833
SNP9784,19,146824215,NA,NA,NA,0.998623132075833
SNP9785,19,146828839,NA,NA,NA,0.994026668934478
SNP9786,19,146875855,NA,NA,NA,0.998623132075833
SNP9787,19,146876684,NA,NA,NA,0.998623132075833
SNP9788,19,147063990,NA,NA,NA,0.998623132075833
SNP9789,20,227655,NA,NA,NA,0.998623132075833
SNP9790,20,227908,NA,NA,NA,0.998623132075833
SNP9791,20,288981,NA,NA,NA,0.998623132075833
SNP9792,20,315858,NA,NA,NA,0.998623132075833
SNP9793,20,317811,NA,NA,NA,0.998623132075833
SNP9794,20,413229,NA,NA,NA,0.994026668934478
SNP9795,20,461999,NA,NA,NA,0.998623132075833
SNP9796,20,491258,NA,NA,NA,0.998623132075833
SNP9797,20,575676,NA,NA,NA,0.998623132075833
SNP9798,20,600140,NA,NA,NA,0.998623132075833
SNP9799,20,604891,NA,NA,NA,0.998623132075833
SNP9800,20,703070,NA,NA,NA,0.882219185321112
SNP9801,20,764392,NA,NA,NA,0.998623132075833
SNP9802,20,871392,NA,NA,NA,0.998623132075833
SNP9803,20,881276,NA,NA,NA,0.82176143200529
SNP9804,20,951057,NA,NA,NA,0.998623132075833
SNP9805,20,976226,NA,NA,NA,0.998623132075833
SNP9806,20,1027412,NA,NA,NA,0.994026668934478
SNP9807,20,1131145,NA,NA,NA,0.998623132075833
SNP9808,20,1143503,NA,NA,NA,0.998623132075833
SNP9809,20,1393807,NA,NA,NA,0.994026668934478
SNP9810,20,1452808,NA,NA,NA,0.998623132075833
SNP9811,20,1610179,NA,NA,NA,0.998623132075833
SNP9812,20,1640448,NA,NA,NA,0.998623132075833
SNP9813,20,1841267,NA,NA,NA,0.998623132075833
SNP9814,20,1859590,NA,NA,NA,0.998623132075833
SNP9815,20,1930535,NA,NA,NA,0.998623132075833
SNP9816,20,2110189,NA,NA,NA,0.998623132075833
SNP9817,20,2860926,NA,NA,NA,0.998623132075833
SNP9818,20,2985263,NA,NA,NA,0.998623132075833
SNP9819,20,2989333,NA,NA,NA,0.998623132075833
SNP9820,20,3031536,NA,NA,NA,0.998623132075833
SNP9821,20,3099337,NA,NA,NA,0.994026668934478
SNP9822,20,3107522,NA,NA,NA,0.998623132075833
SNP9823,20,3286473,NA,NA,NA,0.994026668934478
SNP9824,20,3392113,NA,NA,NA,0.994026668934478
SNP9825,20,3413213,NA,NA,NA,0.998623132075833
SNP9826,20,3475985,NA,NA,NA,0.998623132075833
SNP9827,20,3546441,NA,NA,NA,0.994026668934478
SNP9828,20,3550489,NA,NA,NA,0.998623132075833
SNP9829,20,3551737,NA,NA,NA,0.994026668934478
SNP9830,20,3617317,NA,NA,NA,0.998623132075833
SNP9831,20,3661295,NA,NA,NA,0.994026668934478
SNP9832,20,3775833,NA,NA,NA,0.994026668934478
SNP9833,20,3793139,NA,NA,NA,0.998623132075833
SNP9834,20,3799219,NA,NA,NA,0.998623132075833
SNP9835,20,3818996,NA,NA,NA,0.998623132075833
SNP9836,20,4003836,NA,NA,NA,0.994026668934478
SNP9837,20,4028387,NA,NA,NA,0.998623132075833
SNP9838,20,4294508,NA,NA,NA,0.994026668934478
SNP9839,20,4301628,NA,NA,NA,0.96101256609096
SNP9840,20,4335438,NA,NA,NA,0.998623132075833
SNP9841,20,4339811,NA,NA,NA,0.998623132075833
SNP9842,20,4390529,NA,NA,NA,0.998623132075833
SNP9843,20,4412590,NA,NA,NA,0.998623132075833
SNP9844,20,4479635,NA,NA,NA,0.994026668934478
SNP9845,20,4649581,NA,NA,NA,0.998623132075833
SNP9846,20,4835712,NA,NA,NA,0.998623132075833
SNP9847,20,4891997,NA,NA,NA,0.998623132075833
SNP9848,20,4946993,NA,NA,NA,0.998623132075833
SNP9849,20,4957250,NA,NA,NA,0.99426297691163
SNP9850,20,5129682,NA,NA,NA,0.998623132075833
SNP9851,20,5444947,NA,NA,NA,0.994026668934478
SNP9852,20,5653094,NA,NA,NA,0.998623132075833
SNP9853,20,5685345,NA,NA,NA,0.998623132075833
SNP9854,20,5721673,NA,NA,NA,0.998623132075833
SNP9855,20,5741936,NA,NA,NA,0.998623132075833
SNP9856,20,5797544,NA,NA,NA,0.998623132075833
SNP9857,20,5945132,NA,NA,NA,0.994026668934478
SNP9858,20,5991902,NA,NA,NA,0.998623132075833
SNP9859,20,6021974,NA,NA,NA,0.998623132075833
SNP9860,20,6029528,NA,NA,NA,0.998623132075833
SNP9861,20,6288434,NA,NA,NA,0.994026668934478
SNP9862,20,6288633,NA,NA,NA,0.998623132075833
SNP9863,20,6377824,NA,NA,NA,0.994026668934478
SNP9864,20,6469563,NA,NA,NA,0.998623132075833
SNP9865,20,6512875,NA,NA,NA,0.998623132075833
SNP9866,20,6892820,NA,NA,NA,0.994026668934478
SNP9867,20,7003204,NA,NA,NA,0.994026668934478
SNP9868,20,7003712,NA,NA,NA,0.998623132075833
SNP9869,20,7052534,NA,NA,NA,0.994026668934478
SNP9870,20,7240989,NA,NA,NA,0.998623132075833
SNP9871,20,7241446,NA,NA,NA,0.998623132075833
SNP9872,20,7473526,NA,NA,NA,0.994026668934478
SNP9873,20,7633341,NA,NA,NA,0.998623132075833
SNP9874,20,7719548,NA,NA,NA,0.998623132075833
SNP9875,20,8060685,NA,NA,NA,0.994026668934478
SNP9876,20,8111280,NA,NA,NA,0.998623132075833
SNP9877,20,8143599,NA,NA,NA,0.998623132075833
SNP9878,20,8150784,NA,NA,NA,0.994026668934478
SNP9879,20,8295217,NA,NA,NA,0.998623132075833
SNP9880,20,8320517,NA,NA,NA,0.994026668934478
SNP9881,20,8365266,NA,NA,NA,0.998623132075833
SNP9882,20,8452305,NA,NA,NA,0.998623132075833
SNP9883,20,8486728,NA,NA,NA,0.998623132075833
SNP9884,20,8721814,NA,NA,NA,0.998623132075833
SNP9885,20,8756547,NA,NA,NA,0.994026668934478
SNP9886,20,8757567,NA,NA,NA,0.998623132075833
SNP9887,20,8761398,NA,NA,NA,0.994026668934478
SNP9888,20,8793292,NA,NA,NA,0.998623132075833
SNP9889,20,8817954,NA,NA,NA,0.994026668934478
SNP9890,20,8989752,NA,NA,NA,0.998623132075833
SNP9891,20,9003441,NA,NA,NA,0.998623132075833
SNP9892,20,9003527,NA,NA,NA,0.998623132075833
SNP9893,20,9107539,NA,NA,NA,0.998623132075833
SNP9894,20,9281210,NA,NA,NA,0.998623132075833
SNP9895,20,9281248,NA,NA,NA,0.998623132075833
SNP9896,20,9281469,NA,NA,NA,0.998623132075833
SNP9897,20,9281804,NA,NA,NA,0.998623132075833
SNP9898,20,9640726,NA,NA,NA,0.998623132075833
SNP9899,20,9796789,NA,NA,NA,0.998623132075833
SNP9900,20,9960231,NA,NA,NA,0.998623132075833
SNP9901,20,10054830,NA,NA,NA,0.998623132075833
SNP9902,20,10054864,NA,NA,NA,0.994026668934478
SNP9903,20,10054933,NA,NA,NA,0.994026668934478
SNP9904,20,10100636,NA,NA,NA,0.998623132075833
SNP9905,20,10340251,NA,NA,NA,0.998623132075833
SNP9906,20,10674946,NA,NA,NA,0.994026668934478
SNP9907,20,10695081,NA,NA,NA,0.994026668934478
SNP9908,20,10701413,NA,NA,NA,0.998623132075833
SNP9909,20,10963057,NA,NA,NA,0.998623132075833
SNP9910,20,11001513,NA,NA,NA,0.998623132075833
SNP9911,20,11024913,NA,NA,NA,0.998623132075833
SNP9912,20,11222431,NA,NA,NA,0.994026668934478
SNP9913,20,11224819,NA,NA,NA,0.994026668934478
SNP9914,20,11282226,NA,NA,NA,0.998623132075833
SNP9915,20,11404004,NA,NA,NA,0.994026668934478
SNP9916,20,11413449,NA,NA,NA,0.998623132075833
SNP9917,20,11433466,NA,NA,NA,0.994026668934478
SNP9918,20,11518339,NA,NA,NA,0.998623132075833
SNP9919,20,11716192,NA,NA,NA,0.998623132075833
SNP9920,20,11736692,NA,NA,NA,0.999522355455793
SNP9921,20,11815011,NA,NA,NA,0.998623132075833
SNP9922,20,11837785,NA,NA,NA,0.998623132075833
SNP9923,20,11855093,NA,NA,NA,0.994026668934478
SNP9924,20,11916097,NA,NA,NA,0.994026668934478
SNP9925,20,11927143,NA,NA,NA,0.998623132075833
SNP9926,20,11942188,NA,NA,NA,0.994026668934478
SNP9927,20,11949489,NA,NA,NA,0.998623132075833
SNP9928,20,11960833,NA,NA,NA,0.994026668934478
SNP9929,20,12020811,NA,NA,NA,0.998623132075833
SNP9930,20,12137817,NA,NA,NA,0.998623132075833
SNP9931,20,12139196,NA,NA,NA,0.998623132075833
SNP9932,20,12680679,NA,NA,NA,0.998623132075833
SNP9933,20,12803338,NA,NA,NA,0.998623132075833
SNP9934,20,12822991,NA,NA,NA,0.998623132075833
SNP9935,20,12842286,NA,NA,NA,0.998623132075833
SNP9936,20,12888686,NA,NA,NA,0.998623132075833
SNP9937,20,12891052,NA,NA,NA,0.998623132075833
SNP9938,20,12891867,NA,NA,NA,0.994026668934478
SNP9939,20,13071261,NA,NA,NA,0.998623132075833
SNP9940,20,13247736,NA,NA,NA,0.998623132075833
SNP9941,20,13514779,NA,NA,NA,0.998623132075833
SNP9942,20,13525237,NA,NA,NA,0.998623132075833
SNP9943,20,13556833,NA,NA,NA,0.998623132075833
SNP9944,20,13614689,NA,NA,NA,0.994026668934478
SNP9945,20,13619744,NA,NA,NA,0.998623132075833
SNP9946,20,13627392,NA,NA,NA,0.998623132075833
SNP9947,20,13706194,NA,NA,NA,0.998623132075833
SNP9948,20,13847554,NA,NA,NA,0.998623132075833
SNP9949,20,13934321,NA,NA,NA,0.998623132075833
SNP9950,20,14005710,NA,NA,NA,0.994026668934478
SNP9951,20,14103992,NA,NA,NA,0.998623132075833
SNP9952,20,14130059,NA,NA,NA,0.998623132075833
SNP9953,20,14151223,NA,NA,NA,0.998623132075833
SNP9954,20,14218138,NA,NA,NA,0.998623132075833
SNP9955,20,14352839,NA,NA,NA,0.994026668934478
SNP9956,20,14370824,NA,NA,NA,0.998623132075833
SNP9957,20,14409355,NA,NA,NA,0.998623132075833
SNP9958,20,14630738,NA,NA,NA,0.998623132075833
SNP9959,20,14706568,NA,NA,NA,0.998623132075833
SNP9960,20,14727118,NA,NA,NA,0.998623132075833
SNP9961,20,14815236,NA,NA,NA,0.998623132075833
SNP9962,20,14931883,NA,NA,NA,0.998623132075833
SNP9963,20,14949423,NA,NA,NA,0.998623132075833
SNP9964,20,14954598,NA,NA,NA,0.998623132075833
SNP9965,20,15060722,NA,NA,NA,0.994026668934478
SNP9966,20,15236575,NA,NA,NA,0.998623132075833
SNP9967,20,15392122,NA,NA,NA,0.994026668934478
SNP9968,20,15397808,NA,NA,NA,0.998623132075833
SNP9969,20,15422110,NA,NA,NA,0.998623132075833
SNP9970,20,15422442,NA,NA,NA,0.998623132075833
SNP9971,20,15432510,NA,NA,NA,0.998623132075833
SNP9972,20,15452718,NA,NA,NA,0.998623132075833
SNP9973,20,15454470,NA,NA,NA,0.998623132075833
SNP9974,20,15566734,NA,NA,NA,0.998623132075833
SNP9975,20,15759048,NA,NA,NA,0.998623132075833
SNP9976,20,15854167,NA,NA,NA,0.998623132075833
SNP9977,20,15961729,NA,NA,NA,0.998623132075833
SNP9978,20,16128019,NA,NA,NA,0.998623132075833
SNP9979,20,16253635,NA,NA,NA,0.998623132075833
SNP9980,20,16596924,NA,NA,NA,0.998623132075833
SNP9981,20,16599914,NA,NA,NA,0.998623132075833
SNP9982,20,16602763,NA,NA,NA,0.983465069927344
SNP9983,20,16616057,NA,NA,NA,0.994026668934478
SNP9984,20,16625144,NA,NA,NA,0.998623132075833
SNP9985,20,16679392,NA,NA,NA,0.998623132075833
SNP9986,20,17061918,NA,NA,NA,0.998623132075833
SNP9987,20,17132604,NA,NA,NA,0.983465069927344
SNP9988,20,17144791,NA,NA,NA,0.998623132075833
SNP9989,20,17226494,NA,NA,NA,0.998623132075833
SNP9990,20,17238930,NA,NA,NA,0.983465069927344
SNP9991,20,17366208,NA,NA,NA,0.96101256609096
SNP9992,20,17367332,NA,NA,NA,0.998623132075833
SNP9993,20,17393655,NA,NA,NA,0.998623132075833
SNP9994,20,17407621,NA,NA,NA,0.998623132075833
SNP9995,20,17428939,NA,NA,NA,0.998623132075833
SNP9996,20,17428974,NA,NA,NA,0.998623132075833
SNP9997,20,17463065,NA,NA,NA,0.998623132075833
SNP9998,20,17463232,NA,NA,NA,0.998623132075833
SNP9999,20,17463364,NA,NA,NA,0.998623132075833
SNP10000,20,17518909,NA,NA,NA,0.983465069927344
SNP10001,20,17525653,NA,NA,NA,0.998623132075833
SNP10002,20,17531258,NA,NA,NA,0.998623132075833
SNP10003,20,17570332,NA,NA,NA,0.998623132075833
SNP10004,20,17622313,NA,NA,NA,0.998623132075833
SNP10005,20,17654307,NA,NA,NA,0.998623132075833
SNP10006,20,17654526,NA,NA,NA,0.998623132075833
SNP10007,20,17770273,NA,NA,NA,0.998623132075833
SNP10008,20,17771755,NA,NA,NA,0.983465069927344
SNP10009,20,17887438,NA,NA,NA,0.66846746326533
SNP10010,20,18075741,NA,NA,NA,0.998623132075833
SNP10011,20,18077773,NA,NA,NA,0.998623132075833
SNP10012,20,18106423,NA,NA,NA,0.998623132075833
SNP10013,20,18116908,NA,NA,NA,0.882219185321112
SNP10014,20,18148120,NA,NA,NA,0.994026668934478
SNP10015,20,18256661,NA,NA,NA,0.998623132075833
SNP10016,20,18322854,NA,NA,NA,0.998623132075833
SNP10017,20,18402377,NA,NA,NA,0.998623132075833
SNP10018,20,18480116,NA,NA,NA,0.998623132075833
SNP10019,20,18591183,NA,NA,NA,0.998623132075833
SNP10020,20,18656208,NA,NA,NA,0.998623132075833
SNP10021,20,18796469,NA,NA,NA,0.998623132075833
SNP10022,20,18835770,NA,NA,NA,0.998623132075833
SNP10023,20,18987501,NA,NA,NA,0.994026668934478
SNP10024,20,18987656,NA,NA,NA,0.998623132075833
SNP10025,20,18988673,NA,NA,NA,0.998623132075833
SNP10026,20,19047354,NA,NA,NA,0.994026668934478
SNP10027,20,19112268,NA,NA,NA,0.998623132075833
SNP10028,20,19219944,NA,NA,NA,0.998623132075833
SNP10029,20,19222202,NA,NA,NA,0.66846746326533
SNP10030,20,19227038,NA,NA,NA,0.998623132075833
SNP10031,20,19228522,NA,NA,NA,0.998623132075833
SNP10032,20,19346108,NA,NA,NA,0.998623132075833
SNP10033,20,19605819,NA,NA,NA,0.998623132075833
SNP10034,20,19655674,NA,NA,NA,0.998623132075833
SNP10035,20,19663894,NA,NA,NA,0.998623132075833
SNP10036,20,19936113,NA,NA,NA,0.998623132075833
SNP10037,20,20014189,NA,NA,NA,0.998623132075833
SNP10038,20,20022580,NA,NA,NA,0.998623132075833
SNP10039,20,20032145,NA,NA,NA,0.998623132075833
SNP10040,20,20073461,NA,NA,NA,0.998623132075833
SNP10041,20,20486484,NA,NA,NA,0.882219185321112
SNP10042,20,20515442,NA,NA,NA,0.998623132075833
SNP10043,20,20591267,NA,NA,NA,0.998623132075833
SNP10044,20,20642619,NA,NA,NA,0.998623132075833
SNP10045,20,20739599,NA,NA,NA,0.998623132075833
SNP10046,20,21054312,NA,NA,NA,0.998623132075833
SNP10047,20,21235436,NA,NA,NA,0.96101256609096
SNP10048,20,21511960,NA,NA,NA,0.998623132075833
SNP10049,20,21518548,NA,NA,NA,0.998623132075833
SNP10050,20,21767974,NA,NA,NA,0.998623132075833
SNP10051,20,21902073,NA,NA,NA,0.882219185321112
SNP10052,20,21965008,NA,NA,NA,0.998623132075833
SNP10053,20,22055750,NA,NA,NA,0.998623132075833
SNP10054,20,22060262,NA,NA,NA,0.998623132075833
SNP10055,20,22136500,NA,NA,NA,0.882219185321112
SNP10056,20,22152025,NA,NA,NA,0.998623132075833
SNP10057,20,22237270,NA,NA,NA,0.998623132075833
SNP10058,20,22356263,NA,NA,NA,0.998623132075833
SNP10059,20,22361891,NA,NA,NA,0.998623132075833
SNP10060,20,22444962,NA,NA,NA,0.796467738819195
SNP10061,20,22455533,NA,NA,NA,0.66846746326533
SNP10062,20,22509177,NA,NA,NA,0.998623132075833
SNP10063,20,22531621,NA,NA,NA,0.998623132075833
SNP10064,20,22546600,NA,NA,NA,0.998623132075833
SNP10065,20,22561681,NA,NA,NA,0.998623132075833
SNP10066,20,22566462,NA,NA,NA,0.998623132075833
SNP10067,20,22615618,NA,NA,NA,0.998623132075833
SNP10068,20,22617228,NA,NA,NA,0.998623132075833
SNP10069,20,22626184,NA,NA,NA,0.998623132075833
SNP10070,20,22671074,NA,NA,NA,0.998623132075833
SNP10071,20,22683462,NA,NA,NA,0.998623132075833
SNP10072,20,22812094,NA,NA,NA,0.998623132075833
SNP10073,20,23435848,NA,NA,NA,0.882219185321112
SNP10074,20,23490698,NA,NA,NA,0.998623132075833
SNP10075,20,23502895,NA,NA,NA,0.96101256609096
SNP10076,20,23503052,NA,NA,NA,0.882219185321112
SNP10077,20,23554514,NA,NA,NA,0.998623132075833
SNP10078,20,23620879,NA,NA,NA,0.998623132075833
SNP10079,20,23622439,NA,NA,NA,0.998623132075833
SNP10080,20,23624247,NA,NA,NA,0.66846746326533
SNP10081,20,23858560,NA,NA,NA,0.998623132075833
SNP10082,20,23859426,NA,NA,NA,0.998623132075833
SNP10083,20,23861488,NA,NA,NA,0.998623132075833
SNP10084,20,23866032,NA,NA,NA,0.998623132075833
SNP10085,20,23867199,NA,NA,NA,0.882219185321112
SNP10086,20,23886797,NA,NA,NA,0.998623132075833
SNP10087,20,24001100,NA,NA,NA,0.998623132075833
SNP10088,20,24107901,NA,NA,NA,0.998623132075833
SNP10089,20,24204217,NA,NA,NA,0.998623132075833
SNP10090,20,24223965,NA,NA,NA,0.998623132075833
SNP10091,20,24352995,NA,NA,NA,0.998623132075833
SNP10092,20,24396769,NA,NA,NA,0.998623132075833
SNP10093,20,24397256,NA,NA,NA,0.66846746326533
SNP10094,20,24416358,NA,NA,NA,0.882219185321112
SNP10095,20,24419229,NA,NA,NA,0.998623132075833
SNP10096,20,24424552,NA,NA,NA,0.998623132075833
SNP10097,20,24470815,NA,NA,NA,0.998623132075833
SNP10098,20,24485305,NA,NA,NA,0.998623132075833
SNP10099,20,24486109,NA,NA,NA,0.998623132075833
SNP10100,20,24545456,NA,NA,NA,0.998623132075833
SNP10101,20,24644819,NA,NA,NA,0.998623132075833
SNP10102,20,24664237,NA,NA,NA,0.998623132075833
SNP10103,20,24664937,NA,NA,NA,0.998623132075833
SNP10104,20,24816329,NA,NA,NA,0.998623132075833
SNP10105,20,24837375,NA,NA,NA,0.998623132075833
SNP10106,20,25216328,NA,NA,NA,0.998623132075833
SNP10107,20,25384986,NA,NA,NA,0.998623132075833
SNP10108,20,25534916,NA,NA,NA,0.998623132075833
SNP10109,20,25614025,NA,NA,NA,0.998623132075833
SNP10110,20,25850660,NA,NA,NA,0.998623132075833
SNP10111,20,26037194,NA,NA,NA,0.96101256609096
SNP10112,20,26236280,NA,NA,NA,0.998623132075833
SNP10113,20,26533801,NA,NA,NA,0.998623132075833
SNP10114,20,26556349,NA,NA,NA,0.998623132075833
SNP10115,20,26604370,NA,NA,NA,0.998623132075833
SNP10116,20,26635688,NA,NA,NA,0.998623132075833
SNP10117,20,26702173,NA,NA,NA,0.998623132075833
SNP10118,20,26703076,NA,NA,NA,0.998623132075833
SNP10119,20,26703743,NA,NA,NA,0.998623132075833
SNP10120,20,26821879,NA,NA,NA,0.66846746326533
SNP10121,20,26823329,NA,NA,NA,0.998623132075833
SNP10122,20,26846195,NA,NA,NA,0.998623132075833
SNP10123,20,26850556,NA,NA,NA,0.998623132075833
SNP10124,20,27127891,NA,NA,NA,0.998623132075833
SNP10125,20,27178096,NA,NA,NA,0.998623132075833
SNP10126,20,27767707,NA,NA,NA,0.998623132075833
SNP10127,20,27768787,NA,NA,NA,0.998623132075833
SNP10128,20,27779269,NA,NA,NA,0.998623132075833
SNP10129,20,28093650,NA,NA,NA,0.994026668934478
SNP10130,20,28093660,NA,NA,NA,0.998623132075833
SNP10131,20,28112750,NA,NA,NA,0.998623132075833
SNP10132,20,28113879,NA,NA,NA,0.998623132075833
SNP10133,20,28219844,NA,NA,NA,0.998623132075833
SNP10134,20,28356771,NA,NA,NA,0.998623132075833
SNP10135,20,28559598,NA,NA,NA,0.998623132075833
SNP10136,20,28559864,NA,NA,NA,0.998623132075833
SNP10137,20,28590255,NA,NA,NA,0.998623132075833
SNP10138,20,28615758,NA,NA,NA,0.998623132075833
SNP10139,20,28636518,NA,NA,NA,0.998623132075833
SNP10140,20,28727914,NA,NA,NA,0.998623132075833
SNP10141,20,29098734,NA,NA,NA,0.998623132075833
SNP10142,20,29099440,NA,NA,NA,0.998623132075833
SNP10143,20,29227495,NA,NA,NA,0.998623132075833
SNP10144,20,29251817,NA,NA,NA,0.998623132075833
SNP10145,20,29252857,NA,NA,NA,0.998623132075833
SNP10146,20,29257332,NA,NA,NA,0.998623132075833
SNP10147,20,29257902,NA,NA,NA,0.998623132075833
SNP10148,20,29260593,NA,NA,NA,0.998623132075833
SNP10149,20,29288736,NA,NA,NA,0.998623132075833
SNP10150,20,29342443,NA,NA,NA,0.998623132075833
SNP10151,20,29381322,NA,NA,NA,0.994026668934478
SNP10152,20,29383277,NA,NA,NA,0.998623132075833
SNP10153,20,29494510,NA,NA,NA,0.998623132075833
SNP10154,20,29511704,NA,NA,NA,0.998623132075833
SNP10155,20,29529101,NA,NA,NA,0.998623132075833
SNP10156,20,29530654,NA,NA,NA,0.998623132075833
SNP10157,20,29531231,NA,NA,NA,0.988192245584086
SNP10158,20,29531576,NA,NA,NA,0.998623132075833
SNP10159,20,29601961,NA,NA,NA,0.998623132075833
SNP10160,20,30386622,NA,NA,NA,0.882219185321112
SNP10161,20,30392814,NA,NA,NA,0.998623132075833
SNP10162,20,30578665,NA,NA,NA,0.998623132075833
SNP10163,20,30580643,NA,NA,NA,0.998623132075833
SNP10164,20,30797781,NA,NA,NA,0.998623132075833
SNP10165,20,30798872,NA,NA,NA,0.998623132075833
SNP10166,20,30804946,NA,NA,NA,0.998623132075833
SNP10167,20,30805101,NA,NA,NA,0.998623132075833
SNP10168,20,30808410,NA,NA,NA,0.998623132075833
SNP10169,20,30821733,NA,NA,NA,0.998623132075833
SNP10170,20,30878797,NA,NA,NA,0.998623132075833
SNP10171,20,31203920,NA,NA,NA,0.998623132075833
SNP10172,20,31203927,NA,NA,NA,0.960687188327977
SNP10173,20,31228669,NA,NA,NA,0.998623132075833
SNP10174,20,31243190,NA,NA,NA,0.998623132075833
SNP10175,20,31259264,NA,NA,NA,0.998623132075833
SNP10176,20,31259468,NA,NA,NA,0.998623132075833
SNP10177,20,31266100,NA,NA,NA,0.994026668934478
SNP10178,20,31268245,NA,NA,NA,0.998623132075833
SNP10179,20,32057873,NA,NA,NA,0.998623132075833
SNP10180,20,32228751,NA,NA,NA,0.998623132075833
SNP10181,20,32304569,NA,NA,NA,0.998623132075833
SNP10182,20,32535529,NA,NA,NA,0.998623132075833
SNP10183,20,32535597,NA,NA,NA,0.998623132075833
SNP10184,20,32545188,NA,NA,NA,0.998623132075833
SNP10185,20,32767694,NA,NA,NA,0.998623132075833
SNP10186,20,32810070,NA,NA,NA,0.998623132075833
SNP10187,20,32885702,NA,NA,NA,0.998623132075833
SNP10188,20,33124099,NA,NA,NA,0.998623132075833
SNP10189,20,33276630,NA,NA,NA,0.998623132075833
SNP10190,20,33278608,NA,NA,NA,0.998623132075833
SNP10191,20,33381505,NA,NA,NA,0.998623132075833
SNP10192,20,33385621,NA,NA,NA,0.998623132075833
SNP10193,20,33846233,NA,NA,NA,0.998623132075833
SNP10194,20,34497703,NA,NA,NA,0.998623132075833
SNP10195,20,34534257,NA,NA,NA,0.998623132075833
SNP10196,20,35189192,NA,NA,NA,0.994026668934478
SNP10197,20,35246033,NA,NA,NA,0.998623132075833
SNP10198,20,35443692,NA,NA,NA,0.998623132075833
SNP10199,20,35867723,NA,NA,NA,0.998623132075833
SNP10200,20,35885001,NA,NA,NA,0.998623132075833
SNP10201,20,35885347,NA,NA,NA,0.998623132075833
SNP10202,20,36165714,NA,NA,NA,0.998623132075833
SNP10203,20,36168269,NA,NA,NA,0.998623132075833
SNP10204,20,36197991,NA,NA,NA,0.998623132075833
SNP10205,20,36202987,NA,NA,NA,0.998623132075833
SNP10206,20,36555186,NA,NA,NA,0.998623132075833
SNP10207,20,36753717,NA,NA,NA,0.998623132075833
SNP10208,20,37238142,NA,NA,NA,0.998623132075833
SNP10209,20,37246872,NA,NA,NA,0.998623132075833
SNP10210,20,37247170,NA,NA,NA,0.998623132075833
SNP10211,20,37301655,NA,NA,NA,0.998623132075833
SNP10212,20,37360788,NA,NA,NA,0.998623132075833
SNP10213,20,37360809,NA,NA,NA,0.998623132075833
SNP10214,20,37402849,NA,NA,NA,0.994026668934478
SNP10215,20,37519617,NA,NA,NA,0.998623132075833
SNP10216,20,37529186,NA,NA,NA,0.994026668934478
SNP10217,20,37534894,NA,NA,NA,0.998623132075833
SNP10218,20,37614942,NA,NA,NA,0.998623132075833
SNP10219,20,37618455,NA,NA,NA,0.998856163447371
SNP10220,20,37725796,NA,NA,NA,0.998623132075833
SNP10221,20,37731356,NA,NA,NA,0.960687188327977
SNP10222,20,37881206,NA,NA,NA,0.998623132075833
SNP10223,20,37883724,NA,NA,NA,0.998623132075833
SNP10224,20,38031240,NA,NA,NA,0.998623132075833
SNP10225,20,38048095,NA,NA,NA,0.998623132075833
SNP10226,20,38530347,NA,NA,NA,0.998623132075833
SNP10227,20,38647089,NA,NA,NA,0.998623132075833
SNP10228,20,38730988,NA,NA,NA,0.998623132075833
SNP10229,20,38924508,NA,NA,NA,0.998623132075833
SNP10230,20,39003207,NA,NA,NA,0.998623132075833
SNP10231,20,39226345,NA,NA,NA,0.998623132075833
SNP10232,20,39304466,NA,NA,NA,0.998623132075833
SNP10233,20,39327006,NA,NA,NA,0.998623132075833
SNP10234,20,39333939,NA,NA,NA,0.998623132075833
SNP10235,20,39386087,NA,NA,NA,0.998623132075833
SNP10236,20,39389450,NA,NA,NA,0.999556667025933
SNP10237,20,39521086,NA,NA,NA,0.998623132075833
SNP10238,20,39595648,NA,NA,NA,0.998623132075833
SNP10239,20,39657700,NA,NA,NA,0.998623132075833
SNP10240,20,39813112,NA,NA,NA,0.998623132075833
SNP10241,20,39984788,NA,NA,NA,0.998623132075833
SNP10242,20,39992622,NA,NA,NA,0.998623132075833
SNP10243,20,40188986,NA,NA,NA,0.998623132075833
SNP10244,20,40601250,NA,NA,NA,0.998623132075833
SNP10245,20,41620928,NA,NA,NA,0.998623132075833
SNP10246,20,42054065,NA,NA,NA,0.998623132075833
SNP10247,20,42111609,NA,NA,NA,0.998623132075833
SNP10248,20,42757471,NA,NA,NA,0.998623132075833
SNP10249,20,42941686,NA,NA,NA,0.998623132075833
SNP10250,20,43304002,NA,NA,NA,0.998623132075833
SNP10251,20,43866345,NA,NA,NA,0.998623132075833
SNP10252,20,44230662,NA,NA,NA,0.998623132075833
SNP10253,20,44244313,NA,NA,NA,0.998623132075833
SNP10254,20,44936733,NA,NA,NA,0.998623132075833
SNP10255,20,45074600,NA,NA,NA,0.998623132075833
SNP10256,20,45495877,NA,NA,NA,0.998623132075833
SNP10257,20,45514693,NA,NA,NA,0.998623132075833
SNP10258,20,46065312,NA,NA,NA,0.998623132075833
SNP10259,20,46517062,NA,NA,NA,0.998623132075833
SNP10260,20,47537505,NA,NA,NA,0.998623132075833
SNP10261,20,47561992,NA,NA,NA,0.998623132075833
SNP10262,20,47563154,NA,NA,NA,0.998623132075833
SNP10263,20,47728145,NA,NA,NA,0.998623132075833
SNP10264,20,47756074,NA,NA,NA,0.998623132075833
SNP10265,20,47757413,NA,NA,NA,0.998623132075833
SNP10266,20,48194098,NA,NA,NA,0.998623132075833
SNP10267,20,48713157,NA,NA,NA,0.998623132075833
SNP10268,20,48729302,NA,NA,NA,0.998623132075833
SNP10269,20,49127843,NA,NA,NA,0.998623132075833
SNP10270,20,49417511,NA,NA,NA,0.998623132075833
SNP10271,20,50897585,NA,NA,NA,0.998623132075833
SNP10272,20,51831972,NA,NA,NA,0.998623132075833
SNP10273,20,52101886,NA,NA,NA,0.998623132075833
SNP10274,20,53036722,NA,NA,NA,0.998623132075833
SNP10275,20,53037082,NA,NA,NA,0.998623132075833
SNP10276,20,53037149,NA,NA,NA,0.998623132075833
SNP10277,20,53037387,NA,NA,NA,0.998623132075833
SNP10278,20,53038882,NA,NA,NA,0.998623132075833
SNP10279,20,53461482,NA,NA,NA,0.998623132075833
SNP10280,20,53505978,NA,NA,NA,0.998623132075833
SNP10281,20,53563783,NA,NA,NA,0.998623132075833
SNP10282,20,53567565,NA,NA,NA,0.998623132075833
SNP10283,20,53790724,NA,NA,NA,0.998623132075833
SNP10284,20,53799189,NA,NA,NA,0.998623132075833
SNP10285,20,53856272,NA,NA,NA,0.998623132075833
SNP10286,20,53902493,NA,NA,NA,0.998623132075833
SNP10287,20,53930620,NA,NA,NA,0.998623132075833
SNP10288,20,54026717,NA,NA,NA,0.998623132075833
SNP10289,20,54732114,NA,NA,NA,0.998623132075833
SNP10290,20,54837697,NA,NA,NA,0.998623132075833
SNP10291,20,55018487,NA,NA,NA,0.998623132075833
SNP10292,20,55102062,NA,NA,NA,0.998623132075833
SNP10293,20,55645619,NA,NA,NA,0.998623132075833
SNP10294,20,56373090,NA,NA,NA,0.998623132075833
SNP10295,20,56373609,NA,NA,NA,0.998623132075833
SNP10296,20,57036162,NA,NA,NA,0.998623132075833
SNP10297,20,57042229,NA,NA,NA,0.998623132075833
SNP10298,20,57251334,NA,NA,NA,0.998623132075833
SNP10299,20,57330114,NA,NA,NA,0.998623132075833
SNP10300,20,57503244,NA,NA,NA,0.998623132075833
SNP10301,20,58307686,NA,NA,NA,0.998623132075833
SNP10302,20,58362726,NA,NA,NA,0.998623132075833
SNP10303,20,58366163,NA,NA,NA,0.998623132075833
SNP10304,20,58366365,NA,NA,NA,0.998623132075833
SNP10305,20,59597491,NA,NA,NA,0.998623132075833
SNP10306,20,60675107,NA,NA,NA,0.998623132075833
SNP10307,20,63225528,NA,NA,NA,0.998623132075833
SNP10308,20,63225633,NA,NA,NA,0.998623132075833
SNP10309,20,63288619,NA,NA,NA,0.998623132075833
SNP10310,20,63370739,NA,NA,NA,0.998623132075833
SNP10311,20,63459572,NA,NA,NA,0.998623132075833
SNP10312,20,65263935,NA,NA,NA,0.998623132075833
SNP10313,20,66768283,NA,NA,NA,0.998623132075833
SNP10314,20,67826402,NA,NA,NA,0.998623132075833
SNP10315,20,70755539,NA,NA,NA,0.998623132075833
SNP10316,20,71215454,NA,NA,NA,0.998623132075833
SNP10317,20,72557777,NA,NA,NA,0.998623132075833
SNP10318,20,73696615,NA,NA,NA,0.998623132075833
SNP10319,20,74067661,NA,NA,NA,0.998623132075833
SNP10320,20,75011113,NA,NA,NA,0.998623132075833
SNP10321,20,75063610,NA,NA,NA,0.998623132075833
SNP10322,20,77317505,NA,NA,NA,0.998623132075833
SNP10323,20,79192529,NA,NA,NA,0.998623132075833
SNP10324,20,83095744,NA,NA,NA,0.998623132075833
SNP10325,20,83345287,NA,NA,NA,0.998623132075833
SNP10326,20,84197579,NA,NA,NA,0.998623132075833
SNP10327,20,84286627,NA,NA,NA,0.998623132075833
SNP10328,20,84294420,NA,NA,NA,0.998623132075833
SNP10329,20,84492045,NA,NA,NA,0.998623132075833
SNP10330,20,84771785,NA,NA,NA,0.998623132075833
SNP10331,20,84777906,NA,NA,NA,0.998623132075833
SNP10332,20,85325859,NA,NA,NA,0.998623132075833
SNP10333,20,85428281,NA,NA,NA,0.998623132075833
SNP10334,20,85442699,NA,NA,NA,0.998623132075833
SNP10335,20,85485513,NA,NA,NA,0.998623132075833
SNP10336,20,85526706,NA,NA,NA,0.998623132075833
SNP10337,20,86624323,NA,NA,NA,0.994026668934478
SNP10338,20,86740105,NA,NA,NA,0.998623132075833
SNP10339,20,86894726,NA,NA,NA,0.998623132075833
SNP10340,20,87075455,NA,NA,NA,0.998623132075833
SNP10341,20,88180090,NA,NA,NA,0.998623132075833
SNP10342,20,88945497,NA,NA,NA,0.998623132075833
SNP10343,20,88965006,NA,NA,NA,0.998623132075833
SNP10344,20,88965257,NA,NA,NA,0.998623132075833
SNP10345,20,88976959,NA,NA,NA,0.998623132075833
SNP10346,20,89015523,NA,NA,NA,0.998623132075833
SNP10347,20,89049397,NA,NA,NA,0.998623132075833
SNP10348,20,89615533,NA,NA,NA,0.998623132075833
SNP10349,20,89618677,NA,NA,NA,0.998623132075833
SNP10350,20,89688200,NA,NA,NA,0.998623132075833
SNP10351,20,90232302,NA,NA,NA,0.998623132075833
SNP10352,20,90234175,NA,NA,NA,0.998623132075833
SNP10353,20,91058751,NA,NA,NA,0.998623132075833
SNP10354,20,93164842,NA,NA,NA,0.998623132075833
SNP10355,20,93343274,NA,NA,NA,0.994026668934478
SNP10356,20,93388560,NA,NA,NA,0.998623132075833
SNP10357,20,93390025,NA,NA,NA,0.998623132075833
SNP10358,20,93585284,NA,NA,NA,0.998623132075833
SNP10359,20,93585343,NA,NA,NA,0.998623132075833
SNP10360,20,93592435,NA,NA,NA,0.994026668934478
SNP10361,20,93644810,NA,NA,NA,0.998623132075833
SNP10362,20,93966093,NA,NA,NA,0.998623132075833
SNP10363,20,94875006,NA,NA,NA,0.998623132075833
SNP10364,20,95081846,NA,NA,NA,0.998623132075833
SNP10365,20,95291081,NA,NA,NA,0.998623132075833
SNP10366,20,95454428,NA,NA,NA,0.998623132075833
SNP10367,20,95630739,NA,NA,NA,0.998623132075833
SNP10368,20,95631437,NA,NA,NA,0.998623132075833
SNP10369,20,95678755,NA,NA,NA,0.998623132075833
SNP10370,20,95714482,NA,NA,NA,0.998623132075833
SNP10371,20,95999180,NA,NA,NA,0.998623132075833
SNP10372,20,95999409,NA,NA,NA,0.998623132075833
SNP10373,20,96102826,NA,NA,NA,0.998623132075833
SNP10374,20,96104139,NA,NA,NA,0.998623132075833
SNP10375,20,96699003,NA,NA,NA,0.998623132075833
SNP10376,20,97946333,NA,NA,NA,0.998623132075833
SNP10377,20,97947672,NA,NA,NA,0.998623132075833
SNP10378,20,98001445,NA,NA,NA,0.998623132075833
SNP10379,20,98012592,NA,NA,NA,0.998623132075833
SNP10380,20,98014179,NA,NA,NA,0.998623132075833
SNP10381,20,98111486,NA,NA,NA,0.998623132075833
SNP10382,20,98222925,NA,NA,NA,0.998623132075833
SNP10383,20,98345169,NA,NA,NA,0.998623132075833
SNP10384,20,98415403,NA,NA,NA,0.998623132075833
SNP10385,20,98493902,NA,NA,NA,0.998623132075833
SNP10386,20,98591598,NA,NA,NA,0.998623132075833
SNP10387,20,98899843,NA,NA,NA,0.998623132075833
SNP10388,20,99179515,NA,NA,NA,0.998623132075833
SNP10389,20,99180379,NA,NA,NA,0.998623132075833
SNP10390,20,99261753,NA,NA,NA,0.998623132075833
SNP10391,20,99286256,NA,NA,NA,0.998623132075833
SNP10392,20,99288162,NA,NA,NA,0.998623132075833
SNP10393,20,99321132,NA,NA,NA,0.998623132075833
SNP10394,20,99337994,NA,NA,NA,0.998623132075833
SNP10395,20,99364159,NA,NA,NA,0.998623132075833
SNP10396,20,99405254,NA,NA,NA,0.998623132075833
SNP10397,20,99405255,NA,NA,NA,0.998623132075833
SNP10398,20,100142417,NA,NA,NA,0.998623132075833
SNP10399,20,100177219,NA,NA,NA,0.998623132075833
SNP10400,20,100212241,NA,NA,NA,0.998623132075833
SNP10401,20,100214440,NA,NA,NA,0.998623132075833
SNP10402,20,100247170,NA,NA,NA,0.998623132075833
SNP10403,20,100540432,NA,NA,NA,0.998623132075833
SNP10404,20,100607493,NA,NA,NA,0.998623132075833
SNP10405,20,100670731,NA,NA,NA,0.998623132075833
SNP10406,20,101036826,NA,NA,NA,0.998623132075833
SNP10407,20,101322073,NA,NA,NA,0.998623132075833
SNP10408,20,101477976,NA,NA,NA,0.998623132075833
SNP10409,20,101527061,NA,NA,NA,0.998623132075833
SNP10410,20,101748565,NA,NA,NA,0.998623132075833
SNP10411,20,101749221,NA,NA,NA,0.998623132075833
SNP10412,20,101871371,NA,NA,NA,0.998623132075833
SNP10413,20,101890815,NA,NA,NA,0.998623132075833
SNP10414,20,102068314,NA,NA,NA,0.998623132075833
SNP10415,20,102144045,NA,NA,NA,0.998623132075833
SNP10416,20,102145407,NA,NA,NA,0.998623132075833
SNP10417,20,102149563,NA,NA,NA,0.998623132075833
SNP10418,20,102226965,NA,NA,NA,0.998623132075833
SNP10419,20,102286282,NA,NA,NA,0.998623132075833
SNP10420,20,102338795,NA,NA,NA,0.998623132075833
SNP10421,20,102394066,NA,NA,NA,0.998623132075833
SNP10422,20,102479241,NA,NA,NA,0.998623132075833
SNP10423,20,102484375,NA,NA,NA,0.998623132075833
SNP10424,20,102518289,NA,NA,NA,0.998623132075833
SNP10425,20,102556027,NA,NA,NA,0.998623132075833
SNP10426,20,102595174,NA,NA,NA,0.994876919668098
SNP10427,20,102847093,NA,NA,NA,0.998623132075833
SNP10428,20,103068869,NA,NA,NA,0.998623132075833
SNP10429,20,103279482,NA,NA,NA,0.998623132075833
SNP10430,20,103485334,NA,NA,NA,0.998623132075833
SNP10431,20,103487111,NA,NA,NA,0.998623132075833
SNP10432,20,103487554,NA,NA,NA,0.998623132075833
SNP10433,20,103518532,NA,NA,NA,0.998623132075833
SNP10434,20,103608617,NA,NA,NA,0.998623132075833
SNP10435,20,103610991,NA,NA,NA,0.998623132075833
SNP10436,20,103611093,NA,NA,NA,0.998623132075833
SNP10437,20,103613998,NA,NA,NA,0.998623132075833
SNP10438,20,103678106,NA,NA,NA,0.999556667025933
SNP10439,20,103728395,NA,NA,NA,0.998623132075833
SNP10440,20,103852531,NA,NA,NA,0.998623132075833
SNP10441,20,103892155,NA,NA,NA,0.998623132075833
SNP10442,20,103989389,NA,NA,NA,0.998623132075833
SNP10443,20,104067157,NA,NA,NA,0.998623132075833
SNP10444,20,104067660,NA,NA,NA,0.998623132075833
SNP10445,20,104070927,NA,NA,NA,0.998623132075833
SNP10446,20,104213196,NA,NA,NA,0.994026668934478
SNP10447,20,104214716,NA,NA,NA,0.998623132075833
SNP10448,20,104524095,NA,NA,NA,0.998623132075833
SNP10449,20,104567124,NA,NA,NA,0.998623132075833
SNP10450,20,104573099,NA,NA,NA,0.998623132075833
SNP10451,20,104574259,NA,NA,NA,0.998623132075833
SNP10452,20,104579149,NA,NA,NA,0.998623132075833
SNP10453,20,104583828,NA,NA,NA,0.994026668934478
SNP10454,20,104630507,NA,NA,NA,0.998623132075833
SNP10455,20,104640404,NA,NA,NA,0.994026668934478
SNP10456,20,104642381,NA,NA,NA,0.998623132075833
SNP10457,20,104806405,NA,NA,NA,0.998623132075833
SNP10458,20,104809807,NA,NA,NA,0.998623132075833
SNP10459,20,104810039,NA,NA,NA,0.998623132075833
SNP10460,20,104814770,NA,NA,NA,0.998623132075833
SNP10461,20,104815040,NA,NA,NA,0.998623132075833
SNP10462,20,104817135,NA,NA,NA,0.998623132075833
SNP10463,20,105185173,NA,NA,NA,0.998623132075833
SNP10464,20,105233413,NA,NA,NA,0.998623132075833
SNP10465,20,105288114,NA,NA,NA,0.998623132075833
SNP10466,20,105295215,NA,NA,NA,0.998623132075833
SNP10467,20,105389894,NA,NA,NA,0.998623132075833
SNP10468,20,105442124,NA,NA,NA,0.998623132075833
SNP10469,20,105672122,NA,NA,NA,0.998623132075833
SNP10470,20,105747500,NA,NA,NA,0.998623132075833
SNP10471,20,105777894,NA,NA,NA,0.998623132075833
SNP10472,20,105785039,NA,NA,NA,0.998623132075833
SNP10473,20,105865862,NA,NA,NA,0.998623132075833
SNP10474,20,105942831,NA,NA,NA,0.998623132075833
SNP10475,20,106292220,NA,NA,NA,0.998623132075833
SNP10476,20,106303191,NA,NA,NA,0.998623132075833
SNP10477,20,106306202,NA,NA,NA,0.998623132075833
SNP10478,20,106311851,NA,NA,NA,0.998623132075833
SNP10479,20,106385938,NA,NA,NA,0.998623132075833
SNP10480,20,106396227,NA,NA,NA,0.998623132075833
SNP10481,20,106448015,NA,NA,NA,0.998623132075833
SNP10482,20,106652418,NA,NA,NA,0.998623132075833
SNP10483,20,106699977,NA,NA,NA,0.998623132075833
SNP10484,20,106918614,NA,NA,NA,0.998623132075833
SNP10485,20,107113226,NA,NA,NA,0.998623132075833
SNP10486,20,107481490,NA,NA,NA,0.998623132075833
SNP10487,20,107502398,NA,NA,NA,0.998623132075833
SNP10488,20,107503240,NA,NA,NA,0.998623132075833
SNP10489,20,107866180,NA,NA,NA,0.998623132075833
SNP10490,20,107867259,NA,NA,NA,0.994026668934478
SNP10491,20,107892215,NA,NA,NA,0.998623132075833
SNP10492,20,108120327,NA,NA,NA,0.998623132075833
SNP10493,20,108122959,NA,NA,NA,0.998623132075833
SNP10494,20,108314413,NA,NA,NA,0.998623132075833
SNP10495,20,108532901,NA,NA,NA,0.998623132075833
SNP10496,20,108617952,NA,NA,NA,0.998623132075833
SNP10497,20,108714201,NA,NA,NA,0.994026668934478
SNP10498,20,108760750,NA,NA,NA,0.998623132075833
SNP10499,20,108972652,NA,NA,NA,0.998623132075833
SNP10500,20,109121372,NA,NA,NA,0.998623132075833
SNP10501,20,109217365,NA,NA,NA,0.998623132075833
SNP10502,20,109217512,NA,NA,NA,0.998623132075833
SNP10503,20,109217777,NA,NA,NA,0.998623132075833
SNP10504,20,109233152,NA,NA,NA,0.998623132075833
SNP10505,20,109234867,NA,NA,NA,0.998623132075833
SNP10506,20,109382533,NA,NA,NA,0.998623132075833
SNP10507,20,109417581,NA,NA,NA,0.998623132075833
SNP10508,20,109455188,NA,NA,NA,0.998623132075833
SNP10509,20,109488824,NA,NA,NA,0.998623132075833
SNP10510,20,109491122,NA,NA,NA,0.998623132075833
SNP10511,20,109601895,NA,NA,NA,0.998623132075833
SNP10512,20,109604319,NA,NA,NA,0.998623132075833
SNP10513,20,109610892,NA,NA,NA,0.998623132075833
SNP10514,20,109718451,NA,NA,NA,0.998623132075833
SNP10515,20,109838567,NA,NA,NA,0.998623132075833
SNP10516,20,109899148,NA,NA,NA,0.998623132075833
SNP10517,20,110095644,NA,NA,NA,0.998623132075833
SNP10518,20,110185846,NA,NA,NA,0.998623132075833
SNP10519,20,110263083,NA,NA,NA,0.998623132075833
SNP10520,20,110263210,NA,NA,NA,0.998623132075833
SNP10521,20,110310251,NA,NA,NA,0.998623132075833
SNP10522,20,110330051,NA,NA,NA,0.998623132075833
SNP10523,20,110373945,NA,NA,NA,0.998623132075833
SNP10524,20,110377092,NA,NA,NA,0.998623132075833
SNP10525,20,110409985,NA,NA,NA,0.998623132075833
SNP10526,20,110415099,NA,NA,NA,0.998623132075833
SNP10527,20,110415139,NA,NA,NA,0.998623132075833
SNP10528,20,110416582,NA,NA,NA,0.998623132075833
SNP10529,20,110611564,NA,NA,NA,0.998623132075833
SNP10530,20,110633372,NA,NA,NA,0.998623132075833
SNP10531,20,110644736,NA,NA,NA,0.998623132075833
SNP10532,20,110666159,NA,NA,NA,0.998623132075833
SNP10533,20,110673150,NA,NA,NA,0.998623132075833
SNP10534,20,110674709,NA,NA,NA,0.998623132075833
SNP10535,20,110746828,NA,NA,NA,0.998623132075833
SNP10536,20,111032571,NA,NA,NA,0.998623132075833
SNP10537,20,111038632,NA,NA,NA,0.998623132075833
SNP10538,20,111087213,NA,NA,NA,0.998623132075833
SNP10539,20,111090160,NA,NA,NA,0.998623132075833
SNP10540,20,111100533,NA,NA,NA,0.998623132075833
SNP10541,20,111103979,NA,NA,NA,0.998623132075833
SNP10542,20,111118026,NA,NA,NA,0.998623132075833
SNP10543,20,111193003,NA,NA,NA,0.998623132075833
SNP10544,20,111281691,NA,NA,NA,0.998623132075833
SNP10545,20,111329372,NA,NA,NA,0.998623132075833
SNP10546,20,111357517,NA,NA,NA,0.998623132075833
SNP10547,20,111545730,NA,NA,NA,0.998623132075833
SNP10548,20,111547961,NA,NA,NA,0.998623132075833
SNP10549,20,111566288,NA,NA,NA,0.998623132075833
SNP10550,20,111638998,NA,NA,NA,0.998623132075833
SNP10551,20,111661207,NA,NA,NA,0.998623132075833
SNP10552,20,111722221,NA,NA,NA,0.998623132075833
SNP10553,20,111761539,NA,NA,NA,0.998623132075833
SNP10554,20,111763203,NA,NA,NA,0.998623132075833
SNP10555,20,111779220,NA,NA,NA,0.998623132075833
SNP10556,20,111786336,NA,NA,NA,0.998623132075833
SNP10557,20,111933889,NA,NA,NA,0.998623132075833
SNP10558,20,112210738,NA,NA,NA,0.998623132075833
SNP10559,20,112250913,NA,NA,NA,0.998623132075833
SNP10560,20,112327636,NA,NA,NA,0.998623132075833
SNP10561,20,112984826,NA,NA,NA,0.998623132075833
SNP10562,20,112985124,NA,NA,NA,0.998623132075833
SNP10563,20,112986447,NA,NA,NA,0.998623132075833
SNP10564,20,113006839,NA,NA,NA,0.998623132075833
SNP10565,20,113129887,NA,NA,NA,0.998623132075833
SNP10566,20,113136688,NA,NA,NA,0.998623132075833
SNP10567,20,113173635,NA,NA,NA,0.998623132075833
SNP10568,20,113181818,NA,NA,NA,0.998623132075833
SNP10569,20,113188162,NA,NA,NA,0.998623132075833
SNP10570,20,113229481,NA,NA,NA,0.998623132075833
SNP10571,20,113299043,NA,NA,NA,0.998623132075833
SNP10572,20,113308856,NA,NA,NA,0.998623132075833
SNP10573,20,113385692,NA,NA,NA,0.998623132075833
SNP10574,20,113581733,NA,NA,NA,0.998623132075833
SNP10575,20,113584807,NA,NA,NA,0.998623132075833
SNP10576,20,113924921,NA,NA,NA,0.998623132075833
SNP10577,20,114106756,NA,NA,NA,0.998623132075833
SNP10578,20,114339490,NA,NA,NA,0.998623132075833
SNP10579,20,114352791,NA,NA,NA,0.998623132075833
SNP10580,20,114509053,NA,NA,NA,0.998623132075833
SNP10581,20,114568039,NA,NA,NA,0.998623132075833
SNP10582,20,114568424,NA,NA,NA,0.998623132075833
SNP10583,20,115063700,NA,NA,NA,0.998623132075833
SNP10584,20,115170600,NA,NA,NA,0.998623132075833
SNP10585,20,115373136,NA,NA,NA,0.998623132075833
SNP10586,20,115445665,NA,NA,NA,0.998623132075833
SNP10587,20,115446648,NA,NA,NA,0.998623132075833
SNP10588,20,115591913,NA,NA,NA,0.998623132075833
SNP10589,20,115601025,NA,NA,NA,0.998623132075833
SNP10590,20,115730891,NA,NA,NA,0.998623132075833
SNP10591,20,115751641,NA,NA,NA,0.998623132075833
SNP10592,20,115774398,NA,NA,NA,0.998623132075833
SNP10593,20,115846090,NA,NA,NA,0.998623132075833
SNP10594,20,115867916,NA,NA,NA,0.998623132075833
SNP10595,20,115959957,NA,NA,NA,0.994026668934478
SNP10596,20,116226862,NA,NA,NA,0.998623132075833
SNP10597,20,116385427,NA,NA,NA,0.998623132075833
SNP10598,20,116395569,NA,NA,NA,0.998623132075833
SNP10599,20,116411026,NA,NA,NA,0.998623132075833
SNP10600,20,116480403,NA,NA,NA,0.998623132075833
SNP10601,20,116659037,NA,NA,NA,0.998623132075833
SNP10602,20,116786325,NA,NA,NA,0.998623132075833
SNP10603,20,117008487,NA,NA,NA,0.998623132075833
SNP10604,20,117237523,NA,NA,NA,0.998623132075833
SNP10605,20,117258882,NA,NA,NA,0.998623132075833
SNP10606,20,117336033,NA,NA,NA,0.998623132075833
SNP10607,20,117449741,NA,NA,NA,0.998623132075833
SNP10608,20,117485542,NA,NA,NA,0.998623132075833
SNP10609,20,117486029,NA,NA,NA,0.998623132075833
SNP10610,20,117486799,NA,NA,NA,0.998623132075833
SNP10611,20,117487051,NA,NA,NA,0.998623132075833
SNP10612,20,117582337,NA,NA,NA,0.998623132075833
SNP10613,20,117638230,NA,NA,NA,0.998623132075833
SNP10614,20,117665081,NA,NA,NA,0.998623132075833
SNP10615,20,117699215,NA,NA,NA,0.998623132075833
SNP10616,20,117864294,NA,NA,NA,0.998623132075833
SNP10617,20,117894509,NA,NA,NA,0.998623132075833
SNP10618,20,117901834,NA,NA,NA,0.998623132075833
SNP10619,20,117911988,NA,NA,NA,0.998623132075833
SNP10620,20,117985701,NA,NA,NA,0.998623132075833
SNP10621,20,118092890,NA,NA,NA,0.998623132075833
SNP10622,20,118179751,NA,NA,NA,0.998623132075833
SNP10623,20,118319764,NA,NA,NA,0.998623132075833
SNP10624,20,118383097,NA,NA,NA,0.998623132075833
SNP10625,20,118407417,NA,NA,NA,0.998623132075833
SNP10626,20,118658369,NA,NA,NA,0.998856163447371
SNP10627,20,118660007,NA,NA,NA,0.998623132075833
SNP10628,20,118663816,NA,NA,NA,0.998623132075833
SNP10629,20,118664527,NA,NA,NA,0.998623132075833
SNP10630,20,118670144,NA,NA,NA,0.998623132075833
SNP10631,20,118670251,NA,NA,NA,0.998623132075833
SNP10632,20,118757830,NA,NA,NA,0.998623132075833
SNP10633,20,118779112,NA,NA,NA,0.998623132075833
SNP10634,20,118954533,NA,NA,NA,0.998623132075833
SNP10635,20,119264173,NA,NA,NA,0.998623132075833
SNP10636,20,119390982,NA,NA,NA,0.998623132075833
SNP10637,20,119785084,NA,NA,NA,0.998623132075833
SNP10638,20,119790279,NA,NA,NA,0.998623132075833
SNP10639,20,119790764,NA,NA,NA,0.998623132075833
SNP10640,20,119832283,NA,NA,NA,0.998623132075833
SNP10641,20,119888339,NA,NA,NA,0.998623132075833
SNP10642,20,119907218,NA,NA,NA,0.998623132075833
SNP10643,20,120053059,NA,NA,NA,0.994026668934478
SNP10644,20,120108874,NA,NA,NA,0.998623132075833
SNP10645,20,120120752,NA,NA,NA,0.998623132075833
SNP10646,20,120152092,NA,NA,NA,0.998623132075833
SNP10647,20,120152356,NA,NA,NA,0.998623132075833
SNP10648,20,120214136,NA,NA,NA,0.998623132075833
SNP10649,20,120404580,NA,NA,NA,0.994026668934478
SNP10650,20,120518291,NA,NA,NA,0.998623132075833
SNP10651,20,120544102,NA,NA,NA,0.998623132075833
SNP10652,20,120562026,NA,NA,NA,0.998623132075833
SNP10653,20,120584274,NA,NA,NA,0.998623132075833
SNP10654,20,120587421,NA,NA,NA,0.998623132075833
SNP10655,20,120612240,NA,NA,NA,0.998623132075833
SNP10656,20,120632670,NA,NA,NA,0.994026668934478
SNP10657,20,120758916,NA,NA,NA,0.998623132075833
SNP10658,20,120761810,NA,NA,NA,0.998623132075833
SNP10659,20,120772301,NA,NA,NA,0.998623132075833
SNP10660,20,120775294,NA,NA,NA,0.998623132075833
SNP10661,20,120818568,NA,NA,NA,0.998623132075833
SNP10662,20,121168936,NA,NA,NA,0.998623132075833
SNP10663,20,121283209,NA,NA,NA,0.998623132075833
SNP10664,20,121402090,NA,NA,NA,0.998623132075833
SNP10665,20,121402159,NA,NA,NA,0.998623132075833
SNP10666,20,121402400,NA,NA,NA,0.998623132075833
SNP10667,20,121537205,NA,NA,NA,0.998623132075833
SNP10668,20,121702609,NA,NA,NA,0.998623132075833
SNP10669,20,121949032,NA,NA,NA,0.998623132075833
SNP10670,20,121949278,NA,NA,NA,0.998623132075833
SNP10671,20,122673241,NA,NA,NA,0.998623132075833
SNP10672,20,122801700,NA,NA,NA,0.998623132075833
SNP10673,20,122880281,NA,NA,NA,0.998623132075833
SNP10674,20,122893984,NA,NA,NA,0.998623132075833
SNP10675,20,123110042,NA,NA,NA,0.998623132075833
SNP10676,20,123110925,NA,NA,NA,0.960687188327977
SNP10677,20,123137513,NA,NA,NA,0.998623132075833
SNP10678,20,123138043,NA,NA,NA,0.998623132075833
SNP10679,20,123142366,NA,NA,NA,0.998623132075833
SNP10680,20,123151126,NA,NA,NA,0.998623132075833
SNP10681,20,123210189,NA,NA,NA,0.998623132075833
SNP10682,20,123210492,NA,NA,NA,0.998623132075833
SNP10683,20,123210518,NA,NA,NA,0.998623132075833
SNP10684,20,123210633,NA,NA,NA,0.998623132075833
SNP10685,20,123210638,NA,NA,NA,0.998623132075833
SNP10686,20,123210937,NA,NA,NA,0.998623132075833
SNP10687,20,123211103,NA,NA,NA,0.998623132075833
SNP10688,20,123211116,NA,NA,NA,0.998623132075833
SNP10689,20,123211142,NA,NA,NA,0.998623132075833
SNP10690,20,123211292,NA,NA,NA,0.998623132075833
SNP10691,20,123211488,NA,NA,NA,0.998623132075833
SNP10692,20,123211549,NA,NA,NA,0.998623132075833
SNP10693,20,123211564,NA,NA,NA,0.998623132075833
SNP10694,20,123211729,NA,NA,NA,0.998623132075833
SNP10695,20,123212688,NA,NA,NA,0.998623132075833
SNP10696,20,123294669,NA,NA,NA,0.998623132075833
SNP10697,20,123331816,NA,NA,NA,0.998623132075833
SNP10698,20,123332251,NA,NA,NA,0.998623132075833
SNP10699,20,123404568,NA,NA,NA,0.998623132075833
SNP10700,20,123492401,NA,NA,NA,0.998623132075833
SNP10701,20,123606294,NA,NA,NA,0.998623132075833
SNP10702,20,123630858,NA,NA,NA,0.998623132075833
SNP10703,20,123827341,NA,NA,NA,0.998623132075833
SNP10704,20,123937937,NA,NA,NA,0.998623132075833
SNP10705,20,124287465,NA,NA,NA,0.998623132075833
SNP10706,20,124471916,NA,NA,NA,0.998623132075833
SNP10707,20,124480696,NA,NA,NA,0.998623132075833
SNP10708,20,124480889,NA,NA,NA,0.998623132075833
SNP10709,20,124483001,NA,NA,NA,0.998623132075833
SNP10710,20,124727625,NA,NA,NA,0.998623132075833
SNP10711,20,124729038,NA,NA,NA,0.998623132075833
SNP10712,20,124735914,NA,NA,NA,0.998623132075833
SNP10713,20,124891232,NA,NA,NA,0.998623132075833
SNP10714,20,124893402,NA,NA,NA,0.998623132075833
SNP10715,20,124953119,NA,NA,NA,0.998623132075833
SNP10716,20,125119724,NA,NA,NA,0.998623132075833
SNP10717,20,125159854,NA,NA,NA,0.998623132075833
SNP10718,20,125162432,NA,NA,NA,0.998623132075833
SNP10719,20,125171060,NA,NA,NA,0.998623132075833
SNP10720,20,125350346,NA,NA,NA,0.998623132075833
SNP10721,20,125513320,NA,NA,NA,0.998623132075833
SNP10722,20,125526115,NA,NA,NA,0.998623132075833
SNP10723,20,125678367,NA,NA,NA,0.998623132075833
SNP10724,20,125747291,NA,NA,NA,0.998623132075833
SNP10725,20,125795109,NA,NA,NA,0.998623132075833
SNP10726,20,125854814,NA,NA,NA,0.998623132075833
SNP10727,20,125898458,NA,NA,NA,0.998623132075833
SNP10728,20,125921662,NA,NA,NA,0.998623132075833
SNP10729,20,125934010,NA,NA,NA,0.998623132075833
SNP10730,20,125968906,NA,NA,NA,0.998623132075833
SNP10731,20,126120076,NA,NA,NA,0.998623132075833
SNP10732,20,126166995,NA,NA,NA,0.998623132075833
SNP10733,20,126395511,NA,NA,NA,0.998623132075833
SNP10734,20,126509004,NA,NA,NA,0.998623132075833
SNP10735,20,126543885,NA,NA,NA,0.998623132075833
SNP10736,20,127108018,NA,NA,NA,0.998623132075833
SNP10737,20,127616318,NA,NA,NA,0.998623132075833
SNP10738,20,128036650,NA,NA,NA,0.998623132075833
SNP10739,20,128094475,NA,NA,NA,0.998623132075833
SNP10740,20,128206395,NA,NA,NA,0.998623132075833
SNP10741,20,128317474,NA,NA,NA,0.998623132075833
SNP10742,20,128370570,NA,NA,NA,0.998623132075833
SNP10743,20,128371936,NA,NA,NA,0.998623132075833
SNP10744,20,128437683,NA,NA,NA,0.998623132075833
SNP10745,20,128461788,NA,NA,NA,0.998623132075833
SNP10746,20,128533362,NA,NA,NA,0.994026668934478
SNP10747,20,128660667,NA,NA,NA,0.998623132075833
SNP10748,20,129004269,NA,NA,NA,0.998623132075833
SNP10749,20,129086572,NA,NA,NA,0.998623132075833
SNP10750,20,129136837,NA,NA,NA,0.998623132075833
SNP10751,20,129138793,NA,NA,NA,0.998623132075833
SNP10752,20,129143383,NA,NA,NA,0.66846746326533
SNP10753,20,129191094,NA,NA,NA,0.998623132075833
SNP10754,20,129270384,NA,NA,NA,0.998623132075833
SNP10755,20,129306483,NA,NA,NA,0.994026668934478
SNP10756,20,129314022,NA,NA,NA,0.998623132075833
SNP10757,20,129436594,NA,NA,NA,0.998623132075833
SNP10758,20,129610211,NA,NA,NA,0.882219185321112
SNP10759,20,129610691,NA,NA,NA,0.998623132075833
SNP10760,20,129614098,NA,NA,NA,0.998623132075833
SNP10761,20,129614780,NA,NA,NA,0.998623132075833
SNP10762,20,129616131,NA,NA,NA,0.998623132075833
SNP10763,20,129616147,NA,NA,NA,0.998623132075833
SNP10764,20,129644412,NA,NA,NA,0.998623132075833
SNP10765,20,129776714,NA,NA,NA,0.882219185321112
SNP10766,20,129798794,NA,NA,NA,0.998623132075833
SNP10767,20,129930580,NA,NA,NA,0.882219185321112
SNP10768,20,129970260,NA,NA,NA,0.998623132075833
SNP10769,20,130028305,NA,NA,NA,0.998623132075833
SNP10770,20,130112725,NA,NA,NA,0.998623132075833
SNP10771,20,130117925,NA,NA,NA,0.998623132075833
SNP10772,20,130323667,NA,NA,NA,0.998623132075833
SNP10773,20,130395503,NA,NA,NA,0.998623132075833
SNP10774,20,130407610,NA,NA,NA,0.998623132075833
SNP10775,20,130429136,NA,NA,NA,0.998623132075833
SNP10776,20,130442589,NA,NA,NA,0.998623132075833
SNP10777,20,130499850,NA,NA,NA,0.998623132075833
SNP10778,20,130688295,NA,NA,NA,0.998623132075833
SNP10779,20,130911030,NA,NA,NA,0.994026668934478
SNP10780,20,130959212,NA,NA,NA,0.998623132075833
SNP10781,20,130959299,NA,NA,NA,0.998623132075833
SNP10782,20,130959417,NA,NA,NA,0.998623132075833
SNP10783,20,131275028,NA,NA,NA,0.998623132075833
SNP10784,20,131320811,NA,NA,NA,0.998623132075833
SNP10785,20,131395056,NA,NA,NA,0.998623132075833
SNP10786,20,131420073,NA,NA,NA,0.998623132075833
SNP10787,20,131571730,NA,NA,NA,0.998623132075833
SNP10788,20,131615508,NA,NA,NA,0.998623132075833
SNP10789,20,131642667,NA,NA,NA,0.998623132075833
SNP10790,20,131717870,NA,NA,NA,0.998623132075833
SNP10791,20,131739089,NA,NA,NA,0.994026668934478
SNP10792,20,131898221,NA,NA,NA,0.998623132075833
SNP10793,20,132120239,NA,NA,NA,0.998623132075833
SNP10794,20,132221077,NA,NA,NA,0.998623132075833
SNP10795,20,132349739,NA,NA,NA,0.998623132075833
SNP10796,20,132380941,NA,NA,NA,0.998623132075833
SNP10797,20,132392321,NA,NA,NA,0.998623132075833
SNP10798,20,132393904,NA,NA,NA,0.998623132075833
SNP10799,20,132507271,NA,NA,NA,0.998623132075833
SNP10800,20,132556254,NA,NA,NA,0.998623132075833
SNP10801,20,132623961,NA,NA,NA,0.998623132075833
SNP10802,20,132731040,NA,NA,NA,0.998623132075833
SNP10803,20,133120520,NA,NA,NA,0.998623132075833
SNP10804,20,133182382,NA,NA,NA,0.998623132075833
SNP10805,20,133314913,NA,NA,NA,0.998623132075833
SNP10806,20,133482484,NA,NA,NA,0.998623132075833
SNP10807,20,133583744,NA,NA,NA,0.998623132075833
SNP10808,20,133862605,NA,NA,NA,0.998623132075833
SNP10809,20,133902798,NA,NA,NA,0.998623132075833
SNP10810,20,133954862,NA,NA,NA,0.998623132075833
SNP10811,20,133998794,NA,NA,NA,0.998623132075833
SNP10812,20,134053567,NA,NA,NA,0.998623132075833
SNP10813,20,134076339,NA,NA,NA,0.387803056043394
SNP10814,20,134104510,NA,NA,NA,0.998623132075833
SNP10815,20,134122690,NA,NA,NA,0.994026668934478
SNP10816,20,134122783,NA,NA,NA,0.757565382835618
SNP10817,20,134173885,NA,NA,NA,0.998623132075833
SNP10818,20,134196076,NA,NA,NA,0.998623132075833
SNP10819,20,134205762,NA,NA,NA,0.998623132075833
SNP10820,20,134231983,NA,NA,NA,0.994026668934478
SNP10821,20,134465194,NA,NA,NA,0.998623132075833
SNP10822,20,134475257,NA,NA,NA,0.998623132075833
SNP10823,20,134486600,NA,NA,NA,0.998623132075833
SNP10824,20,134518867,NA,NA,NA,0.998623132075833
SNP10825,20,134527466,NA,NA,NA,0.998623132075833
SNP10826,20,134529351,NA,NA,NA,0.998623132075833
SNP10827,20,134570214,NA,NA,NA,0.998623132075833
SNP10828,20,134574036,NA,NA,NA,0.998623132075833
SNP10829,20,134576604,NA,NA,NA,0.998623132075833
SNP10830,20,134634720,NA,NA,NA,0.998623132075833
SNP10831,20,134659128,NA,NA,NA,0.998623132075833
SNP10832,20,134800591,NA,NA,NA,0.998623132075833
SNP10833,20,134860571,NA,NA,NA,0.998623132075833
SNP10834,20,134884605,NA,NA,NA,0.998623132075833
SNP10835,20,134914334,NA,NA,NA,0.998623132075833
SNP10836,20,135057159,NA,NA,NA,0.998623132075833
SNP10837,20,135196866,NA,NA,NA,0.998623132075833
SNP10838,20,135601577,NA,NA,NA,0.998623132075833
SNP10839,20,135646764,NA,NA,NA,0.994026668934478
SNP10840,20,135679089,NA,NA,NA,0.998623132075833
SNP10841,20,135713446,NA,NA,NA,0.998623132075833
SNP10842,20,135812988,NA,NA,NA,0.994026668934478
SNP10843,20,135814459,NA,NA,NA,0.994026668934478
SNP10844,20,135814751,NA,NA,NA,0.994026668934478
SNP10845,20,135815224,NA,NA,NA,0.998623132075833
SNP10846,20,135815781,NA,NA,NA,0.998623132075833
SNP10847,20,135817231,NA,NA,NA,0.994026668934478
SNP10848,20,135921470,NA,NA,NA,0.998623132075833
